Date,Meta_NAV,Raw_Ret,Meta_Exp,Meta_Vol,Regime,DDH,HD_Context,W_V10,W_War,W_Inf,W_Rates,W_Liq
2022-01-03,2.4382,-0.003109,1.9,0.0631,GOLDILOCKS,NORMAL_TRENDING,momentum,0.612,0.146,0.069,0.069,0.104
2022-01-04,2.4542,0.003456,1.89,0.0634,GOLDILOCKS,NORMAL_TRENDING,momentum,0.612,0.146,0.069,0.069,0.104
2022-01-05,2.4031,-0.012401,1.68,0.0715,GOLDILOCKS,NORMAL_TRENDING,momentum,0.612,0.146,0.069,0.069,0.104
2022-01-06,2.4022,-0.000229,1.68,0.0715,GOLDILOCKS,NORMAL_TRENDING,momentum,0.611,0.146,0.069,0.069,0.104
2022-01-07,2.4025,7.5e-05,1.71,0.0701,GOLDILOCKS,NORMAL_TRENDING,momentum,0.611,0.146,0.069,0.069,0.104
2022-01-10,2.3853,-0.004076,1.75,0.0686,GOLDILOCKS,NORMAL_TRENDING,momentum,0.611,0.146,0.069,0.069,0.105
2022-01-11,2.423,0.010368,1.52,0.0787,CAUTIOUS_BULL,EARLY_DD_UNCERTAINTY,momentum,0.5,0.2,0.1,0.1,0.1
2022-01-12,2.4445,0.005894,1.5,0.0799,CAUTIOUS_BULL,EARLY_DD_UNCERTAINTY,momentum,0.5,0.2,0.1,0.1,0.1
2022-01-13,2.4172,-0.007579,1.47,0.0816,GOLDILOCKS,NORMAL_TRENDING,momentum,0.611,0.146,0.069,0.069,0.104
2022-01-14,2.4239,0.001875,1.48,0.0811,GOLDILOCKS,NORMAL_TRENDING,momentum,0.612,0.146,0.069,0.069,0.104
2022-01-18,2.4043,-0.005608,1.44,0.0831,GOLDILOCKS,NORMAL_TRENDING,momentum,0.612,0.146,0.069,0.069,0.104
2022-01-19,2.4238,0.005578,1.45,0.0827,GOLDILOCKS,NORMAL_TRENDING,momentum,0.611,0.146,0.069,0.069,0.105
2022-01-20,2.4159,-0.002255,1.44,0.0832,GOLDILOCKS,NORMAL_TRENDING,momentum,0.611,0.146,0.069,0.069,0.105
2022-01-21,2.3853,-0.009054,1.4,0.0859,GOLDILOCKS,NORMAL_TRENDING,momentum,0.61,0.146,0.069,0.069,0.105
2022-01-24,2.3801,-0.001553,1.4,0.0859,CAUTIOUS_BULL,EARLY_DD_UNCERTAINTY,momentum,0.5,0.2,0.1,0.1,0.1
2022-01-25,2.4018,0.006482,1.4,0.0856,CAUTIOUS_BULL,EARLY_DD_UNCERTAINTY,momentum,0.5,0.2,0.1,0.1,0.1
2022-01-26,2.3863,-0.004656,1.39,0.0866,CAUTIOUS_BULL,EARLY_DD_UNCERTAINTY,momentum,0.5,0.2,0.1,0.1,0.1
2022-01-27,2.3821,-0.00127,1.39,0.0866,CAUTIOUS_BULL,EARLY_DD_UNCERTAINTY,momentum,0.5,0.2,0.1,0.1,0.1
2022-01-28,2.3816,-0.000159,1.39,0.0866,CAUTIOUS_BULL,EARLY_DD_UNCERTAINTY,momentum,0.5,0.2,0.1,0.1,0.1
2022-01-31,2.3894,0.002407,1.37,0.0874,CAUTIOUS_BULL,EARLY_DD_UNCERTAINTY,momentum,0.5,0.2,0.1,0.1,0.1
2022-02-01,2.4083,0.005924,1.33,0.0899,CAUTIOUS_BULL,EARLY_DD_UNCERTAINTY,momentum,0.5,0.2,0.1,0.1,0.1
2022-02-02,2.4134,0.001558,1.35,0.0891,CAUTIOUS_BULL,EARLY_DD_UNCERTAINTY,momentum,0.5,0.2,0.1,0.1,0.1
2022-02-03,2.3965,-0.004646,1.51,0.0795,CAUTIOUS_BULL,EARLY_DD_UNCERTAINTY,momentum,0.5,0.2,0.1,0.1,0.1
2022-02-04,2.4147,0.005171,1.47,0.0816,CAUTIOUS_BULL,EARLY_DD_UNCERTAINTY,momentum,0.5,0.2,0.1,0.1,0.1
2022-02-07,2.4318,0.00492,1.44,0.0831,CAUTIOUS_BULL,EARLY_DD_UNCERTAINTY,momentum,0.5,0.2,0.1,0.1,0.1
2022-02-08,2.4288,-0.000853,1.47,0.0817,CAUTIOUS_BULL,EARLY_DD_UNCERTAINTY,momentum,0.5,0.2,0.1,0.1,0.1
2022-02-09,2.4662,0.010517,1.47,0.0819,CAUTIOUS_BULL,EARLY_DD_UNCERTAINTY,momentum,0.5,0.2,0.1,0.1,0.1
2022-02-10,2.4424,-0.006712,1.44,0.0833,GOLDILOCKS,NORMAL_TRENDING,momentum,0.611,0.146,0.069,0.069,0.105
2022-02-11,2.4583,0.004327,1.5,0.0797,GOLDILOCKS,NORMAL_TRENDING,momentum,0.61,0.146,0.069,0.069,0.105
2022-02-14,2.4669,0.002323,1.5,0.0798,GOLDILOCKS,NORMAL_TRENDING,momentum,0.611,0.146,0.069,0.069,0.105
2022-02-15,2.4343,-0.009269,1.42,0.0843,GOLDILOCKS,NORMAL_TRENDING,momentum,0.611,0.146,0.069,0.069,0.105
2022-02-16,2.4543,0.005782,1.42,0.0845,GOLDILOCKS,NORMAL_TRENDING,momentum,0.61,0.146,0.069,0.069,0.105
2022-02-17,2.4506,-0.001068,1.43,0.0841,GOLDILOCKS,NORMAL_TRENDING,momentum,0.61,0.146,0.069,0.069,0.105
2022-02-18,2.4397,-0.002882,1.54,0.0777,GOLDILOCKS,NORMAL_TRENDING,momentum,0.61,0.146,0.069,0.069,0.105
2022-02-22,2.4617,0.005947,1.52,0.0792,GOLDILOCKS,NORMAL_TRENDING,momentum,0.609,0.147,0.07,0.07,0.105
2022-02-23,2.4818,0.005335,1.53,0.0783,GOLDILOCKS,NORMAL_TRENDING,momentum,0.61,0.147,0.07,0.07,0.105
2022-02-24,2.4812,-0.00016,1.59,0.0756,GOLDILOCKS,NORMAL_TRENDING,momentum,0.61,0.147,0.07,0.07,0.105
2022-02-25,2.4678,-0.003449,1.56,0.0769,GOLDILOCKS,NORMAL_TRENDING,momentum,0.61,0.146,0.069,0.069,0.105
2022-02-28,2.5162,0.014605,1.34,0.0895,GOLDILOCKS,NORMAL_TRENDING,momentum,0.61,0.146,0.069,0.069,0.105
2022-03-01,2.5715,0.02,1.1,0.1091,GOLDILOCKS,NORMAL_TRENDING,momentum,0.609,0.147,0.07,0.07,0.105
2022-03-02,2.5726,0.000371,1.1,0.1088,GOLDILOCKS,NORMAL_TRENDING,momentum,0.61,0.146,0.069,0.069,0.105
2022-03-03,2.5882,0.00553,1.1,0.1092,GOLDILOCKS,NORMAL_TRENDING,momentum,0.61,0.147,0.069,0.069,0.105
2022-03-04,2.6456,0.023429,0.95,0.1269,GOLDILOCKS,NORMAL_TRENDING,momentum,0.609,0.147,0.07,0.07,0.105
2022-03-07,2.646,0.000182,0.94,0.1275,CRISIS_MODE,FAST_SHOCK,liquidity_crisis,0.0,0.1,0.0,0.0,0.9
2022-03-08,2.6434,-0.001054,0.93,0.1286,CRISIS_MODE,FAST_SHOCK,liquidity_crisis,0.0,0.1,0.0,0.0,0.9
2022-03-09,2.5751,-0.046694,0.55,0.2166,RECOVERY_GROWTH,RECOVERY_ACCEL,momentum,0.72,0.15,0.0,0.08,0.05
2022-03-10,2.5699,-0.003596,0.56,0.2145,RECOVERY_GROWTH,RECOVERY_ACCEL,momentum,0.72,0.15,0.0,0.08,0.05
2022-03-11,2.5771,0.004978,0.56,0.2133,RECOVERY_GROWTH,RECOVERY_ACCEL,momentum,0.72,0.15,0.0,0.08,0.05
2022-03-14,2.5484,-0.020984,0.53,0.2262,RECOVERY_GROWTH,RECOVERY_ACCEL,momentum,0.72,0.15,0.0,0.08,0.05
2022-03-15,2.5253,-0.017659,0.51,0.234,RECOVERY_GROWTH,RECOVERY_ACCEL,momentum,0.72,0.15,0.0,0.08,0.05
2022-03-16,2.5247,-0.000454,0.52,0.2321,RECOVERY_GROWTH,RECOVERY_ACCEL,momentum,0.72,0.15,0.0,0.08,0.05
2022-03-17,2.5581,0.027661,0.48,0.2512,RECOVERY_GROWTH,RECOVERY_ACCEL,momentum,0.72,0.15,0.0,0.08,0.05
2022-03-18,2.5643,0.005069,0.48,0.2517,RECOVERY_GROWTH,RECOVERY_ACCEL,momentum,0.72,0.15,0.0,0.08,0.05
2022-03-21,2.5727,0.006925,0.48,0.2521,RECOVERY_GROWTH,RECOVERY_ACCEL,momentum,0.72,0.15,0.0,0.08,0.05
2022-03-22,2.5789,0.005054,0.48,0.2519,RECOVERY_GROWTH,RECOVERY_ACCEL,momentum,0.72,0.15,0.0,0.08,0.05
2022-03-23,2.5755,-0.002736,0.48,0.2518,RECOVERY_GROWTH,RECOVERY_ACCEL,momentum,0.72,0.15,0.0,0.08,0.05
2022-03-24,2.5862,0.008702,0.47,0.2533,RECOVERY_GROWTH,RECOVERY_ACCEL,momentum,0.72,0.15,0.0,0.08,0.05
2022-03-25,2.5916,0.004423,0.47,0.2529,RECOVERY_GROWTH,RECOVERY_ACCEL,momentum,0.72,0.15,0.0,0.08,0.05
2022-03-28,2.5853,-0.005078,0.48,0.2493,RECOVERY_GROWTH,RECOVERY_ACCEL,momentum,0.72,0.15,0.0,0.08,0.05
2022-03-29,2.5997,0.01128,0.49,0.2426,RECOVERY_GROWTH,RECOVERY_ACCEL,momentum,0.72,0.15,0.0,0.08,0.05
2022-03-30,2.5986,-0.000857,0.49,0.2426,RECOVERY_GROWTH,RECOVERY_ACCEL,momentum,0.72,0.15,0.0,0.08,0.05
2022-03-31,2.5833,-0.012026,0.49,0.2453,RECOVERY_GROWTH,RECOVERY_ACCEL,momentum,0.72,0.15,0.0,0.08,0.05
2022-04-01,2.5922,0.006605,0.52,0.231,RECOVERY_GROWTH,RECOVERY_ACCEL,momentum,0.72,0.15,0.0,0.08,0.05
2022-04-04,2.6033,0.008324,0.51,0.2335,RECOVERY_GROWTH,RECOVERY_ACCEL,momentum,0.72,0.15,0.0,0.08,0.05
2022-04-05,2.5875,-0.011931,0.51,0.2364,RECOVERY_GROWTH,RECOVERY_ACCEL,momentum,0.72,0.15,0.0,0.08,0.05
2022-04-06,2.5769,-0.005883,0.7,0.1718,RECOVERY_GROWTH,RECOVERY_ACCEL,momentum,0.72,0.15,0.0,0.08,0.05
2022-04-07,2.5824,0.003052,0.7,0.1714,RECOVERY_GROWTH,RECOVERY_ACCEL,momentum,0.72,0.15,0.0,0.08,0.05
2022-04-08,2.5825,5.6e-05,0.7,0.1707,RECOVERY_GROWTH,RECOVERY_ACCEL,momentum,0.72,0.15,0.0,0.08,0.05
2022-04-11,2.5599,-0.011546,0.76,0.1584,RECOVERY_GROWTH,RECOVERY_ACCEL,momentum,0.72,0.15,0.0,0.08,0.05
2022-04-12,2.5788,0.008969,0.83,0.1453,RECOVERY_GROWTH,RECOVERY_ACCEL,momentum,0.72,0.15,0.0,0.08,0.05
2022-04-13,2.6015,0.01082,0.81,0.1478,RECOVERY_GROWTH,RECOVERY_ACCEL,momentum,0.72,0.15,0.0,0.08,0.05
2022-04-14,2.5872,-0.005489,1.0,0.1194,RECOVERY_GROWTH,RECOVERY_ACCEL,momentum,0.72,0.15,0.0,0.08,0.05
2022-04-18,2.593,0.002252,1.01,0.1187,RECOVERY_GROWTH,RECOVERY_ACCEL,momentum,0.72,0.15,0.0,0.08,0.05
2022-04-19,2.585,-0.003055,1.02,0.1175,RECOVERY_GROWTH,RECOVERY_ACCEL,momentum,0.72,0.15,0.0,0.08,0.05
2022-04-20,2.5943,0.003539,1.03,0.1169,RECOVERY_GROWTH,RECOVERY_ACCEL,momentum,0.72,0.15,0.0,0.08,0.05
2022-04-21,2.561,-0.013531,0.95,0.1262,RECOVERY_GROWTH,RECOVERY_ACCEL,momentum,0.72,0.15,0.0,0.08,0.05
2022-04-22,2.5255,-0.015287,0.91,0.1323,RECOVERY_GROWTH,RECOVERY_ACCEL,momentum,0.72,0.15,0.0,0.08,0.05
2022-04-25,2.513,-0.00538,0.91,0.1314,RECOVERY_GROWTH,RECOVERY_ACCEL,momentum,0.72,0.15,0.0,0.08,0.05
2022-04-26,2.5178,0.002091,0.91,0.1314,CRISIS_MODE,FAST_SHOCK,liquidity_crisis,0.0,0.1,0.0,0.0,0.9
2022-04-27,2.5224,0.001849,0.97,0.1238,RECOVERY_GROWTH,RECOVERY_ACCEL,momentum,0.72,0.15,0.0,0.08,0.05
2022-04-28,2.5483,0.011312,0.91,0.1319,RECOVERY_GROWTH,RECOVERY_ACCEL,momentum,0.72,0.15,0.0,0.08,0.05
2022-04-29,2.505,-0.02024,0.84,0.143,RECOVERY_GROWTH,RECOVERY_ACCEL,momentum,0.72,0.15,0.0,0.08,0.05
2022-05-02,2.5295,0.012048,0.81,0.1481,RECOVERY_GROWTH,RECOVERY_ACCEL,momentum,0.72,0.15,0.0,0.08,0.05
2022-05-03,2.5105,-0.009102,0.82,0.1459,RECOVERY_GROWTH,RECOVERY_ACCEL,momentum,0.72,0.15,0.0,0.08,0.05
2022-05-04,2.5546,0.024671,0.71,0.1686,RECOVERY_GROWTH,RECOVERY_ACCEL,momentum,0.72,0.15,0.0,0.08,0.05
2022-05-05,2.5445,-0.005551,0.71,0.1685,RECOVERY_GROWTH,RECOVERY_ACCEL,momentum,0.72,0.15,0.0,0.08,0.05
2022-05-06,2.5478,0.001795,0.71,0.1682,RECOVERY_GROWTH,RECOVERY_ACCEL,momentum,0.72,0.15,0.0,0.08,0.05
2022-05-09,2.4934,-0.03768,0.57,0.2117,RECOVERY_GROWTH,RECOVERY_ACCEL,momentum,0.72,0.15,0.0,0.08,0.05
2022-05-10,2.4856,-0.005438,0.57,0.2094,RECOVERY_GROWTH,RECOVERY_ACCEL,momentum,0.72,0.15,0.0,0.08,0.05
2022-05-11,2.5115,0.019007,0.55,0.2187,RECOVERY_GROWTH,RECOVERY_ACCEL,momentum,0.72,0.15,0.0,0.08,0.05
2022-05-12,2.5175,0.004287,0.56,0.2152,RECOVERY_GROWTH,RECOVERY_ACCEL,momentum,0.72,0.15,0.0,0.08,0.05
2022-05-13,2.5332,0.011404,0.55,0.2196,RECOVERY_GROWTH,RECOVERY_ACCEL,momentum,0.72,0.15,0.0,0.08,0.05
2022-05-16,2.5509,0.013081,0.53,0.2247,RECOVERY_GROWTH,RECOVERY_ACCEL,momentum,0.72,0.15,0.0,0.08,0.05
2022-05-17,2.539,-0.008794,0.53,0.2264,RECOVERY_GROWTH,RECOVERY_ACCEL,momentum,0.72,0.15,0.0,0.08,0.05
2022-05-18,2.5153,-0.01821,0.51,0.2336,RECOVERY_GROWTH,RECOVERY_ACCEL,momentum,0.72,0.15,0.0,0.08,0.05
2022-05-19,2.5273,0.0093,0.52,0.2326,RECOVERY_GROWTH,RECOVERY_ACCEL,momentum,0.72,0.15,0.0,0.08,0.05
2022-05-20,2.5294,0.001527,0.53,0.2265,RECOVERY_GROWTH,RECOVERY_ACCEL,momentum,0.72,0.15,0.0,0.08,0.05
2022-05-23,2.5372,0.005827,0.53,0.2264,RECOVERY_GROWTH,RECOVERY_ACCEL,momentum,0.72,0.15,0.0,0.08,0.05
2022-05-24,2.5364,-0.000572,0.53,0.2264,RECOVERY_GROWTH,RECOVERY_ACCEL,momentum,0.72,0.15,0.0,0.08,0.05
2022-05-25,2.5445,0.005998,0.53,0.2272,RECOVERY_GROWTH,RECOVERY_ACCEL,momentum,0.72,0.15,0.0,0.08,0.05
2022-05-26,2.5491,0.00338,0.54,0.2242,RECOVERY_GROWTH,RECOVERY_ACCEL,momentum,0.72,0.15,0.0,0.08,0.05
2022-05-27,2.5594,0.007199,0.57,0.2122,RECOVERY_GROWTH,RECOVERY_ACCEL,momentum,0.72,0.15,0.0,0.08,0.05
2022-05-31,2.5486,-0.007449,0.57,0.2109,RECOVERY_GROWTH,RECOVERY_ACCEL,momentum,0.72,0.15,0.0,0.08,0.05
2022-06-01,2.5477,-0.000586,0.58,0.208,RECOVERY_GROWTH,RECOVERY_ACCEL,momentum,0.72,0.15,0.0,0.08,0.05
2022-06-02,2.5615,0.008659,0.63,0.1919,RECOVERY_GROWTH,RECOVERY_ACCEL,momentum,0.72,0.15,0.0,0.08,0.05
2022-06-03,2.5561,-0.003388,0.63,0.1912,RECOVERY_GROWTH,RECOVERY_ACCEL,momentum,0.72,0.15,0.0,0.08,0.05
2022-06-06,2.5613,0.003246,0.63,0.1914,RECOVERY_GROWTH,RECOVERY_ACCEL,momentum,0.72,0.15,0.0,0.08,0.05
2022-06-07,2.5765,0.006548,0.91,0.1321,RECOVERY_GROWTH,RECOVERY_ACCEL,momentum,0.72,0.15,0.0,0.08,0.05
2022-06-08,2.5597,-0.007289,0.9,0.1337,RECOVERY_GROWTH,RECOVERY_ACCEL,momentum,0.72,0.15,0.0,0.08,0.05
2022-06-09,2.5364,-0.009546,0.95,0.126,RECOVERY_GROWTH,RECOVERY_ACCEL,momentum,0.72,0.15,0.0,0.08,0.05
2022-06-10,2.5185,-0.007587,0.93,0.1291,RECOVERY_GROWTH,RECOVERY_ACCEL,momentum,0.72,0.15,0.0,0.08,0.05
2022-06-13,2.5228,0.001735,0.97,0.1231,CRISIS_MODE,FAST_SHOCK,liquidity_crisis,0.0,0.1,0.0,0.0,0.9
2022-06-14,2.5006,-0.00857,1.02,0.1171,RECOVERY_GROWTH,RECOVERY_ACCEL,momentum,0.72,0.15,0.0,0.08,0.05
2022-06-15,2.4989,-0.000634,1.06,0.1135,RECOVERY_GROWTH,RECOVERY_ACCEL,momentum,0.72,0.15,0.0,0.08,0.05
2022-06-16,2.5046,0.001784,1.28,0.0936,RECOVERY_GROWTH,RECOVERY_ACCEL,momentum,0.72,0.15,0.0,0.08,0.05
2022-06-17,2.44,-0.02827,0.91,0.1315,RECOVERY_GROWTH,RECOVERY_ACCEL,momentum,0.72,0.15,0.0,0.08,0.05
2022-06-21,2.4387,-0.000595,0.91,0.1312,CRISIS_MODE,FAST_SHOCK,liquidity_crisis,0.0,0.1,0.0,0.0,0.9
2022-06-22,2.4349,-0.001674,0.93,0.1284,CRISIS_MODE,FAST_SHOCK,liquidity_crisis,0.0,0.1,0.0,0.0,0.9
2022-06-23,2.4356,0.000297,0.93,0.1286,CRISIS_MODE,FAST_SHOCK,liquidity_crisis,0.0,0.1,0.0,0.0,0.9
2022-06-24,2.4603,0.011326,0.9,0.1339,RECOVERY_GROWTH,RECOVERY_ACCEL,momentum,0.72,0.15,0.0,0.08,0.05
2022-06-27,2.4548,-0.002478,0.9,0.1327,RECOVERY_GROWTH,RECOVERY_ACCEL,momentum,0.72,0.15,0.0,0.08,0.05
2022-06-28,2.4602,0.002358,0.93,0.1295,CRISIS_MODE,FAST_SHOCK,liquidity_crisis,0.0,0.1,0.0,0.0,0.9
2022-06-29,2.4621,0.000859,0.93,0.1284,CRISIS_MODE,FAST_SHOCK,liquidity_crisis,0.0,0.1,0.0,0.0,0.9
2022-06-30,2.4498,-0.005368,0.93,0.1289,RECOVERY_GROWTH,RECOVERY_ACCEL,momentum,0.72,0.15,0.0,0.08,0.05
2022-07-01,2.4685,0.008139,0.93,0.1284,RECOVERY_GROWTH,RECOVERY_ACCEL,momentum,0.72,0.15,0.0,0.08,0.05
2022-07-05,2.4791,0.00469,0.92,0.1303,RECOVERY_GROWTH,RECOVERY_ACCEL,momentum,0.72,0.15,0.0,0.08,0.05
2022-07-06,2.4579,-0.009391,0.91,0.1318,RECOVERY_GROWTH,RECOVERY_ACCEL,momentum,0.72,0.15,0.0,0.08,0.05
2022-07-07,2.4478,-0.004391,0.94,0.128,RECOVERY_GROWTH,RECOVERY_ACCEL,momentum,0.72,0.15,0.0,0.08,0.05
2022-07-08,2.4374,-0.004508,0.94,0.1271,RECOVERY_GROWTH,RECOVERY_ACCEL,momentum,0.72,0.15,0.0,0.08,0.05
2022-07-11,2.4266,-0.00461,0.96,0.1248,RECOVERY_GROWTH,RECOVERY_ACCEL,momentum,0.72,0.15,0.0,0.08,0.05
2022-07-12,2.43,0.001448,0.97,0.124,RECOVERY_GROWTH,RECOVERY_ACCEL,momentum,0.72,0.15,0.0,0.08,0.05
2022-07-13,2.4436,0.005888,0.95,0.1263,RECOVERY_GROWTH,RECOVERY_ACCEL,momentum,0.72,0.15,0.0,0.08,0.05
2022-07-14,2.432,-0.004919,0.96,0.1244,RECOVERY_GROWTH,RECOVERY_ACCEL,momentum,0.72,0.15,0.0,0.08,0.05
2022-07-15,2.4394,0.00319,0.96,0.1255,RECOVERY_GROWTH,RECOVERY_ACCEL,momentum,0.72,0.15,0.0,0.08,0.05
2022-07-18,2.4246,-0.006369,0.95,0.1261,RECOVERY_GROWTH,RECOVERY_ACCEL,momentum,0.72,0.15,0.0,0.08,0.05
2022-07-19,2.41,-0.004111,1.46,0.082,RECOVERY_GROWTH,RECOVERY_ACCEL,momentum,0.72,0.15,0.0,0.08,0.05
2022-07-20,2.4242,0.004102,1.44,0.0835,RECOVERY_GROWTH,RECOVERY_ACCEL,momentum,0.72,0.15,0.0,0.08,0.05
2022-07-21,2.4529,0.008771,1.35,0.089,RECOVERY_GROWTH,RECOVERY_ACCEL,momentum,0.72,0.15,0.0,0.08,0.05
2022-07-22,2.4549,0.000607,1.35,0.089,RECOVERY_GROWTH,RECOVERY_ACCEL,momentum,0.72,0.15,0.0,0.08,0.05
2022-07-25,2.447,-0.002144,1.51,0.0796,RECOVERY_GROWTH,RECOVERY_ACCEL,momentum,0.72,0.15,0.0,0.08,0.05
2022-07-26,2.429,-0.00494,1.48,0.0808,RECOVERY_GROWTH,RECOVERY_ACCEL,momentum,0.72,0.15,0.0,0.08,0.05
2022-07-27,2.465,0.011101,1.33,0.0899,RECOVERY_GROWTH,RECOVERY_ACCEL,momentum,0.72,0.15,0.0,0.08,0.05
2022-07-28,2.4987,0.011173,1.22,0.098,RECOVERY_GROWTH,RECOVERY_ACCEL,momentum,0.72,0.15,0.0,0.08,0.05
2022-07-29,2.522,0.007667,1.22,0.0987,RECOVERY_GROWTH,RECOVERY_ACCEL,momentum,0.72,0.15,0.0,0.08,0.05
2022-08-01,2.5287,0.002091,1.26,0.0954,RECOVERY_GROWTH,RECOVERY_ACCEL,momentum,0.72,0.15,0.0,0.08,0.05
2022-08-02,2.4979,-0.010308,1.18,0.1015,RECOVERY_GROWTH,RECOVERY_ACCEL,momentum,0.72,0.15,0.0,0.08,0.05
2022-08-03,2.5226,0.008178,1.21,0.0992,RECOVERY_GROWTH,RECOVERY_ACCEL,momentum,0.72,0.15,0.0,0.08,0.05
2022-08-04,2.5265,0.001251,1.23,0.0973,RECOVERY_GROWTH,RECOVERY_ACCEL,momentum,0.72,0.15,0.0,0.08,0.05
2022-08-05,2.5077,-0.0061,1.22,0.0986,RECOVERY_GROWTH,RECOVERY_ACCEL,momentum,0.72,0.15,0.0,0.08,0.05
2022-08-08,2.5224,0.004721,1.24,0.0971,RECOVERY_GROWTH,RECOVERY_ACCEL,momentum,0.72,0.15,0.0,0.08,0.05
2022-08-09,2.5131,-0.003004,1.22,0.0984,RECOVERY_GROWTH,RECOVERY_ACCEL,momentum,0.72,0.15,0.0,0.08,0.05
2022-08-10,2.5449,0.010807,1.17,0.1026,RECOVERY_GROWTH,RECOVERY_ACCEL,momentum,0.72,0.15,0.0,0.08,0.05
2022-08-11,2.5349,-0.003315,1.18,0.1015,RECOVERY_GROWTH,RECOVERY_ACCEL,momentum,0.72,0.15,0.0,0.08,0.05
2022-08-12,2.568,0.011646,1.12,0.1071,RECOVERY_GROWTH,RECOVERY_ACCEL,momentum,0.72,0.15,0.0,0.08,0.05
2022-08-15,2.5645,-0.001174,1.16,0.1034,RECOVERY_GROWTH,RECOVERY_ACCEL,momentum,0.72,0.15,0.0,0.08,0.05
2022-08-16,2.5645,2e-06,1.19,0.1011,RECOVERY_GROWTH,RECOVERY_ACCEL,momentum,0.72,0.15,0.0,0.08,0.05
2022-08-17,2.5437,-0.007191,1.13,0.1064,RECOVERY_GROWTH,RECOVERY_ACCEL,momentum,0.72,0.15,0.0,0.08,0.05
2022-08-18,2.5486,0.001684,1.16,0.1035,RECOVERY_GROWTH,RECOVERY_ACCEL,momentum,0.72,0.15,0.0,0.08,0.05
2022-08-19,2.5124,-0.013804,1.03,0.1165,RECOVERY_GROWTH,RECOVERY_ACCEL,momentum,0.72,0.15,0.0,0.08,0.05
2022-08-22,2.4796,-0.013798,0.95,0.1268,RECOVERY_GROWTH,RECOVERY_ACCEL,momentum,0.72,0.15,0.0,0.08,0.05
2022-08-23,2.4819,0.000974,0.96,0.1254,RECOVERY_GROWTH,RECOVERY_ACCEL,momentum,0.72,0.15,0.0,0.08,0.05
2022-08-24,2.4942,0.004983,0.99,0.1206,RECOVERY_GROWTH,RECOVERY_ACCEL,momentum,0.72,0.15,0.0,0.08,0.05
2022-08-25,2.5153,0.008313,1.02,0.1178,RECOVERY_GROWTH,RECOVERY_ACCEL,momentum,0.72,0.15,0.0,0.08,0.05
2022-08-26,2.4716,-0.019089,0.91,0.1319,RECOVERY_GROWTH,RECOVERY_ACCEL,momentum,0.72,0.15,0.0,0.08,0.05
2022-08-29,2.4675,-0.001839,0.91,0.1314,RECOVERY_GROWTH,RECOVERY_ACCEL,momentum,0.72,0.15,0.0,0.08,0.05
2022-08-30,2.4344,-0.015297,0.88,0.1367,RECOVERY_GROWTH,RECOVERY_ACCEL,momentum,0.72,0.15,0.0,0.08,0.05
2022-08-31,2.4144,-0.009185,0.89,0.1342,RECOVERY_GROWTH,RECOVERY_ACCEL,momentum,0.72,0.15,0.0,0.08,0.05
2022-09-01,2.3915,-0.01074,0.88,0.1364,RECOVERY_GROWTH,RECOVERY_ACCEL,momentum,0.72,0.15,0.0,0.08,0.05
2022-09-02,2.385,-0.003105,0.88,0.136,RECOVERY_GROWTH,RECOVERY_ACCEL,momentum,0.72,0.15,0.0,0.08,0.05
2022-09-06,2.3788,-0.00288,0.9,0.1331,RECOVERY_GROWTH,RECOVERY_ACCEL,momentum,0.72,0.15,0.0,0.08,0.05
2022-09-07,2.3982,0.009531,0.86,0.1403,RECOVERY_GROWTH,RECOVERY_ACCEL,momentum,0.72,0.15,0.0,0.08,0.05
2022-09-08,2.404,0.002706,0.9,0.1331,RECOVERY_GROWTH,RECOVERY_ACCEL,momentum,0.72,0.15,0.0,0.08,0.05
2022-09-09,2.4309,0.013481,0.83,0.1449,RECOVERY_GROWTH,RECOVERY_ACCEL,momentum,0.72,0.15,0.0,0.08,0.05
2022-09-12,2.4448,0.006686,0.86,0.1398,RECOVERY_GROWTH,RECOVERY_ACCEL,momentum,0.72,0.15,0.0,0.08,0.05
2022-09-13,2.3951,-0.027974,0.73,0.1651,RECOVERY_GROWTH,RECOVERY_ACCEL,momentum,0.72,0.15,0.0,0.08,0.05
2022-09-14,2.4031,0.004616,0.72,0.1672,RECOVERY_GROWTH,RECOVERY_ACCEL,momentum,0.72,0.15,0.0,0.08,0.05
2022-09-15,2.3648,-0.024068,0.66,0.1814,RECOVERY_GROWTH,RECOVERY_ACCEL,momentum,0.72,0.15,0.0,0.08,0.05
2022-09-16,2.3565,-0.005235,0.67,0.18,RECOVERY_GROWTH,RECOVERY_ACCEL,momentum,0.72,0.15,0.0,0.08,0.05
2022-09-19,2.3619,0.003419,0.67,0.179,RECOVERY_GROWTH,RECOVERY_ACCEL,momentum,0.72,0.15,0.0,0.08,0.05
2022-09-20,2.3452,-0.010478,0.68,0.1771,RECOVERY_GROWTH,RECOVERY_ACCEL,momentum,0.72,0.15,0.0,0.08,0.05
2022-09-21,2.3335,-0.00732,0.68,0.1766,RECOVERY_GROWTH,RECOVERY_ACCEL,momentum,0.72,0.15,0.0,0.08,0.05
2022-09-22,2.3225,-0.006854,0.69,0.1736,RECOVERY_GROWTH,RECOVERY_ACCEL,momentum,0.72,0.15,0.0,0.08,0.05
2022-09-23,2.3296,0.004365,0.7,0.1703,CRISIS_MODE,FAST_SHOCK,liquidity_crisis,0.0,0.1,0.0,0.0,0.9
2022-09-26,2.3347,0.003021,0.73,0.1643,CRISIS_MODE,FAST_SHOCK,liquidity_crisis,0.0,0.1,0.0,0.0,0.9
2022-09-27,2.335,0.000149,0.73,0.1648,CRISIS_MODE,FAST_SHOCK,liquidity_crisis,0.0,0.1,0.0,0.0,0.9
2022-09-28,2.329,-0.003415,0.75,0.1593,CRISIS_MODE,FAST_SHOCK,liquidity_crisis,0.0,0.1,0.0,0.0,0.9
2022-09-29,2.3273,-0.000922,0.76,0.1579,CRISIS_MODE,FAST_SHOCK,liquidity_crisis,0.0,0.1,0.0,0.0,0.9
2022-09-30,2.3271,-0.00014,0.77,0.1554,CRISIS_MODE,FAST_SHOCK,liquidity_crisis,0.0,0.1,0.0,0.0,0.9
2022-10-03,2.3505,0.013843,0.73,0.165,RECOVERY_GROWTH,RECOVERY_ACCEL,momentum,0.72,0.15,0.0,0.08,0.05
2022-10-04,2.3445,-0.003557,0.73,0.1651,CRISIS_MODE,FAST_SHOCK,liquidity_crisis,0.0,0.1,0.0,0.0,0.9
2022-10-05,2.3497,0.003028,0.74,0.1611,CRISIS_MODE,FAST_SHOCK,liquidity_crisis,0.0,0.1,0.0,0.0,0.9
2022-10-06,2.355,0.002993,0.74,0.1612,CRISIS_MODE,FAST_SHOCK,liquidity_crisis,0.0,0.1,0.0,0.0,0.9
2022-10-07,2.3569,0.001044,0.79,0.1519,CRISIS_MODE,FAST_SHOCK,liquidity_crisis,0.0,0.1,0.0,0.0,0.9
2022-10-10,2.3576,0.000377,0.81,0.1487,CRISIS_MODE,FAST_SHOCK,liquidity_crisis,0.0,0.1,0.0,0.0,0.9
2022-10-11,2.3565,-0.000458,1.03,0.1168,CRISIS_MODE,FAST_SHOCK,liquidity_crisis,0.0,0.1,0.0,0.0,0.9
2022-10-12,2.3574,0.000358,1.04,0.115,CRISIS_MODE,FAST_SHOCK,liquidity_crisis,0.0,0.1,0.0,0.0,0.9
2022-10-13,2.3881,0.009464,1.38,0.0872,RECOVERY_GROWTH,RECOVERY_ACCEL,momentum,0.72,0.15,0.0,0.08,0.05
2022-10-14,2.3886,0.000158,1.41,0.0849,CRISIS_MODE,FAST_SHOCK,liquidity_crisis,0.0,0.1,0.0,0.0,0.9
2022-10-17,2.3817,-0.002057,1.42,0.0846,CRISIS_MODE,FAST_SHOCK,liquidity_crisis,0.0,0.1,0.0,0.0,0.9
2022-10-18,2.3825,0.000209,1.6,0.0752,CRISIS_MODE,FAST_SHOCK,liquidity_crisis,0.0,0.1,0.0,0.0,0.9
2022-10-19,2.3939,0.002769,1.73,0.0695,CRISIS_MODE,FAST_SHOCK,liquidity_crisis,0.0,0.1,0.0,0.0,0.9
2022-10-20,2.3947,0.000192,1.9,0.0632,CRISIS_MODE,FAST_SHOCK,liquidity_crisis,0.0,0.1,0.0,0.0,0.9
2022-10-21,2.389,-0.001251,1.9,0.063,CRISIS_MODE,FAST_SHOCK,liquidity_crisis,0.0,0.1,0.0,0.0,0.9
2022-10-24,2.3881,-0.000204,1.91,0.0629,RECOVERY_GROWTH,RECOVERY_ACCEL,momentum,0.72,0.15,0.0,0.08,0.05
2022-10-25,2.3778,-0.00229,1.88,0.064,CRISIS_MODE,FAST_SHOCK,liquidity_crisis,0.0,0.1,0.0,0.0,0.9
2022-10-26,2.3674,-0.0023,1.9,0.0631,CRISIS_MODE,FAST_SHOCK,liquidity_crisis,0.0,0.1,0.0,0.0,0.9
2022-10-27,2.3698,0.00052,1.91,0.0627,CRISIS_MODE,FAST_SHOCK,liquidity_crisis,0.0,0.1,0.0,0.0,0.9
2022-10-28,2.4065,0.00876,1.77,0.0678,RECOVERY_GROWTH,RECOVERY_ACCEL,momentum,0.72,0.15,0.0,0.08,0.05
2022-10-31,2.3743,-0.006359,2.11,0.0569,RECOVERY_GROWTH,RECOVERY_ACCEL,momentum,0.72,0.15,0.0,0.08,0.05
2022-11-01,2.3843,0.001943,2.18,0.055,RECOVERY_GROWTH,RECOVERY_ACCEL,momentum,0.72,0.15,0.0,0.08,0.05
2022-11-02,2.3325,-0.013136,1.65,0.0726,RECOVERY_GROWTH,RECOVERY_ACCEL,momentum,0.72,0.15,0.0,0.08,0.05
2022-11-03,2.322,-0.002726,1.66,0.0723,RECOVERY_GROWTH,RECOVERY_ACCEL,momentum,0.72,0.15,0.0,0.08,0.05
2022-11-04,2.3694,0.015385,1.33,0.0903,CAUTIOUS_BULL,EARLY_DD_UNCERTAINTY,momentum,0.5,0.2,0.1,0.1,0.1
2022-11-07,2.3787,0.002955,1.32,0.0907,CAUTIOUS_BULL,EARLY_DD_UNCERTAINTY,momentum,0.5,0.2,0.1,0.1,0.1
2022-11-08,2.3864,0.00245,1.32,0.0909,CAUTIOUS_BULL,EARLY_DD_UNCERTAINTY,momentum,0.5,0.2,0.1,0.1,0.1
2022-11-09,2.3401,-0.018108,1.07,0.1119,CAUTIOUS_BULL,EARLY_DD_UNCERTAINTY,momentum,0.5,0.2,0.1,0.1,0.1
2022-11-10,2.3976,0.031622,0.78,0.1542,CAUTIOUS_BULL,EARLY_DD_UNCERTAINTY,momentum,0.5,0.2,0.1,0.1,0.1
2022-11-11,2.4115,0.007504,0.77,0.1558,CAUTIOUS_BULL,EARLY_DD_UNCERTAINTY,momentum,0.5,0.2,0.1,0.1,0.1
2022-11-14,2.3972,-0.00784,0.76,0.1587,CAUTIOUS_BULL,EARLY_DD_UNCERTAINTY,momentum,0.5,0.2,0.1,0.1,0.1
2022-11-15,2.4128,0.008744,0.75,0.1609,CAUTIOUS_BULL,EARLY_DD_UNCERTAINTY,momentum,0.5,0.2,0.1,0.1,0.1
2022-11-16,2.4016,-0.006297,0.74,0.163,CAUTIOUS_BULL,EARLY_DD_UNCERTAINTY,momentum,0.5,0.2,0.1,0.1,0.1
2022-11-17,2.3919,-0.005574,0.73,0.1645,CAUTIOUS_BULL,EARLY_DD_UNCERTAINTY,momentum,0.5,0.2,0.1,0.1,0.1
2022-11-18,2.3919,2.9e-05,0.73,0.1644,CAUTIOUS_BULL,EARLY_DD_UNCERTAINTY,momentum,0.5,0.2,0.1,0.1,0.1
2022-11-21,2.3869,-0.002874,0.73,0.1648,CAUTIOUS_BULL,EARLY_DD_UNCERTAINTY,momentum,0.5,0.2,0.1,0.1,0.1
2022-11-22,2.4045,0.010276,0.72,0.1678,CAUTIOUS_BULL,EARLY_DD_UNCERTAINTY,momentum,0.5,0.2,0.1,0.1,0.1
2022-11-23,2.4103,0.003385,0.72,0.1674,CAUTIOUS_BULL,EARLY_DD_UNCERTAINTY,momentum,0.5,0.2,0.1,0.1,0.1
2022-11-25,2.4101,-0.000116,0.72,0.1675,CAUTIOUS_BULL,EARLY_DD_UNCERTAINTY,momentum,0.5,0.2,0.1,0.1,0.1
2022-11-28,2.3888,-0.012671,0.7,0.1721,CAUTIOUS_BULL,EARLY_DD_UNCERTAINTY,momentum,0.5,0.2,0.1,0.1,0.1
2022-11-29,2.397,0.004914,0.7,0.1709,CAUTIOUS_BULL,EARLY_DD_UNCERTAINTY,momentum,0.5,0.2,0.1,0.1,0.1
2022-11-30,2.4254,0.017791,0.66,0.1805,CAUTIOUS_BULL,EARLY_DD_UNCERTAINTY,momentum,0.5,0.2,0.1,0.1,0.1
2022-12-01,2.4313,0.003475,0.7,0.1722,CAUTIOUS_BULL,EARLY_DD_UNCERTAINTY,momentum,0.5,0.2,0.1,0.1,0.1
2022-12-02,2.4323,0.000626,0.7,0.1713,CAUTIOUS_BULL,EARLY_DD_UNCERTAINTY,momentum,0.5,0.2,0.1,0.1,0.1
2022-12-05,2.4051,-0.016516,0.68,0.1772,CAUTIOUS_BULL,EARLY_DD_UNCERTAINTY,momentum,0.5,0.2,0.1,0.1,0.1
2022-12-06,2.3964,-0.005377,0.67,0.1785,CAUTIOUS_BULL,EARLY_DD_UNCERTAINTY,momentum,0.5,0.2,0.1,0.1,0.1
2022-12-07,2.4011,0.002903,0.67,0.1785,CAUTIOUS_BULL,EARLY_DD_UNCERTAINTY,momentum,0.5,0.2,0.1,0.1,0.1
2022-12-08,2.4075,0.003633,0.73,0.1648,CAUTIOUS_BULL,EARLY_DD_UNCERTAINTY,momentum,0.5,0.2,0.1,0.1,0.1
2022-12-09,2.3943,-0.005759,0.95,0.126,CAUTIOUS_BULL,EARLY_DD_UNCERTAINTY,momentum,0.5,0.2,0.1,0.1,0.1
2022-12-12,2.4042,0.004283,0.97,0.1241,CAUTIOUS_BULL,EARLY_DD_UNCERTAINTY,momentum,0.5,0.2,0.1,0.1,0.1
2022-12-13,2.4255,0.009209,0.96,0.1248,CAUTIOUS_BULL,EARLY_DD_UNCERTAINTY,momentum,0.5,0.2,0.1,0.1,0.1
2022-12-14,2.4182,-0.003055,0.98,0.1219,CAUTIOUS_BULL,EARLY_DD_UNCERTAINTY,momentum,0.5,0.2,0.1,0.1,0.1
2022-12-15,2.3853,-0.014795,0.92,0.1307,CAUTIOUS_BULL,EARLY_DD_UNCERTAINTY,momentum,0.5,0.2,0.1,0.1,0.1
2022-12-16,2.3738,-0.005237,0.92,0.1305,CAUTIOUS_BULL,EARLY_DD_UNCERTAINTY,momentum,0.5,0.2,0.1,0.1,0.1
2022-12-19,2.3609,-0.006015,0.91,0.132,CAUTIOUS_BULL,EARLY_DD_UNCERTAINTY,momentum,0.5,0.2,0.1,0.1,0.1
2022-12-20,2.3654,0.002121,0.91,0.1321,CAUTIOUS_BULL,EARLY_DD_UNCERTAINTY,momentum,0.5,0.2,0.1,0.1,0.1
2022-12-21,2.3813,0.007227,0.93,0.1294,CAUTIOUS_BULL,EARLY_DD_UNCERTAINTY,momentum,0.5,0.2,0.1,0.1,0.1
2022-12-22,2.3609,-0.009426,0.91,0.1321,CAUTIOUS_BULL,EARLY_DD_UNCERTAINTY,momentum,0.5,0.2,0.1,0.1,0.1
2022-12-23,2.3642,0.001531,0.91,0.1324,CAUTIOUS_BULL,EARLY_DD_UNCERTAINTY,momentum,0.5,0.2,0.1,0.1,0.1
2022-12-27,2.3633,-0.000394,0.96,0.1254,CAUTIOUS_BULL,EARLY_DD_UNCERTAINTY,momentum,0.5,0.2,0.1,0.1,0.1
2022-12-28,2.3427,-0.009249,0.94,0.1274,CAUTIOUS_BULL,EARLY_DD_UNCERTAINTY,momentum,0.5,0.2,0.1,0.1,0.1
2022-12-29,2.3634,0.008323,1.06,0.113,CAUTIOUS_BULL,EARLY_DD_UNCERTAINTY,momentum,0.5,0.2,0.1,0.1,0.1
2022-12-30,2.3548,-0.003353,1.08,0.1116,CAUTIOUS_BULL,EARLY_DD_UNCERTAINTY,momentum,0.5,0.2,0.1,0.1,0.1
2023-01-03,2.3564,0.000625,1.08,0.1116,CAUTIOUS_BULL,EARLY_DD_UNCERTAINTY,momentum,0.5,0.2,0.1,0.1,0.1
2023-01-04,2.382,0.009494,1.14,0.105,CAUTIOUS_BULL,EARLY_DD_UNCERTAINTY,momentum,0.5,0.2,0.1,0.1,0.1
2023-01-05,2.3677,-0.005248,1.14,0.1049,CAUTIOUS_BULL,EARLY_DD_UNCERTAINTY,momentum,0.5,0.2,0.1,0.1,0.1
2023-01-06,2.4092,0.017914,0.98,0.1227,CAUTIOUS_BULL,EARLY_DD_UNCERTAINTY,momentum,0.5,0.2,0.1,0.1,0.1
2023-01-09,2.4141,0.00209,0.98,0.1222,CAUTIOUS_BULL,EARLY_DD_UNCERTAINTY,momentum,0.5,0.2,0.1,0.1,0.1
2023-01-10,2.4152,0.000432,1.0,0.1204,CAUTIOUS_BULL,EARLY_DD_UNCERTAINTY,momentum,0.5,0.2,0.1,0.1,0.1
2023-01-11,2.4353,0.008532,0.98,0.123,CAUTIOUS_BULL,EARLY_DD_UNCERTAINTY,momentum,0.5,0.2,0.1,0.1,0.1
2023-01-12,2.4577,0.009452,0.97,0.1232,CAUTIOUS_BULL,EARLY_DD_UNCERTAINTY,momentum,0.5,0.2,0.1,0.1,0.1
2023-01-13,2.4602,0.001041,0.98,0.1226,CAUTIOUS_BULL,EARLY_DD_UNCERTAINTY,momentum,0.5,0.2,0.1,0.1,0.1
2023-01-17,2.454,-0.002295,1.1,0.1095,CAUTIOUS_BULL,EARLY_DD_UNCERTAINTY,momentum,0.5,0.2,0.1,0.1,0.1
2023-01-18,2.4413,-0.004698,1.1,0.1091,CAUTIOUS_BULL,EARLY_DD_UNCERTAINTY,momentum,0.5,0.2,0.1,0.1,0.1
2023-01-19,2.44,-0.000497,1.13,0.106,CAUTIOUS_BULL,EARLY_DD_UNCERTAINTY,momentum,0.5,0.2,0.1,0.1,0.1
2023-01-20,2.4547,0.005368,1.12,0.1068,CAUTIOUS_BULL,EARLY_DD_UNCERTAINTY,momentum,0.5,0.2,0.1,0.1,0.1
2023-01-23,2.4651,0.003714,1.14,0.1052,CAUTIOUS_BULL,EARLY_DD_UNCERTAINTY,momentum,0.5,0.2,0.1,0.1,0.1
2023-01-24,2.4693,0.001403,1.23,0.0972,CAUTIOUS_BULL,EARLY_DD_UNCERTAINTY,momentum,0.5,0.2,0.1,0.1,0.1
2023-01-25,2.4749,0.001812,1.23,0.0972,CAUTIOUS_BULL,EARLY_DD_UNCERTAINTY,momentum,0.5,0.2,0.1,0.1,0.1
2023-01-26,2.4869,0.003939,1.24,0.0969,CAUTIOUS_BULL,EARLY_DD_UNCERTAINTY,momentum,0.5,0.2,0.1,0.1,0.1
2023-01-27,2.4825,-0.001321,1.36,0.0883,CAUTIOUS_BULL,EARLY_DD_UNCERTAINTY,momentum,0.5,0.2,0.1,0.1,0.1
2023-01-30,2.4557,-0.008464,1.28,0.0941,CAUTIOUS_BULL,EARLY_DD_UNCERTAINTY,momentum,0.5,0.2,0.1,0.1,0.1
2023-01-31,2.485,0.009484,1.26,0.0954,CAUTIOUS_BULL,EARLY_DD_UNCERTAINTY,momentum,0.5,0.2,0.1,0.1,0.1
2023-02-01,2.5018,0.00539,1.26,0.0955,CAUTIOUS_BULL,EARLY_DD_UNCERTAINTY,momentum,0.5,0.2,0.1,0.1,0.1
2023-02-02,2.5002,-0.000509,1.29,0.093,CAUTIOUS_BULL,EARLY_DD_UNCERTAINTY,momentum,0.5,0.2,0.1,0.1,0.1
2023-02-03,2.4646,-0.012184,1.17,0.1028,CAUTIOUS_BULL,EARLY_DD_UNCERTAINTY,momentum,0.5,0.2,0.1,0.1,0.1
2023-02-06,2.4429,-0.00654,1.35,0.0891,CAUTIOUS_BULL,EARLY_DD_UNCERTAINTY,momentum,0.5,0.2,0.1,0.1,0.1
2023-02-07,2.457,0.004334,1.34,0.0898,CAUTIOUS_BULL,EARLY_DD_UNCERTAINTY,momentum,0.5,0.2,0.1,0.1,0.1
2023-02-08,2.4422,-0.004634,1.31,0.0918,CAUTIOUS_BULL,EARLY_DD_UNCERTAINTY,momentum,0.5,0.2,0.1,0.1,0.1
2023-02-09,2.4219,-0.00623,1.33,0.0901,CAUTIOUS_BULL,EARLY_DD_UNCERTAINTY,momentum,0.5,0.2,0.1,0.1,0.1
2023-02-10,2.4258,0.00113,1.44,0.0834,CAUTIOUS_BULL,EARLY_DD_UNCERTAINTY,momentum,0.5,0.2,0.1,0.1,0.1
2023-02-13,2.4416,0.004605,1.41,0.0851,CAUTIOUS_BULL,EARLY_DD_UNCERTAINTY,momentum,0.5,0.2,0.1,0.1,0.1
2023-02-14,2.4424,0.000222,1.42,0.0848,CAUTIOUS_BULL,EARLY_DD_UNCERTAINTY,momentum,0.5,0.2,0.1,0.1,0.1
2023-02-15,2.437,-0.001514,1.44,0.0834,CAUTIOUS_BULL,EARLY_DD_UNCERTAINTY,momentum,0.5,0.2,0.1,0.1,0.1
2023-02-16,2.416,-0.006194,1.39,0.086,CAUTIOUS_BULL,EARLY_DD_UNCERTAINTY,momentum,0.5,0.2,0.1,0.1,0.1
2023-02-17,2.4027,-0.00385,1.42,0.0843,CAUTIOUS_BULL,EARLY_DD_UNCERTAINTY,momentum,0.5,0.2,0.1,0.1,0.1
2023-02-21,2.3595,-0.014138,1.27,0.0943,CAUTIOUS_BULL,EARLY_DD_UNCERTAINTY,momentum,0.5,0.2,0.1,0.1,0.1
2023-02-22,2.3523,-0.002394,1.28,0.0937,CAUTIOUS_BULL,EARLY_DD_UNCERTAINTY,momentum,0.5,0.2,0.1,0.1,0.1
2023-02-23,2.3617,0.003145,1.27,0.0945,CAUTIOUS_BULL,EARLY_DD_UNCERTAINTY,momentum,0.5,0.2,0.1,0.1,0.1
2023-02-24,2.3388,-0.007597,1.28,0.0941,CAUTIOUS_BULL,EARLY_DD_UNCERTAINTY,momentum,0.5,0.2,0.1,0.1,0.1
2023-02-27,2.3465,0.002618,1.26,0.0956,CAUTIOUS_BULL,EARLY_DD_UNCERTAINTY,momentum,0.5,0.2,0.1,0.1,0.1
2023-02-28,2.3423,-0.001377,1.29,0.0928,CAUTIOUS_BULL,EARLY_DD_UNCERTAINTY,momentum,0.5,0.2,0.1,0.1,0.1
2023-03-01,2.3436,0.00039,1.43,0.0838,CAUTIOUS_BULL,EARLY_DD_UNCERTAINTY,momentum,0.5,0.2,0.1,0.1,0.1
2023-03-02,2.3537,0.002905,1.48,0.0813,CAUTIOUS_BULL,EARLY_DD_UNCERTAINTY,momentum,0.5,0.2,0.1,0.1,0.1
2023-03-03,2.3879,0.011429,1.27,0.0943,CAUTIOUS_BULL,EARLY_DD_UNCERTAINTY,momentum,0.5,0.2,0.1,0.1,0.1
2023-03-06,2.3735,-0.004379,1.38,0.087,CAUTIOUS_BULL,EARLY_DD_UNCERTAINTY,momentum,0.5,0.2,0.1,0.1,0.1
2023-03-07,2.3374,-0.011714,1.3,0.0925,CAUTIOUS_BULL,EARLY_DD_UNCERTAINTY,momentum,0.5,0.2,0.1,0.1,0.1
2023-03-08,2.3412,0.001221,1.32,0.0906,CAUTIOUS_BULL,EARLY_DD_UNCERTAINTY,momentum,0.5,0.2,0.1,0.1,0.1
2023-03-09,2.307,-0.011756,1.24,0.0965,CAUTIOUS_BULL,EARLY_DD_UNCERTAINTY,momentum,0.5,0.2,0.1,0.1,0.1
2023-03-10,2.2789,-0.010079,1.21,0.0994,WHIPSAW,PROLONGED_CHOP,liquidity_crisis,0.42,0.211,0.123,0.123,0.123
2023-03-13,2.2942,0.005738,1.17,0.1027,WHIPSAW,PROLONGED_CHOP,liquidity_crisis,0.42,0.211,0.123,0.123,0.123
2023-03-14,2.2932,-0.000388,1.2,0.1,WHIPSAW,PROLONGED_CHOP,liquidity_crisis,0.42,0.211,0.123,0.123,0.123
2023-03-15,2.3131,0.007647,1.14,0.1056,WHIPSAW,PROLONGED_CHOP,liquidity_crisis,0.42,0.211,0.123,0.123,0.123
2023-03-16,2.3192,0.002343,1.13,0.1066,WHIPSAW,PROLONGED_CHOP,liquidity_crisis,0.42,0.211,0.123,0.123,0.123
2023-03-17,2.3376,0.007272,1.09,0.1098,WHIPSAW,PROLONGED_CHOP,liquidity_crisis,0.42,0.211,0.123,0.123,0.123
2023-03-20,2.3346,-0.001171,1.1,0.1094,WHIPSAW,PROLONGED_CHOP,liquidity_crisis,0.42,0.211,0.123,0.123,0.123
2023-03-21,2.3258,-0.003125,1.21,0.0989,WHIPSAW,PROLONGED_CHOP,liquidity_crisis,0.42,0.211,0.123,0.123,0.123
2023-03-22,2.3354,0.00343,1.21,0.0995,WHIPSAW,PROLONGED_CHOP,liquidity_crisis,0.42,0.211,0.123,0.123,0.123
2023-03-23,2.3499,0.005222,1.19,0.1006,WHIPSAW,PROLONGED_CHOP,liquidity_crisis,0.42,0.211,0.123,0.123,0.123
2023-03-24,2.3476,-0.00079,1.24,0.0969,WHIPSAW,PROLONGED_CHOP,liquidity_crisis,0.421,0.211,0.123,0.123,0.123
2023-03-27,2.3269,-0.007361,1.2,0.0999,WHIPSAW,PROLONGED_CHOP,liquidity_crisis,0.42,0.211,0.123,0.123,0.123
2023-03-28,2.3288,0.000679,1.2,0.0999,WHIPSAW,PROLONGED_CHOP,liquidity_crisis,0.42,0.211,0.123,0.123,0.123
2023-03-29,2.3324,0.001294,1.2,0.1,WHIPSAW,PROLONGED_CHOP,liquidity_crisis,0.42,0.211,0.123,0.123,0.123
2023-03-30,2.3448,0.004471,1.19,0.1007,WHIPSAW,PROLONGED_CHOP,liquidity_crisis,0.421,0.211,0.123,0.123,0.123
2023-03-31,2.361,0.005411,1.28,0.0941,WHIPSAW,PROLONGED_CHOP,liquidity_crisis,0.42,0.211,0.123,0.123,0.123
2023-04-03,2.3753,0.004755,1.27,0.0944,WHIPSAW,PROLONGED_CHOP,liquidity_crisis,0.421,0.211,0.123,0.123,0.123
2023-04-04,2.3705,-0.001404,1.42,0.0842,WHIPSAW,PROLONGED_CHOP,liquidity_crisis,0.421,0.211,0.123,0.123,0.123
2023-04-05,2.3738,0.000964,1.42,0.0842,WHIPSAW,PROLONGED_CHOP,liquidity_crisis,0.421,0.211,0.123,0.123,0.123
2023-04-06,2.3734,-0.000107,1.68,0.0712,WHIPSAW,PROLONGED_CHOP,liquidity_crisis,0.421,0.211,0.123,0.123,0.123
2023-04-10,2.365,-0.001753,2.02,0.0594,WHIPSAW,PROLONGED_CHOP,liquidity_crisis,0.421,0.211,0.123,0.123,0.123
2023-04-11,2.3818,0.003446,2.07,0.0579,WHIPSAW,PROLONGED_CHOP,liquidity_crisis,0.421,0.211,0.123,0.123,0.123
2023-04-12,2.3863,0.000896,2.08,0.0576,WHIPSAW,PROLONGED_CHOP,liquidity_crisis,0.421,0.211,0.123,0.123,0.123
2023-04-13,2.4197,0.006558,2.13,0.0562,WHIPSAW,PROLONGED_CHOP,liquidity_crisis,0.421,0.211,0.123,0.123,0.123
2023-04-14,2.3949,-0.005188,1.98,0.0607,WHIPSAW,PROLONGED_CHOP,liquidity_crisis,0.421,0.211,0.123,0.123,0.123
2023-04-17,2.3842,-0.002145,2.09,0.0575,WHIPSAW,PROLONGED_CHOP,liquidity_crisis,0.421,0.211,0.123,0.123,0.123
2023-04-18,2.3983,0.00284,2.09,0.0575,WHIPSAW,PROLONGED_CHOP,liquidity_crisis,0.421,0.211,0.123,0.123,0.123
2023-04-19,2.3841,-0.002818,2.1,0.0572,WHIPSAW,PROLONGED_CHOP,liquidity_crisis,0.421,0.211,0.123,0.123,0.123
2023-04-20,2.3753,-0.00177,2.1,0.0572,WHIPSAW,PROLONGED_CHOP,liquidity_crisis,0.421,0.211,0.123,0.123,0.123
2023-04-21,2.3589,-0.00323,2.14,0.0562,WHIPSAW,PROLONGED_CHOP,liquidity_crisis,0.421,0.211,0.123,0.123,0.123
2023-04-24,2.3784,0.003952,2.09,0.0575,WHIPSAW,PROLONGED_CHOP,liquidity_crisis,0.421,0.211,0.123,0.123,0.123
2023-04-25,2.3495,-0.005518,2.2,0.0546,WHIPSAW,PROLONGED_CHOP,liquidity_crisis,0.421,0.211,0.123,0.123,0.123
2023-04-26,2.3234,-0.005402,2.06,0.0583,WHIPSAW,PROLONGED_CHOP,liquidity_crisis,0.421,0.211,0.123,0.123,0.123
2023-04-27,2.3506,0.006012,1.95,0.0616,WHIPSAW,PROLONGED_CHOP,liquidity_crisis,0.421,0.211,0.123,0.123,0.123
2023-04-28,2.3771,0.00591,1.91,0.0629,WHIPSAW,PROLONGED_CHOP,liquidity_crisis,0.421,0.211,0.123,0.123,0.123
2023-05-01,2.3548,-0.004929,1.9,0.0631,WHIPSAW,PROLONGED_CHOP,liquidity_crisis,0.421,0.211,0.123,0.123,0.123
2023-05-02,2.3275,-0.006207,1.87,0.0642,WHIPSAW,PROLONGED_CHOP,liquidity_crisis,0.421,0.211,0.123,0.123,0.123
2023-05-03,2.3356,0.00187,1.86,0.0646,WHIPSAW,PROLONGED_CHOP,liquidity_crisis,0.421,0.211,0.123,0.123,0.123
2023-05-04,2.3241,-0.002653,1.85,0.0649,WHIPSAW,PROLONGED_CHOP,liquidity_crisis,0.421,0.211,0.123,0.123,0.123
2023-05-05,2.3462,0.005401,1.76,0.0681,WHIPSAW,PROLONGED_CHOP,liquidity_crisis,0.421,0.211,0.123,0.123,0.123
2023-05-08,2.3394,-0.001647,1.76,0.068,WHIPSAW,PROLONGED_CHOP,liquidity_crisis,0.421,0.211,0.123,0.123,0.123
2023-05-09,2.3374,-0.000487,1.8,0.0667,WHIPSAW,PROLONGED_CHOP,liquidity_crisis,0.421,0.211,0.123,0.123,0.123
2023-05-10,2.339,0.000384,1.8,0.0666,WHIPSAW,PROLONGED_CHOP,liquidity_crisis,0.421,0.211,0.123,0.123,0.123
2023-05-11,2.2981,-0.010095,1.73,0.0694,WHIPSAW,PROLONGED_CHOP,liquidity_crisis,0.421,0.211,0.123,0.123,0.123
2023-05-12,2.2896,-0.002098,1.77,0.068,WHIPSAW,PROLONGED_CHOP,liquidity_crisis,0.421,0.211,0.123,0.123,0.123
2023-05-15,2.298,0.002095,1.74,0.0688,WHIPSAW,PROLONGED_CHOP,liquidity_crisis,0.42,0.211,0.123,0.123,0.123
2023-05-16,2.2669,-0.008075,1.68,0.0716,WHIPSAW,PROLONGED_CHOP,liquidity_crisis,0.421,0.211,0.123,0.123,0.123
2023-05-17,2.2777,0.002895,1.65,0.0729,WHIPSAW,PROLONGED_CHOP,liquidity_crisis,0.42,0.211,0.123,0.123,0.123
2023-05-18,2.2831,0.001464,1.63,0.0734,WHIPSAW,PROLONGED_CHOP,liquidity_crisis,0.42,0.211,0.123,0.123,0.123
2023-05-19,2.278,-0.001365,1.64,0.073,WHIPSAW,PROLONGED_CHOP,liquidity_crisis,0.42,0.211,0.123,0.123,0.123
2023-05-22,2.2868,0.002313,1.67,0.0718,WHIPSAW,PROLONGED_CHOP,liquidity_crisis,0.42,0.211,0.123,0.123,0.123
2023-05-23,2.2571,-0.008057,1.61,0.0744,WHIPSAW,PROLONGED_CHOP,liquidity_crisis,0.42,0.211,0.123,0.123,0.123
2023-05-24,2.2349,-0.00613,1.6,0.0749,WHIPSAW,PROLONGED_CHOP,liquidity_crisis,0.42,0.211,0.123,0.123,0.123
2023-05-25,2.2487,0.00373,1.65,0.0725,WHIPSAW,PROLONGED_CHOP,liquidity_crisis,0.42,0.211,0.123,0.123,0.123
2023-05-26,2.28,0.008936,1.56,0.0769,WHIPSAW,PROLONGED_CHOP,liquidity_crisis,0.42,0.211,0.123,0.123,0.123
2023-05-30,2.2767,-0.000924,1.59,0.0757,WHIPSAW,PROLONGED_CHOP,liquidity_crisis,0.42,0.211,0.123,0.123,0.123
2023-05-31,2.2616,-0.004113,1.62,0.0742,WHIPSAW,PROLONGED_CHOP,liquidity_crisis,0.42,0.211,0.123,0.123,0.123
2023-06-01,2.2903,0.008535,1.49,0.0805,WHIPSAW,PROLONGED_CHOP,liquidity_crisis,0.42,0.211,0.123,0.123,0.123
2023-06-02,2.3162,0.008048,1.41,0.0853,WHIPSAW,PROLONGED_CHOP,liquidity_crisis,0.42,0.211,0.123,0.123,0.123
2023-06-05,2.3092,-0.002096,1.44,0.0833,WHIPSAW,PROLONGED_CHOP,liquidity_crisis,0.42,0.211,0.123,0.123,0.123
2023-06-06,2.3295,0.0063,1.39,0.0862,WHIPSAW,PROLONGED_CHOP,liquidity_crisis,0.421,0.211,0.123,0.123,0.123
2023-06-07,2.3284,-0.000334,1.39,0.0862,WHIPSAW,PROLONGED_CHOP,liquidity_crisis,0.42,0.211,0.123,0.123,0.123
2023-06-08,2.339,0.003299,1.38,0.0869,WHIPSAW,PROLONGED_CHOP,liquidity_crisis,0.42,0.211,0.123,0.123,0.123
2023-06-09,2.3359,-0.000863,1.53,0.0786,WHIPSAW,PROLONGED_CHOP,liquidity_crisis,0.421,0.211,0.123,0.123,0.123
2023-06-12,2.3478,0.003308,1.53,0.0784,WHIPSAW,PROLONGED_CHOP,liquidity_crisis,0.421,0.211,0.123,0.123,0.123
2023-06-13,2.3625,0.004125,1.52,0.0791,WHIPSAW,PROLONGED_CHOP,liquidity_crisis,0.421,0.211,0.123,0.123,0.123
2023-06-14,2.3569,-0.001426,1.66,0.0725,WHIPSAW,PROLONGED_CHOP,liquidity_crisis,0.421,0.211,0.123,0.123,0.123
2023-06-15,2.3867,0.008003,1.58,0.0759,WHIPSAW,PROLONGED_CHOP,liquidity_crisis,0.421,0.211,0.123,0.123,0.123
2023-06-16,2.3848,-0.000512,1.57,0.0763,WHIPSAW,PROLONGED_CHOP,liquidity_crisis,0.421,0.211,0.123,0.123,0.123
2023-06-20,2.3608,-0.006784,1.48,0.081,WHIPSAW,PROLONGED_CHOP,liquidity_crisis,0.421,0.211,0.123,0.123,0.123
2023-06-21,2.3621,0.000373,1.48,0.081,WHIPSAW,PROLONGED_CHOP,liquidity_crisis,0.421,0.211,0.123,0.123,0.123
2023-06-22,2.3396,-0.006256,1.53,0.0786,WHIPSAW,PROLONGED_CHOP,liquidity_crisis,0.421,0.211,0.123,0.123,0.123
2023-06-23,2.312,-0.00794,1.48,0.081,WHIPSAW,PROLONGED_CHOP,liquidity_crisis,0.421,0.211,0.123,0.123,0.123
2023-06-26,2.3094,-0.000754,1.49,0.0807,WHIPSAW,PROLONGED_CHOP,liquidity_crisis,0.421,0.211,0.123,0.123,0.123
2023-06-27,2.3256,0.004447,1.57,0.0764,WHIPSAW,PROLONGED_CHOP,liquidity_crisis,0.421,0.211,0.123,0.123,0.123
2023-06-28,2.325,-0.000158,1.57,0.0763,WHIPSAW,PROLONGED_CHOP,liquidity_crisis,0.421,0.211,0.123,0.123,0.123
2023-06-29,2.3298,0.001276,1.62,0.0742,WHIPSAW,PROLONGED_CHOP,liquidity_crisis,0.421,0.211,0.123,0.123,0.123
2023-06-30,2.3503,0.005194,1.7,0.0708,WHIPSAW,PROLONGED_CHOP,liquidity_crisis,0.421,0.211,0.123,0.123,0.123
2023-07-03,2.3599,0.002247,1.82,0.066,WHIPSAW,PROLONGED_CHOP,liquidity_crisis,0.421,0.211,0.123,0.123,0.123
2023-07-05,2.3463,-0.00321,1.8,0.0667,WHIPSAW,PROLONGED_CHOP,liquidity_crisis,0.421,0.211,0.123,0.123,0.123
2023-07-06,2.3029,-0.011625,1.59,0.0754,WHIPSAW,PROLONGED_CHOP,liquidity_crisis,0.421,0.211,0.123,0.123,0.123
2023-07-07,2.3138,0.003018,1.57,0.0763,WHIPSAW,PROLONGED_CHOP,liquidity_crisis,0.421,0.211,0.123,0.123,0.123
2023-07-10,2.3269,0.003616,1.57,0.0765,WHIPSAW,PROLONGED_CHOP,liquidity_crisis,0.421,0.211,0.123,0.123,0.123
2023-07-11,2.3568,0.008821,1.45,0.0825,WHIPSAW,PROLONGED_CHOP,liquidity_crisis,0.421,0.211,0.123,0.123,0.123
2023-07-12,2.3839,0.008296,1.39,0.0865,WHIPSAW,PROLONGED_CHOP,liquidity_crisis,0.421,0.211,0.123,0.123,0.123
2023-07-13,2.4107,0.008445,1.33,0.09,WHIPSAW,PROLONGED_CHOP,liquidity_crisis,0.421,0.211,0.123,0.123,0.123
2023-07-14,2.3868,-0.007801,1.27,0.0945,WHIPSAW,PROLONGED_CHOP,liquidity_crisis,0.421,0.211,0.123,0.123,0.123
2023-07-17,2.3855,-0.000423,1.33,0.0904,WHIPSAW,PROLONGED_CHOP,liquidity_crisis,0.421,0.211,0.123,0.123,0.123
2023-07-18,2.4017,0.00522,1.3,0.0922,WHIPSAW,PROLONGED_CHOP,liquidity_crisis,0.421,0.211,0.123,0.123,0.123
2023-07-19,2.4065,0.001462,1.36,0.0885,WHIPSAW,PROLONGED_CHOP,liquidity_crisis,0.421,0.211,0.123,0.123,0.123
2023-07-20,2.3974,-0.002793,1.34,0.0894,WHIPSAW,PROLONGED_CHOP,liquidity_crisis,0.421,0.211,0.123,0.123,0.123
2023-07-21,2.3967,-0.000226,1.4,0.0859,WHIPSAW,PROLONGED_CHOP,liquidity_crisis,0.421,0.211,0.123,0.123,0.123
2023-07-24,2.4108,0.003929,1.5,0.0803,WHIPSAW,PROLONGED_CHOP,liquidity_crisis,0.421,0.211,0.123,0.123,0.123
2023-07-25,2.4251,0.003988,1.49,0.0803,WHIPSAW,PROLONGED_CHOP,liquidity_crisis,0.421,0.211,0.123,0.123,0.123
2023-07-26,2.4318,0.001816,1.51,0.0797,WHIPSAW,PROLONGED_CHOP,liquidity_crisis,0.421,0.211,0.123,0.123,0.123
2023-07-27,2.4046,-0.00801,1.39,0.0862,WHIPSAW,PROLONGED_CHOP,liquidity_crisis,0.421,0.211,0.122,0.122,0.122
2023-07-28,2.4267,0.00675,1.36,0.0883,WHIPSAW,PROLONGED_CHOP,liquidity_crisis,0.421,0.211,0.123,0.123,0.123
2023-07-31,2.4427,0.00483,1.36,0.0881,WHIPSAW,PROLONGED_CHOP,liquidity_crisis,0.421,0.211,0.122,0.122,0.122
2023-08-01,2.4251,-0.005471,1.32,0.0912,WHIPSAW,PROLONGED_CHOP,liquidity_crisis,0.421,0.211,0.122,0.122,0.122
2023-08-02,2.3936,-0.010682,1.21,0.0989,WHIPSAW,PROLONGED_CHOP,liquidity_crisis,0.421,0.211,0.122,0.122,0.122
2023-08-03,2.3934,-6.2e-05,1.36,0.0884,WHIPSAW,PROLONGED_CHOP,liquidity_crisis,0.421,0.211,0.123,0.123,0.123
2023-08-04,2.3927,-0.00024,1.36,0.0882,WHIPSAW,PROLONGED_CHOP,liquidity_crisis,0.421,0.211,0.123,0.123,0.123
2023-08-07,2.406,0.004109,1.36,0.0884,WHIPSAW,PROLONGED_CHOP,liquidity_crisis,0.421,0.211,0.123,0.123,0.123
2023-08-08,2.399,-0.00205,1.42,0.0844,WHIPSAW,PROLONGED_CHOP,liquidity_crisis,0.421,0.211,0.123,0.123,0.123
2023-08-09,2.3977,-0.000365,1.51,0.0796,WHIPSAW,PROLONGED_CHOP,liquidity_crisis,0.421,0.211,0.123,0.123,0.123
2023-08-10,2.3887,-0.002311,1.62,0.0739,WHIPSAW,PROLONGED_CHOP,liquidity_crisis,0.421,0.211,0.123,0.123,0.123
2023-08-11,2.3903,0.000385,1.74,0.0688,WHIPSAW,PROLONGED_CHOP,liquidity_crisis,0.421,0.211,0.123,0.123,0.123
2023-08-14,2.3904,3.5e-05,1.74,0.0688,WHIPSAW,PROLONGED_CHOP,liquidity_crisis,0.421,0.211,0.123,0.123,0.123
2023-08-15,2.357,-0.008364,1.67,0.0718,WHIPSAW,PROLONGED_CHOP,liquidity_crisis,0.421,0.211,0.123,0.123,0.123
2023-08-16,2.3437,-0.003395,1.67,0.072,WHIPSAW,PROLONGED_CHOP,liquidity_crisis,0.421,0.211,0.123,0.123,0.123
2023-08-17,2.3453,0.000421,1.67,0.0718,WHIPSAW,PROLONGED_CHOP,liquidity_crisis,0.421,0.211,0.123,0.123,0.123
2023-08-18,2.3636,0.004826,1.61,0.0743,WHIPSAW,PROLONGED_CHOP,liquidity_crisis,0.421,0.211,0.123,0.123,0.123
2023-08-21,2.3596,-0.001013,1.65,0.0726,WHIPSAW,PROLONGED_CHOP,liquidity_crisis,0.421,0.211,0.123,0.123,0.123
2023-08-22,2.3563,-0.000844,1.7,0.0705,WHIPSAW,PROLONGED_CHOP,liquidity_crisis,0.421,0.211,0.123,0.123,0.123
2023-08-23,2.36,0.000935,1.71,0.0701,WHIPSAW,PROLONGED_CHOP,liquidity_crisis,0.421,0.211,0.123,0.123,0.123
2023-08-24,2.3453,-0.003441,1.82,0.0661,WHIPSAW,PROLONGED_CHOP,liquidity_crisis,0.421,0.211,0.123,0.123,0.123
2023-08-25,2.3729,0.006439,1.83,0.0656,WHIPSAW,PROLONGED_CHOP,liquidity_crisis,0.421,0.211,0.123,0.123,0.123
2023-08-28,2.3818,0.001983,1.9,0.0632,WHIPSAW,PROLONGED_CHOP,liquidity_crisis,0.421,0.211,0.123,0.123,0.123
2023-08-29,2.3984,0.003656,1.91,0.0629,WHIPSAW,PROLONGED_CHOP,liquidity_crisis,0.421,0.211,0.123,0.123,0.123
2023-08-30,2.4106,0.002178,2.34,0.0513,WHIPSAW,PROLONGED_CHOP,liquidity_crisis,0.421,0.211,0.123,0.123,0.123
2023-08-31,2.4078,-0.000497,2.33,0.0514,WHIPSAW,PROLONGED_CHOP,liquidity_crisis,0.421,0.211,0.123,0.123,0.123
2023-09-01,2.4309,0.004264,2.25,0.0533,WHIPSAW,PROLONGED_CHOP,liquidity_crisis,0.421,0.211,0.123,0.123,0.123
2023-09-05,2.409,-0.004029,2.24,0.0535,WHIPSAW,PROLONGED_CHOP,liquidity_crisis,0.421,0.211,0.123,0.123,0.123
2023-09-06,2.3967,-0.002271,2.24,0.0536,WHIPSAW,PROLONGED_CHOP,liquidity_crisis,0.421,0.211,0.123,0.123,0.123
2023-09-07,2.3917,-0.000933,2.23,0.0537,WHIPSAW,PROLONGED_CHOP,liquidity_crisis,0.421,0.211,0.123,0.123,0.123
2023-09-08,2.3978,0.00113,2.25,0.0532,WHIPSAW,PROLONGED_CHOP,liquidity_crisis,0.421,0.211,0.123,0.123,0.123
2023-09-11,2.4093,0.002148,2.23,0.0537,WHIPSAW,PROLONGED_CHOP,liquidity_crisis,0.421,0.211,0.123,0.123,0.123
2023-09-12,2.4149,0.00104,2.23,0.0538,WHIPSAW,PROLONGED_CHOP,liquidity_crisis,0.421,0.211,0.123,0.123,0.123
2023-09-13,2.428,0.001991,2.72,0.044,WHIPSAW,PROLONGED_CHOP,liquidity_crisis,0.421,0.211,0.123,0.123,0.123
2023-09-14,2.4693,0.006458,2.63,0.0456,WHIPSAW,PROLONGED_CHOP,liquidity_crisis,0.421,0.211,0.123,0.123,0.123
2023-09-15,2.438,-0.005385,2.35,0.051,WHIPSAW,PROLONGED_CHOP,liquidity_crisis,0.421,0.211,0.123,0.123,0.123
2023-09-18,2.4403,0.000384,2.45,0.049,WHIPSAW,PROLONGED_CHOP,liquidity_crisis,0.421,0.211,0.123,0.123,0.123
2023-09-19,2.426,-0.002432,2.41,0.0498,WHIPSAW,PROLONGED_CHOP,liquidity_crisis,0.421,0.211,0.123,0.123,0.123
2023-09-20,2.3988,-0.004983,2.25,0.0533,WHIPSAW,PROLONGED_CHOP,liquidity_crisis,0.421,0.211,0.123,0.123,0.123
2023-09-21,2.3708,-0.005558,2.1,0.0572,WHIPSAW,PROLONGED_CHOP,liquidity_crisis,0.421,0.211,0.123,0.123,0.123
2023-09-22,2.3801,0.001824,2.15,0.0559,WHIPSAW,PROLONGED_CHOP,liquidity_crisis,0.421,0.211,0.123,0.123,0.123
2023-09-25,2.3808,0.000116,2.34,0.0514,WHIPSAW,PROLONGED_CHOP,liquidity_crisis,0.421,0.211,0.123,0.123,0.123
2023-09-26,2.3678,-0.002338,2.33,0.0515,WHIPSAW,PROLONGED_CHOP,liquidity_crisis,0.421,0.211,0.123,0.123,0.123
2023-09-27,2.3999,0.006157,2.2,0.0545,WHIPSAW,PROLONGED_CHOP,liquidity_crisis,0.421,0.211,0.123,0.123,0.123
2023-09-28,2.3997,-3e-05,2.23,0.0539,WHIPSAW,PROLONGED_CHOP,liquidity_crisis,0.421,0.211,0.123,0.123,0.123
2023-09-29,2.3628,-0.00768,2.0,0.0599,WHIPSAW,PROLONGED_CHOP,liquidity_crisis,0.421,0.211,0.123,0.123,0.123
2023-10-02,2.329,-0.007345,1.95,0.0617,WHIPSAW,PROLONGED_CHOP,liquidity_crisis,0.421,0.211,0.123,0.123,0.123
2023-10-03,2.3163,-0.002786,1.97,0.0611,WHIPSAW,PROLONGED_CHOP,liquidity_crisis,0.42,0.211,0.123,0.123,0.123
2023-10-04,2.2793,-0.008875,1.8,0.0668,WHIPSAW,PROLONGED_CHOP,liquidity_crisis,0.421,0.211,0.123,0.123,0.123
2023-10-05,2.2858,0.001605,1.78,0.0675,WHIPSAW,PROLONGED_CHOP,liquidity_crisis,0.421,0.211,0.123,0.123,0.123
2023-10-06,2.299,0.003318,1.74,0.0689,WHIPSAW,PROLONGED_CHOP,liquidity_crisis,0.42,0.211,0.123,0.123,0.123
2023-10-09,2.3185,0.005049,1.68,0.0713,WHIPSAW,PROLONGED_CHOP,liquidity_crisis,0.421,0.211,0.123,0.123,0.123
2023-10-10,2.3255,0.001791,1.67,0.0716,WHIPSAW,PROLONGED_CHOP,liquidity_crisis,0.421,0.211,0.123,0.123,0.123
2023-10-11,2.333,0.00193,1.68,0.0716,WHIPSAW,PROLONGED_CHOP,liquidity_crisis,0.421,0.211,0.123,0.123,0.123
2023-10-12,2.3153,-0.004248,1.79,0.0671,WHIPSAW,PROLONGED_CHOP,liquidity_crisis,0.421,0.211,0.123,0.123,0.123
2023-10-13,2.2961,-0.0046,1.8,0.0666,WHIPSAW,PROLONGED_CHOP,liquidity_crisis,0.421,0.211,0.123,0.123,0.123
2023-10-16,2.2864,-0.002325,1.81,0.0663,WHIPSAW,PROLONGED_CHOP,liquidity_crisis,0.421,0.211,0.123,0.123,0.123
2023-10-17,2.291,0.001106,1.79,0.0669,WHIPSAW,PROLONGED_CHOP,liquidity_crisis,0.42,0.211,0.123,0.123,0.123
2023-10-18,2.2892,-0.000429,1.83,0.0656,WHIPSAW,PROLONGED_CHOP,liquidity_crisis,0.42,0.211,0.123,0.123,0.123
2023-10-19,2.3158,0.006669,1.74,0.0689,WHIPSAW,PROLONGED_CHOP,liquidity_crisis,0.42,0.211,0.123,0.123,0.123
2023-10-20,2.3094,-0.001577,1.75,0.0684,WHIPSAW,PROLONGED_CHOP,liquidity_crisis,0.42,0.211,0.123,0.123,0.123
2023-10-23,2.2924,-0.004245,1.73,0.0694,WHIPSAW,PROLONGED_CHOP,liquidity_crisis,0.42,0.211,0.123,0.123,0.123
2023-10-24,2.2837,-0.00221,1.73,0.0694,WHIPSAW,PROLONGED_CHOP,liquidity_crisis,0.42,0.211,0.123,0.123,0.123
2023-10-25,2.294,0.00249,1.83,0.0657,WHIPSAW,PROLONGED_CHOP,liquidity_crisis,0.42,0.211,0.123,0.123,0.123
2023-10-26,2.2812,-0.003075,1.82,0.0659,WHIPSAW,PROLONGED_CHOP,liquidity_crisis,0.42,0.211,0.123,0.123,0.123
2023-10-27,2.3026,0.005083,1.84,0.0651,WHIPSAW,PROLONGED_CHOP,liquidity_crisis,0.42,0.211,0.123,0.123,0.123
2023-10-30,2.2687,-0.008095,1.82,0.0661,WHIPSAW,PROLONGED_CHOP,liquidity_crisis,0.42,0.211,0.123,0.123,0.123
2023-10-31,2.2701,0.000334,1.83,0.0657,WHIPSAW,PROLONGED_CHOP,liquidity_crisis,0.42,0.211,0.123,0.123,0.123
2023-11-01,2.267,-0.000668,2.06,0.0582,WHIPSAW,PROLONGED_CHOP,liquidity_crisis,0.42,0.211,0.123,0.123,0.123
2023-11-02,2.2845,0.003834,2.01,0.0596,WHIPSAW,PROLONGED_CHOP,liquidity_crisis,0.42,0.211,0.123,0.123,0.123
2023-11-03,2.3056,0.00468,1.98,0.0607,WHIPSAW,PROLONGED_CHOP,liquidity_crisis,0.42,0.211,0.123,0.123,0.123
2023-11-06,2.2842,-0.004636,2.0,0.0599,WHIPSAW,PROLONGED_CHOP,liquidity_crisis,0.42,0.211,0.123,0.123,0.123
2023-11-07,2.2824,-0.000388,2.02,0.0594,WHIPSAW,PROLONGED_CHOP,liquidity_crisis,0.42,0.211,0.123,0.123,0.123
2023-11-08,2.2714,-0.002389,2.03,0.059,WHIPSAW,PROLONGED_CHOP,liquidity_crisis,0.42,0.211,0.123,0.123,0.123
2023-11-09,2.247,-0.005356,2.0,0.06,WHIPSAW,PROLONGED_CHOP,liquidity_crisis,0.42,0.211,0.123,0.123,0.123
2023-11-10,2.2627,0.003484,2.0,0.06,WHIPSAW,PROLONGED_CHOP,liquidity_crisis,0.42,0.211,0.123,0.123,0.123
2023-11-13,2.2739,0.002497,1.99,0.0604,WHIPSAW,PROLONGED_CHOP,liquidity_crisis,0.42,0.211,0.123,0.123,0.123
2023-11-14,2.3185,0.01205,1.63,0.0737,WHIPSAW,PROLONGED_CHOP,liquidity_crisis,0.42,0.211,0.123,0.123,0.123
2023-11-15,2.3112,-0.001939,1.62,0.0741,WHIPSAW,PROLONGED_CHOP,liquidity_crisis,0.421,0.211,0.123,0.123,0.123
2023-11-16,2.3213,0.002559,1.69,0.0709,WHIPSAW,PROLONGED_CHOP,liquidity_crisis,0.421,0.211,0.123,0.123,0.123
2023-11-17,2.3322,0.002789,1.69,0.0712,WHIPSAW,PROLONGED_CHOP,liquidity_crisis,0.42,0.211,0.123,0.123,0.123
2023-11-20,2.3484,0.004075,1.71,0.0703,WHIPSAW,PROLONGED_CHOP,liquidity_crisis,0.421,0.211,0.123,0.123,0.123
2023-11-21,2.3461,-0.000577,1.72,0.0696,WHIPSAW,PROLONGED_CHOP,liquidity_crisis,0.421,0.211,0.123,0.123,0.123
2023-11-22,2.3523,0.001533,1.73,0.0694,WHIPSAW,PROLONGED_CHOP,liquidity_crisis,0.421,0.211,0.123,0.123,0.123
2023-11-24,2.3544,0.000519,1.76,0.068,WHIPSAW,PROLONGED_CHOP,liquidity_crisis,0.421,0.211,0.123,0.123,0.123
2023-11-27,2.3613,0.001621,1.81,0.0664,WHIPSAW,PROLONGED_CHOP,liquidity_crisis,0.421,0.211,0.123,0.123,0.123
2023-11-28,2.3747,0.00274,2.06,0.0582,WHIPSAW,PROLONGED_CHOP,liquidity_crisis,0.421,0.211,0.123,0.123,0.123
2023-11-29,2.378,0.000675,2.06,0.0581,WHIPSAW,PROLONGED_CHOP,liquidity_crisis,0.421,0.211,0.123,0.123,0.123
2023-11-30,2.3921,0.002859,2.07,0.0579,WHIPSAW,PROLONGED_CHOP,liquidity_crisis,0.421,0.211,0.123,0.123,0.123
2023-12-01,2.4399,0.01104,1.81,0.0662,WHIPSAW,PROLONGED_CHOP,liquidity_crisis,0.421,0.211,0.123,0.123,0.123
2023-12-04,2.4232,-0.003901,1.76,0.0683,WHIPSAW,PROLONGED_CHOP,liquidity_crisis,0.421,0.211,0.123,0.123,0.123
2023-12-05,2.4138,-0.002144,1.82,0.066,WHIPSAW,PROLONGED_CHOP,liquidity_crisis,0.421,0.211,0.123,0.123,0.123
2023-12-06,2.4153,0.000349,1.82,0.0658,WHIPSAW,PROLONGED_CHOP,liquidity_crisis,0.421,0.211,0.123,0.123,0.123
2023-12-07,2.4315,0.003604,1.86,0.0644,WHIPSAW,PROLONGED_CHOP,liquidity_crisis,0.421,0.211,0.123,0.123,0.123
2023-12-08,2.4278,-0.000748,2.01,0.0597,WHIPSAW,PROLONGED_CHOP,liquidity_crisis,0.421,0.211,0.123,0.123,0.123
2023-12-11,2.4268,-0.000207,2.0,0.06,WHIPSAW,PROLONGED_CHOP,liquidity_crisis,0.421,0.211,0.123,0.123,0.123
2023-12-12,2.4379,0.002282,2.0,0.06,WHIPSAW,PROLONGED_CHOP,liquidity_crisis,0.421,0.211,0.123,0.123,0.123
2023-12-13,2.5042,0.015254,1.78,0.0673,WHIPSAW,PROLONGED_CHOP,liquidity_crisis,0.421,0.211,0.123,0.123,0.123
2023-12-14,2.5405,0.008311,1.74,0.0689,RECOVERY_GROWTH,RECOVERY_ACCEL,momentum,0.72,0.15,0.0,0.08,0.05
2023-12-15,2.5242,-0.003867,1.66,0.0725,RECOVERY_GROWTH,RECOVERY_ACCEL,momentum,0.72,0.15,0.0,0.08,0.05
2023-12-18,2.5328,0.002072,1.66,0.0724,RECOVERY_GROWTH,RECOVERY_ACCEL,momentum,0.72,0.15,0.0,0.08,0.05
2023-12-19,2.5531,0.00485,1.65,0.0727,RECOVERY_GROWTH,RECOVERY_ACCEL,momentum,0.72,0.15,0.0,0.08,0.05
2023-12-20,2.5227,-0.007995,1.49,0.0806,RECOVERY_GROWTH,RECOVERY_ACCEL,momentum,0.72,0.15,0.0,0.08,0.05
2023-12-21,2.5536,0.008538,1.43,0.0837,RECOVERY_GROWTH,RECOVERY_ACCEL,momentum,0.72,0.15,0.0,0.08,0.05
2023-12-22,2.5588,0.001418,1.44,0.0835,RECOVERY_GROWTH,RECOVERY_ACCEL,momentum,0.72,0.15,0.0,0.08,0.05
2023-12-26,2.5766,0.004881,1.43,0.0839,RECOVERY_GROWTH,RECOVERY_ACCEL,momentum,0.72,0.15,0.0,0.08,0.05
2023-12-27,2.5943,0.004807,1.42,0.0843,RECOVERY_GROWTH,RECOVERY_ACCEL,momentum,0.72,0.15,0.0,0.08,0.05
2023-12-28,2.5857,-0.002352,1.4,0.0858,RECOVERY_GROWTH,RECOVERY_ACCEL,momentum,0.72,0.15,0.0,0.08,0.05
2023-12-29,2.5729,-0.003644,1.36,0.0883,RECOVERY_GROWTH,RECOVERY_ACCEL,momentum,0.72,0.15,0.0,0.08,0.05
2024-01-02,2.5533,-0.005469,1.4,0.0858,RECOVERY_GROWTH,RECOVERY_ACCEL,momentum,0.72,0.15,0.0,0.08,0.05
2024-01-03,2.5319,-0.006133,1.37,0.0878,RECOVERY_GROWTH,RECOVERY_ACCEL,momentum,0.72,0.15,0.0,0.08,0.05
2024-01-04,2.5189,-0.003776,1.35,0.0888,RECOVERY_GROWTH,RECOVERY_ACCEL,momentum,0.72,0.15,0.0,0.08,0.05
2024-01-05,2.5155,-0.001009,1.35,0.089,RECOVERY_GROWTH,RECOVERY_ACCEL,momentum,0.72,0.15,0.0,0.08,0.05
2024-01-08,2.5397,0.007307,1.31,0.0913,RECOVERY_GROWTH,RECOVERY_ACCEL,momentum,0.72,0.15,0.0,0.08,0.05
2024-01-09,2.5315,-0.002475,1.31,0.0919,RECOVERY_GROWTH,RECOVERY_ACCEL,momentum,0.72,0.15,0.0,0.08,0.05
2024-01-10,2.5371,0.001689,1.31,0.0918,RECOVERY_GROWTH,RECOVERY_ACCEL,momentum,0.72,0.15,0.0,0.08,0.05
2024-01-11,2.5407,0.001111,1.31,0.0917,RECOVERY_GROWTH,RECOVERY_ACCEL,momentum,0.72,0.15,0.0,0.08,0.05
2024-01-12,2.5578,0.004329,1.55,0.0772,RECOVERY_GROWTH,RECOVERY_ACCEL,momentum,0.72,0.15,0.0,0.08,0.05
2024-01-16,2.52,-0.009875,1.5,0.08,RECOVERY_GROWTH,RECOVERY_ACCEL,momentum,0.72,0.15,0.0,0.08,0.05
2024-01-17,2.4941,-0.007048,1.45,0.0826,RECOVERY_GROWTH,RECOVERY_ACCEL,momentum,0.72,0.15,0.0,0.08,0.05
2024-01-18,2.5054,0.00312,1.45,0.083,RECOVERY_GROWTH,RECOVERY_ACCEL,momentum,0.72,0.15,0.0,0.08,0.05
2024-01-19,2.5256,0.005615,1.43,0.0837,RECOVERY_GROWTH,RECOVERY_ACCEL,momentum,0.72,0.15,0.0,0.08,0.05
2024-01-22,2.5285,0.000777,1.52,0.0789,RECOVERY_GROWTH,RECOVERY_ACCEL,momentum,0.72,0.15,0.0,0.08,0.05
2024-01-23,2.5287,4.6e-05,1.65,0.0727,RECOVERY_GROWTH,RECOVERY_ACCEL,momentum,0.72,0.15,0.0,0.08,0.05
2024-01-24,2.5251,-0.000873,1.66,0.0725,RECOVERY_GROWTH,RECOVERY_ACCEL,momentum,0.72,0.15,0.0,0.08,0.05
2024-01-25,2.5451,0.004782,1.66,0.0724,RECOVERY_GROWTH,RECOVERY_ACCEL,momentum,0.72,0.15,0.0,0.08,0.05
2024-01-26,2.5455,9.1e-05,1.72,0.0698,RECOVERY_GROWTH,RECOVERY_ACCEL,momentum,0.72,0.15,0.0,0.08,0.05
2024-01-29,2.5622,0.003903,1.68,0.0713,RECOVERY_GROWTH,RECOVERY_ACCEL,momentum,0.72,0.15,0.0,0.08,0.05
2024-01-30,2.5598,-0.000561,1.71,0.0703,RECOVERY_GROWTH,RECOVERY_ACCEL,momentum,0.72,0.15,0.0,0.08,0.05
2024-01-31,2.5316,-0.006553,1.68,0.0714,RECOVERY_GROWTH,RECOVERY_ACCEL,momentum,0.72,0.15,0.0,0.08,0.05
2024-02-01,2.5709,0.009854,1.58,0.0762,RECOVERY_GROWTH,RECOVERY_ACCEL,momentum,0.72,0.15,0.0,0.08,0.05
2024-02-02,2.5546,-0.004039,1.57,0.0764,RECOVERY_GROWTH,RECOVERY_ACCEL,momentum,0.72,0.15,0.0,0.08,0.05
2024-02-05,2.5362,-0.004683,1.53,0.0783,RECOVERY_GROWTH,RECOVERY_ACCEL,momentum,0.72,0.15,0.0,0.08,0.05
2024-02-06,2.5473,0.002712,1.61,0.0747,RECOVERY_GROWTH,RECOVERY_ACCEL,momentum,0.72,0.15,0.0,0.08,0.05
2024-02-07,2.5598,0.003067,1.61,0.0747,RECOVERY_GROWTH,RECOVERY_ACCEL,momentum,0.72,0.15,0.0,0.08,0.05
2024-02-08,2.5564,-0.000846,1.61,0.0747,RECOVERY_GROWTH,RECOVERY_ACCEL,momentum,0.72,0.15,0.0,0.08,0.05
2024-02-09,2.5685,0.002975,1.59,0.0752,RECOVERY_GROWTH,RECOVERY_ACCEL,momentum,0.72,0.15,0.0,0.08,0.05
2024-02-12,2.5685,-3e-06,1.63,0.0738,RECOVERY_GROWTH,RECOVERY_ACCEL,momentum,0.72,0.15,0.0,0.08,0.05
2024-02-13,2.5267,-0.010031,1.62,0.0741,RECOVERY_GROWTH,RECOVERY_ACCEL,momentum,0.72,0.15,0.0,0.08,0.05
2024-02-14,2.5486,0.005137,1.69,0.0712,RECOVERY_GROWTH,RECOVERY_ACCEL,momentum,0.72,0.15,0.0,0.08,0.05
2024-02-15,2.5709,0.005291,1.66,0.0725,RECOVERY_GROWTH,RECOVERY_ACCEL,momentum,0.72,0.15,0.0,0.08,0.05
2024-02-16,2.5583,-0.002929,1.68,0.0714,RECOVERY_GROWTH,RECOVERY_ACCEL,momentum,0.72,0.15,0.0,0.08,0.05
2024-02-20,2.549,-0.002173,1.67,0.0719,RECOVERY_GROWTH,RECOVERY_ACCEL,momentum,0.72,0.15,0.0,0.08,0.05
2024-02-21,2.5499,0.000216,1.67,0.0719,RECOVERY_GROWTH,RECOVERY_ACCEL,momentum,0.72,0.15,0.0,0.08,0.05
2024-02-22,2.5927,0.011356,1.48,0.0813,RECOVERY_GROWTH,RECOVERY_ACCEL,momentum,0.72,0.15,0.0,0.08,0.05
2024-02-23,2.5932,0.00014,1.5,0.0801,RECOVERY_GROWTH,RECOVERY_ACCEL,momentum,0.72,0.15,0.0,0.08,0.05
2024-02-26,2.5836,-0.002507,1.48,0.0808,RECOVERY_GROWTH,RECOVERY_ACCEL,momentum,0.72,0.15,0.0,0.08,0.05
2024-02-27,2.5892,0.00146,1.5,0.08,RECOVERY_GROWTH,RECOVERY_ACCEL,momentum,0.72,0.15,0.0,0.08,0.05
2024-02-28,2.5815,-0.002006,1.49,0.0803,RECOVERY_GROWTH,RECOVERY_ACCEL,momentum,0.72,0.15,0.0,0.08,0.05
2024-02-29,2.5941,0.003134,1.56,0.0768,RECOVERY_GROWTH,RECOVERY_ACCEL,momentum,0.72,0.15,0.0,0.08,0.05
2024-03-01,2.6319,0.009208,1.58,0.0759,RECOVERY_GROWTH,RECOVERY_ACCEL,momentum,0.72,0.15,0.0,0.08,0.05
2024-03-04,2.6413,0.002205,1.62,0.0739,GOLDILOCKS,NORMAL_TRENDING,momentum,0.612,0.146,0.069,0.069,0.104
2024-03-05,2.6211,-0.00471,1.62,0.074,GOLDILOCKS,NORMAL_TRENDING,momentum,0.612,0.146,0.069,0.069,0.104
2024-03-06,2.6444,0.005584,1.59,0.0754,GOLDILOCKS,NORMAL_TRENDING,momentum,0.612,0.146,0.069,0.069,0.104
2024-03-07,2.6663,0.00527,1.57,0.0765,GOLDILOCKS,NORMAL_TRENDING,momentum,0.612,0.146,0.069,0.069,0.104
2024-03-08,2.6579,-0.00201,1.56,0.077,GOLDILOCKS,NORMAL_TRENDING,momentum,0.612,0.146,0.069,0.069,0.104
2024-03-11,2.6572,-0.000175,1.56,0.0769,GOLDILOCKS,NORMAL_TRENDING,momentum,0.612,0.146,0.069,0.069,0.104
2024-03-12,2.6614,0.001015,1.56,0.0768,GOLDILOCKS,NORMAL_TRENDING,momentum,0.612,0.146,0.069,0.069,0.104
2024-03-13,2.6719,0.002144,1.84,0.0651,GOLDILOCKS,NORMAL_TRENDING,momentum,0.612,0.146,0.069,0.069,0.104
2024-03-14,2.655,-0.003495,1.81,0.0663,GOLDILOCKS,NORMAL_TRENDING,momentum,0.612,0.146,0.069,0.069,0.104
2024-03-15,2.6494,-0.001156,1.84,0.0652,GOLDILOCKS,NORMAL_TRENDING,momentum,0.612,0.146,0.069,0.069,0.104
2024-03-18,2.6628,0.002697,1.88,0.0638,GOLDILOCKS,NORMAL_TRENDING,momentum,0.612,0.146,0.069,0.069,0.104
2024-03-19,2.6752,0.002422,1.92,0.0626,GOLDILOCKS,NORMAL_TRENDING,momentum,0.612,0.146,0.069,0.069,0.104
2024-03-20,2.7076,0.006536,1.85,0.0647,GOLDILOCKS,NORMAL_TRENDING,momentum,0.612,0.146,0.069,0.069,0.104
2024-03-21,2.7198,0.002051,2.19,0.0547,GOLDILOCKS,NORMAL_TRENDING,momentum,0.612,0.146,0.069,0.069,0.104
2024-03-22,2.7018,-0.003126,2.11,0.0568,GOLDILOCKS,NORMAL_TRENDING,momentum,0.612,0.146,0.069,0.069,0.104
2024-03-25,2.6975,-0.000734,2.16,0.0556,GOLDILOCKS,NORMAL_TRENDING,momentum,0.612,0.146,0.069,0.069,0.104
2024-03-26,2.6873,-0.001788,2.12,0.0567,GOLDILOCKS,NORMAL_TRENDING,momentum,0.612,0.146,0.069,0.069,0.104
2024-03-27,2.728,0.007501,2.02,0.0595,GOLDILOCKS,NORMAL_TRENDING,momentum,0.612,0.146,0.069,0.069,0.104
2024-03-28,2.7464,0.003347,2.02,0.0595,GOLDILOCKS,NORMAL_TRENDING,momentum,0.612,0.146,0.069,0.069,0.104
2024-04-01,2.7294,-0.002812,2.2,0.0546,GOLDILOCKS,NORMAL_TRENDING,momentum,0.612,0.146,0.069,0.069,0.104
2024-04-02,2.7218,-0.001278,2.18,0.055,GOLDILOCKS,NORMAL_TRENDING,momentum,0.612,0.146,0.069,0.069,0.104
2024-04-03,2.7452,0.003705,2.31,0.0519,GOLDILOCKS,NORMAL_TRENDING,momentum,0.612,0.146,0.069,0.069,0.104
2024-04-04,2.7131,-0.00527,2.22,0.0541,GOLDILOCKS,NORMAL_TRENDING,momentum,0.612,0.146,0.069,0.069,0.104
2024-04-05,2.7456,0.005428,2.21,0.0542,GOLDILOCKS,NORMAL_TRENDING,momentum,0.612,0.146,0.069,0.069,0.104
2024-04-08,2.7583,0.002057,2.24,0.0535,GOLDILOCKS,NORMAL_TRENDING,momentum,0.612,0.146,0.069,0.069,0.104
2024-04-09,2.7758,0.002838,2.24,0.0537,GOLDILOCKS,NORMAL_TRENDING,momentum,0.612,0.146,0.069,0.069,0.104
2024-04-10,2.7273,-0.009456,1.85,0.0649,GOLDILOCKS,NORMAL_TRENDING,momentum,0.612,0.146,0.069,0.069,0.104
2024-04-11,2.76,0.006816,1.76,0.0683,GOLDILOCKS,NORMAL_TRENDING,momentum,0.612,0.146,0.069,0.069,0.104
2024-04-12,2.7121,-0.011462,1.51,0.0793,GOLDILOCKS,NORMAL_TRENDING,momentum,0.612,0.146,0.069,0.069,0.104
2024-04-15,2.6948,-0.0043,1.49,0.0808,GOLDILOCKS,NORMAL_TRENDING,momentum,0.612,0.146,0.069,0.069,0.104
2024-04-16,2.6886,-0.00153,1.49,0.0805,GOLDILOCKS,NORMAL_TRENDING,momentum,0.611,0.146,0.069,0.069,0.104
2024-04-17,2.6638,-0.006388,1.45,0.083,GOLDILOCKS,NORMAL_TRENDING,momentum,0.611,0.146,0.069,0.069,0.105
2024-04-18,2.6708,0.001753,1.51,0.0795,CAUTIOUS_BULL,EARLY_DD_UNCERTAINTY,momentum,0.5,0.2,0.1,0.1,0.1
2024-04-19,2.6847,0.003479,1.49,0.0803,CAUTIOUS_BULL,EARLY_DD_UNCERTAINTY,momentum,0.5,0.2,0.1,0.1,0.1
2024-04-22,2.6531,-0.008262,1.42,0.0842,CAUTIOUS_BULL,EARLY_DD_UNCERTAINTY,momentum,0.5,0.2,0.1,0.1,0.1
2024-04-23,2.6557,0.000694,1.42,0.0844,CAUTIOUS_BULL,EARLY_DD_UNCERTAINTY,momentum,0.5,0.2,0.1,0.1,0.1
2024-04-24,2.6532,-0.000663,1.42,0.0843,CAUTIOUS_BULL,EARLY_DD_UNCERTAINTY,momentum,0.5,0.2,0.1,0.1,0.1
2024-04-25,2.6713,0.004619,1.48,0.0813,CAUTIOUS_BULL,EARLY_DD_UNCERTAINTY,momentum,0.5,0.2,0.1,0.1,0.1
2024-04-26,2.6893,0.004599,1.46,0.0822,CAUTIOUS_BULL,EARLY_DD_UNCERTAINTY,momentum,0.5,0.2,0.1,0.1,0.1
2024-04-29,2.7046,0.003959,1.44,0.0834,CAUTIOUS_BULL,EARLY_DD_UNCERTAINTY,momentum,0.5,0.2,0.1,0.1,0.1
2024-04-30,2.6591,-0.013245,1.27,0.0945,CAUTIOUS_BULL,EARLY_DD_UNCERTAINTY,momentum,0.5,0.2,0.1,0.1,0.1
2024-05-01,2.6552,-0.001138,1.29,0.0929,CAUTIOUS_BULL,EARLY_DD_UNCERTAINTY,momentum,0.5,0.2,0.1,0.1,0.1
2024-05-02,2.684,0.008883,1.22,0.098,CAUTIOUS_BULL,EARLY_DD_UNCERTAINTY,momentum,0.5,0.2,0.1,0.1,0.1
2024-05-03,2.6991,0.004565,1.23,0.0974,CAUTIOUS_BULL,EARLY_DD_UNCERTAINTY,momentum,0.5,0.2,0.1,0.1,0.1
2024-05-06,2.7219,0.007056,1.19,0.1006,CAUTIOUS_BULL,EARLY_DD_UNCERTAINTY,momentum,0.5,0.2,0.1,0.1,0.1
2024-05-07,2.7224,0.000172,1.2,0.0999,GOLDILOCKS,NORMAL_TRENDING,momentum,0.611,0.146,0.069,0.069,0.104
2024-05-08,2.7176,-0.001396,1.27,0.0946,GOLDILOCKS,NORMAL_TRENDING,momentum,0.612,0.146,0.069,0.069,0.104
2024-05-09,2.7397,0.006389,1.27,0.0942,GOLDILOCKS,NORMAL_TRENDING,momentum,0.612,0.146,0.069,0.069,0.104
2024-05-10,2.7413,0.000405,1.42,0.0847,GOLDILOCKS,NORMAL_TRENDING,momentum,0.612,0.146,0.069,0.069,0.104
2024-05-13,2.7368,-0.001139,1.44,0.0831,GOLDILOCKS,NORMAL_TRENDING,momentum,0.612,0.146,0.069,0.069,0.104
2024-05-14,2.7543,0.004476,1.43,0.0837,GOLDILOCKS,NORMAL_TRENDING,momentum,0.611,0.146,0.069,0.069,0.104
2024-05-15,2.7875,0.008329,1.45,0.083,GOLDILOCKS,NORMAL_TRENDING,momentum,0.612,0.146,0.069,0.069,0.104
2024-05-16,2.7806,-0.001737,1.43,0.0838,GOLDILOCKS,NORMAL_TRENDING,momentum,0.612,0.146,0.069,0.069,0.104
2024-05-17,2.7984,0.0045,1.43,0.0842,GOLDILOCKS,NORMAL_TRENDING,momentum,0.612,0.146,0.069,0.069,0.104
2024-05-20,2.8052,0.001534,1.57,0.0762,GOLDILOCKS,NORMAL_TRENDING,momentum,0.612,0.146,0.069,0.069,0.104
2024-05-21,2.8027,-0.000577,1.57,0.0766,GOLDILOCKS,NORMAL_TRENDING,momentum,0.612,0.146,0.069,0.069,0.104
2024-05-22,2.7716,-0.007698,1.44,0.0833,GOLDILOCKS,NORMAL_TRENDING,momentum,0.612,0.146,0.069,0.069,0.104
2024-05-23,2.7372,-0.009381,1.32,0.0907,GOLDILOCKS,NORMAL_TRENDING,momentum,0.612,0.146,0.069,0.069,0.104
2024-05-24,2.7561,0.005237,1.32,0.091,GOLDILOCKS,NORMAL_TRENDING,momentum,0.612,0.146,0.069,0.069,0.104
2024-05-28,2.759,0.000804,1.33,0.0904,GOLDILOCKS,NORMAL_TRENDING,momentum,0.612,0.146,0.069,0.069,0.104
2024-05-29,2.7275,-0.007712,1.48,0.0811,GOLDILOCKS,NORMAL_TRENDING,momentum,0.612,0.146,0.069,0.069,0.104
2024-05-30,2.7191,-0.002084,1.47,0.0815,GOLDILOCKS,NORMAL_TRENDING,momentum,0.612,0.146,0.069,0.069,0.104
2024-05-31,2.7291,0.002327,1.57,0.0765,GOLDILOCKS,NORMAL_TRENDING,momentum,0.611,0.146,0.069,0.069,0.104
2024-06-03,2.736,0.001587,1.59,0.0753,GOLDILOCKS,NORMAL_TRENDING,momentum,0.611,0.146,0.069,0.069,0.104
2024-06-04,2.7264,-0.002094,1.67,0.072,GOLDILOCKS,NORMAL_TRENDING,momentum,0.612,0.146,0.069,0.069,0.104
2024-06-05,2.7516,0.005737,1.61,0.0746,GOLDILOCKS,NORMAL_TRENDING,momentum,0.612,0.146,0.069,0.069,0.104
2024-06-06,2.7522,0.000128,1.62,0.0743,GOLDILOCKS,NORMAL_TRENDING,momentum,0.612,0.146,0.069,0.069,0.104
2024-06-07,2.7037,-0.012152,1.45,0.0828,GOLDILOCKS,NORMAL_TRENDING,momentum,0.612,0.146,0.069,0.069,0.104
2024-06-10,2.7056,0.000498,1.45,0.0828,GOLDILOCKS,NORMAL_TRENDING,momentum,0.611,0.146,0.069,0.069,0.104
2024-06-11,2.707,0.000347,1.45,0.0828,GOLDILOCKS,NORMAL_TRENDING,momentum,0.611,0.146,0.069,0.069,0.104
2024-06-12,2.7283,0.005489,1.43,0.0837,GOLDILOCKS,NORMAL_TRENDING,momentum,0.612,0.146,0.069,0.069,0.104
2024-06-13,2.733,0.001123,1.54,0.0778,GOLDILOCKS,NORMAL_TRENDING,momentum,0.612,0.146,0.069,0.069,0.104
2024-06-14,2.7315,-0.000365,1.55,0.0777,GOLDILOCKS,NORMAL_TRENDING,momentum,0.612,0.146,0.069,0.069,0.104
2024-06-17,2.7367,0.001203,1.58,0.0757,GOLDILOCKS,NORMAL_TRENDING,momentum,0.612,0.146,0.069,0.069,0.104
2024-06-18,2.751,0.003341,1.56,0.0767,GOLDILOCKS,NORMAL_TRENDING,momentum,0.612,0.146,0.069,0.069,0.104
2024-06-20,2.7456,-0.001264,1.56,0.0767,GOLDILOCKS,NORMAL_TRENDING,momentum,0.612,0.146,0.069,0.069,0.104
2024-06-21,2.7323,-0.002932,1.64,0.0729,GOLDILOCKS,NORMAL_TRENDING,momentum,0.612,0.146,0.069,0.069,0.104
2024-06-24,2.7364,0.000815,1.83,0.0655,GOLDILOCKS,NORMAL_TRENDING,momentum,0.612,0.146,0.069,0.069,0.104
2024-06-25,2.727,-0.001802,1.91,0.0629,GOLDILOCKS,NORMAL_TRENDING,momentum,0.611,0.146,0.069,0.069,0.104
2024-06-26,2.7165,-0.002022,1.91,0.063,GOLDILOCKS,NORMAL_TRENDING,momentum,0.612,0.146,0.069,0.069,0.104
2024-06-27,2.7315,0.002672,2.07,0.058,GOLDILOCKS,NORMAL_TRENDING,momentum,0.611,0.146,0.069,0.069,0.104
2024-06-28,2.7201,-0.002023,2.07,0.058,GOLDILOCKS,NORMAL_TRENDING,momentum,0.611,0.146,0.069,0.069,0.104
2024-07-01,2.7214,0.000241,2.09,0.0574,GOLDILOCKS,NORMAL_TRENDING,momentum,0.612,0.146,0.069,0.069,0.104
2024-07-02,2.7371,0.002778,2.07,0.058,GOLDILOCKS,NORMAL_TRENDING,momentum,0.612,0.146,0.069,0.069,0.104
2024-07-03,2.7575,0.003643,2.04,0.0588,GOLDILOCKS,NORMAL_TRENDING,momentum,0.612,0.146,0.069,0.069,0.104
2024-07-05,2.7861,0.005022,2.07,0.058,GOLDILOCKS,NORMAL_TRENDING,momentum,0.612,0.146,0.069,0.069,0.104
2024-07-08,2.7697,-0.002895,2.03,0.059,GOLDILOCKS,NORMAL_TRENDING,momentum,0.612,0.146,0.069,0.069,0.104
2024-07-09,2.76,-0.001165,3.0,0.04,GOLDILOCKS,NORMAL_TRENDING,momentum,0.612,0.146,0.069,0.069,0.104
2024-07-10,2.8058,0.005983,2.77,0.0433,GOLDILOCKS,NORMAL_TRENDING,momentum,0.612,0.146,0.069,0.069,0.104
2024-07-11,2.8411,0.004741,2.65,0.0452,GOLDILOCKS,NORMAL_TRENDING,momentum,0.612,0.146,0.069,0.069,0.104
2024-07-12,2.8699,0.003674,2.76,0.0434,GOLDILOCKS,NORMAL_TRENDING,momentum,0.612,0.146,0.069,0.069,0.104
2024-07-15,2.8581,-0.00152,2.71,0.0443,GOLDILOCKS,NORMAL_TRENDING,momentum,0.612,0.146,0.069,0.069,0.104
2024-07-16,2.9166,0.008842,2.32,0.0518,GOLDILOCKS,NORMAL_TRENDING,momentum,0.612,0.146,0.069,0.069,0.104
2024-07-17,2.8854,-0.005032,2.13,0.0563,GOLDILOCKS,NORMAL_TRENDING,momentum,0.612,0.146,0.069,0.069,0.104
2024-07-18,2.8511,-0.006,1.98,0.0607,GOLDILOCKS,NORMAL_TRENDING,momentum,0.612,0.146,0.069,0.069,0.104
2024-07-19,2.8171,-0.00648,1.84,0.0652,GOLDILOCKS,NORMAL_TRENDING,momentum,0.612,0.146,0.069,0.069,0.104
2024-07-22,2.8423,0.004904,1.82,0.0659,GOLDILOCKS,NORMAL_TRENDING,momentum,0.612,0.146,0.069,0.069,0.104
2024-07-23,2.8392,-0.000604,1.82,0.066,GOLDILOCKS,NORMAL_TRENDING,momentum,0.612,0.146,0.069,0.069,0.104
2024-07-24,2.7891,-0.011463,1.54,0.0779,GOLDILOCKS,NORMAL_TRENDING,momentum,0.612,0.146,0.069,0.069,0.104
2024-07-25,2.7883,-0.00018,1.55,0.0776,CAUTIOUS_BULL,EARLY_DD_UNCERTAINTY,momentum,0.5,0.2,0.1,0.1,0.1
2024-07-26,2.8228,0.008487,1.46,0.0823,CAUTIOUS_BULL,EARLY_DD_UNCERTAINTY,momentum,0.5,0.2,0.1,0.1,0.1
2024-07-29,2.8212,-0.00039,1.47,0.0818,CAUTIOUS_BULL,EARLY_DD_UNCERTAINTY,momentum,0.5,0.2,0.1,0.1,0.1
2024-07-30,2.8368,0.003805,1.45,0.0826,CAUTIOUS_BULL,EARLY_DD_UNCERTAINTY,momentum,0.5,0.2,0.1,0.1,0.1
2024-07-31,2.8599,0.005708,1.43,0.0841,CAUTIOUS_BULL,EARLY_DD_UNCERTAINTY,momentum,0.5,0.2,0.1,0.1,0.1
2024-08-01,2.8304,-0.007592,1.36,0.0884,GOLDILOCKS,NORMAL_TRENDING,momentum,0.611,0.146,0.069,0.069,0.104
2024-08-02,2.8117,-0.004867,1.36,0.0885,GOLDILOCKS,NORMAL_TRENDING,momentum,0.611,0.146,0.069,0.069,0.105
2024-08-05,2.8253,0.003552,1.35,0.0887,CRISIS_MODE,FAST_SHOCK,liquidity_crisis,0.0,0.1,0.0,0.0,0.9
2024-08-06,2.8107,-0.003846,1.34,0.0897,RECOVERY_GROWTH,RECOVERY_ACCEL,momentum,0.72,0.15,0.0,0.08,0.05
2024-08-07,2.8012,-0.002462,1.37,0.0875,RECOVERY_GROWTH,RECOVERY_ACCEL,momentum,0.72,0.15,0.0,0.08,0.05
2024-08-08,2.823,0.005722,1.36,0.0883,RECOVERY_GROWTH,RECOVERY_ACCEL,momentum,0.72,0.15,0.0,0.08,0.05
2024-08-09,2.8327,0.002501,1.37,0.0877,RECOVERY_GROWTH,RECOVERY_ACCEL,momentum,0.72,0.15,0.0,0.08,0.05
2024-08-12,2.8457,0.003399,1.36,0.0885,RECOVERY_GROWTH,RECOVERY_ACCEL,momentum,0.72,0.15,0.0,0.08,0.05
2024-08-13,2.8607,0.003666,1.44,0.0836,RECOVERY_GROWTH,RECOVERY_ACCEL,momentum,0.72,0.15,0.0,0.08,0.05
2024-08-14,2.8539,-0.001634,1.46,0.082,RECOVERY_GROWTH,RECOVERY_ACCEL,momentum,0.72,0.15,0.0,0.08,0.05
2024-08-15,2.87,0.003772,1.5,0.0802,RECOVERY_GROWTH,RECOVERY_ACCEL,momentum,0.72,0.15,0.0,0.08,0.05
2024-08-16,2.8923,0.005048,1.54,0.0778,RECOVERY_GROWTH,RECOVERY_ACCEL,momentum,0.72,0.15,0.0,0.08,0.05
2024-08-19,2.9164,0.005437,1.53,0.0782,GOLDILOCKS,NORMAL_TRENDING,momentum,0.612,0.146,0.069,0.069,0.104
2024-08-20,2.913,-0.000764,1.53,0.0783,GOLDILOCKS,NORMAL_TRENDING,momentum,0.612,0.146,0.069,0.069,0.104
2024-08-21,2.9276,0.002682,1.87,0.0641,GOLDILOCKS,NORMAL_TRENDING,momentum,0.612,0.146,0.069,0.069,0.104
2024-08-22,2.8965,-0.006142,1.73,0.0693,GOLDILOCKS,NORMAL_TRENDING,momentum,0.612,0.146,0.069,0.069,0.104
2024-08-23,2.9444,0.00981,1.69,0.0712,GOLDILOCKS,NORMAL_TRENDING,momentum,0.612,0.146,0.069,0.069,0.104
2024-08-26,2.9389,-0.00111,1.68,0.0714,GOLDILOCKS,NORMAL_TRENDING,momentum,0.612,0.146,0.069,0.069,0.104
2024-08-27,2.9408,0.000369,1.69,0.0709,GOLDILOCKS,NORMAL_TRENDING,momentum,0.612,0.146,0.069,0.069,0.104
2024-08-28,2.9182,-0.004586,1.68,0.0716,GOLDILOCKS,NORMAL_TRENDING,momentum,0.612,0.146,0.069,0.069,0.104
2024-08-29,2.9245,0.001171,1.85,0.065,GOLDILOCKS,NORMAL_TRENDING,momentum,0.612,0.146,0.069,0.069,0.104
2024-08-30,2.9289,0.000768,1.96,0.0613,GOLDILOCKS,NORMAL_TRENDING,momentum,0.612,0.146,0.069,0.069,0.104
2024-09-03,2.8919,-0.007071,1.78,0.0672,GOLDILOCKS,NORMAL_TRENDING,momentum,0.612,0.146,0.069,0.069,0.104
2024-09-04,2.9047,0.0024,1.84,0.0652,GOLDILOCKS,NORMAL_TRENDING,momentum,0.612,0.146,0.069,0.069,0.104
2024-09-05,2.9061,0.000263,1.88,0.064,GOLDILOCKS,NORMAL_TRENDING,momentum,0.611,0.146,0.069,0.069,0.104
2024-09-06,2.8683,-0.007431,1.75,0.0685,GOLDILOCKS,NORMAL_TRENDING,momentum,0.612,0.146,0.069,0.069,0.104
2024-09-09,2.8954,0.005542,1.71,0.0703,GOLDILOCKS,NORMAL_TRENDING,momentum,0.612,0.146,0.069,0.069,0.104
2024-09-10,2.9123,0.003417,1.71,0.0703,GOLDILOCKS,NORMAL_TRENDING,momentum,0.612,0.146,0.069,0.069,0.104
2024-09-11,2.9131,0.000168,1.72,0.0696,GOLDILOCKS,NORMAL_TRENDING,momentum,0.612,0.146,0.069,0.069,0.104
2024-09-12,2.9385,0.005148,1.7,0.0708,GOLDILOCKS,NORMAL_TRENDING,momentum,0.612,0.146,0.069,0.069,0.104
2024-09-13,2.9641,0.005192,1.67,0.0717,GOLDILOCKS,NORMAL_TRENDING,momentum,0.612,0.146,0.069,0.069,0.104
2024-09-16,2.9794,0.003031,1.7,0.0706,GOLDILOCKS,NORMAL_TRENDING,momentum,0.612,0.146,0.069,0.069,0.104
2024-09-17,2.9665,-0.002498,1.73,0.0695,GOLDILOCKS,NORMAL_TRENDING,momentum,0.612,0.146,0.069,0.069,0.104
2024-09-18,2.9437,-0.004586,1.68,0.0716,GOLDILOCKS,NORMAL_TRENDING,momentum,0.612,0.146,0.069,0.069,0.104
2024-09-19,2.9823,0.00835,1.57,0.0765,GOLDILOCKS,NORMAL_TRENDING,momentum,0.612,0.146,0.069,0.069,0.104
2024-09-20,2.9781,-0.000851,1.65,0.0727,GOLDILOCKS,NORMAL_TRENDING,momentum,0.612,0.146,0.069,0.069,0.104
2024-09-23,2.9967,0.00343,1.82,0.0658,GOLDILOCKS,NORMAL_TRENDING,momentum,0.613,0.146,0.069,0.069,0.104
2024-09-24,3.0318,0.006717,1.74,0.0688,GOLDILOCKS,NORMAL_TRENDING,momentum,0.612,0.146,0.069,0.069,0.104
2024-09-25,3.0058,-0.005154,1.67,0.072,GOLDILOCKS,NORMAL_TRENDING,momentum,0.612,0.146,0.069,0.069,0.104
2024-09-26,3.0366,0.006132,1.67,0.0717,GOLDILOCKS,NORMAL_TRENDING,momentum,0.612,0.146,0.069,0.069,0.104
2024-09-27,3.0379,0.000245,1.67,0.0718,GOLDILOCKS,NORMAL_TRENDING,momentum,0.612,0.146,0.069,0.069,0.104
2024-09-30,3.0271,-0.002146,1.65,0.0727,GOLDILOCKS,NORMAL_TRENDING,momentum,0.612,0.146,0.069,0.069,0.104
2024-10-01,3.035,0.001442,1.81,0.0664,GOLDILOCKS,NORMAL_TRENDING,momentum,0.612,0.146,0.069,0.069,0.104
2024-10-02,3.0354,7.5e-05,1.8,0.0665,GOLDILOCKS,NORMAL_TRENDING,momentum,0.612,0.146,0.069,0.069,0.104
2024-10-03,3.0144,-0.003968,1.74,0.0689,GOLDILOCKS,NORMAL_TRENDING,momentum,0.612,0.146,0.069,0.069,0.104
2024-10-04,3.0314,0.002893,1.95,0.0616,GOLDILOCKS,NORMAL_TRENDING,momentum,0.612,0.146,0.069,0.069,0.104
2024-10-07,3.0076,-0.00413,1.91,0.063,GOLDILOCKS,NORMAL_TRENDING,momentum,0.612,0.146,0.069,0.069,0.104
2024-10-08,2.9916,-0.002831,1.88,0.0638,GOLDILOCKS,NORMAL_TRENDING,momentum,0.612,0.146,0.069,0.069,0.104
2024-10-09,2.9945,0.000527,1.88,0.0638,GOLDILOCKS,NORMAL_TRENDING,momentum,0.612,0.146,0.069,0.069,0.104
2024-10-10,2.9972,0.000456,1.94,0.0619,GOLDILOCKS,NORMAL_TRENDING,momentum,0.612,0.146,0.069,0.069,0.104
2024-10-11,3.0312,0.00592,1.92,0.0626,GOLDILOCKS,NORMAL_TRENDING,momentum,0.612,0.146,0.069,0.069,0.104
2024-10-14,3.0422,0.001883,1.93,0.0622,GOLDILOCKS,NORMAL_TRENDING,momentum,0.612,0.146,0.069,0.069,0.104
2024-10-15,3.0111,-0.005528,1.85,0.0649,GOLDILOCKS,NORMAL_TRENDING,momentum,0.612,0.146,0.069,0.069,0.104
2024-10-16,3.0441,0.005909,1.85,0.0648,GOLDILOCKS,NORMAL_TRENDING,momentum,0.611,0.146,0.069,0.069,0.104
2024-10-17,3.0411,-0.000479,2.03,0.0591,GOLDILOCKS,NORMAL_TRENDING,momentum,0.612,0.146,0.069,0.069,0.104
2024-10-18,3.0683,0.004494,1.99,0.0604,GOLDILOCKS,NORMAL_TRENDING,momentum,0.612,0.146,0.069,0.069,0.104
2024-10-21,3.0435,-0.004162,1.94,0.0619,GOLDILOCKS,NORMAL_TRENDING,momentum,0.612,0.146,0.069,0.069,0.104
2024-10-22,3.0453,0.000281,2.09,0.0575,GOLDILOCKS,NORMAL_TRENDING,momentum,0.612,0.146,0.069,0.069,0.104
2024-10-23,3.0126,-0.005134,2.09,0.0575,GOLDILOCKS,NORMAL_TRENDING,momentum,0.612,0.146,0.069,0.069,0.104
2024-10-24,3.0216,0.001316,2.25,0.0534,GOLDILOCKS,NORMAL_TRENDING,momentum,0.612,0.146,0.069,0.069,0.104
2024-10-25,3.0146,-0.001023,2.25,0.0534,GOLDILOCKS,NORMAL_TRENDING,momentum,0.612,0.146,0.069,0.069,0.104
2024-10-28,3.0208,0.000911,2.26,0.0531,GOLDILOCKS,NORMAL_TRENDING,momentum,0.612,0.146,0.069,0.069,0.104
2024-10-29,3.0147,-0.000891,2.27,0.0529,GOLDILOCKS,NORMAL_TRENDING,momentum,0.611,0.146,0.069,0.069,0.104
2024-10-30,2.9972,-0.002583,2.24,0.0535,GOLDILOCKS,NORMAL_TRENDING,momentum,0.611,0.146,0.069,0.069,0.104
2024-10-31,2.9386,-0.010174,1.92,0.0624,GOLDILOCKS,NORMAL_TRENDING,momentum,0.611,0.146,0.069,0.069,0.104
2024-11-01,2.9371,-0.000257,1.96,0.0611,CAUTIOUS_BULL,EARLY_DD_UNCERTAINTY,momentum,0.5,0.2,0.1,0.1,0.1
2024-11-04,2.9389,0.000297,2.0,0.06,CAUTIOUS_BULL,EARLY_DD_UNCERTAINTY,momentum,0.5,0.2,0.1,0.1,0.1
2024-11-05,2.9789,0.00741,1.84,0.0653,CAUTIOUS_BULL,EARLY_DD_UNCERTAINTY,momentum,0.5,0.2,0.1,0.1,0.1
2024-11-06,3.0089,0.00574,1.76,0.0683,CAUTIOUS_BULL,EARLY_DD_UNCERTAINTY,momentum,0.5,0.2,0.1,0.1,0.1
2024-11-07,3.0491,0.008194,1.63,0.0737,GOLDILOCKS,NORMAL_TRENDING,momentum,0.612,0.146,0.069,0.069,0.104
2024-11-08,3.033,-0.003185,1.66,0.0721,GOLDILOCKS,NORMAL_TRENDING,momentum,0.612,0.146,0.069,0.069,0.104
2024-11-11,3.0175,-0.003095,1.65,0.0727,GOLDILOCKS,NORMAL_TRENDING,momentum,0.612,0.146,0.069,0.069,0.104
2024-11-12,2.9929,-0.004884,1.66,0.0721,GOLDILOCKS,NORMAL_TRENDING,momentum,0.612,0.146,0.069,0.069,0.104
2024-11-13,2.9936,0.000128,1.75,0.0687,GOLDILOCKS,NORMAL_TRENDING,momentum,0.612,0.146,0.069,0.069,0.104
2024-11-14,2.9715,-0.004301,1.71,0.0701,GOLDILOCKS,NORMAL_TRENDING,momentum,0.612,0.146,0.069,0.069,0.104
2024-11-15,2.9398,-0.006258,1.71,0.0702,GOLDILOCKS,NORMAL_TRENDING,momentum,0.611,0.146,0.069,0.069,0.104
2024-11-18,2.9653,0.005258,1.65,0.0725,CAUTIOUS_BULL,EARLY_DD_UNCERTAINTY,momentum,0.5,0.2,0.1,0.1,0.1
2024-11-19,2.9789,0.002796,1.63,0.0734,CAUTIOUS_BULL,EARLY_DD_UNCERTAINTY,momentum,0.5,0.2,0.1,0.1,0.1
2024-11-20,2.9834,0.000907,1.68,0.0716,CAUTIOUS_BULL,EARLY_DD_UNCERTAINTY,momentum,0.5,0.2,0.1,0.1,0.1
2024-11-21,3.0107,0.005653,1.62,0.0742,CAUTIOUS_BULL,EARLY_DD_UNCERTAINTY,momentum,0.5,0.2,0.1,0.1,0.1
2024-11-22,3.0272,0.003445,1.6,0.0751,GOLDILOCKS,NORMAL_TRENDING,momentum,0.612,0.146,0.069,0.069,0.104
2024-11-25,3.0128,-0.003014,1.58,0.0758,GOLDILOCKS,NORMAL_TRENDING,momentum,0.612,0.146,0.069,0.069,0.104
2024-11-26,3.0204,0.001585,1.58,0.0759,GOLDILOCKS,NORMAL_TRENDING,momentum,0.612,0.146,0.069,0.069,0.104
2024-11-27,3.0186,-0.000369,1.59,0.0753,GOLDILOCKS,NORMAL_TRENDING,momentum,0.612,0.146,0.069,0.069,0.104
2024-11-29,3.0352,0.003002,1.84,0.0654,GOLDILOCKS,NORMAL_TRENDING,momentum,0.612,0.146,0.069,0.069,0.104
2024-12-02,3.0249,-0.001859,1.82,0.066,GOLDILOCKS,NORMAL_TRENDING,momentum,0.612,0.146,0.069,0.069,0.104
2024-12-03,3.0136,-0.002079,1.8,0.0667,GOLDILOCKS,NORMAL_TRENDING,momentum,0.612,0.146,0.069,0.069,0.104
2024-12-04,3.0326,0.003297,1.91,0.063,GOLDILOCKS,NORMAL_TRENDING,momentum,0.612,0.146,0.069,0.069,0.104
2024-12-05,3.028,-0.000763,1.99,0.0602,GOLDILOCKS,NORMAL_TRENDING,momentum,0.612,0.146,0.069,0.069,0.104
2024-12-06,3.0272,-0.000104,2.28,0.0527,GOLDILOCKS,NORMAL_TRENDING,momentum,0.612,0.146,0.069,0.069,0.104
2024-12-09,2.99,-0.005643,2.18,0.0551,GOLDILOCKS,NORMAL_TRENDING,momentum,0.612,0.146,0.069,0.069,0.104
2024-12-10,2.9654,-0.003814,2.16,0.0556,GOLDILOCKS,NORMAL_TRENDING,momentum,0.612,0.146,0.069,0.069,0.104
2024-12-11,2.9863,0.003191,2.21,0.0543,GOLDILOCKS,NORMAL_TRENDING,momentum,0.612,0.146,0.069,0.069,0.104
2024-12-12,2.9509,-0.005722,2.07,0.0579,GOLDILOCKS,NORMAL_TRENDING,momentum,0.612,0.146,0.069,0.069,0.104
2024-12-13,2.941,-0.001578,2.13,0.0562,GOLDILOCKS,NORMAL_TRENDING,momentum,0.612,0.146,0.069,0.069,0.104
2024-12-16,2.9628,0.003248,2.28,0.0526,CAUTIOUS_BULL,EARLY_DD_UNCERTAINTY,momentum,0.5,0.2,0.1,0.1,0.1
2024-12-17,2.9405,-0.003177,2.36,0.0508,CAUTIOUS_BULL,EARLY_DD_UNCERTAINTY,momentum,0.5,0.2,0.1,0.1,0.1
2024-12-18,2.9528,0.001751,2.39,0.0502,CRISIS_MODE,FAST_SHOCK,liquidity_crisis,0.0,0.1,0.0,0.0,0.9
2024-12-19,2.9415,-0.001603,2.39,0.0503,RECOVERY_GROWTH,RECOVERY_ACCEL,momentum,0.72,0.15,0.0,0.08,0.05
2024-12-20,2.9833,0.006009,2.36,0.0508,RECOVERY_GROWTH,RECOVERY_ACCEL,momentum,0.72,0.15,0.0,0.08,0.05
2024-12-23,3.0207,0.005569,2.25,0.0532,RECOVERY_GROWTH,RECOVERY_ACCEL,momentum,0.72,0.15,0.0,0.08,0.05
2024-12-24,3.0786,0.009982,1.92,0.0625,RECOVERY_GROWTH,RECOVERY_ACCEL,momentum,0.72,0.15,0.0,0.08,0.05
2024-12-26,3.0752,-0.000583,1.92,0.0625,GOLDILOCKS,NORMAL_TRENDING,momentum,0.612,0.146,0.069,0.069,0.104
2024-12-27,3.0465,-0.005081,1.84,0.0653,GOLDILOCKS,NORMAL_TRENDING,momentum,0.612,0.146,0.069,0.069,0.104
2024-12-30,3.0114,-0.006561,1.75,0.0684,GOLDILOCKS,NORMAL_TRENDING,momentum,0.612,0.146,0.069,0.069,0.104
2024-12-31,3.0039,-0.001425,1.76,0.0683,GOLDILOCKS,NORMAL_TRENDING,momentum,0.612,0.146,0.069,0.069,0.104
2025-01-02,3.0212,0.00332,1.74,0.0691,GOLDILOCKS,NORMAL_TRENDING,momentum,0.612,0.146,0.069,0.069,0.104
2025-01-03,3.0426,0.004107,1.72,0.0696,GOLDILOCKS,NORMAL_TRENDING,momentum,0.612,0.146,0.069,0.069,0.104
2025-01-06,3.039,-0.000681,1.72,0.0696,GOLDILOCKS,NORMAL_TRENDING,momentum,0.612,0.146,0.069,0.069,0.104
2025-01-07,3.0242,-0.002867,1.71,0.0703,GOLDILOCKS,NORMAL_TRENDING,momentum,0.612,0.146,0.069,0.069,0.104
2025-01-08,3.025,0.000152,1.78,0.0673,GOLDILOCKS,NORMAL_TRENDING,momentum,0.612,0.146,0.069,0.069,0.104
2025-01-10,3.0225,-0.000455,1.82,0.0658,GOLDILOCKS,NORMAL_TRENDING,momentum,0.612,0.146,0.069,0.069,0.104
2025-01-13,3.0265,0.000724,1.85,0.065,GOLDILOCKS,NORMAL_TRENDING,momentum,0.612,0.146,0.069,0.069,0.104
2025-01-14,3.0526,0.004502,1.91,0.0628,GOLDILOCKS,NORMAL_TRENDING,momentum,0.612,0.146,0.069,0.069,0.104
2025-01-15,3.1125,0.011946,1.64,0.073,GOLDILOCKS,NORMAL_TRENDING,momentum,0.612,0.146,0.069,0.069,0.104
2025-01-16,3.1048,-0.001507,1.64,0.0734,GOLDILOCKS,NORMAL_TRENDING,momentum,0.612,0.146,0.069,0.069,0.104
2025-01-17,3.1042,-0.00013,1.67,0.0718,GOLDILOCKS,NORMAL_TRENDING,momentum,0.612,0.146,0.069,0.069,0.104
2025-01-21,3.1546,0.010662,1.52,0.0787,GOLDILOCKS,NORMAL_TRENDING,momentum,0.612,0.146,0.069,0.069,0.104
2025-01-22,3.1724,0.003656,1.54,0.0779,GOLDILOCKS,NORMAL_TRENDING,momentum,0.612,0.146,0.069,0.069,0.104
2025-01-23,3.2061,0.006967,1.53,0.0786,GOLDILOCKS,NORMAL_TRENDING,momentum,0.612,0.146,0.069,0.069,0.104
2025-01-24,3.2153,0.001847,1.55,0.0776,GOLDILOCKS,NORMAL_TRENDING,momentum,0.613,0.146,0.069,0.069,0.104
2025-01-27,3.1819,-0.006687,1.55,0.0772,GOLDILOCKS,NORMAL_TRENDING,momentum,0.612,0.146,0.069,0.069,0.104
2025-01-28,3.1903,0.001699,1.56,0.077,GOLDILOCKS,NORMAL_TRENDING,momentum,0.612,0.146,0.069,0.069,0.104
2025-01-29,3.1862,-0.00079,1.62,0.074,GOLDILOCKS,NORMAL_TRENDING,momentum,0.612,0.146,0.069,0.069,0.104
2025-01-30,3.2179,0.005752,1.73,0.0694,GOLDILOCKS,NORMAL_TRENDING,momentum,0.612,0.146,0.069,0.069,0.104
2025-01-31,3.1982,-0.003633,1.69,0.0711,GOLDILOCKS,NORMAL_TRENDING,momentum,0.612,0.146,0.069,0.069,0.104
2025-02-03,3.1996,0.000267,1.69,0.0712,GOLDILOCKS,NORMAL_TRENDING,momentum,0.612,0.146,0.069,0.069,0.104
2025-02-04,3.2378,0.007298,1.64,0.0733,GOLDILOCKS,NORMAL_TRENDING,momentum,0.612,0.146,0.069,0.069,0.104
2025-02-05,3.2448,0.001294,1.65,0.0727,GOLDILOCKS,NORMAL_TRENDING,momentum,0.612,0.146,0.069,0.069,0.104
2025-02-06,3.254,0.001681,1.7,0.0705,GOLDILOCKS,NORMAL_TRENDING,momentum,0.612,0.146,0.069,0.069,0.104
2025-02-07,3.235,-0.003561,1.64,0.0731,GOLDILOCKS,NORMAL_TRENDING,momentum,0.612,0.146,0.069,0.069,0.104
2025-02-10,3.2935,0.012083,1.5,0.0801,GOLDILOCKS,NORMAL_TRENDING,momentum,0.612,0.146,0.069,0.069,0.104
2025-02-11,3.3016,0.001632,1.5,0.0799,GOLDILOCKS,NORMAL_TRENDING,momentum,0.612,0.146,0.069,0.069,0.104
2025-02-12,3.281,-0.004334,1.44,0.0832,GOLDILOCKS,NORMAL_TRENDING,momentum,0.612,0.146,0.069,0.069,0.104
2025-02-13,3.3083,0.0053,1.57,0.0764,GOLDILOCKS,NORMAL_TRENDING,momentum,0.612,0.146,0.069,0.069,0.104
2025-02-14,3.2992,-0.001746,1.57,0.0766,GOLDILOCKS,NORMAL_TRENDING,momentum,0.612,0.146,0.069,0.069,0.104
2025-02-18,3.3166,0.003357,1.57,0.0763,GOLDILOCKS,NORMAL_TRENDING,momentum,0.612,0.146,0.069,0.069,0.104
2025-02-19,3.316,-0.000104,1.71,0.07,GOLDILOCKS,NORMAL_TRENDING,momentum,0.612,0.146,0.069,0.069,0.104
2025-02-20,3.3201,0.000713,1.72,0.0697,GOLDILOCKS,NORMAL_TRENDING,momentum,0.612,0.146,0.069,0.069,0.104
2025-02-21,3.2769,-0.008006,1.62,0.0739,GOLDILOCKS,NORMAL_TRENDING,momentum,0.612,0.146,0.069,0.069,0.104
2025-02-24,3.2758,-0.000209,1.63,0.0738,GOLDILOCKS,NORMAL_TRENDING,momentum,0.612,0.146,0.069,0.069,0.104
2025-02-25,3.2727,-0.000554,1.74,0.0691,GOLDILOCKS,NORMAL_TRENDING,momentum,0.612,0.146,0.069,0.069,0.104
2025-02-26,3.251,-0.003918,1.69,0.071,GOLDILOCKS,NORMAL_TRENDING,momentum,0.612,0.146,0.069,0.069,0.104
2025-02-27,3.2156,-0.006852,1.59,0.0755,GOLDILOCKS,NORMAL_TRENDING,momentum,0.612,0.146,0.069,0.069,0.104
2025-02-28,3.2099,-0.001063,1.65,0.0729,GOLDILOCKS,NORMAL_TRENDING,momentum,0.612,0.146,0.069,0.069,0.104
2025-03-03,3.2107,0.000136,1.67,0.0717,GOLDILOCKS,NORMAL_TRENDING,momentum,0.611,0.146,0.069,0.069,0.104
2025-03-04,3.1799,-0.005979,1.6,0.0748,GOLDILOCKS,NORMAL_TRENDING,momentum,0.611,0.146,0.069,0.069,0.105
2025-03-05,3.2062,0.004998,1.66,0.0723,CAUTIOUS_BULL,EARLY_DD_UNCERTAINTY,momentum,0.5,0.2,0.1,0.1,0.1
2025-03-06,3.1678,-0.007627,1.57,0.0764,CAUTIOUS_BULL,EARLY_DD_UNCERTAINTY,momentum,0.5,0.2,0.1,0.1,0.1
2025-03-07,3.1706,0.000564,1.58,0.076,CAUTIOUS_BULL,EARLY_DD_UNCERTAINTY,momentum,0.5,0.2,0.1,0.1,0.1
2025-03-10,3.0999,-0.017855,1.25,0.0961,CAUTIOUS_BULL,EARLY_DD_UNCERTAINTY,momentum,0.5,0.2,0.1,0.1,0.1
2025-03-11,3.0862,-0.003043,1.45,0.0825,CAUTIOUS_BULL,EARLY_DD_UNCERTAINTY,momentum,0.5,0.2,0.1,0.1,0.1
2025-03-12,3.078,-0.001813,1.48,0.0813,CAUTIOUS_BULL,EARLY_DD_UNCERTAINTY,momentum,0.5,0.2,0.1,0.1,0.1
2025-03-13,3.1043,0.006139,1.39,0.0861,CAUTIOUS_BULL,EARLY_DD_UNCERTAINTY,momentum,0.5,0.2,0.1,0.1,0.1
2025-03-14,3.1255,0.004871,1.4,0.0857,CAUTIOUS_BULL,EARLY_DD_UNCERTAINTY,momentum,0.5,0.2,0.1,0.1,0.1
2025-03-17,3.1577,0.007927,1.3,0.0922,CAUTIOUS_BULL,EARLY_DD_UNCERTAINTY,momentum,0.5,0.2,0.1,0.1,0.1
2025-03-18,3.1624,0.001131,1.32,0.091,CAUTIOUS_BULL,EARLY_DD_UNCERTAINTY,momentum,0.5,0.2,0.1,0.1,0.1
2025-03-19,3.1837,0.005276,1.28,0.094,CAUTIOUS_BULL,EARLY_DD_UNCERTAINTY,momentum,0.5,0.2,0.1,0.1,0.1
2025-03-20,3.1745,-0.002273,1.28,0.0937,CAUTIOUS_BULL,EARLY_DD_UNCERTAINTY,momentum,0.5,0.2,0.1,0.1,0.1
2025-03-21,3.15,-0.005916,1.3,0.0922,CAUTIOUS_BULL,EARLY_DD_UNCERTAINTY,momentum,0.5,0.2,0.1,0.1,0.1
2025-03-24,3.149,-0.000248,1.3,0.0921,CAUTIOUS_BULL,EARLY_DD_UNCERTAINTY,momentum,0.5,0.2,0.1,0.1,0.1
2025-03-25,3.1518,0.000681,1.3,0.0924,CAUTIOUS_BULL,EARLY_DD_UNCERTAINTY,momentum,0.5,0.2,0.1,0.1,0.1
2025-03-26,3.1343,-0.00429,1.3,0.0925,CAUTIOUS_BULL,EARLY_DD_UNCERTAINTY,momentum,0.5,0.2,0.1,0.1,0.1
2025-03-27,3.1366,0.000566,1.33,0.0904,CAUTIOUS_BULL,EARLY_DD_UNCERTAINTY,momentum,0.5,0.2,0.1,0.1,0.1
2025-03-28,3.1297,-0.001661,1.33,0.0904,CAUTIOUS_BULL,EARLY_DD_UNCERTAINTY,momentum,0.5,0.2,0.1,0.1,0.1
2025-03-31,3.1568,0.006802,1.27,0.0943,CAUTIOUS_BULL,EARLY_DD_UNCERTAINTY,momentum,0.5,0.2,0.1,0.1,0.1
2025-04-01,3.1651,0.002024,1.3,0.0926,CAUTIOUS_BULL,EARLY_DD_UNCERTAINTY,momentum,0.5,0.2,0.1,0.1,0.1
2025-04-02,3.1733,0.001968,1.32,0.091,CAUTIOUS_BULL,EARLY_DD_UNCERTAINTY,momentum,0.5,0.2,0.1,0.1,0.1
2025-04-03,3.1832,0.002273,1.37,0.0874,CRISIS_MODE,FAST_SHOCK,liquidity_crisis,0.0,0.1,0.0,0.0,0.9
2025-04-04,3.1684,-0.003412,1.36,0.0882,RECOVERY_GROWTH,RECOVERY_ACCEL,momentum,0.72,0.15,0.0,0.08,0.05
2025-04-07,3.1235,-0.00793,1.79,0.0672,CRISIS_MODE,FAST_SHOCK,liquidity_crisis,0.0,0.1,0.0,0.0,0.9
2025-04-08,3.0837,-0.007637,1.67,0.0719,RECOVERY_GROWTH,RECOVERY_ACCEL,momentum,0.72,0.15,0.0,0.08,0.05
2025-04-09,3.1126,0.005773,1.62,0.0739,CRISIS_MODE,FAST_SHOCK,liquidity_crisis,0.0,0.1,0.0,0.0,0.9
2025-04-10,3.1077,-0.000925,1.68,0.0713,RECOVERY_GROWTH,RECOVERY_ACCEL,momentum,0.72,0.15,0.0,0.08,0.05
2025-04-11,3.1255,0.003346,1.71,0.0702,CRISIS_MODE,FAST_SHOCK,liquidity_crisis,0.0,0.1,0.0,0.0,0.9
2025-04-14,3.1057,-0.003452,1.84,0.0652,RECOVERY_GROWTH,RECOVERY_ACCEL,momentum,0.72,0.15,0.0,0.08,0.05
2025-04-15,3.1204,0.002601,1.82,0.0659,RECOVERY_GROWTH,RECOVERY_ACCEL,momentum,0.72,0.15,0.0,0.08,0.05
2025-04-16,3.1697,0.009433,1.68,0.0716,RECOVERY_GROWTH,RECOVERY_ACCEL,momentum,0.72,0.15,0.0,0.08,0.05
2025-04-17,3.247,0.020361,1.2,0.1002,RECOVERY_GROWTH,RECOVERY_ACCEL,momentum,0.72,0.15,0.0,0.08,0.05
2025-04-21,3.2779,0.007878,1.21,0.0995,RECOVERY_GROWTH,RECOVERY_ACCEL,momentum,0.72,0.15,0.0,0.08,0.05
2025-04-22,3.203,-0.026596,0.86,0.1397,GOLDILOCKS,NORMAL_TRENDING,momentum,0.609,0.147,0.07,0.07,0.105
2025-04-23,3.1262,-0.038937,0.62,0.1949,GOLDILOCKS,NORMAL_TRENDING,momentum,0.609,0.147,0.07,0.07,0.105
2025-04-24,3.1471,0.01111,0.6,0.1995,CAUTIOUS_BULL,EARLY_DD_UNCERTAINTY,momentum,0.5,0.2,0.1,0.1,0.1
2025-04-25,3.1454,-0.000918,0.6,0.1994,CAUTIOUS_BULL,EARLY_DD_UNCERTAINTY,momentum,0.5,0.2,0.1,0.1,0.1
2025-04-28,3.1555,0.00536,0.6,0.2006,CAUTIOUS_BULL,EARLY_DD_UNCERTAINTY,momentum,0.5,0.2,0.1,0.1,0.1
2025-04-29,3.1547,-0.000382,0.6,0.1988,CAUTIOUS_BULL,EARLY_DD_UNCERTAINTY,momentum,0.5,0.2,0.1,0.1,0.1
2025-04-30,3.1462,-0.004469,0.6,0.1988,CAUTIOUS_BULL,EARLY_DD_UNCERTAINTY,momentum,0.5,0.2,0.1,0.1,0.1
2025-05-01,3.142,-0.002216,0.6,0.1985,CAUTIOUS_BULL,EARLY_DD_UNCERTAINTY,momentum,0.5,0.2,0.1,0.1,0.1
2025-05-02,3.1582,0.008649,0.6,0.2012,CAUTIOUS_BULL,EARLY_DD_UNCERTAINTY,momentum,0.5,0.2,0.1,0.1,0.1
2025-05-05,3.1607,0.001332,0.6,0.2012,CAUTIOUS_BULL,EARLY_DD_UNCERTAINTY,momentum,0.5,0.2,0.1,0.1,0.1
2025-05-06,3.1641,0.001786,0.6,0.1997,CAUTIOUS_BULL,EARLY_DD_UNCERTAINTY,momentum,0.5,0.2,0.1,0.1,0.1
2025-05-07,3.1597,-0.002299,0.61,0.1981,CAUTIOUS_BULL,EARLY_DD_UNCERTAINTY,momentum,0.5,0.2,0.1,0.1,0.1
2025-05-08,3.1591,-0.000307,0.61,0.197,CAUTIOUS_BULL,EARLY_DD_UNCERTAINTY,momentum,0.5,0.2,0.1,0.1,0.1
2025-05-09,3.1646,0.002882,0.61,0.1973,CAUTIOUS_BULL,EARLY_DD_UNCERTAINTY,momentum,0.5,0.2,0.1,0.1,0.1
2025-05-12,3.1816,0.008896,0.6,0.1995,CAUTIOUS_BULL,EARLY_DD_UNCERTAINTY,momentum,0.5,0.2,0.1,0.1,0.1
2025-05-13,3.1892,0.003977,0.6,0.1995,CAUTIOUS_BULL,EARLY_DD_UNCERTAINTY,momentum,0.5,0.2,0.1,0.1,0.1
2025-05-14,3.1791,-0.005298,0.6,0.2003,CAUTIOUS_BULL,EARLY_DD_UNCERTAINTY,momentum,0.5,0.2,0.1,0.1,0.1
2025-05-15,3.1902,0.005774,0.6,0.1985,CAUTIOUS_BULL,EARLY_DD_UNCERTAINTY,momentum,0.5,0.2,0.1,0.1,0.1
2025-05-16,3.1917,0.000743,0.65,0.184,CAUTIOUS_BULL,EARLY_DD_UNCERTAINTY,momentum,0.5,0.2,0.1,0.1,0.1
2025-05-19,3.1954,0.001749,0.66,0.1814,CAUTIOUS_BULL,EARLY_DD_UNCERTAINTY,momentum,0.5,0.2,0.1,0.1,0.1
2025-05-20,3.1988,0.001391,0.77,0.1567,CAUTIOUS_BULL,EARLY_DD_UNCERTAINTY,momentum,0.5,0.2,0.1,0.1,0.1
2025-05-21,3.1582,-0.007995,1.59,0.0756,CAUTIOUS_BULL,EARLY_DD_UNCERTAINTY,momentum,0.5,0.2,0.1,0.1,0.1
2025-05-22,3.1487,-0.001691,1.78,0.0676,CAUTIOUS_BULL,EARLY_DD_UNCERTAINTY,momentum,0.5,0.2,0.1,0.1,0.1
2025-05-23,3.1916,0.008155,1.67,0.0717,CAUTIOUS_BULL,EARLY_DD_UNCERTAINTY,momentum,0.5,0.2,0.1,0.1,0.1
2025-05-27,3.2278,0.0069,1.64,0.073,CAUTIOUS_BULL,EARLY_DD_UNCERTAINTY,momentum,0.5,0.2,0.1,0.1,0.1
2025-05-28,3.2023,-0.005017,1.58,0.0761,CAUTIOUS_BULL,EARLY_DD_UNCERTAINTY,momentum,0.5,0.2,0.1,0.1,0.1
2025-05-29,3.2211,0.003603,1.63,0.0737,CAUTIOUS_BULL,EARLY_DD_UNCERTAINTY,momentum,0.5,0.2,0.1,0.1,0.1
2025-05-30,3.215,-0.001158,1.64,0.0731,CAUTIOUS_BULL,EARLY_DD_UNCERTAINTY,momentum,0.5,0.2,0.1,0.1,0.1
2025-06-02,3.2528,0.006994,1.68,0.0713,CAUTIOUS_BULL,EARLY_DD_UNCERTAINTY,momentum,0.5,0.2,0.1,0.1,0.1
2025-06-03,3.2652,0.002257,1.68,0.0714,CAUTIOUS_BULL,EARLY_DD_UNCERTAINTY,momentum,0.5,0.2,0.1,0.1,0.1
2025-06-04,3.273,0.001432,1.68,0.0714,GOLDILOCKS,NORMAL_TRENDING,momentum,0.611,0.146,0.069,0.069,0.104
2025-06-05,3.2686,-0.000789,1.7,0.0705,GOLDILOCKS,NORMAL_TRENDING,momentum,0.612,0.146,0.069,0.069,0.104
2025-06-06,3.2807,0.002165,1.71,0.0702,GOLDILOCKS,NORMAL_TRENDING,momentum,0.612,0.146,0.069,0.069,0.104
2025-06-09,3.2968,0.002861,1.71,0.0702,GOLDILOCKS,NORMAL_TRENDING,momentum,0.612,0.146,0.069,0.069,0.104
2025-06-10,3.3091,0.002026,1.84,0.0652,GOLDILOCKS,NORMAL_TRENDING,momentum,0.612,0.146,0.069,0.069,0.104
2025-06-11,3.3206,0.001878,1.86,0.0646,GOLDILOCKS,NORMAL_TRENDING,momentum,0.612,0.146,0.069,0.069,0.104
2025-06-12,3.3484,0.004219,1.98,0.0606,GOLDILOCKS,NORMAL_TRENDING,momentum,0.612,0.146,0.069,0.069,0.104
2025-06-13,3.3274,-0.003188,1.97,0.0611,GOLDILOCKS,NORMAL_TRENDING,momentum,0.612,0.146,0.069,0.069,0.104
2025-06-16,3.3415,0.002153,1.96,0.0611,GOLDILOCKS,NORMAL_TRENDING,momentum,0.612,0.146,0.069,0.069,0.104
2025-06-17,3.3221,-0.003042,1.91,0.063,GOLDILOCKS,NORMAL_TRENDING,momentum,0.612,0.146,0.069,0.069,0.104
2025-06-18,3.3203,-0.000278,1.9,0.0631,GOLDILOCKS,NORMAL_TRENDING,momentum,0.612,0.146,0.069,0.069,0.104
2025-06-20,3.3066,-0.001896,2.18,0.0551,GOLDILOCKS,NORMAL_TRENDING,momentum,0.612,0.146,0.069,0.069,0.104
2025-06-23,3.334,0.003757,2.2,0.0545,GOLDILOCKS,NORMAL_TRENDING,momentum,0.612,0.146,0.069,0.069,0.104
2025-06-24,3.3586,0.003037,2.43,0.0495,GOLDILOCKS,NORMAL_TRENDING,momentum,0.612,0.146,0.069,0.069,0.104
2025-06-25,3.3355,-0.002692,2.55,0.0471,GOLDILOCKS,NORMAL_TRENDING,momentum,0.612,0.146,0.069,0.069,0.104
2025-06-26,3.3988,0.007429,2.55,0.047,GOLDILOCKS,NORMAL_TRENDING,momentum,0.612,0.146,0.069,0.069,0.104
2025-06-27,3.382,-0.001971,2.51,0.0479,GOLDILOCKS,NORMAL_TRENDING,momentum,0.612,0.146,0.069,0.069,0.104
2025-06-30,3.4163,0.004059,2.5,0.048,GOLDILOCKS,NORMAL_TRENDING,momentum,0.612,0.146,0.069,0.069,0.104
2025-07-01,3.4219,0.000596,2.75,0.0437,GOLDILOCKS,NORMAL_TRENDING,momentum,0.613,0.146,0.069,0.069,0.104
2025-07-02,3.4548,0.003553,2.71,0.0443,GOLDILOCKS,NORMAL_TRENDING,momentum,0.612,0.146,0.069,0.069,0.104
2025-07-03,3.4611,0.000675,2.71,0.0443,GOLDILOCKS,NORMAL_TRENDING,momentum,0.612,0.146,0.069,0.069,0.104
2025-07-07,3.4107,-0.006172,2.36,0.0509,GOLDILOCKS,NORMAL_TRENDING,momentum,0.612,0.146,0.069,0.069,0.104
2025-07-08,3.4157,0.00062,2.37,0.0507,GOLDILOCKS,NORMAL_TRENDING,momentum,0.612,0.146,0.069,0.069,0.104
2025-07-09,3.4334,0.002175,2.38,0.0504,GOLDILOCKS,NORMAL_TRENDING,momentum,0.612,0.146,0.069,0.069,0.104
2025-07-10,3.4625,0.003613,2.35,0.0512,GOLDILOCKS,NORMAL_TRENDING,momentum,0.612,0.146,0.069,0.069,0.104
2025-07-11,3.4497,-0.001593,2.32,0.0518,GOLDILOCKS,NORMAL_TRENDING,momentum,0.612,0.146,0.069,0.069,0.104
2025-07-14,3.4636,0.001689,2.38,0.0503,GOLDILOCKS,NORMAL_TRENDING,momentum,0.612,0.146,0.069,0.069,0.104
2025-07-15,3.4223,-0.00524,2.28,0.0527,GOLDILOCKS,NORMAL_TRENDING,momentum,0.612,0.146,0.069,0.069,0.104
2025-07-16,3.4436,0.002744,2.26,0.053,GOLDILOCKS,NORMAL_TRENDING,momentum,0.612,0.146,0.069,0.069,0.104
2025-07-17,3.4757,0.00409,2.28,0.0527,GOLDILOCKS,NORMAL_TRENDING,momentum,0.612,0.146,0.069,0.069,0.104
2025-07-18,3.4872,0.001444,2.29,0.0525,GOLDILOCKS,NORMAL_TRENDING,momentum,0.612,0.146,0.069,0.069,0.104
2025-07-21,3.5195,0.004055,2.29,0.0524,GOLDILOCKS,NORMAL_TRENDING,momentum,0.613,0.146,0.069,0.069,0.104
2025-07-22,3.5536,0.004251,2.28,0.0527,GOLDILOCKS,NORMAL_TRENDING,momentum,0.612,0.146,0.069,0.069,0.104
2025-07-23,3.5762,0.00279,2.28,0.0526,GOLDILOCKS,NORMAL_TRENDING,momentum,0.612,0.146,0.069,0.069,0.104
2025-07-24,3.5671,-0.001087,2.34,0.0514,GOLDILOCKS,NORMAL_TRENDING,momentum,0.612,0.146,0.069,0.069,0.104
2025-07-25,3.5674,3.3e-05,2.58,0.0466,GOLDILOCKS,NORMAL_TRENDING,momentum,0.613,0.146,0.069,0.069,0.104
2025-07-28,3.5294,-0.004368,2.44,0.0492,GOLDILOCKS,NORMAL_TRENDING,momentum,0.612,0.146,0.069,0.069,0.104
2025-07-29,3.5502,0.002362,2.49,0.0481,GOLDILOCKS,NORMAL_TRENDING,momentum,0.612,0.146,0.069,0.069,0.104
2025-07-30,3.5158,-0.004121,2.35,0.0511,GOLDILOCKS,NORMAL_TRENDING,momentum,0.612,0.146,0.069,0.069,0.104
2025-07-31,3.4685,-0.006149,2.19,0.0548,GOLDILOCKS,NORMAL_TRENDING,momentum,0.612,0.146,0.069,0.069,0.104
2025-08-01,3.4292,-0.005487,2.07,0.0581,GOLDILOCKS,NORMAL_TRENDING,momentum,0.612,0.146,0.069,0.069,0.104
2025-08-04,3.4893,0.009083,1.93,0.0622,CAUTIOUS_BULL,EARLY_DD_UNCERTAINTY,momentum,0.5,0.2,0.1,0.1,0.1
2025-08-05,3.4853,-0.000582,1.93,0.0623,CAUTIOUS_BULL,EARLY_DD_UNCERTAINTY,momentum,0.5,0.2,0.1,0.1,0.1
2025-08-06,3.4847,-9.5e-05,1.93,0.062,CAUTIOUS_BULL,EARLY_DD_UNCERTAINTY,momentum,0.5,0.2,0.1,0.1,0.1
2025-08-07,3.5094,0.003672,1.93,0.0621,CAUTIOUS_BULL,EARLY_DD_UNCERTAINTY,momentum,0.5,0.2,0.1,0.1,0.1
2025-08-08,3.522,0.001843,1.94,0.0618,GOLDILOCKS,NORMAL_TRENDING,momentum,0.612,0.146,0.069,0.069,0.104
2025-08-11,3.5066,-0.002279,1.92,0.0624,GOLDILOCKS,NORMAL_TRENDING,momentum,0.612,0.146,0.069,0.069,0.104
2025-08-12,3.5438,0.005429,1.96,0.0613,GOLDILOCKS,NORMAL_TRENDING,momentum,0.612,0.146,0.069,0.069,0.104
2025-08-13,3.5693,0.0037,1.94,0.0618,GOLDILOCKS,NORMAL_TRENDING,momentum,0.612,0.146,0.069,0.069,0.104
2025-08-14,3.5387,-0.004531,1.89,0.0634,GOLDILOCKS,NORMAL_TRENDING,momentum,0.612,0.146,0.069,0.069,0.104
2025-08-15,3.539,5.1e-05,1.9,0.0633,GOLDILOCKS,NORMAL_TRENDING,momentum,0.612,0.146,0.069,0.069,0.104
2025-08-18,3.5417,0.000388,1.94,0.0619,GOLDILOCKS,NORMAL_TRENDING,momentum,0.612,0.146,0.069,0.069,0.104
2025-08-19,3.5088,-0.004832,1.92,0.0625,GOLDILOCKS,NORMAL_TRENDING,momentum,0.612,0.146,0.069,0.069,0.104
2025-08-20,3.5039,-0.000722,1.95,0.0615,GOLDILOCKS,NORMAL_TRENDING,momentum,0.612,0.146,0.069,0.069,0.104
2025-08-21,3.4919,-0.00176,1.95,0.0617,GOLDILOCKS,NORMAL_TRENDING,momentum,0.612,0.146,0.069,0.069,0.104
2025-08-22,3.5589,0.012029,1.59,0.0752,GOLDILOCKS,NORMAL_TRENDING,momentum,0.612,0.146,0.069,0.069,0.104
2025-08-25,3.5466,-0.002118,1.62,0.0739,GOLDILOCKS,NORMAL_TRENDING,momentum,0.612,0.146,0.069,0.069,0.104
2025-08-26,3.5615,0.00259,1.62,0.074,GOLDILOCKS,NORMAL_TRENDING,momentum,0.612,0.146,0.069,0.069,0.104
2025-08-27,3.5726,0.001882,1.66,0.0724,GOLDILOCKS,NORMAL_TRENDING,momentum,0.612,0.146,0.069,0.069,0.104
2025-08-28,3.5921,0.00311,1.75,0.0685,GOLDILOCKS,NORMAL_TRENDING,momentum,0.612,0.146,0.069,0.069,0.104
2025-08-29,3.5855,-0.000996,1.85,0.0647,GOLDILOCKS,NORMAL_TRENDING,momentum,0.612,0.146,0.069,0.069,0.104
2025-09-02,3.5689,-0.002278,2.03,0.0592,GOLDILOCKS,NORMAL_TRENDING,momentum,0.612,0.146,0.069,0.069,0.104
2025-09-03,3.5795,0.001462,2.03,0.059,GOLDILOCKS,NORMAL_TRENDING,momentum,0.612,0.146,0.069,0.069,0.104
2025-09-04,3.6027,0.003209,2.02,0.0595,GOLDILOCKS,NORMAL_TRENDING,momentum,0.612,0.146,0.069,0.069,0.104
2025-09-05,3.6372,0.004815,1.99,0.0603,GOLDILOCKS,NORMAL_TRENDING,momentum,0.612,0.146,0.069,0.069,0.104
2025-09-08,3.6719,0.004906,1.95,0.0617,GOLDILOCKS,NORMAL_TRENDING,momentum,0.612,0.146,0.069,0.069,0.104
2025-09-09,3.6609,-0.001531,1.96,0.0612,GOLDILOCKS,NORMAL_TRENDING,momentum,0.612,0.146,0.069,0.069,0.104
2025-09-10,3.678,0.002311,2.02,0.0595,GOLDILOCKS,NORMAL_TRENDING,momentum,0.612,0.146,0.069,0.069,0.104
2025-09-11,3.7297,0.007353,1.91,0.0627,GOLDILOCKS,NORMAL_TRENDING,momentum,0.612,0.146,0.069,0.069,0.104
2025-09-12,3.7188,-0.00146,2.0,0.06,GOLDILOCKS,NORMAL_TRENDING,momentum,0.613,0.146,0.069,0.069,0.104
2025-09-15,3.7645,0.00636,1.93,0.0621,GOLDILOCKS,NORMAL_TRENDING,momentum,0.613,0.146,0.069,0.069,0.104
2025-09-16,3.7631,-0.000189,1.93,0.0623,GOLDILOCKS,NORMAL_TRENDING,momentum,0.613,0.146,0.069,0.069,0.104
2025-09-17,3.7483,-0.001948,2.03,0.0592,GOLDILOCKS,NORMAL_TRENDING,momentum,0.613,0.146,0.069,0.069,0.104
2025-09-18,3.7605,0.001589,2.05,0.0585,GOLDILOCKS,NORMAL_TRENDING,momentum,0.613,0.146,0.069,0.069,0.104
2025-09-19,3.7788,0.002301,2.11,0.0569,GOLDILOCKS,NORMAL_TRENDING,momentum,0.612,0.146,0.069,0.069,0.104
2025-09-22,3.8077,0.002828,2.71,0.0443,GOLDILOCKS,NORMAL_TRENDING,momentum,0.612,0.146,0.069,0.069,0.104
2025-09-23,3.833,0.002328,2.85,0.0421,GOLDILOCKS,NORMAL_TRENDING,momentum,0.612,0.146,0.069,0.069,0.104
2025-09-24,3.8153,-0.001687,2.74,0.0438,GOLDILOCKS,NORMAL_TRENDING,momentum,0.612,0.146,0.069,0.069,0.104
2025-09-25,3.8128,-0.000239,2.71,0.0443,GOLDILOCKS,NORMAL_TRENDING,momentum,0.612,0.146,0.069,0.069,0.104
2025-09-26,3.8484,0.003461,2.7,0.0445,GOLDILOCKS,NORMAL_TRENDING,momentum,0.612,0.146,0.069,0.069,0.104
2025-09-29,3.8834,0.003316,2.74,0.0438,GOLDILOCKS,NORMAL_TRENDING,momentum,0.612,0.146,0.069,0.069,0.104
2025-09-30,3.9062,0.002013,2.92,0.0411,GOLDILOCKS,NORMAL_TRENDING,momentum,0.612,0.146,0.069,0.069,0.104
2025-10-01,3.9549,0.004339,2.87,0.0418,GOLDILOCKS,NORMAL_TRENDING,momentum,0.612,0.146,0.069,0.069,0.104
2025-10-02,3.9708,0.0014,2.88,0.0417,GOLDILOCKS,NORMAL_TRENDING,momentum,0.612,0.146,0.069,0.069,0.104
2025-10-03,4.0109,0.003431,2.94,0.0408,GOLDILOCKS,NORMAL_TRENDING,momentum,0.612,0.146,0.069,0.069,0.104
2025-10-06,4.052,0.003417,3.0,0.04,GOLDILOCKS,NORMAL_TRENDING,momentum,0.612,0.146,0.069,0.069,0.104
2025-10-07,4.0501,-0.000157,3.0,0.04,GOLDILOCKS,NORMAL_TRENDING,momentum,0.612,0.146,0.069,0.069,0.104
2025-10-08,4.118,0.005668,2.96,0.0406,GOLDILOCKS,NORMAL_TRENDING,momentum,0.612,0.146,0.069,0.069,0.104
2025-10-09,4.0581,-0.005311,2.74,0.0439,GOLDILOCKS,NORMAL_TRENDING,momentum,0.612,0.146,0.069,0.069,0.104
2025-10-10,3.9665,-0.011969,1.89,0.0636,GOLDILOCKS,NORMAL_TRENDING,momentum,0.612,0.146,0.069,0.069,0.104
2025-10-13,4.0654,0.017317,1.44,0.0834,GOLDILOCKS,NORMAL_TRENDING,momentum,0.612,0.146,0.069,0.069,0.104
2025-10-14,4.0708,0.000933,1.44,0.0832,GOLDILOCKS,NORMAL_TRENDING,momentum,0.611,0.146,0.069,0.069,0.104
2025-10-15,4.0929,0.003724,1.46,0.0824,GOLDILOCKS,NORMAL_TRENDING,momentum,0.611,0.146,0.069,0.069,0.104
2025-10-16,4.0876,-0.000891,1.45,0.083,GOLDILOCKS,NORMAL_TRENDING,momentum,0.611,0.146,0.069,0.069,0.105
2025-10-17,4.0676,-0.003477,1.41,0.0849,GOLDILOCKS,NORMAL_TRENDING,momentum,0.611,0.146,0.069,0.069,0.104
2025-10-20,4.1305,0.011872,1.3,0.0921,GOLDILOCKS,NORMAL_TRENDING,momentum,0.611,0.146,0.069,0.069,0.104
2025-10-21,4.0788,-0.010623,1.18,0.1019,GOLDILOCKS,NORMAL_TRENDING,momentum,0.612,0.146,0.069,0.069,0.104
2025-10-22,4.0642,-0.003045,1.17,0.1025,GOLDILOCKS,NORMAL_TRENDING,momentum,0.612,0.146,0.069,0.069,0.104
2025-10-23,4.0862,0.004647,1.17,0.103,GOLDILOCKS,NORMAL_TRENDING,momentum,0.612,0.146,0.069,0.069,0.104
2025-10-24,4.1062,0.00421,1.16,0.1032,GOLDILOCKS,NORMAL_TRENDING,momentum,0.612,0.146,0.069,0.069,0.104
2025-10-27,4.1084,0.000454,1.16,0.1031,GOLDILOCKS,NORMAL_TRENDING,momentum,0.612,0.146,0.069,0.069,0.104
2025-10-28,4.1034,-0.001061,1.16,0.1034,GOLDILOCKS,NORMAL_TRENDING,momentum,0.612,0.146,0.069,0.069,0.104
2025-10-29,4.09,-0.002803,1.16,0.1036,GOLDILOCKS,NORMAL_TRENDING,momentum,0.612,0.146,0.069,0.069,0.104
2025-10-30,4.0773,-0.002714,1.15,0.1044,GOLDILOCKS,NORMAL_TRENDING,momentum,0.613,0.146,0.069,0.069,0.104
2025-10-31,4.0735,-0.000795,1.15,0.104,GOLDILOCKS,NORMAL_TRENDING,momentum,0.612,0.146,0.069,0.069,0.104
2025-11-03,4.0631,-0.002206,1.16,0.1038,GOLDILOCKS,NORMAL_TRENDING,momentum,0.612,0.146,0.069,0.069,0.104
2025-11-04,4.016,-0.010672,1.09,0.1104,GOLDILOCKS,NORMAL_TRENDING,momentum,0.612,0.146,0.069,0.069,0.104
2025-11-05,4.0239,0.001771,1.11,0.1085,GOLDILOCKS,NORMAL_TRENDING,momentum,0.612,0.146,0.069,0.069,0.104
2025-11-06,3.9915,-0.007358,1.09,0.1099,GOLDILOCKS,NORMAL_TRENDING,momentum,0.612,0.146,0.069,0.069,0.104
2025-11-07,4.0014,0.002115,1.18,0.1021,GOLDILOCKS,NORMAL_TRENDING,momentum,0.611,0.146,0.069,0.069,0.104
2025-11-10,4.0599,0.010992,1.33,0.0903,GOLDILOCKS,NORMAL_TRENDING,momentum,0.611,0.146,0.069,0.069,0.105
2025-11-11,4.0746,0.002748,1.32,0.0908,GOLDILOCKS,NORMAL_TRENDING,momentum,0.611,0.146,0.069,0.069,0.104
2025-11-12,4.0806,0.001091,1.34,0.0899,GOLDILOCKS,NORMAL_TRENDING,momentum,0.611,0.146,0.069,0.069,0.104
2025-11-13,4.033,-0.009239,1.26,0.0951,GOLDILOCKS,NORMAL_TRENDING,momentum,0.612,0.146,0.069,0.069,0.104
2025-11-14,4.0239,-0.001776,1.27,0.0946,GOLDILOCKS,NORMAL_TRENDING,momentum,0.612,0.146,0.069,0.069,0.104
2025-11-17,3.9813,-0.007569,1.4,0.0858,GOLDILOCKS,NORMAL_TRENDING,momentum,0.611,0.146,0.069,0.069,0.104
2025-11-18,3.9906,0.001549,1.5,0.0797,GOLDILOCKS,NORMAL_TRENDING,momentum,0.611,0.146,0.069,0.069,0.105
2025-11-19,3.9878,-0.000462,1.51,0.0794,GOLDILOCKS,NORMAL_TRENDING,momentum,0.611,0.146,0.069,0.069,0.105
2025-11-20,3.9688,-0.003051,1.56,0.0771,GOLDILOCKS,NORMAL_TRENDING,momentum,0.611,0.146,0.069,0.069,0.105
2025-11-21,3.9734,0.000718,1.6,0.0749,GOLDILOCKS,NORMAL_TRENDING,momentum,0.611,0.146,0.069,0.069,0.105
2025-11-24,4.0017,0.004597,1.55,0.0776,GOLDILOCKS,NORMAL_TRENDING,momentum,0.611,0.146,0.069,0.069,0.105
2025-11-25,4.0162,0.002374,1.53,0.0785,GOLDILOCKS,NORMAL_TRENDING,momentum,0.611,0.146,0.069,0.069,0.104
2025-11-26,4.0517,0.006032,1.47,0.0819,GOLDILOCKS,NORMAL_TRENDING,momentum,0.611,0.146,0.069,0.069,0.105
2025-11-28,4.0805,0.004958,1.43,0.0837,GOLDILOCKS,NORMAL_TRENDING,momentum,0.612,0.146,0.069,0.069,0.104
2025-12-01,4.0569,-0.004078,1.42,0.0847,GOLDILOCKS,NORMAL_TRENDING,momentum,0.611,0.146,0.069,0.069,0.104
2025-12-02,4.0529,-0.000694,1.42,0.0845,GOLDILOCKS,NORMAL_TRENDING,momentum,0.612,0.146,0.069,0.069,0.104
2025-12-03,4.0805,0.00436,1.56,0.0769,GOLDILOCKS,NORMAL_TRENDING,momentum,0.612,0.146,0.069,0.069,0.104
2025-12-04,4.0749,-0.000886,1.56,0.0769,GOLDILOCKS,NORMAL_TRENDING,momentum,0.612,0.146,0.069,0.069,0.104
2025-12-05,4.0825,0.001122,1.68,0.0716,GOLDILOCKS,NORMAL_TRENDING,momentum,0.612,0.146,0.069,0.069,0.104
2025-12-08,4.0586,-0.003556,1.65,0.0729,GOLDILOCKS,NORMAL_TRENDING,momentum,0.612,0.146,0.069,0.069,0.104
2025-12-09,4.0617,0.00039,1.93,0.0621,GOLDILOCKS,NORMAL_TRENDING,momentum,0.612,0.146,0.069,0.069,0.104
2025-12-10,4.1074,0.006096,1.85,0.065,GOLDILOCKS,NORMAL_TRENDING,momentum,0.612,0.146,0.069,0.069,0.104
2025-12-11,4.1258,0.002436,1.83,0.0654,GOLDILOCKS,NORMAL_TRENDING,momentum,0.612,0.146,0.069,0.069,0.104
2025-12-12,4.0793,-0.005615,2.01,0.0598,GOLDILOCKS,NORMAL_TRENDING,momentum,0.613,0.146,0.069,0.069,0.104
2025-12-15,4.0774,-0.000233,2.02,0.0593,GOLDILOCKS,NORMAL_TRENDING,momentum,0.612,0.146,0.069,0.069,0.104
2025-12-16,4.0364,-0.004615,2.18,0.0551,GOLDILOCKS,NORMAL_TRENDING,momentum,0.612,0.146,0.069,0.069,0.104
2025-12-17,4.0213,-0.00172,2.16,0.0555,GOLDILOCKS,NORMAL_TRENDING,momentum,0.612,0.146,0.069,0.069,0.104
2025-12-18,4.0335,0.001393,2.16,0.0555,GOLDILOCKS,NORMAL_TRENDING,momentum,0.612,0.146,0.069,0.069,0.104
2025-12-19,4.0752,0.004812,2.15,0.0558,GOLDILOCKS,NORMAL_TRENDING,momentum,0.612,0.146,0.069,0.069,0.104
2025-12-22,4.1483,0.009448,1.9,0.0632,GOLDILOCKS,NORMAL_TRENDING,momentum,0.612,0.146,0.069,0.069,0.104
2025-12-23,4.1857,0.004745,1.9,0.0633,GOLDILOCKS,NORMAL_TRENDING,momentum,0.612,0.146,0.069,0.069,0.104
2025-12-24,4.1967,0.001389,1.9,0.0631,GOLDILOCKS,NORMAL_TRENDING,momentum,0.612,0.146,0.069,0.069,0.104
2025-12-26,4.2141,0.002093,1.97,0.0608,GOLDILOCKS,NORMAL_TRENDING,momentum,0.612,0.146,0.069,0.069,0.104
2025-12-29,4.1485,-0.00882,1.76,0.0681,GOLDILOCKS,NORMAL_TRENDING,momentum,0.612,0.146,0.069,0.069,0.104
2025-12-30,4.1543,0.000767,1.82,0.0661,GOLDILOCKS,NORMAL_TRENDING,momentum,0.612,0.146,0.069,0.069,0.104
2025-12-31,4.1143,-0.005564,1.73,0.0694,GOLDILOCKS,NORMAL_TRENDING,momentum,0.612,0.146,0.069,0.069,0.104
2026-01-02,4.1678,0.007899,1.65,0.0729,GOLDILOCKS,NORMAL_TRENDING,momentum,0.611,0.146,0.069,0.069,0.105
2026-01-05,4.2469,0.01346,1.41,0.0852,GOLDILOCKS,NORMAL_TRENDING,momentum,0.611,0.146,0.069,0.069,0.104
2026-01-06,4.2975,0.008852,1.35,0.0891,GOLDILOCKS,NORMAL_TRENDING,momentum,0.612,0.146,0.069,0.069,0.104
2026-01-07,4.2981,9.4e-05,1.38,0.0872,GOLDILOCKS,NORMAL_TRENDING,momentum,0.612,0.146,0.069,0.069,0.104
2026-01-08,4.3004,0.000393,1.38,0.0872,GOLDILOCKS,NORMAL_TRENDING,momentum,0.612,0.146,0.069,0.069,0.104
2026-01-09,4.3215,0.003521,1.39,0.0861,GOLDILOCKS,NORMAL_TRENDING,momentum,0.612,0.146,0.069,0.069,0.104
2026-01-12,4.37,0.008332,1.35,0.0891,GOLDILOCKS,NORMAL_TRENDING,momentum,0.612,0.146,0.069,0.069,0.104
2026-01-13,4.3774,0.001198,1.42,0.0847,GOLDILOCKS,NORMAL_TRENDING,momentum,0.612,0.146,0.069,0.069,0.104
2026-01-14,4.4005,0.003707,1.42,0.0843,GOLDILOCKS,NORMAL_TRENDING,momentum,0.612,0.146,0.069,0.069,0.104
2026-01-15,4.4129,0.001882,1.5,0.0802,GOLDILOCKS,NORMAL_TRENDING,momentum,0.612,0.146,0.069,0.069,0.104
2026-01-16,4.4101,-0.000423,1.51,0.0794,GOLDILOCKS,NORMAL_TRENDING,momentum,0.612,0.146,0.069,0.069,0.104
2026-01-20,4.3875,-0.003508,1.46,0.0824,GOLDILOCKS,NORMAL_TRENDING,momentum,0.612,0.146,0.069,0.069,0.104
2026-01-21,4.4507,0.010344,1.39,0.0863,GOLDILOCKS,NORMAL_TRENDING,momentum,0.612,0.146,0.069,0.069,0.104
2026-01-22,4.4722,0.003344,1.45,0.083,GOLDILOCKS,NORMAL_TRENDING,momentum,0.612,0.146,0.069,0.069,0.104
2026-01-23,4.4888,0.002559,1.45,0.0827,GOLDILOCKS,NORMAL_TRENDING,momentum,0.612,0.146,0.069,0.069,0.104
2026-01-26,4.5031,0.002202,1.45,0.0826,GOLDILOCKS,NORMAL_TRENDING,momentum,0.612,0.146,0.069,0.069,0.104
2026-01-27,4.548,0.006962,1.43,0.0839,GOLDILOCKS,NORMAL_TRENDING,momentum,0.613,0.146,0.069,0.069,0.104
2026-01-28,4.5827,0.004613,1.66,0.0724,GOLDILOCKS,NORMAL_TRENDING,momentum,0.612,0.146,0.069,0.069,0.104
2026-01-29,4.5876,0.000642,1.66,0.0725,GOLDILOCKS,NORMAL_TRENDING,momentum,0.612,0.146,0.069,0.069,0.104
2026-01-30,4.4836,-0.019705,1.15,0.1044,GOLDILOCKS,NORMAL_TRENDING,momentum,0.612,0.146,0.069,0.069,0.104
2026-02-02,4.4497,-0.006783,1.11,0.1077,GOLDILOCKS,NORMAL_TRENDING,momentum,0.612,0.146,0.069,0.069,0.104
2026-02-03,4.5089,0.011691,1.14,0.1055,GOLDILOCKS,NORMAL_TRENDING,momentum,0.612,0.146,0.069,0.069,0.104
2026-02-04,4.489,-0.003832,1.15,0.1042,GOLDILOCKS,NORMAL_TRENDING,momentum,0.612,0.146,0.069,0.069,0.104
2026-02-05,4.4291,-0.012808,1.04,0.1152,GOLDILOCKS,NORMAL_TRENDING,momentum,0.611,0.146,0.069,0.069,0.104
2026-02-06,4.5117,0.020927,0.89,0.1347,GOLDILOCKS,NORMAL_TRENDING,momentum,0.611,0.146,0.069,0.069,0.105
2026-02-09,4.5431,0.007899,0.88,0.1363,GOLDILOCKS,NORMAL_TRENDING,momentum,0.611,0.146,0.069,0.069,0.104
2026-02-10,4.5458,0.000671,0.89,0.1343,GOLDILOCKS,NORMAL_TRENDING,momentum,0.611,0.146,0.069,0.069,0.104
2026-02-11,4.5576,0.002897,0.89,0.1344,GOLDILOCKS,NORMAL_TRENDING,momentum,0.612,0.146,0.069,0.069,0.104
2026-02-12,4.521,-0.009317,0.86,0.1393,GOLDILOCKS,NORMAL_TRENDING,momentum,0.611,0.146,0.069,0.069,0.104
2026-02-13,4.5584,0.009823,0.84,0.1426,GOLDILOCKS,NORMAL_TRENDING,momentum,0.612,0.146,0.069,0.069,0.104
2026-02-17,4.5428,-0.004099,0.83,0.1438,GOLDILOCKS,NORMAL_TRENDING,momentum,0.612,0.146,0.069,0.069,0.104
2026-02-18,4.5617,0.004982,0.84,0.1433,GOLDILOCKS,NORMAL_TRENDING,momentum,0.612,0.146,0.069,0.069,0.104
2026-02-19,4.5686,0.001749,0.86,0.1397,GOLDILOCKS,NORMAL_TRENDING,momentum,0.612,0.146,0.069,0.069,0.104
2026-02-20,4.5859,0.00442,0.86,0.14,GOLDILOCKS,NORMAL_TRENDING,momentum,0.612,0.146,0.069,0.069,0.104
2026-02-23,4.587,0.00028,0.86,0.14,GOLDILOCKS,NORMAL_TRENDING,momentum,0.612,0.146,0.069,0.069,0.104
2026-02-24,4.6032,0.004139,0.86,0.1403,GOLDILOCKS,NORMAL_TRENDING,momentum,0.612,0.146,0.069,0.069,0.104
2026-02-25,4.612,0.002201,0.86,0.1388,GOLDILOCKS,NORMAL_TRENDING,momentum,0.612,0.146,0.069,0.069,0.104
2026-02-26,4.6129,0.000237,0.87,0.1382,GOLDILOCKS,NORMAL_TRENDING,momentum,0.612,0.146,0.069,0.069,0.104
2026-02-27,4.623,0.002514,0.87,0.1383,GOLDILOCKS,NORMAL_TRENDING,momentum,0.612,0.146,0.069,0.069,0.104
2026-03-02,4.64,0.003568,1.03,0.1164,GOLDILOCKS,NORMAL_TRENDING,momentum,0.612,0.146,0.069,0.069,0.104
2026-03-03,4.5666,-0.017294,0.91,0.1312,GOLDILOCKS,NORMAL_TRENDING,momentum,0.612,0.146,0.069,0.069,0.104
2026-03-04,4.577,0.002388,0.95,0.1259,GOLDILOCKS,NORMAL_TRENDING,momentum,0.612,0.146,0.069,0.069,0.104
2026-03-05,4.5286,-0.011669,0.91,0.1325,GOLDILOCKS,NORMAL_TRENDING,momentum,0.611,0.146,0.069,0.069,0.105
2026-03-06,4.5334,0.001082,0.97,0.1231,CRISIS_MODE,FAST_SHOCK,liquidity_crisis,0.0,0.1,0.0,0.0,0.9
2026-03-09,4.5454,0.002217,1.19,0.1006,RECOVERY_GROWTH,RECOVERY_ACCEL,momentum,0.72,0.15,0.0,0.08,0.05
2026-03-10,4.5502,0.000859,1.24,0.0969,RECOVERY_GROWTH,RECOVERY_ACCEL,momentum,0.72,0.15,0.0,0.08,0.05
2026-03-11,4.5304,-0.00354,1.23,0.0977,RECOVERY_GROWTH,RECOVERY_ACCEL,momentum,0.72,0.15,0.0,0.08,0.05
2026-03-12,4.5038,-0.004817,1.22,0.0983,RECOVERY_GROWTH,RECOVERY_ACCEL,momentum,0.72,0.15,0.0,0.08,0.05
2026-03-13,4.4613,-0.007593,1.24,0.0965,RECOVERY_GROWTH,RECOVERY_ACCEL,momentum,0.72,0.15,0.0,0.08,0.05
2026-03-16,4.4936,0.005552,1.31,0.0918,RECOVERY_GROWTH,RECOVERY_ACCEL,momentum,0.72,0.15,0.0,0.08,0.05
2026-03-17,4.5027,0.001524,1.32,0.0912,RECOVERY_GROWTH,RECOVERY_ACCEL,momentum,0.72,0.15,0.0,0.08,0.05
2026-03-18,4.4568,-0.00785,1.3,0.0925,RECOVERY_GROWTH,RECOVERY_ACCEL,momentum,0.72,0.15,0.0,0.08,0.05
2026-03-19,4.3841,-0.013854,1.18,0.102,RECOVERY_GROWTH,RECOVERY_ACCEL,momentum,0.72,0.15,0.0,0.08,0.05
2026-03-20,4.3527,-0.005999,1.2,0.1003,RECOVERY_GROWTH,RECOVERY_ACCEL,momentum,0.72,0.15,0.0,0.08,0.05
