Date,Baseline_NAV,Gamma_Only_NAV,Full_NAV,Baseline_Return,Gamma_Only_Return,Full_Gross_Return,Full_Net_Return,SPY_Return,Combined_Regime,DDH_State,Gamma_Regime,Base_Gamma,Adjusted_Gamma,Conviction_Csys,Portfolio_DD_pct,Delta_Mem,God_Mode,VIX,Hedge_Payout_bps,Hedge_Cost_bps
2022-06-01,1.0,1.0,1.0,0.0,0.0,0.0,0.0,-0.008088469302729662,BURN_IN,NORMAL_TRENDING,DEFENSIVE,1.0,1.0,0.5,0.0,0.0,False,25.690000534057617,0.0,0.0
2022-06-02,1.0,1.0,1.0,0.0,0.0,0.0,0.0,0.019043510400864605,BURN_IN,NORMAL_TRENDING,DEFENSIVE,1.0,1.0,0.5,0.0,0.0,False,24.719999313354492,0.0,0.0
2022-06-03,1.0,1.0,1.0,0.0,0.0,0.0,0.0,-0.016411473737719895,BURN_IN,NORMAL_TRENDING,DEFENSIVE,1.0,1.0,0.5,0.0,0.0,False,24.790000915527344,0.0,0.0
2022-06-06,1.0,1.0,1.0,0.0,0.0,0.0,0.0,0.0030445954142186427,BURN_IN,NORMAL_TRENDING,DEFENSIVE,1.0,1.0,0.5,0.0,0.0,False,25.06999969482422,0.0,0.0
2022-06-07,1.0,1.0,1.0,0.0,0.0,0.0,0.0,0.009592337189768152,BURN_IN,NORMAL_TRENDING,DEFENSIVE,1.0,1.0,0.5,0.0,0.0,False,24.020000457763672,0.0,0.0
2022-06-08,1.0,1.0,1.0,0.0,0.0,0.0,0.0,-0.010872128249894919,BURN_IN,NORMAL_TRENDING,DEFENSIVE,1.0,1.0,0.5,0.0,0.0,False,23.959999084472656,0.0,0.0
2022-06-09,1.0,1.0,1.0,0.0,0.0,0.0,0.0,-0.02378315884711457,BURN_IN,NORMAL_TRENDING,DEFENSIVE,1.0,1.0,0.5,0.0,0.0,False,26.09000015258789,0.0,0.0
2022-06-10,1.0,1.0,1.0,0.0,0.0,0.0,0.0,-0.02899530133973549,BURN_IN,NORMAL_TRENDING,DEFENSIVE,1.0,1.0,0.5,0.0,0.0,False,27.75,0.0,0.0
2022-06-13,1.0,1.0,1.0,0.0,0.0,0.0,0.0,-0.03796849006752123,BURN_IN,NORMAL_TRENDING,DEFENSIVE,1.0,1.0,0.5,0.0,0.0,False,34.02000045776367,0.0,0.0
2022-06-14,1.0,1.0,1.0,0.0,0.0,0.0,0.0,-0.0030132339402684227,BURN_IN,NORMAL_TRENDING,DEFENSIVE,1.0,1.0,0.5,0.0,0.0,False,32.689998626708984,0.0,0.0
2022-06-15,1.0,1.0,1.0,0.0,0.0,0.0,0.0,0.014256437281715106,BURN_IN,NORMAL_TRENDING,DEFENSIVE,1.0,1.0,0.5,0.0,0.0,False,29.6200008392334,0.0,0.0
2022-06-16,1.0,1.0,1.0,0.0,0.0,0.0,0.0,-0.03309616938062565,BURN_IN,NORMAL_TRENDING,DEFENSIVE,1.0,1.0,0.5,0.0,0.0,False,32.95000076293945,0.0,0.0
2022-06-17,1.0,1.0,1.0,0.0,0.0,0.0,0.0,0.0021557994962608795,BURN_IN,NORMAL_TRENDING,DEFENSIVE,1.0,1.0,0.5,0.0,0.0,False,31.1299991607666,0.0,0.0
2022-06-21,1.0,1.0,1.0,0.0,0.0,0.0,0.0,0.02517365495259627,BURN_IN,NORMAL_TRENDING,DEFENSIVE,1.0,1.0,0.5,0.0,0.0,False,30.190000534057617,0.0,0.0
2022-06-22,1.0,1.0,1.0,0.0,0.0,0.0,0.0,-0.0018129083376877686,BURN_IN,NORMAL_TRENDING,DEFENSIVE,1.0,1.0,0.5,0.0,0.0,False,28.950000762939453,0.0,0.0
2022-06-23,1.0,1.0,1.0,0.0,0.0,0.0,0.0,0.009802421321838173,BURN_IN,NORMAL_TRENDING,DEFENSIVE,1.0,1.0,0.5,0.0,0.0,False,29.049999237060547,0.0,0.0
2022-06-24,1.0,1.0,1.0,0.0,0.0,0.0,0.0,0.0317938626160752,BURN_IN,NORMAL_TRENDING,DEFENSIVE,1.0,1.0,0.5,0.0,0.0,False,27.229999542236328,0.0,0.0
2022-06-27,1.0,1.0,1.0,0.0,0.0,0.0,0.0,-0.003819691075187981,BURN_IN,NORMAL_TRENDING,DEFENSIVE,1.0,1.0,0.5,0.0,0.0,False,26.950000762939453,0.0,0.0
2022-06-28,1.0,1.0,1.0,0.0,0.0,0.0,0.0,-0.02043290338685355,BURN_IN,NORMAL_TRENDING,DEFENSIVE,1.0,1.0,0.5,0.0,0.0,False,28.360000610351562,0.0,0.0
2022-06-29,1.0,1.0,1.0,0.0,0.0,0.0,0.0,-0.0008146310872915175,BURN_IN,NORMAL_TRENDING,DEFENSIVE,1.0,1.0,0.5,0.0,0.0,False,28.15999984741211,0.0,0.0
2022-06-30,1.0,1.0,1.0,0.0,0.0,0.0,0.0,-0.008123988195690046,BURN_IN,NORMAL_TRENDING,DEFENSIVE,1.0,1.0,0.5,0.0,0.0,False,28.709999084472656,0.0,0.0
2022-07-01,1.0,1.0,1.0,0.0,0.0,0.0,0.0,0.010576566954378475,BURN_IN,NORMAL_TRENDING,DEFENSIVE,1.0,1.0,0.5,0.0,0.0,False,26.700000762939453,0.0,0.0
2022-07-05,1.0,1.0,1.0,0.0,0.0,0.0,0.0,0.0018886520187215705,BURN_IN,NORMAL_TRENDING,DEFENSIVE,1.0,1.0,0.5,0.0,0.0,False,27.540000915527344,0.0,0.0
2022-07-06,1.0,1.0,1.0,0.0,0.0,0.0,0.0,0.003377218476883881,BURN_IN,NORMAL_TRENDING,DEFENSIVE,1.0,1.0,0.5,0.0,0.0,False,26.729999542236328,0.0,0.0
2022-07-07,1.0,1.0,1.0,0.0,0.0,0.0,0.0,0.014977248479889571,BURN_IN,NORMAL_TRENDING,DEFENSIVE,1.0,1.0,0.5,0.0,0.0,False,26.079999923706055,0.0,0.0
2022-07-08,1.0,1.0,1.0,0.0,0.0,0.0,0.0,-0.0008226039580981892,BURN_IN,NORMAL_TRENDING,DEFENSIVE,1.0,1.0,0.5,0.0,0.0,False,24.639999389648438,0.0,0.0
2022-07-11,1.0,1.0,1.0,0.0,0.0,0.0,0.0,-0.011423685697738661,BURN_IN,NORMAL_TRENDING,DEFENSIVE,1.0,1.0,0.5,0.0,0.0,False,26.170000076293945,0.0,0.0
2022-07-12,1.0,1.0,1.0,0.0,0.0,0.0,0.0,-0.00884894459597696,BURN_IN,NORMAL_TRENDING,DEFENSIVE,1.0,1.0,0.5,0.0,0.0,False,27.290000915527344,0.0,0.0
2022-07-13,1.0,1.0,1.0,0.0,0.0,0.0,0.0,-0.0052516052200881624,BURN_IN,NORMAL_TRENDING,DEFENSIVE,1.0,1.0,0.5,0.0,0.0,False,26.81999969482422,0.0,0.0
2022-07-14,1.0,1.0,1.0,0.0,0.0,0.0,0.0,-0.0024284986446208023,BURN_IN,NORMAL_TRENDING,DEFENSIVE,1.0,1.0,0.5,0.0,0.0,False,26.399999618530273,0.0,0.0
2022-07-15,1.0,1.0,1.0,0.0,0.0,0.0,0.0,0.01910505581696431,BURN_IN,NORMAL_TRENDING,DEFENSIVE,1.0,1.0,0.5,0.0,0.0,False,24.229999542236328,0.0,0.0
2022-07-18,1.0,1.0,1.0,0.0,0.0,0.0,0.0,-0.008256849304247416,BURN_IN,NORMAL_TRENDING,DEFENSIVE,1.0,1.0,0.5,0.0,0.0,False,25.299999237060547,0.0,0.0
2022-07-19,1.0,1.0,1.0,0.0,0.0,0.0,0.0,0.027019293015092982,BURN_IN,NORMAL_TRENDING,DEFENSIVE,1.0,1.0,0.5,0.0,0.0,False,24.5,0.0,0.0
2022-07-20,1.0,1.0,1.0,0.0,0.0,0.0,0.0,0.006372815503227658,BURN_IN,NORMAL_TRENDING,DEFENSIVE,1.0,1.0,0.5,0.0,0.0,False,23.8799991607666,0.0,0.0
2022-07-21,1.0,1.0,1.0,0.0,0.0,0.0,0.0,0.010183350275433822,BURN_IN,NORMAL_TRENDING,DEFENSIVE,1.0,1.0,0.5,0.0,0.0,False,23.110000610351562,0.0,0.0
2022-07-22,1.0,1.0,1.0,0.0,0.0,0.0,0.0,-0.009278225673044815,BURN_IN,NORMAL_TRENDING,DEFENSIVE,1.0,1.0,0.5,0.0,0.0,False,23.030000686645508,0.0,0.0
2022-07-25,1.0,1.0,1.0,0.0,0.0,0.0,0.0,0.001215017387960593,BURN_IN,NORMAL_TRENDING,DEFENSIVE,1.0,1.0,0.5,0.0,0.0,False,23.360000610351562,0.0,0.0
2022-07-26,1.0,1.0,1.0,0.0,0.0,0.0,0.0,-0.011831031433756856,BURN_IN,NORMAL_TRENDING,DEFENSIVE,1.0,1.0,0.5,0.0,0.0,False,24.690000534057617,0.0,0.0
2022-07-27,1.0,1.0,1.0,0.0,0.0,0.0,0.0,0.02596623235455131,BURN_IN,NORMAL_TRENDING,DEFENSIVE,1.0,1.0,0.5,0.0,0.0,False,23.239999771118164,0.0,0.0
2022-07-28,1.0,1.0,1.0,0.0,0.0,0.0,0.0,0.01254269221067128,BURN_IN,NORMAL_TRENDING,DEFENSIVE,1.0,1.0,0.5,0.0,0.0,False,22.329999923706055,0.0,0.0
2022-07-29,1.0,1.0,1.0,0.0,0.0,0.0,0.0,0.014578622226785853,BURN_IN,NORMAL_TRENDING,DEFENSIVE,1.0,1.0,0.5,0.0,0.0,False,21.329999923706055,0.0,0.0
2022-08-01,1.0,1.0,1.0,0.0,0.0,0.0,0.0,-0.0029612123621288733,BURN_IN,NORMAL_TRENDING,DEFENSIVE,1.0,1.0,0.5,0.0,0.0,False,22.84000015258789,0.0,0.0
2022-08-02,1.0,1.0,1.0,0.0,0.0,0.0,0.0,-0.006597382611003955,BURN_IN,NORMAL_TRENDING,DEFENSIVE,1.0,1.0,0.5,0.0,0.0,False,23.93000030517578,0.0,0.0
2022-08-03,1.0,1.0,1.0,0.0,0.0,0.0,0.0,0.015659441194241452,BURN_IN,NORMAL_TRENDING,DEFENSIVE,1.0,1.0,0.5,0.0,0.0,False,21.950000762939453,0.0,0.0
2022-08-04,1.0,1.0,1.0,0.0,0.0,0.0,0.0,-0.0006755619650964384,BURN_IN,NORMAL_TRENDING,DEFENSIVE,1.0,1.0,0.5,0.0,0.0,False,21.440000534057617,0.0,0.0
2022-08-05,1.0,1.0,1.0,0.0,0.0,0.0,0.0,-0.0016902399468030627,BURN_IN,NORMAL_TRENDING,DEFENSIVE,1.0,1.0,0.5,0.0,0.0,False,21.149999618530273,0.0,0.0
2022-08-08,1.0,1.0,1.0,0.0,0.0,0.0,0.0,-0.0011609286964859855,BURN_IN,NORMAL_TRENDING,DEFENSIVE,1.0,1.0,0.5,0.0,0.0,False,21.290000915527344,0.0,0.0
2022-08-09,1.0,1.0,1.0,0.0,0.0,0.0,0.0,-0.003970929169510473,BURN_IN,NORMAL_TRENDING,DEFENSIVE,1.0,1.0,0.5,0.0,0.0,False,21.770000457763672,0.0,0.0
2022-08-10,1.0,1.0,1.0,0.0,0.0,0.0,0.0,0.02100394425355323,BURN_IN,NORMAL_TRENDING,DEFENSIVE,1.0,1.0,0.5,0.0,0.0,False,19.739999771118164,0.0,0.0
2022-08-11,1.0,1.0,1.0,0.0,0.0,0.0,0.0,0.0,BURN_IN,NORMAL_TRENDING,DEFENSIVE,1.0,1.0,0.5,0.0,0.0,False,20.200000762939453,0.0,0.0
2022-08-12,1.0,1.0,1.0,0.0,0.0,0.0,0.0,0.016929102758011405,BURN_IN,NORMAL_TRENDING,DEFENSIVE,1.0,1.0,0.5,0.0,0.0,False,19.530000686645508,0.0,0.0
2022-08-15,1.0,1.0,1.0,0.0,0.0,0.0,0.0,0.004120618131709497,BURN_IN,NORMAL_TRENDING,DEFENSIVE,1.0,1.0,0.5,0.0,0.0,False,19.950000762939453,0.0,0.0
2022-08-16,1.0,1.0,1.0,0.0,0.0,0.0,0.0,0.001958886750762945,BURN_IN,NORMAL_TRENDING,DEFENSIVE,1.0,1.0,0.5,0.0,0.0,False,19.690000534057617,0.0,0.0
2022-08-17,1.0,1.0,1.0,0.0,0.0,0.0,0.0,-0.007097990516188535,BURN_IN,NORMAL_TRENDING,DEFENSIVE,1.0,1.0,0.5,0.0,0.0,False,19.899999618530273,0.0,0.0
2022-08-18,1.0,1.0,1.0,0.0,0.0,0.0,0.0,0.0029062999004261236,BURN_IN,NORMAL_TRENDING,DEFENSIVE,1.0,1.0,0.5,0.0,0.0,False,19.559999465942383,0.0,0.0
2022-08-19,1.0,1.0,1.0,0.0,0.0,0.0,0.0,-0.013437860504006194,BURN_IN,NORMAL_TRENDING,DEFENSIVE,1.0,1.0,0.5,0.0,0.0,False,20.600000381469727,0.0,0.0
2022-08-22,1.0,1.0,1.0,0.0,0.0,0.0,0.0,-0.02082256102889768,BURN_IN,NORMAL_TRENDING,DEFENSIVE,1.0,1.0,0.5,0.0,0.0,False,23.799999237060547,0.0,0.0
2022-08-23,1.0,1.0,1.0,0.0,0.0,0.0,0.0,-0.0024192192583054606,BURN_IN,NORMAL_TRENDING,DEFENSIVE,1.0,1.0,0.5,0.0,0.0,False,24.110000610351562,0.0,0.0
2022-08-24,1.0,1.0,1.0,0.0,0.0,0.0,0.0,0.003201011102305973,BURN_IN,NORMAL_TRENDING,DEFENSIVE,1.0,1.0,0.5,0.0,0.0,False,22.81999969482422,0.0,0.0
2022-08-25,1.0,1.0,1.0,0.0,0.0,0.0,0.0,0.01411763503679242,BURN_IN,NORMAL_TRENDING,DEFENSIVE,1.0,1.0,0.5,0.0,0.0,False,21.780000686645508,0.0,0.0
2022-08-26,0.973407873929444,0.9654127444318288,0.9689166267313952,-0.02659212607055607,-0.03458725556817127,-0.031083373268604806,-0.031083373268604806,-0.033849078136540034,GOLDILOCKS,NORMAL_TRENDING,GROWTH,1.1860198243773912,1.1860198243773912,0.5073391199111938,0.0,0.0,False,25.559999465942383,0.0,0.0
2022-08-29,0.9710677777317632,0.9630233624587771,0.9640273424297298,-0.0024040243153512397,-0.002474984908613351,-0.005046135205832203,-0.005046135205832203,-0.006612302637525547,GOLDILOCKS,NORMAL_TRENDING,GROWTH,1.1859157039276884,1.185902347170472,0.514611542224884,-3.1083373268604775,-2.2525643555189616e-05,False,26.209999084472656,0.0,0.0
2022-08-30,0.9540582854640347,0.9478470965089417,0.9485748355781665,-0.01751627708980272,-0.015758980042901098,-0.016029116780668144,-0.016029116780668144,-0.010977735923491494,GOLDILOCKS,NORMAL_TRENDING,GROWTH,1.185951407437656,1.1859842777885738,0.5096697807312012,-3.597265757027024,5.543287981564206e-05,False,26.209999084472656,0.0,0.0
2022-08-31,0.9443624825712987,0.9373893263495696,0.9401280069070569,-0.010162694502485432,-0.011033182670379645,-0.0088904715639961,-0.008904757278281815,-0.007608949150361477,CAUTIOUS_BULL,EARLY_DD_UNCERTAINTY,GROWTH,1.1859076120677692,1.0673807275474438,0.527393102645874,-5.142516442183354,0.00011969582678305317,False,25.8700008392334,0.0,0.14414068063209798
2022-09-01,0.9290646979672018,0.9322722340246821,0.933580572756815,-0.016199060092311424,-0.0054588762438919965,-0.006950121368726658,-0.006964407083012372,0.003137822794575529,CAUTIOUS_BULL,EARLY_DD_UNCERTAINTY,GROWTH,1.1860031753619418,1.0674795531680878,0.5272886753082275,-5.987199309294311,0.0001437045849704091,False,25.559999465942383,0.0,0.14385903574463813
2022-09-02,0.9354780686567957,0.9388013193223547,0.942690351154595,0.006903039910596452,0.007003410655582972,0.00819049446798626,0.009757891995202187,-0.010544554943344275,CAUTIOUS_BULL,EARLY_DD_UNCERTAINTY,GROWTH,1.1860492323199117,1.0675221761512548,0.5306804180145264,-6.641942724318495,0.00014589438094607838,False,25.469999313354492,15.663984941740438,0.14147662918966483
2022-09-06,0.9293618869693143,0.9303268585980747,0.935510680431743,-0.006538027873024753,-0.009026894775134091,-0.007601863866600974,-0.007616149580886688,-0.0037731021269359344,CAUTIOUS_BULL,EARLY_DD_UNCERTAINTY,GROWTH,1.1855630972573157,1.0670462056225698,0.5364218354225159,-5.7309648845405015,7.388536126729382e-05,False,26.90999984741211,0.0,0.1439535143551661
2022-09-07,0.9481260868566631,0.9444888416074855,0.9567756900156535,0.02019041252976232,0.015222588575752507,0.02274519625193634,0.022730910537650625,0.0179649129823376,CAUTIOUS_BULL,EARLY_DD_UNCERTAINTY,GROWTH,1.1862474079204166,1.067716711849706,0.516913652420044,-6.448931956825699,0.0001761759547197752,False,24.639999389648438,0.0,0.13968204283768318
2022-09-08,0.9518250845245214,0.9518294702641444,0.9741518852311906,0.003901377379164438,0.007772064987200453,0.01817548629333971,0.018161200579053998,0.006536448119001115,CAUTIOUS_BULL,EARLY_DD_UNCERTAINTY,GROWTH,1.1866632900191867,1.0679772019237381,0.5313894748687744,-4.322430998434646,-3.700215309851461e-05,False,23.610000610351562,0.0,0.14030896362569736
2022-09-09,0.966900020854568,0.9685954796428201,0.9956967512470563,0.015837927130883812,0.01761450963902478,0.022130822511576338,0.022116536797290625,0.015534938995620307,CAUTIOUS_BULL,EARLY_DD_UNCERTAINTY,GROWTH,1.1872959945463306,1.068563313720837,0.5148897767066956,-2.584811476880944,-5.7672988304850145e-06,False,22.790000915527344,0.0,0.13976600291075686
2022-09-12,0.9878518220075929,0.9875316300930902,1.0099463813105218,0.02166904612796182,0.019550112351601114,0.014311214780623579,0.014311214780623579,0.010747921032634666,GOLDILOCKS,NORMAL_TRENDING,GROWTH,1.1871366152284246,1.1870464652412633,0.5155788660049438,-0.43032487529437446,-0.00015187803325205127,False,23.8700008392334,0.0,0.0
2022-09-13,0.9517523240880811,0.9531620545425936,0.9769859573794656,-0.03654343406093782,-0.034803518695656115,-0.032635815664081344,-0.032635815664081344,-0.04348253986881323,GOLDILOCKS,NORMAL_TRENDING,GROWTH,1.1856939844550844,1.185589862971921,0.533007025718689,0.0,-0.00017562960515689707,False,27.270000457763672,0.0,0.0
2022-09-14,0.9576102016924403,0.9549415795191729,0.9915570379991768,0.0061548340425349995,0.0018669700163770023,0.014914319402087041,0.014914319402087041,0.003815844602254037,GOLDILOCKS,NORMAL_TRENDING,GROWTH,1.1857368991231136,1.1857754505411544,0.5176571607589722,-3.2635815664081393,6.502524812898114e-05,False,26.15999984741211,0.0,0.0
2022-09-15,0.9372798188882657,0.9352911520836938,0.971366955259017,-0.021230332308744715,-0.020577622607419972,-0.02036199831822152,-0.02036199831822152,-0.011353295450330925,GOLDILOCKS,NORMAL_TRENDING,GROWTH,1.1854164737102049,1.1854285487313523,0.5352356433868408,-1.8208237240756004,2.0372622475175572e-05,False,26.270000457763672,0.0,0.0
2022-09-16,0.9442061253862777,0.9461325665113346,0.9961704969164419,0.007389795830905012,0.011591486141494831,0.025534677212497005,0.025534677212497005,-0.00762891191469961,GOLDILOCKS,NORMAL_TRENDING,GROWTH,1.1853848229261679,1.1854484550052442,0.533314049243927,-3.81994794629034,0.00010736104907974894,False,26.299999237060547,0.0,0.0
2022-09-19,0.9492075592445909,0.9449796619457527,0.9999764675832206,0.005296972476499255,-0.0012185444264253367,0.0038206016726652914,0.0038206016726652914,0.007754975497847649,GOLDILOCKS,NORMAL_TRENDING,GROWTH,1.1857785078542806,1.1857536214946864,0.5040698051452637,-1.3640213628177125,-4.197471859960988e-05,False,25.760000228881836,0.0,0.0
2022-09-20,0.939947400649181,0.9368211802327762,0.9932975241862544,-0.0097556730403405,-0.008633499790014376,-0.006679100572344562,-0.006679100572344562,-0.011478554395905838,GOLDILOCKS,NORMAL_TRENDING,GROWTH,1.1854047139553459,1.1853801998255056,0.5113931894302368,-0.987172577851525,-4.1359933112553224e-05,False,27.15999984741211,0.0,0.0
2022-09-21,0.9412926254982458,0.9356561031958712,0.9912974379811146,0.001431170348612812,-0.0012436493340334605,-0.0020135821910744903,-0.0020135821910744903,-0.01744400152419845,GOLDILOCKS,NORMAL_TRENDING,GROWTH,1.18490284313899,1.1849498721649498,0.5202078819274902,-1.6484892101562496,7.938039178821528e-05,False,27.989999771118164,0.0,0.0
2022-09-22,0.9367980200318498,0.9275731810339409,0.9845675158580734,-0.0047749290121304536,-0.008638774582158884,-0.006789003850093028,-0.006789003850093028,-0.008399749445870408,GOLDILOCKS,NORMAL_TRENDING,GROWTH,1.1849762704612172,1.1849500892778395,0.5109264850616455,-1.8465280607479477,-4.418853614266826e-05,False,27.350000381469727,0.0,0.0
2022-09-23,0.9072767263506014,0.9120864889475968,0.9596576305193028,-0.03151297616987344,-0.016695924810031272,-0.0253003323160233,-0.0253003323160233,-0.016754735852951286,GOLDILOCKS,NORMAL_TRENDING,GROWTH,1.1842878704589144,1.184339857857251,0.5128005743026733,-2.512892359643527,8.779520525939219e-05,False,29.920000076293945,0.0,0.0
2022-09-26,0.8957266314040451,0.9008438956348368,0.9378021106233497,-0.012730509458801062,-0.012326235997347302,-0.022760002949606062,-0.022774288663891775,-0.009892879292120127,CAUTIOUS_BULL,EARLY_DD_UNCERTAINTY,GROWTH,1.1834003384741458,1.065154357707081,0.5239893198013306,-4.97934857947247,0.00017661550231689454,False,32.2599983215332,0.0,0.146186434924867
2022-09-27,0.8967703187694772,0.9019544080250506,0.9374720455249778,0.0011651851456019697,0.0012327467562303343,-0.0007693348453101595,-0.0003519560199673379,-0.002552515129541688,CRISIS_MODE,FAST_SHOCK,GROWTH,1.1830259486074803,0.5915411490691812,0.5209473371505737,-7.143376323954604,9.526338952819572e-05,False,32.599998474121094,7.986122826957172,3.810865066425221
2022-09-28,0.9185446877950675,0.9207636449706209,0.9565368334147827,0.024280876128313908,0.020853866645827182,0.02071733252243037,0.02033638014147799,0.019676410477585282,CRISIS_MODE,FAST_SHOCK,GROWTH,1.1832794543816765,0.591642518660358,0.5323789119720459,-7.176057771651231,9.436382958906403e-06,False,30.18000030517578,0.0,3.733595982332403
2022-09-29,0.9141534670965532,0.9165849742386387,0.9498175146209193,-0.004780628266497447,-0.004538266421363219,-0.007000822000180731,-0.007024631523990255,-0.020889179360676913,RECOVERY_GROWTH,RECOVERY_ACCEL,GROWTH,1.1832004068801831,1.301446387484149,0.5062466859817505,-5.2883547962649375,-0.00011380548679203822,False,31.84000015258789,0.0,0.23977960144233976
2022-09-30,0.9120737241230263,0.9158043948846043,0.945865372274435,-0.002275047952432268,-0.0008516170087589351,-0.004137139590780886,-0.00416094911459041,-0.015463473894464896,RECOVERY_GROWTH,RECOVERY_ACCEL,GROWTH,1.1832321211021735,1.301558012098128,0.5077016949653625,-5.953669204852079,4.116437724851051e-06,False,31.6200008392334,0.0,0.2390900797508849
2022-10-03,0.9426917391924153,0.9621304160934068,0.9936904114196421,0.03356967124431605,0.050585061032208445,0.0505860148302652,0.05056220530645568,0.026401398731151993,RECOVERY_GROWTH,RECOVERY_ACCEL,GROWTH,1.1834562523825376,1.3018572251577238,0.524459183216095,-6.344991201704622,8.503219711697157e-05,False,30.100000381469727,0.0,0.22663602106815198
2022-10-04,0.9718078845435297,0.9962168590857031,1.0288706886831256,0.030886178525397653,0.03542809001995746,0.0354274693148133,0.03540365979100377,0.030986596746229056,RECOVERY_GROWTH,RECOVERY_ACCEL,GROWTH,1.1835203628074917,1.3017933287525625,0.527704119682312,-1.6095874188673012,-0.00012147171371605323,False,29.06999969482422,0.0,0.22995402405985085
2022-10-05,0.9610743207308934,0.9889654867819844,1.0119752013340095,-0.011044944153419788,-0.0072789094438472255,-0.016421390496351846,-0.016421390496351846,-0.0023283796691632164,GOLDILOCKS,NORMAL_TRENDING,GROWTH,1.183716201417299,1.1836117661875203,0.5150928497314453,0.0,-0.00017645315600747278,False,28.549999237060547,0.0,0.0
2022-10-06,0.960558718482277,0.9831619152754019,1.0116080827911331,-0.0005364853034718292,-0.005868325623239762,-0.00036277424821514734,-0.00036277424821514734,-0.010315754147268263,GOLDILOCKS,NORMAL_TRENDING,GROWTH,1.1834492545397854,1.1833525295419653,0.5106724500656128,-1.6421390496351846,-0.00016346285647515283,False,30.520000457763672,0.0,0.0
2022-10-07,0.9345181332610147,0.9539000025982519,0.9854974132679708,-0.027109831726276422,-0.029763065699054406,-0.025811052686649457,-0.025811052686649457,-0.027893970370027277,GOLDILOCKS,NORMAL_TRENDING,GROWTH,1.182878416818456,1.1829414119549886,0.530288815498352,-1.677820748697512,0.00010651160023995054,False,31.360000610351562,0.0,0.0
2022-10-10,0.915924647843178,0.9349425452419121,0.9644823481701419,-0.01989633454511416,-0.019873631727333183,-0.02131003722649359,-0.021324322940779305,-0.007635299023058373,CAUTIOUS_BULL,EARLY_DD_UNCERTAINTY,GROWTH,1.182648528640477,1.064363501032566,0.5195621252059937,-4.215619697619067,-3.7908781057940394e-05,False,32.45000076293945,0.0,0.14596985110165195
2022-10-11,0.9097345632286823,0.9346293344978466,0.9529092466777404,-0.006758290246989224,-0.00033500533873403874,-0.011985002312455882,-0.011999288026741597,-0.006332906344068356,CAUTIOUS_BULL,EARLY_DD_UNCERTAINTY,GROWTH,1.1823534561577682,1.0640964461679394,0.5245882868766785,-6.2581567558694635,-4.071798766985663e-05,False,33.630001068115234,0.0,0.1445921456593135
2022-10-12,0.9113936819364369,0.9315171403246613,0.9557411810817398,0.0018237393354236316,-0.0033298699904999703,0.0023088484343759853,0.002971882594142951,-0.0032986082013027884,CRISIS_MODE,FAST_SHOCK,GROWTH,1.182237934172805,0.5911110606312167,0.528370201587677,-7.38299213311344,-2.6750808639698337e-05,False,33.56999969482422,10.40893128548251,3.798235898368998
2022-10-13,0.9126863831299864,0.940416738372013,0.9505102231035033,0.001418378489088314,0.009553874708360163,-0.005092242749465597,-0.005473195130417978,0.026391404823605802,CRISIS_MODE,FAST_SHOCK,GROWTH,1.1824853200327226,0.5912648975294615,0.5310722589492798,-7.107745259512242,7.522296547321499e-05,False,31.940000534057617,0.0,3.8304888222931046
2022-10-14,0.8956876108663144,0.9321455018834514,0.9474452891429087,-0.018624987266026634,-0.008795288462092116,-0.012276881666137801,-0.0032245144619143344,-0.02278886167587979,CRISIS_MODE,FAST_SHOCK,GROWTH,1.1827855257764435,0.5914235062773318,0.5140734910964966,-7.616162695811422,0.00010396944649764748,False,32.02000045776367,94.63835860774098,3.821847411774305
2022-10-17,0.9054795740321088,0.9402193683458254,0.9535785321313416,0.010932341864507294,0.008661594618072376,0.006854405844403792,0.006473453463451411,0.02569692485885633,CRISIS_MODE,FAST_SHOCK,GROWTH,1.183094326950308,0.5915234043499892,0.5140703320503235,-7.914055715245913,-8.032876034855332e-05,False,31.3700008392334,0.0,3.7850216480271497
2022-10-18,0.9063214465684455,0.9386324158216185,0.9558414859739272,0.0009297532053516877,-0.0016878534708330306,0.002754069818409352,0.002373117437456971,0.01174954271396711,CRISIS_MODE,FAST_SHOCK,GROWTH,1.183403811112317,0.5917174713753489,0.5171593427658081,-7.317941640280578,5.2613719996991965e-05,False,30.5,0.0,3.800504765393915
2022-10-19,0.8944476787890454,0.924528408691523,0.9425936973596402,-0.013101055728469183,-0.015026124063433018,-0.015855894275559765,-0.013859817562520374,-0.0070864640913413934,CRISIS_MODE,FAST_SHOCK,GROWTH,1.1837423244367493,0.5918705350853604,0.4938565492630005,-7.097996231447717,-2.1191538102868654e-06,False,30.760000228881836,24.10437315429517,3.8630651882652898
2022-10-20,0.9019734973867604,0.9289667724823581,0.9444182546073786,0.00841392825559545,0.004800678647740817,-0.0005505041009910452,0.0019356773261367493,-0.008385241455747483,CRISIS_MODE,FAST_SHOCK,GROWTH,1.1838964858454373,0.5919598759938333,0.5162056684494019,-8.385601054872431,3.930435220886043e-05,False,29.979999542236328,28.61594684133505,3.8021640467881896
2022-10-21,0.9168255797399576,0.9464504508605481,0.9678278165472526,0.016466207040702906,0.018820563766205174,0.024811091880614547,0.024787282356805024,0.024301530965640916,RECOVERY_GROWTH,RECOVERY_ACCEL,GROWTH,1.18389188186128,1.302247332514411,0.5300043821334839,-8.208265140086702,-5.181298227082624e-05,False,29.690000534057617,0.0,0.23233625377128692
2022-10-24,0.9154711058601801,0.9442718673799555,0.96678368656366,-0.0014773517555669506,-0.0023018463128331636,-0.0010550290523719268,-0.0010788385761814506,0.012236430913169283,RECOVERY_GROWTH,RECOVERY_ACCEL,GROWTH,1.1837986824279643,1.3021262548702592,0.5274910926818848,-5.932997490093058,-8.032047598192755e-05,False,29.850000381469727,0.0,0.23835238183949128
2022-10-25,0.9218886414585912,0.9539238214487709,0.9766416300786976,0.007010090823545153,0.010221583849147443,0.010220447770858239,0.010196638247048716,0.015968511485322523,RECOVERY_GROWTH,RECOVERY_ACCEL,GROWTH,1.1842414234727157,1.3026889164170048,0.5172186493873596,-6.0344806011465,3.5850486310655744e-05,False,28.459999084472656,0.0,0.2356919723158005
2022-10-26,0.931260836967301,0.9653717425478924,0.9885820737787473,0.010166298929425397,0.01200087558536375,0.012249833207734892,0.012226023683925369,-0.007533965941880383,RECOVERY_GROWTH,RECOVERY_ACCEL,GROWTH,1.1844133562707593,1.302759784326197,0.5462772846221924,-5.076348192140363,-0.00014569172176783608,False,27.280000686645508,0.0,0.23521943965509526
2022-10-27,0.9294356270225607,0.9632912037200068,0.9864283247652649,-0.0019599341798632658,-0.002155168559620826,-0.0021548148621758486,-0.0021786243859853722,-0.0053401415093670135,RECOVERY_GROWTH,RECOVERY_ACCEL,GROWTH,1.1845224539286168,1.3029758867529961,0.5370549559593201,-3.915809376972784,1.8226470829861086e-06,False,27.389999389648438,0.0,0.23861509075081194
2022-10-28,0.9237599976659142,0.9562035786807489,0.979145417555985,-0.006106533031048304,-0.007357718010802025,-0.007359298834329813,-0.007383108358139337,0.023790722686626742,RECOVERY_GROWTH,RECOVERY_ACCEL,GROWTH,1.1854537209508333,1.304032772961726,0.5070682168006897,-4.125140737771783,5.1656348518509464e-05,False,25.75,0.0,0.23986619621333588
2022-10-31,0.9096043643692864,0.9393642625423267,0.9624424017466822,-0.015323929735423993,-0.01761059727642412,-0.017034959796680904,-0.017058769320490427,-0.007223207067537429,RECOVERY_GROWTH,RECOVERY_ACCEL,GROWTH,1.1858416797832525,1.3043557374370962,0.5119546055793762,-4.832995212526174,-0.00010749606748720127,False,25.8799991607666,0.0,0.24222733838384447
2022-11-01,0.9211585115216152,0.9532704275314471,0.9766678754194256,0.012702387548833296,0.01480380459810589,0.014804406936108095,0.014780597412298572,-0.004375977484827431,RECOVERY_GROWTH,RECOVERY_ACCEL,GROWTH,1.1858106838856715,1.304364190202102,0.5351457595825195,-6.456427194117705,-4.226042074974565e-05,False,25.809999465942383,0.0,0.23462730633831932
2022-11-02,0.9056965159600197,0.9349537993409686,0.957879091292222,-0.01678537989738021,-0.01921451422542356,-0.019213829595972894,-0.019237639119782417,-0.025096105579946237,RECOVERY_GROWTH,RECOVERY_ACCEL,GROWTH,1.18591549085695,1.3044865101990668,0.5212492942810059,-5.07379730396592,-3.147509817834471e-05,False,25.860000610351562,0.0,0.2427654726487991
2022-11-03,0.8992816688173186,0.9273626477944192,0.9500792194581398,-0.0070827777623738,-0.00811927985307959,-0.0081190468189047,-0.008142856342714224,-0.010296955238915273,RECOVERY_GROWTH,RECOVERY_ACCEL,GROWTH,1.1861446024269253,1.3047004713947146,0.5238991975784302,-6.899953334443541,-8.981163891461324e-05,False,25.299999237060547,0.0,0.24004993019186913
2022-11-04,0.9420332342246291,0.9782722270762259,1.0022134351152236,0.04753968293775501,0.05489716391196775,0.054897355423295296,0.05487354589948577,0.014393192428734602,RECOVERY_GROWTH,RECOVERY_ACCEL,GROWTH,1.1865274021614836,1.305198696517885,0.5208030343055725,-7.658053639941163,2.8431539295698528e-05,False,24.549999237060547,0.0,0.2257097440928006
2022-11-07,0.9436442289700947,0.9802105423844193,1.004215726279084,0.0017101251706810076,0.001981365978247678,0.002021678534246762,0.0019978690104372385,0.009565466830898872,RECOVERY_GROWTH,RECOVERY_ACCEL,GROWTH,1.1864562083346228,1.3049554954697284,0.5350468158721924,-2.590923607904619,-0.0002242487062483434,False,24.350000381469727,0.0,0.2376205034551406
2022-11-08,0.9562079254327347,0.9958592602179243,1.0202271719925948,0.013314018225228971,0.01596464958991227,0.015968038731250793,0.01594422920744127,0.005395593021244149,RECOVERY_GROWTH,RECOVERY_ACCEL,GROWTH,1.1864792146729282,1.3051602759468408,0.5016487836837769,-2.3963130328455517,5.078402816403833e-05,False,25.540000915527344,0.0,0.23435857131742463
2022-11-09,0.9336746108556022,0.9837362142816847,0.9904609154874974,-0.023565287400159313,-0.012173453037517322,-0.029176106383210006,-0.029176106383210006,-0.020602011100795514,GOLDILOCKS,NORMAL_TRENDING,GROWTH,1.1857227526801086,1.1856923104933736,0.539272665977478,-0.8400974763498988,-5.1347900116006356e-05,False,26.09000015258789,0.0,0.0
2022-11-10,0.9910231913635744,1.0208611822583489,1.042877014511007,0.06142244829322173,0.03773874280288896,0.05292091611480761,0.05292091611480761,0.05495398891069203,GOLDILOCKS,NORMAL_TRENDING,GROWTH,1.1865735680170628,1.1864946442444453,0.5191370248794556,-3.73319734132865,-0.00013302803086961398,False,23.530000686645508,0.0,0.0
2022-11-11,0.9977595942576294,1.0333843224643817,1.0564598680428166,0.006797422051027981,0.012267231258934976,0.013024405891406625,0.013024405891406625,0.009678385630990327,GOLDILOCKS,NORMAL_TRENDING,GROWTH,1.1871183694597858,1.1869689846930946,0.520904541015625,0.0,-0.00025167627851490227,False,22.520000457763672,0.0,0.0
2022-11-14,0.9976724483119318,1.034854749373016,1.0559024106051662,-8.73416263789086e-05,0.0014229235693528088,-0.0005276655124467149,-0.0005276655124467149,-0.008506716787306523,GOLDILOCKS,NORMAL_TRENDING,GROWTH,1.1870156955313456,1.1869491299765305,0.5190887451171875,0.0,-0.00011215614935128563,False,23.729999542236328,0.0,0.0
2022-11-15,1.0038675985099104,1.041096353493987,1.0767668286717784,0.006209603370786547,0.006031381819286729,0.019759797739882155,0.019759797739882155,0.008529172746037261,GOLDILOCKS,NORMAL_TRENDING,GROWTH,1.1865206823108916,1.1865092099137973,0.5321807861328125,-0.052766551244684955,-1.9337879676668586e-05,False,24.540000915527344,0.0,0.0
2022-11-16,0.9933021870307909,1.0361350984041144,1.0632496094194488,-0.010524706141330088,-0.0047654139534945095,-0.012553524953033152,-0.012553524953033152,-0.007629000751447124,GOLDILOCKS,NORMAL_TRENDING,GROWTH,1.186507307369974,1.1865185200884911,0.5250880718231201,0.0,1.890037835837569e-05,False,24.110000610351562,0.0,0.0
2022-11-17,0.9785589172421891,1.0262246315071415,1.0532043985331696,-0.01484268330534209,-0.009564840446228724,-0.00944765067138282,-0.00944765067138282,-0.003059784802904808,GOLDILOCKS,NORMAL_TRENDING,GROWTH,1.1868107892579827,1.1867743042336918,0.5129254460334778,-1.2553524953033228,-6.148414662389314e-05,False,23.93000030517578,0.0,0.0
2022-11-18,0.9695286411474249,1.0162276276874467,1.0375260498241448,-0.009228137351416475,-0.0097415356372931,-0.014886330451012618,-0.014886330451012618,0.004540542219713339,GOLDILOCKS,NORMAL_TRENDING,GROWTH,1.1872366923102415,1.1872209046272961,0.5156006813049316,-2.1882574305965314,-2.6595678936943336e-05,False,23.1200008392334,0.0,0.0
2022-11-21,0.9603366837694475,1.0099829423886302,1.010652204760306,-0.009480851815887406,-0.006144967061195732,-0.02590185091583364,-0.02590185091583364,-0.003636019252299172,GOLDILOCKS,NORMAL_TRENDING,GROWTH,1.1876457339019384,1.18766914140712,0.5225964784622192,-3.644315352474058,3.941832907485265e-05,False,22.360000610351562,0.0,0.0
2022-11-22,0.9714018139052712,1.0215768777002563,1.0167323715545735,0.011522136270366773,0.011479337744265445,0.006030367968526341,0.006016082254240627,0.013457103608099263,CAUTIOUS_BULL,EARLY_DD_UNCERTAINTY,GROWTH,1.1882602477559534,1.069466138417703,0.5194582939147949,-6.14010593110736,5.968658316528737e-05,False,21.290000915527344,0.0,0.14200284207886046
2022-11-23,0.9815153897287172,1.0302574430423825,1.0267840479061543,0.010411320710620123,0.00849722182599492,0.009900541559776117,0.009886255845490402,0.006301335274406128,CAUTIOUS_BULL,EARLY_DD_UNCERTAINTY,GROWTH,1.1887310198714327,1.0697791261132485,0.527043342590332,-5.575437088014594,-0.00014729389711247502,False,20.350000381469727,0.0,0.14145864648642129
2022-11-25,0.975790805536997,1.0306609930842465,1.0137206978722786,-0.005832393716518654,0.00039169825424618596,-0.012708301922827426,-0.01272258763711314,-0.00022349411330768731,CAUTIOUS_BULL,EARLY_DD_UNCERTAINTY,GROWTH,1.1889370678705757,1.0699190077037517,0.5254720449447632,-4.641931700968097,-0.00023242680491146884,False,20.5,0.0,0.14469807682041225
2022-11-28,0.964313841204149,1.0160412601293785,1.0035582203069273,-0.011761705754679707,-0.014184812516401381,-0.012404217227305454,-0.010024928549531964,-0.015957162613728038,CAUTIOUS_BULL,EARLY_DD_UNCERTAINTY,GROWTH,1.1890669268214,1.0701239315242976,0.4887532591819763,-5.855133081808341,-6.784519514794568e-05,False,22.209999084472656,24.178127925506704,0.1443037779202206
2022-11-29,0.9704387993394306,1.0228756713471654,1.0116785665572963,0.0063516231682761775,0.006726509528674709,0.00810584043034926,0.008091554716063544,-0.0017176235572046172,CAUTIOUS_BULL,EARLY_DD_UNCERTAINTY,GROWTH,1.1889665081798835,1.0700715832577432,0.5072363615036011,-6.798928645968407,3.2257629466358004e-06,False,21.889999389648438,0.0,0.14171048471622164
2022-11-30,1.00349547399236,1.0601400066160438,1.0807817859251925,0.0340636366512044,0.03643095276652726,0.06831979464984801,0.0683055089355623,0.031500666419686185,CAUTIOUS_BULL,EARLY_DD_UNCERTAINTY,GROWTH,1.188584411635334,1.069683245105311,0.5579849481582642,-6.044787077511509,-7.988095581253491e-05,False,20.579999923706055,0.0,0.13372311727520977
2022-12-01,1.024589860916101,1.086182588669282,1.1061284787836616,0.021020908883443226,0.024565229017595294,0.023452183584655267,0.023452183584655267,-0.0007357595902214298,GOLDILOCKS,NORMAL_TRENDING,GROWTH,1.1894098080009912,1.1892827853492265,0.4937841296195984,0.0,-0.00021358938006108553,False,19.84000015258789,0.0,0.0
2022-12-02,1.0187450674999536,1.0813030350744142,1.1015064368839373,-0.005704520061248127,-0.00449238797028207,-0.004178575986766849,-0.004178575986766849,-0.0011536561843087378,GOLDILOCKS,NORMAL_TRENDING,GROWTH,1.1895463050859192,1.189522629253327,0.5265270471572876,0.0,-3.9806491753896736e-05,False,19.059999465942383,0.0,0.0
2022-12-05,0.9915904589814866,1.058293888278944,1.075504193751572,-0.026654959503367975,-0.02127909202981809,-0.023606074609898317,-0.023606074609898317,-0.017989324349670266,GOLDILOCKS,NORMAL_TRENDING,GROWTH,1.1893992363182495,1.1894072475087691,0.5079254508018494,-0.4178575986766766,1.3470986486423014e-05,False,20.75,0.0,0.0
2022-12-06,0.9877528433386319,1.0602758293227108,1.0793314684570374,-0.003870161928339347,0.0018727699986909132,0.003558586500825464,0.003558586500825464,-0.014414900923445995,GOLDILOCKS,NORMAL_TRENDING,GROWTH,1.1887449454027055,1.1886899225375067,0.5234919786453247,-2.7686010820158296,-9.257303749086254e-05,False,22.170000076293945,0.0,0.0
2022-12-07,0.9980998038323521,1.0663467929580173,1.0974159659579632,0.01047525255280181,0.005725834228612468,0.016755276788861247,0.016755276788861247,-0.0017011859955796682,GOLDILOCKS,NORMAL_TRENDING,GROWTH,1.1881065583323536,1.1881174485543466,0.5332263708114624,-2.4225947383699165,1.83320627543181e-05,False,22.68000030517578,0.0,0.0
2022-12-08,1.0110396362893073,1.067078831745883,1.1005523917299835,0.012964467488392185,0.0006864922300138167,0.0028580099700686403,0.0028580099700686403,0.007834069644809372,GOLDILOCKS,NORMAL_TRENDING,GROWTH,1.1882505030090833,1.1882386062111605,0.5043001174926758,-0.7876583048724135,-2.0024057036211905e-05,False,22.290000915527344,0.0,0.0
2022-12-09,1.0183162040953049,1.067610626385396,1.1032173649599804,0.007197114281991764,0.0004983649039714474,0.0024214869278577395,0.0024214869278577395,-0.007470212317101099,GOLDILOCKS,NORMAL_TRENDING,GROWTH,1.1877982948324712,1.1877899025953425,0.5270711779594421,-0.5041084431538851,-1.4130744530172217e-05,False,22.829999923706055,0.0,0.0
2022-12-12,1.009028808771944,1.0512805055647738,1.0947515410716075,-0.009120345218911741,-0.01529595192950717,-0.00767375873265009,-0.00767375873265009,0.01441716828717654,GOLDILOCKS,NORMAL_TRENDING,GROWTH,1.187200826263547,1.1870953443230519,0.5011568069458008,-0.26318044237342303,-0.00017769856314365278,False,25.0,0.0,0.0
2022-12-13,1.0344216346545168,1.07470592779664,1.1181756404858363,0.025165610398654222,0.02228275147105623,0.02139672659542444,0.02139672659542444,0.007569920557883858,GOLDILOCKS,NORMAL_TRENDING,GROWTH,1.187963548235177,1.1879268954006335,0.4882190227508545,-1.0285367324205001,-6.170700203366598e-05,False,22.549999237060547,0.0,0.0
2022-12-14,1.0308074832112886,1.0747926900109983,1.1146389318385421,-0.003493886169961259,8.073112105753911e-05,-0.0031629276468206746,-0.0031629276468206746,-0.006393611894436546,GOLDILOCKS,NORMAL_TRENDING,GROWTH,1.1880945257889697,1.1880595703025454,0.532272219657898,0.0,-5.8842938277333565e-05,False,21.139999389648438,0.0,0.0
2022-12-15,0.9983908957223466,1.050998698525603,1.087014620330148,-0.03144776111631833,-0.022138214845089668,-0.024783192762546903,-0.024783192762546903,-0.024461692404854407,GOLDILOCKS,NORMAL_TRENDING,GROWTH,1.1878883044332083,1.1878772043871406,0.5145481824874878,-0.316292764682076,-1.86887033506194e-05,False,22.829999923706055,0.0,0.0
2022-12-16,0.9953807965723177,1.0585734834170581,1.0727590678825862,-0.0030149505198073076,0.0072072257578258,-0.01311440727745886,-0.01311440727745886,-0.011806081074720698,GOLDILOCKS,NORMAL_TRENDING,GROWTH,1.18792969294218,1.187827713828507,0.5177600979804993,-2.78677329638026,-0.00017169217046957344,False,22.6200008392334,0.0,0.0
2022-12-19,0.982686234742113,1.0515167415587323,1.0652677101496182,-0.012753472715085123,-0.006666274915130831,-0.00696897637806313,-0.006983262092348844,-0.008479751912669808,CAUTIOUS_BULL,EARLY_DD_UNCERTAINTY,GROWTH,1.1881681160830888,1.0693340695077578,0.509698748588562,-4.0616671441274645,-3.2234433997524526e-05,False,22.420000076293945,0.0,0.1438617672831496
2022-12-20,1.0100963511754233,1.0738487061254716,1.0921378393947085,0.0278930501560384,0.02123785925998197,0.025238113479905854,0.02522382776562014,0.0013685708726649537,CAUTIOUS_BULL,EARLY_DD_UNCERTAINTY,GROWTH,1.1885028754026077,1.0696252790079592,0.515863299369812,-4.731629667163034,-5.106116639632634e-05,False,21.479999542236328,0.0,0.1393423943027999
2022-12-21,1.0073729098202224,1.0686850610236767,1.088181136363402,-0.002696219377519536,-0.004808540600123992,-0.0036086114041764925,-0.0036228971184622065,0.014952363623409681,CAUTIOUS_BULL,EARLY_DD_UNCERTAINTY,GROWTH,1.1890486763911716,1.070060303359765,0.5156196355819702,-2.328596702376254,-0.00015606387030706487,False,20.06999969482422,0.0,0.14337658146097274
2022-12-22,0.9864438163381533,1.0458627651146897,1.0747353738938463,-0.02077591453774972,-0.021355492596786124,-0.014481810355251784,-0.012356180437468476,-0.014266104213793485,CAUTIOUS_BULL,EARLY_DD_UNCERTAINTY,GROWTH,1.1888412713359542,1.0698320733805797,0.5088825225830078,-2.6824501479393703,-0.00023378660062534464,False,21.969999313354492,21.666876151939878,0.14464439510229526
2022-12-23,0.9997765716158417,1.0469039251063281,1.0778903334090653,0.013515980390228334,0.0009955034507078857,0.002949854405756439,0.002935568691470725,0.005752321383512449,CAUTIOUS_BULL,EARLY_DD_UNCERTAINTY,GROWTH,1.1890418960579645,1.0701435857557393,0.5137211084365845,-3.8849233536437615,1.098793834803706e-05,False,20.8700008392334,0.0,0.14243900337838095
2022-12-27,1.006829574092334,1.0545515876982006,1.089687551127586,0.0070545786696054975,0.007305028100927136,0.010959014832701173,0.010944729118415458,-0.0039436423535498255,CAUTIOUS_BULL,EARLY_DD_UNCERTAINTY,GROWTH,1.1886705310933592,1.0697417533618132,0.5293371677398682,-3.6027709438624025,-0.00011539431957423863,False,21.649999618530273,0.0,0.14131053730476445
2022-12-28,0.9940331809660805,1.0447467523346707,1.0851417970852975,-0.012709592025829919,-0.009297634632489699,-0.006021510783365753,-0.004171612346662839,-0.012427894339924195,CAUTIOUS_BULL,EARLY_DD_UNCERTAINTY,GROWTH,1.188614465637504,1.0698604342295541,0.5074200630187988,-2.547729384077121,0.000200822346626315,False,22.139999389648438,18.71993381692569,0.14345558394231434
2022-12-29,1.0130405078135503,1.0528880828238545,1.0952389730672096,0.019121420905685402,0.007792635364494366,0.009319222644217893,0.009304936929932178,0.01800027915642155,CAUTIOUS_BULL,EARLY_DD_UNCERTAINTY,GROWTH,1.1886387730165366,1.0697360814834371,0.5198992490768433,-2.954262479388833,-7.256523143553937e-05,False,21.440000534057617,0.0,0.14154012095856836
2022-12-30,1.017231890166745,1.0566744770261902,1.1026780303917414,0.004137428188573541,0.0035961981753848747,0.006806463044954207,0.0067921773306684925,-0.002633989400620651,CAUTIOUS_BULL,EARLY_DD_UNCERTAINTY,GROWTH,1.1886828244572543,1.0697059894446819,0.510642409324646,-2.0512580124407735,-0.00020293716823637276,False,21.670000076293945,0.0,0.1418933778725847
2023-01-03,1.0210958166184587,1.065051525143117,1.1092214454853024,0.0037984716061943732,0.007927747190887426,0.005934112146259513,0.005934112146259513,-0.004209922842847269,GOLDILOCKS,NORMAL_TRENDING,GROWTH,1.1881250000287074,1.1881548731342981,0.5212132930755615,-1.385972787545375,5.028613250295716e-05,False,22.899999618530273,0.0,0.0
2023-01-04,1.0345484137863734,1.0807697722728824,1.1198275161489037,0.013174666812822013,0.01475820348471236,0.009561725214356075,0.009561725214356075,0.0077201575843841574,GOLDILOCKS,NORMAL_TRENDING,GROWTH,1.1881633007158154,1.188173373800708,0.5171067118644714,-0.800786090872391,1.6955724666132395e-05,False,22.010000228881836,0.0,0.0
2023-01-05,1.0129029955477016,1.061631788352346,1.0957861742910464,-0.020922576411335957,-0.017707734257120158,-0.021468790069148945,-0.021468790069148945,-0.011413177594857382,GOLDILOCKS,NORMAL_TRENDING,GROWTH,1.1879453850675914,1.18790164466805,0.5200518369674683,0.0,-7.364042167480959e-05,False,22.459999084472656,0.0,0.0
2023-01-06,1.0418554389779782,1.0920766745391197,1.1289076284000725,0.028583628992647336,0.028677444026072474,0.030226201868676836,0.030226201868676836,0.022932059804209093,GOLDILOCKS,NORMAL_TRENDING,GROWTH,1.1886609939619324,1.188666968256987,0.5007036924362183,-2.1468790069148964,1.0052142848146041e-05,False,21.1299991607666,0.0,0.0
2023-01-09,1.042344083327856,1.0914812380103784,1.1293178771328043,0.0004690135805763509,-0.0005452332630331086,0.0003634032780106578,0.0003634032780106578,-0.0005670796209401585,GOLDILOCKS,NORMAL_TRENDING,GROWTH,1.1885111250440241,1.1884550773617524,0.509527325630188,0.0,-9.4315789041655e-05,False,21.969999313354492,0.0,0.0
2023-01-10,1.048141565739528,1.0988898236785583,1.133892329080315,0.0055619660574679234,0.006787643626091552,0.004050632722758709,0.004050632722758709,0.007012956674418813,GOLDILOCKS,NORMAL_TRENDING,GROWTH,1.1889090637227198,1.1888288396291904,0.5082811117172241,0.0,-0.00013495412891906963,False,20.579999923706055,0.0,0.0
2023-01-11,1.0466856808515412,1.0895318529562457,1.1328799535891696,-0.001389015506659692,-0.008515840733683952,-0.0008928321192244877,-0.0008928321192244877,0.012647792827945592,GOLDILOCKS,NORMAL_TRENDING,GROWTH,1.1886220960133447,1.1885253128671325,0.52963787317276,0.0,-0.00016284931356525968,False,21.09000015258789,0.0,0.0
2023-01-12,1.0646389018983904,1.1006286550883357,1.148928908929942,0.01715244736341775,0.010184926766464979,0.014166510131922029,0.014166510131922029,0.003640922232116539,GOLDILOCKS,NORMAL_TRENDING,GROWTH,1.1894204795968981,1.1894016518910757,0.5140753984451294,-0.08928321192246051,-3.165862055577546e-05,False,18.829999923706055,0.0,0.0
2023-01-13,1.0779445833491614,1.117151085285114,1.1602894040991365,0.012497835112962017,0.015011811768113736,0.009887900879589876,0.009887900879589876,0.00387931868715774,GOLDILOCKS,NORMAL_TRENDING,GROWTH,1.189810355184326,1.1898092563594718,0.5232772827148438,0.0,-1.8470588180133543e-06,False,18.350000381469727,0.0,0.0
2023-01-17,1.0726060633811592,1.1044632862464525,1.1478909133750588,-0.004952499460979278,-0.011357281218075648,-0.01068568813976545,-0.01068568813976545,-0.0018318631053179102,GOLDILOCKS,NORMAL_TRENDING,GROWTH,1.1897714539461142,1.1897230694615424,0.5191402435302734,0.0,-8.133408212377477e-05,False,19.360000610351562,0.0,0.0
2023-01-18,1.0602932361256519,1.0857917647259279,1.1421684050386367,-0.011479356378700453,-0.016905515785844052,-0.004985237072394346,-0.004985237072394346,-0.01578809081530308,GOLDILOCKS,NORMAL_TRENDING,GROWTH,1.1894018095280408,1.1893651854590435,0.5256626605987549,-1.0685688139765503,-6.158401425664096e-05,False,20.34000015258789,0.0,0.0
2023-01-19,1.0735657180098093,1.0993860275663803,1.1439259048162946,0.012517746442159292,0.012520138098380255,0.0015387396200987856,0.0015387396200987856,-0.007279684507268902,GOLDILOCKS,NORMAL_TRENDING,GROWTH,1.189241705158375,1.1892469831548163,0.5216988325119019,-1.5617654523501552,8.876238393736297e-06,False,20.520000457763672,0.0,0.0
2023-01-20,1.0805068653729533,1.1049178179413939,1.1616951756020932,0.0064655076505343535,0.005031708823204677,0.01553358544551206,0.01553358544551206,0.018629072891350074,GOLDILOCKS,NORMAL_TRENDING,GROWTH,1.1892230728652642,1.1891400687307765,0.5307718515396118,-1.410294640719114,-0.00013959388508625405,False,19.850000381469727,0.0,0.0
2023-01-23,1.0875771812424437,1.1164151377010023,1.1685043919752376,0.006543517765664612,0.010405588155895122,0.005861448438584861,0.005861448438584861,0.011998502292312363,GOLDILOCKS,NORMAL_TRENDING,GROWTH,1.189368699263528,1.1893506649407697,0.517284095287323,0.0,-3.032587417100984e-05,False,19.809999465942383,0.0,0.0
2023-01-24,1.0947879731692338,1.1232967085056083,1.1693189398155424,0.00663014271644829,0.0061639891579909805,0.0006970858183321765,0.0006970858183321765,-0.0010731939171784166,GOLDILOCKS,NORMAL_TRENDING,GROWTH,1.1895131595434527,1.1895426959792592,0.52464759349823,0.0,4.9661385533413785e-05,False,19.200000762939453,0.0,0.0
2023-01-25,1.0940827362986705,1.1263177306769976,1.1736639429319204,-0.000644176669681303,0.002689424929775183,0.003715840878335111,0.003715840878335111,0.0003747481912688144,GOLDILOCKS,NORMAL_TRENDING,GROWTH,1.1895670463337404,1.189574078682186,0.528138279914856,0.0,1.182337467599131e-05,False,19.079999923706055,0.0,0.0
2023-01-26,1.0873857592875458,1.1125163187111538,1.1998470332276163,-0.006121088276907532,-0.012253568944127425,0.022308847820857524,0.022308847820857524,0.01099034599836557,GOLDILOCKS,NORMAL_TRENDING,GROWTH,1.1897971847915714,1.1898254696355346,0.5217486619949341,0.0,4.754565622602009e-05,False,18.729999542236328,0.0,0.0
2023-01-27,1.0830625416269133,1.110100770560379,1.1958991620549175,-0.003975790214013038,-0.0021712473876996075,-0.0032903120675966758,-0.0032903120675966758,0.00229772793658789,GOLDILOCKS,NORMAL_TRENDING,GROWTH,1.1902946738664024,1.190231588796019,0.5018858909606934,0.0,-0.00010599908034259304,False,18.510000228881836,0.0,0.0
2023-01-30,1.0744351515750232,1.1078497010705215,1.1947801139089707,-0.007965735791148731,-0.002027806438438164,-0.0009357378794579691,-0.0009357378794579691,-0.012546944416402361,GOLDILOCKS,NORMAL_TRENDING,GROWTH,1.189674406926628,1.1897150478329153,0.5307744145393372,-0.3290312067596589,6.832273780202054e-05,False,19.940000534057617,0.0,0.0
2023-01-31,1.08419635544292,1.1161909994797055,1.2074920693140752,0.009084963251237265,0.007529268998424298,0.010639577322319882,0.010639577322319882,0.014703504812142665,GOLDILOCKS,NORMAL_TRENDING,GROWTH,1.1899602784524566,1.189950175160667,0.5032966136932373,-0.4222971077417709,-1.6980889148158194e-05,False,19.399999618530273,0.0,0.0
2023-02-01,1.1040520360896844,1.1338214769636135,1.2302516790671667,0.018313731223209066,0.015795215596726822,0.01884866189309254,0.01884866189309254,0.010627783882826813,GOLDILOCKS,NORMAL_TRENDING,GROWTH,1.1901230352018006,1.1900705198044559,0.5291690826416016,0.0,-8.825204754700742e-05,False,17.8700008392334,0.0,0.0
2023-02-02,1.0937685584258527,1.1493990771339169,1.200924809425618,-0.009314305238957215,0.0137390237235763,-0.02383810576368067,-0.02383810576368067,0.014557001546560144,GOLDILOCKS,NORMAL_TRENDING,GROWTH,1.1903514212902706,1.190240436919279,0.5043988227844238,0.0,-0.00018647328680712022,False,18.729999542236328,0.0,0.0
2023-02-03,1.0531455585208147,1.1083234515393936,1.147915148766665,-0.037140398297334995,-0.03573660916532778,-0.04414069910364045,-0.04414069910364045,-0.010629227637591443,GOLDILOCKS,NORMAL_TRENDING,GROWTH,1.1903104620536396,1.1902876773044635,0.5266667604446411,-2.3838105763680577,-3.8283708162634435e-05,False,18.329999923706055,0.0,0.0
2023-02-06,1.050176423276565,1.10521116439885,1.1413882042720784,-0.00281930187164244,-0.0028081036598303893,-0.005671626264138216,-0.0056859119784239305,-0.006111326429691033,CAUTIOUS_BULL,EARLY_DD_UNCERTAINTY,GROWTH,1.1901187108184288,1.0711042589950246,0.5199946165084839,-6.692657421360565,-4.818831260595907e-06,False,19.43000030517578,0.0,0.14367406092112306
2023-02-07,1.0589030639174524,1.106533608676508,1.1427376306883967,0.00830969011250528,0.001196553491546841,0.001196553422386807,0.0011822677081010926,0.01307872901417273,CAUTIOUS_BULL,EARLY_DD_UNCERTAINTY,GROWTH,1.1898159026416242,1.0708920414516736,0.5479344129562378,-7.223194758203348,0.00010782074041653592,False,18.65999984741211,0.0,0.1426884469140373
2023-02-08,1.0565279886976784,1.107306599398903,1.1381722543465826,-0.002242958114586256,0.000698569583728716,-0.005621080215647337,-0.003995122081578674,-0.010934958989029187,CAUTIOUS_BULL,EARLY_DD_UNCERTAINTY,GROWTH,1.1899216529906433,1.070929106203904,0.5125755071640015,-7.113507737305194,-7.12442190950139e-07,False,19.6299991607666,16.4682310771647,0.14343016387199226
2023-02-09,1.0411097666783327,1.0882078791424525,1.1236689959031374,-0.014593292543390885,-0.01724790610551609,-0.012728300821327391,-0.012742586535613106,-0.008669066313865548,CAUTIOUS_BULL,EARLY_DD_UNCERTAINTY,GROWTH,1.18962610183641,1.0706858597391242,0.5151028037071228,-7.48460061362427,4.178359779631172e-05,False,20.709999084472656,0.0,0.14470100797302962
2023-02-10,1.0335341819532253,1.0875002903892537,1.1222565798415929,-0.007276451501629164,-0.0006502330728907639,-0.0012426823667898105,-0.0012569680810755248,0.0023337294759508964,CAUTIOUS_BULL,EARLY_DD_UNCERTAINTY,GROWTH,1.1893813838475178,1.0704150385898425,0.5244097709655762,-8.663486096181977,-5.270129554857152e-05,False,20.530000686645508,0.0,0.14303693571975742
2023-02-13,1.0356555165863812,1.0821976679584209,1.1410661127317947,0.0020525055389525987,-0.004875973347036839,0.01677474248332219,0.016760456769036477,0.011738890391377765,CAUTIOUS_BULL,EARLY_DD_UNCERTAINTY,GROWTH,1.1892426521097146,1.070343902568545,0.5291822552680969,-8.778293178795794,4.767865359352281e-05,False,20.34000015258789,0.0,0.14050226078923297
2023-02-14,1.0342991635410925,1.0922968407981604,1.1456372082254072,-0.0013096565639502977,0.009332096287724913,0.004020272258456185,0.004005986544170471,-0.0004601793730594217,CAUTIOUS_BULL,EARLY_DD_UNCERTAINTY,GROWTH,1.1898127182243834,1.0708672771727468,0.513885498046875,-7.249375705221276,6.692140191064846e-05,False,18.90999984741211,0.0,0.14228714247896365
2023-02-15,1.027983058558731,1.0823746418577467,1.1551940008825554,-0.006106651929154875,-0.009083793498078226,0.00835618713694627,0.008341901422660555,0.003247435438476831,CAUTIOUS_BULL,EARLY_DD_UNCERTAINTY,GROWTH,1.1900752101049614,1.0710347281251689,0.5277500152587891,-6.877817952332983,-6.154787345726345e-05,False,18.229999542236328,0.0,0.14167530145835155
2023-02-16,1.0263415906977047,1.0846148877606423,1.1552606519121733,-0.001596784934693084,0.0020697509127251793,-0.0019933479637802305,5.769682803649732e-05,-0.013768870040682946,CAUTIOUS_BULL,EARLY_DD_UNCERTAINTY,GROWTH,1.1895660574747513,1.0706593566670601,0.535750150680542,-6.101001889428305,9.322716085371534e-05,False,20.170000076293945,20.652113499583244,0.14284890092867072
2023-02-17,1.0259689860233379,1.082894428260769,1.1467400716667415,-0.0003630415816176237,-0.001586239981847703,-0.007361175599426071,-0.007375461313711785,-0.002498229824391407,CAUTIOUS_BULL,EARLY_DD_UNCERTAINTY,GROWTH,1.1893167955228752,1.070436719480655,0.5383213758468628,-6.095584215081505,9.642045521243634e-05,False,20.020000457763672,0.0,0.14391860899007233
2023-02-21,1.0219756120962944,1.0810330236297179,1.1431468313414623,-0.0038922949732834466,-0.0017189160664911553,-0.006128290898966103,-0.003133439228348052,-0.020060915899358434,CAUTIOUS_BULL,EARLY_DD_UNCERTAINTY,GROWTH,1.188501463469783,1.0696087759073294,0.5287234783172607,-6.788172600889886,-7.954221117554864e-05,False,22.8700008392334,30.185959719367652,0.1433061840759914
2023-02-22,1.0123774243612045,1.0625195206340592,1.1307153849883853,-0.009391797242012353,-0.017125751564459245,-0.01086047333874762,-0.010874759053033334,-0.0013780311933186962,CAUTIOUS_BULL,EARLY_DD_UNCERTAINTY,GROWTH,1.188293433307543,1.069486941532422,0.5267218351364136,-7.080246197408262,4.27345917408844e-05,False,22.290000915527344,0.0,0.1444277599471373
2023-02-23,1.0177256613482866,1.05918050537664,1.1377414873471539,0.005282848924112087,-0.003142544859247852,0.006228141519246434,0.0062138558049607195,0.005319468419589413,CAUTIOUS_BULL,EARLY_DD_UNCERTAINTY,GROWTH,1.188581448649364,1.0697146239339383,0.5221989750862122,-8.090726131278632,-1.6228216135066097e-05,False,21.139999389648438,0.0,0.1419749311073227
2023-02-24,0.9947213250265935,1.0363591482206316,1.1289069339228692,-0.022603671299018684,-0.021546239795919624,-0.009353078484768327,-0.007764991891861046,-0.010682482047953301,CAUTIOUS_BULL,EARLY_DD_UNCERTAINTY,GROWTH,1.1885416542441278,1.0697321474174715,0.5247277617454529,-7.519615156319748,8.349840158586706e-05,False,21.670000076293945,16.14912086450351,0.1439751084065495
2023-02-27,1.002329107932219,1.0458451772904902,1.1390928674156877,0.00764815503017597,0.009153225584147738,0.009037114068632848,0.009022828354347133,0.0034057983550801474,CAUTIOUS_BULL,EARLY_DD_UNCERTAINTY,GROWTH,1.1888375190247014,1.069876852600581,0.5165674686431885,-8.23772459478712,-0.00014377167315752964,False,20.950000762939453,0.0,0.14157969358347805
2023-02-28,1.0082642848866037,1.05026656180207,1.1526812657336951,0.005921385408659818,0.004227570779677385,0.01194342574027496,0.011929140025989245,-0.0036960423435673517,CAUTIOUS_BULL,EARLY_DD_UNCERTAINTY,GROWTH,1.1889577676184735,1.0700566393486997,0.524181604385376,-7.409769334401542,-1.0002239070755719e-05,False,20.700000762939453,0.0,0.1411730695426696
2023-03-01,1.0116741686648723,1.0565701385319803,1.154084510706449,0.0033819345080262986,0.006001882721177686,0.001231660381914012,0.0012173746676282977,-0.0038357783412520385,CAUTIOUS_BULL,EARLY_DD_UNCERTAINTY,GROWTH,1.1893201490509868,1.0703940152583067,0.5061066150665283,-6.305247507752969,1.0988747410273465e-05,False,20.579999923706055,0.0,0.14268344364735658
2023-03-02,1.016097652154949,1.0584545926627273,1.1613034892563385,0.004372438900870936,0.0017835580071998186,0.006269441626109339,0.0062551559118236245,0.007777179230765485,CAUTIOUS_BULL,EARLY_DD_UNCERTAINTY,GROWTH,1.1898443469230542,1.0708417537655348,0.5024900436401367,-6.191185889579206,-3.39138014348381e-05,False,19.59000015258789,0.0,0.14196910397710416
2023-03-03,1.0296228109435166,1.0732094616558954,1.16634958497421,0.013310884795259091,0.01394001131031015,0.004359485538926601,0.004345199824640887,0.0160378895869715,CAUTIOUS_BULL,EARLY_DD_UNCERTAINTY,GROWTH,1.1901278495326857,1.071087426474949,0.5213893055915833,-5.604397131415245,-5.160622865299451e-05,False,18.489999771118164,0.0,0.1422390856073049
2023-03-06,1.023115783075064,1.0654832058703685,1.1664109582763285,-0.0063198171206889,-0.0071992058042478005,6.690570310312967e-05,5.2619988817415385e-05,0.0006927711529463032,CAUTIOUS_BULL,EARLY_DD_UNCERTAINTY,GROWTH,1.1903389280418446,1.071238640339497,0.5147574543952942,-5.194229374383798,-0.00012395143489371974,False,18.610000610351562,0.0,0.1428496261114143
2023-03-07,0.9920087255164548,1.036890918835928,1.1374295751132306,-0.030404239748031466,-0.026835042426674328,-0.027131672007466794,-0.024846631418762873,-0.0153288420199309,CAUTIOUS_BULL,EARLY_DD_UNCERTAINTY,GROWTH,1.189944139638826,1.0708382274808668,0.5298495292663574,-5.189240695793662,-0.0002082230218722911,False,19.59000015258789,23.579124854328846,0.14649710236348512
2023-03-08,0.9940317179651268,1.0386325766357294,1.1368801193063902,0.00203928896655513,0.0016796924036682483,-0.00046878226536107735,-0.00048306797964679164,0.0016322833880548782,CAUTIOUS_BULL,EARLY_DD_UNCERTAINTY,GROWTH,1.1898507529247049,1.0708543851775676,0.5310826301574707,-7.5449686867583114,-2.1090328885990358e-05,False,19.110000610351562,0.0,0.14292618592101433
2023-03-09,0.9910256589685815,1.0324669623739828,1.1473144452774584,-0.003024107724347997,-0.00593628045224411,0.006424834308783366,0.009178035391659407,-0.01844991198107837,CAUTIOUS_BULL,EARLY_DD_UNCERTAINTY,GROWTH,1.1889787682900663,1.0700897388278579,0.5189913511276245,-7.589630751942976,1.653588409757363e-05,False,22.610000610351562,27.423177081808966,0.14155791926416664
2023-03-10,1.0030064461617492,1.0602787268825338,1.1784294406924973,0.01208928051937318,0.0269371955927795,0.024969715048155032,0.027119849787574493,-0.014429469691367824,CAUTIOUS_BULL,EARLY_DD_UNCERTAINTY,GROWTH,1.187746442324753,1.0689196406784518,0.529780387878418,-6.741485112427981,-9.758426540153847e-05,False,24.799999237060547,21.072715653901657,0.1390851738350574
2023-03-13,1.052390283231255,1.0932412804977667,1.2291798472689628,0.049235812250744075,0.031088573956539228,0.043080425123228454,0.04306613940894274,-0.0014253418977794308,CAUTIOUS_BULL,EARLY_DD_UNCERTAINTY,GROWTH,1.1866177334226122,1.067888858738312,0.5240304470062256,-4.212328197264756,-0.00012566312572293915,False,26.520000457763672,0.0,0.13695885376750258
2023-03-14,1.0573775956938563,1.0868568354438608,1.2225208888727128,0.004739033172454053,-0.005839923142125565,-0.005417399586435705,-0.005417399586435705,0.01653024784085222,GOLDILOCKS,NORMAL_TRENDING,GROWTH,1.1868472464339714,1.1867446799166403,0.5137200355529785,-0.08712296975011057,-0.0001728386153134989,False,23.729999542236328,0.0,0.0
2023-03-15,1.0594804857338194,1.0965200816708696,1.2231270637222391,0.001988778699801306,0.008891001935008564,0.0004958400752442067,0.0004958400752442067,-0.006254394601055369,GOLDILOCKS,NORMAL_TRENDING,GROWTH,1.1859584528377956,1.185958693031524,0.5327386260032654,-0.6283909484533867,4.0506263577248116e-07,False,26.139999389648438,0.0,0.0
2023-03-16,1.068832827824655,1.1107503821145293,1.2290722100984932,0.008827290560578922,0.012977692503338072,0.004860612239387262,0.004860612239387262,0.01754509583438235,GOLDILOCKS,NORMAL_TRENDING,GROWTH,1.1866388267279517,1.1865809589650695,0.5246624946594238,-0.579118522344127,-9.753222560842067e-05,False,22.989999771118164,0.0,0.0
2023-03-17,1.09393751088681,1.1517677161928046,1.2465604394357999,0.023487941620626656,0.03692758943750351,0.01422880543032142,0.01422880543032142,-0.011692666310062827,GOLDILOCKS,NORMAL_TRENDING,GROWTH,1.1859352425406673,1.185951879558913,0.5387239456176758,-0.09587216898316442,2.8057211977085542e-05,False,25.510000228881836,0.0,0.0
2023-03-20,1.1009887915055379,1.1644325595106797,1.2614656863250646,0.006445780082092526,0.010996004784488197,0.011957099245032127,0.011957099245032127,0.009615624004294165,GOLDILOCKS,NORMAL_TRENDING,GROWTH,1.1862630597936146,1.1862981465536118,0.5206338763237,0.0,5.915510848543747e-05,False,24.149999618530273,0.0,0.0
2023-03-21,1.088151640043094,1.142032225848052,1.2647981664418249,-0.011659656811664625,-0.019237124107935304,0.0026417524890974655,0.0026417524890974655,0.013130572045089162,GOLDILOCKS,NORMAL_TRENDING,GROWTH,1.1872716357326023,1.187269740923186,0.5252224206924438,0.0,-3.19187178259211e-06,False,21.3799991607666,0.0,0.0
2023-03-22,1.1065686359039357,1.1666009102356578,1.283725269766131,0.016925026975203858,0.021513127065535657,0.014964524638387638,0.014964524638387638,-0.017046616304817186,GOLDILOCKS,NORMAL_TRENDING,GROWTH,1.1874385044351934,1.187364561912291,0.5287997722625732,0.0,-0.00012454122487387987,False,22.260000228881836,0.0,0.0
2023-03-23,1.1254210515077934,1.1857906387945094,1.3003032251743696,0.017036824460922355,0.016449265889030645,0.01291394334806458,0.01291394334806458,0.002703477014396105,GOLDILOCKS,NORMAL_TRENDING,GROWTH,1.1875423499300397,1.187478185538788,0.5194397568702698,0.0,-0.00010806248931739111,False,22.610000610351562,0.0,0.0
2023-03-24,1.1151645343548502,1.1847922417244694,1.291701195185782,-0.009113493246995884,-0.0008419674075476473,-0.00661540310140664,-0.00661540310140664,0.006562053909922927,GOLDILOCKS,NORMAL_TRENDING,GROWTH,1.1879554572928248,1.1879082006881854,0.5143682360649109,0.0,-7.955955646190188e-05,False,21.739999771118164,0.0,0.0
2023-03-27,1.1038189553581077,1.1722142034372165,1.277024925103697,-0.01017390586520607,-0.010616239577114009,-0.0113619698865218,-0.0113619698865218,0.0018697850582301,GOLDILOCKS,NORMAL_TRENDING,GROWTH,1.1884722057420334,1.188494956328411,0.5204866528511047,-0.6615403101406663,3.8285432790026416e-05,False,20.600000381469727,0.0,0.0
2023-03-28,1.1101022034732893,1.176792695135966,1.2951849994954485,0.0056922814060055595,0.00390584902087362,0.01422061076080964,0.01422061076080964,-0.0022446277300065542,GOLDILOCKS,NORMAL_TRENDING,GROWTH,1.1887430005087596,1.1887603331149312,0.5357058048248291,-1.790220897710306,2.9161233612810876e-05,False,19.969999313354492,0.0,0.0
2023-03-29,1.1163119737705651,1.1930118711923996,1.3030434091426173,0.005593872598258743,0.013782526118213038,0.006067403228287945,0.006067403228287945,0.014534882791326753,GOLDILOCKS,NORMAL_TRENDING,GROWTH,1.1899501611592427,1.189919630190532,0.480398952960968,-0.3936178561915597,-5.131470158556794e-05,False,19.1200008392334,0.0,0.0
2023-03-30,1.1310967676792567,1.2124743262621256,1.3194359031437628,0.013244320813609907,0.01631371450669091,0.012580159560402817,0.012580159560402817,0.005855195031720717,GOLDILOCKS,NORMAL_TRENDING,GROWTH,1.1899201221149425,1.1898963225509724,0.5206476449966431,0.0,-4.000195227832972e-05,False,19.020000457763672,0.0,0.0
2023-03-31,1.135830131148641,1.220576901211528,1.327185037456574,0.004184755544033587,0.00668267754120714,0.005873066129508483,0.005873066129508483,0.014094635206363781,GOLDILOCKS,NORMAL_TRENDING,GROWTH,1.1898760519819627,1.1898049632312677,0.5285439491271973,0.0,-0.00011948933769444662,False,18.700000762939453,0.0,0.0
2023-04-03,1.1380949730928314,1.2297842194336381,1.3361972664922614,0.0019939970617789565,0.007543415095739614,0.006790484206300758,0.006790484206300758,0.0038105803359500534,GOLDILOCKS,NORMAL_TRENDING,GROWTH,1.1898814849702446,1.1897548334965076,0.5295740962028503,0.0,-0.00021288082105108658,False,18.549999237060547,0.0,0.0
2023-04-04,1.1585330710875703,1.2570405254808816,1.3376265569861094,0.017958165599481896,0.022163486582870498,0.001069670272264481,0.001069670272264481,-0.0055481028622010875,GOLDILOCKS,NORMAL_TRENDING,GROWTH,1.1898305270822749,1.189700781977975,0.5245634317398071,0.0,-0.00021809005794807147,False,19.0,0.0,0.0
2023-04-05,1.145486939051178,1.2466716968997977,1.3255799960593055,-0.011260906021565112,-0.008248603263699335,-0.00900592236591563,-0.00900592236591563,-0.0026182272948183094,GOLDILOCKS,NORMAL_TRENDING,GROWTH,1.1899333323215144,1.1898742480643703,0.5148596167564392,0.0,-9.930683600389019e-05,False,19.079999923706055,0.0,0.0
2023-04-06,1.1516665445227663,1.2535421840034162,1.325553162758552,0.005394741101724726,0.005511063675147203,-2.0242686849030085e-05,-2.0242686849030085e-05,0.0039007167039315505,GOLDILOCKS,NORMAL_TRENDING,GROWTH,1.1901534843129085,1.190140297016976,0.5192176103591919,-0.9005922365915612,-2.216066432813843e-05,False,18.399999618530273,0.0,0.0
2023-04-10,1.1432209455107927,1.2537978950386703,1.31996127453142,-0.007333371844602246,0.00020399076992965587,-0.004218531843336159,-0.004218531843336159,0.001026575649087702,GOLDILOCKS,NORMAL_TRENDING,GROWTH,1.189959160028235,1.1899544176333696,0.5281580686569214,-0.9025982748698419,-7.970685086993721e-06,False,18.969999313354492,0.0,0.0
2023-04-11,1.149190703705347,1.259821474134557,1.3237531795566218,0.0052218761543833155,0.004804266397098131,0.0028727396010521005,0.0028727396010521005,0.00026854152610966686,GOLDILOCKS,NORMAL_TRENDING,GROWTH,1.1899948012158292,1.1900035530822635,0.5181559324264526,-1.3206438196391836,1.4709083477120982e-05,False,19.100000381469727,0.0,0.0
2023-04-12,1.1542799962466284,1.2609864251985385,1.3294592013372406,0.004428588331659629,0.0009246953539840175,0.004310487686631946,0.004310487686631946,-0.004076057590475246,GOLDILOCKS,NORMAL_TRENDING,GROWTH,1.1901106942322455,1.190104823434383,0.511423647403717,-1.0371637253335242,-9.86596942789858e-06,False,19.09000015258789,0.0,0.0
2023-04-13,1.1810989088932753,1.2909973391252072,1.3545421328882234,0.023234321597752544,0.023799553529645454,0.0188670186537149,0.0188670186537149,0.013282860988295342,GOLDILOCKS,NORMAL_TRENDING,GROWTH,1.1905882681002204,1.1905418493699622,0.5075947642326355,-0.61058563813739,-7.797612575538759e-05,False,17.799999237060547,0.0,0.0
2023-04-14,1.165500798836679,1.275497519801263,1.3249861909732485,-0.013206438460951708,-0.012006081541923999,-0.02181987639760906,-0.02181987639760906,-0.002442882131262203,GOLDILOCKS,NORMAL_TRENDING,GROWTH,1.1907563465267768,1.1907421567575254,0.522850751876831,0.0,-2.383320364887253e-05,False,17.06999969482422,0.0,0.0
2023-04-17,1.1673039946466284,1.2638946817244323,1.3153261555047517,0.0015471424916647311,-0.009096715514302557,-0.007290668789084711,-0.007290668789084711,0.003588222416728737,GOLDILOCKS,NORMAL_TRENDING,GROWTH,1.1911112228503051,1.1908378274841178,0.5120986700057983,-2.181987639760915,-0.0004590593404584581,False,16.950000762939453,0.0,0.0
2023-04-18,1.1868087577398154,1.2880642649897471,1.3385997526096631,0.01670924042292151,0.019123099111658874,0.017694164301005715,0.017694164301005715,0.0006522594022730921,GOLDILOCKS,NORMAL_TRENDING,GROWTH,1.1912530806309145,1.1911615949147256,0.5169264078140259,-2.895146369486006,-0.0001535957684835421,False,16.829999923706055,0.0,0.0
2023-04-19,1.1836430732133332,1.2931581887932992,1.342403355041739,-0.0026673922869520127,0.00395471246428272,0.0028414785111535237,0.0028414785111535237,-0.00016897143810046256,GOLDILOCKS,NORMAL_TRENDING,GROWTH,1.1914038406048175,1.1913507399779826,0.5156667828559875,-1.1769571349225711,-8.913959318463684e-05,False,16.459999084472656,0.0,0.0
2023-04-20,1.1765875969728075,1.2877828128597741,1.3396133928282337,-0.005960814032706464,-0.004156781420949881,-0.0020783337608825643,-0.0020783337608825643,-0.005456874645609733,GOLDILOCKS,NORMAL_TRENDING,GROWTH,1.1914411024530744,1.1914441845311565,0.506179928779602,-0.89615358221465,5.173697760862748e-06,False,17.170000076293945,0.0,0.0
2023-04-21,1.1747682921081863,1.2794564997520945,1.3387779204525754,-0.0015462553483497042,-0.00646561906598944,-0.0006236667833652929,-0.0006236667833652929,0.0007767664814666286,GOLDILOCKS,NORMAL_TRENDING,GROWTH,1.1914259919257661,1.1914317002707053,0.5150731801986694,-1.1021244520580522,9.58237436118812e-06,False,16.770000457763672,0.0,0.0
2023-04-24,1.1687677152854188,1.2838574081005558,1.3122490532404743,-0.0051078811567166135,0.003439670164100227,-0.01981573404133602,-0.01981573404133602,0.0010430944957680044,GOLDILOCKS,NORMAL_TRENDING,GROWTH,1.1911189227045789,1.1911369889105623,0.5318344831466675,-1.163803771982701,3.0334848417400958e-05,False,16.889999389648438,0.0,0.0
2023-04-25,1.158410673901288,1.2815201137099792,1.3177106323296035,-0.008861505369012939,-0.001820524908630221,0.004161998879436921,0.004161998879436921,-0.0158737726039766,GOLDILOCKS,NORMAL_TRENDING,GROWTH,1.1905819534449849,1.1906399540247279,0.527202844619751,-3.1223155500943887,9.743231799396442e-05,False,18.760000228881836,0.0,0.0
2023-04-26,1.158877327519499,1.27956426203041,1.3193257788339474,0.00040283953586098915,-0.0015261966305835989,0.001225721690875667,0.001225721690875667,-0.004235571416622008,GOLDILOCKS,NORMAL_TRENDING,GROWTH,1.1903055663621551,1.1902461369742892,0.5256935358047485,-2.7191107359714204,-9.985568335643832e-05,False,18.84000015258789,0.0,0.0
2023-04-27,1.1696790754694333,1.303956800548552,1.3157328776585038,0.009320872618204266,0.019063160203799414,-0.0027232858124087334,-0.0027232858124087334,0.01990795468783957,GOLDILOCKS,NORMAL_TRENDING,GROWTH,1.1907658652323043,1.1907322922175179,0.5187137126922607,-2.5998714398928247,-5.638894390023471e-05,False,17.030000686645508,0.0,0.0
2023-04-28,1.174203105529421,1.3080265567967255,1.3179800347386896,0.0038677532622973373,0.003121082114423882,0.0017079128433614673,0.0017079128433614673,0.008535216404572665,GOLDILOCKS,NORMAL_TRENDING,GROWTH,1.191114766143875,1.19107933279479,0.5306370854377747,-2.865119828127355,-5.9496112536434186e-05,False,15.779999732971191,0.0,0.0
2023-05-01,1.1661192926283082,1.3137596087934085,1.2972544295476216,-0.006884509897006409,0.004382978286559291,-0.015725280083758883,-0.015725280083758883,-0.001009636101387268,GOLDILOCKS,NORMAL_TRENDING,GROWTH,1.191188918739744,1.1911677166703198,0.5323663949966431,-2.6992219187434396,-3.5598164305721705e-05,False,16.079999923706055,0.0,0.0
2023-05-02,1.1774992914018747,1.3171088903007255,1.2864343897623227,0.009758863304557091,0.002549386877857453,-0.010012322329055981,-0.008340722944435814,-0.011239233992705877,CAUTIOUS_BULL,EARLY_DD_UNCERTAINTY,GROWTH,1.1907429584032756,1.0716244683194143,0.5372416973114014,-4.229303906438857,-8.247743930152773e-05,False,17.780000686645508,17.000648689654913,0.14405869653265832
2023-05-03,1.1791852758150285,1.3301919936488533,1.303626593769583,0.0014318347581734935,0.009933197964475367,0.013378514892298146,0.013364229178012431,-0.006864026744808904,CAUTIOUS_BULL,EARLY_DD_UNCERTAINTY,GROWTH,1.190417103910959,1.071284174393734,0.5346031188964844,-5.028100748751015,-0.00017028415377229946,False,18.34000015258789,0.0,0.14097314543362263
2023-05-04,1.1905726760324669,1.3326068036983183,1.3190725427125316,0.009657006791886533,0.0018153845918444313,0.011862731440055221,0.011848445725769506,-0.007083157121897776,CAUTIOUS_BULL,EARLY_DD_UNCERTAINTY,GROWTH,1.1898652744118245,1.0708659110762546,0.5269144773483276,-3.7588745216862134,-2.3972638216813674e-05,False,20.09000015258789,0.0,0.1411843280093943
2023-05-05,1.194116488253851,1.336317719554225,1.3264948196304989,0.0029765610220400755,0.0027847042695625214,0.005641176334497041,0.005626890620211327,0.018512641935420238,CAUTIOUS_BULL,EARLY_DD_UNCERTAINTY,GROWTH,1.190598252093005,1.0716016841820772,0.5128771066665649,-2.6185667698694455,0.00011806818455718622,False,17.190000534057617,0.0,0.14205779915952427
2023-05-08,1.1981864600843088,1.3419400601126674,1.3333759082824077,0.0034083541015411476,0.004207338177269674,0.005201707896473893,0.005187422182188179,0.0002664994753553973,CAUTIOUS_BULL,EARLY_DD_UNCERTAINTY,GROWTH,1.1908871696878949,1.0717723533953871,0.5204519033432007,-2.0706120966441017,-4.8701924605319656e-05,False,16.979999542236328,0.0,0.14211990689956155
2023-05-09,1.204101831485034,1.3473486100620289,1.340269540178293,0.0049369372779500065,0.004030396073657239,0.005170058835670152,0.005170058835670152,-0.004385150593387621,GOLDILOCKS,NORMAL_TRENDING,GROWTH,1.1909709057499804,1.1910719401023557,0.5113520622253418,-1.5626110175461314,0.00016966720494617624,False,17.709999084472656,0.0,0.0
2023-05-10,1.209083475633966,1.3598158987835414,1.3485062355503203,0.004137228279760874,0.009253201902170334,0.00614555141716631,0.00614555141716631,0.004672297672494219,GOLDILOCKS,NORMAL_TRENDING,GROWTH,1.1912184902631529,1.191153554625489,0.5105816721916199,-1.0536839248770937,-0.00010902389140994502,False,16.940000534057617,0.0,0.0
2023-05-11,1.1853811965912497,1.340051352356958,1.3095936721177712,-0.019603509203769555,-0.014534722269583964,-0.028856050055021856,-0.028856050055021856,-0.0017439250086966895,GOLDILOCKS,NORMAL_TRENDING,GROWTH,1.1912695700225338,1.1912813170452687,0.5139918327331543,-0.44560425189824554,1.9721854785271343e-05,False,16.93000030517578,0.0,0.0
2023-05-12,1.1745452539818082,1.3149051336385893,1.2951191117021097,-0.009141314743815724,-0.01876511573540814,-0.011052711023148408,-0.011052711023148408,-0.0013104013606809461,GOLDILOCKS,NORMAL_TRENDING,GROWTH,1.1911149964538408,1.1911322238263242,0.5277051329612732,-3.3183508788029235,2.8926463918071202e-05,False,17.030000686645508,0.0,0.0
2023-05-15,1.183919552681505,1.3230719052086741,1.3046780090926584,0.00798121542606978,0.006210920743374136,0.007394994796700493,0.007380709082414779,0.0034501952736296637,CAUTIOUS_BULL,EARLY_DD_UNCERTAINTY,GROWTH,1.191202582471865,1.0720541500659533,0.5162944197654724,-4.386945207780948,-5.255969264413714e-05,False,17.1200008392334,0.0,0.14181048095239587
2023-05-16,1.1715737859583535,1.3073381153192063,1.2974878324617853,-0.010427876366421285,-0.011891863040494591,-0.005496787961182595,-0.005511073675468309,-0.006682698076652005,CAUTIOUS_BULL,EARLY_DD_UNCERTAINTY,GROWTH,1.1910572468201321,1.072012219231831,0.513515830039978,-3.6812530658785954,0.00011324596767410287,False,17.989999771118164,0.0,0.14364880198829308
2023-05-17,1.178607366976025,1.3176596773446376,1.3161913255280424,0.00600353225889079,0.00789509760672061,0.014429444452822692,0.014415158738536977,0.01213883045817199,CAUTIOUS_BULL,EARLY_DD_UNCERTAINTY,GROWTH,1.1909364655178127,1.0718424169358696,0.5353361368179321,-4.212072776561334,-7.501662645870299e-07,False,16.8700008392334,0.0,0.14082709788642256
2023-05-18,1.1755034016079413,1.3155707401424095,1.3222133071853601,-0.0026335872785587366,-0.0015853389446035503,0.004589594440698867,0.004575308726413153,0.009633304971483625,CAUTIOUS_BULL,EARLY_DD_UNCERTAINTY,GROWTH,1.1911195309803913,1.0719836730769197,0.5316872000694275,-2.831274600400026,-4.4598202336715805e-05,False,16.049999237060547,0.0,0.14220650419753517
2023-05-19,1.1853982908014404,1.3286938451455332,1.3329110294075661,0.008417575976355476,0.009975218057603824,0.008105054551712215,0.0080907688374265,-0.0014550813783380523,CAUTIOUS_BULL,EARLY_DD_UNCERTAINTY,GROWTH,1.1910104022912356,1.0719286219096924,0.5321874618530273,-2.3866976831447957,3.593558982116233e-05,False,16.809999465942383,0.0,0.14171059518964926
2023-05-22,1.1834562337503065,1.3236093840656624,1.328684289507613,-0.0016383160547844078,-0.0038266611217077956,-0.0031710592880545433,-0.0031710592880545433,0.00040615493964790694,GOLDILOCKS,NORMAL_TRENDING,GROWTH,1.191190138505568,1.1911349048828361,0.5100443363189697,-1.596931018641288,-9.27368703728218e-05,False,17.209999084472656,0.0,0.0
2023-05-23,1.1715369422450066,1.3124106281591286,1.3067846240787908,-0.010071594677843297,-0.008460771010957279,-0.016482218990440393,-0.016482218990440393,-0.011222951366380074,GOLDILOCKS,NORMAL_TRENDING,GROWTH,1.1908986842022122,1.190906199551609,0.511526346206665,-1.9089729845076928,1.2621307750980195e-05,False,18.530000686645508,0.0,0.0
2023-05-24,1.1558442622394232,1.3005106966782511,1.292884556327374,-0.013394951059342361,-0.009067231875109983,-0.010636846726916012,-0.010636846726916012,-0.007244659455179936,GOLDILOCKS,NORMAL_TRENDING,GROWTH,1.1901202007196097,1.1900473193081693,0.5268375873565674,-3.5257307727742404,-0.00012247739580632496,False,20.030000686645508,0.0,0.0
2023-05-25,1.1904262470079856,1.4301690297714262,1.2971788579490737,0.029919242495144157,0.09969801357601045,0.003335774551539779,0.0033214888372540647,0.008659789119109806,CAUTIOUS_BULL,EARLY_DD_UNCERTAINTY,GROWTH,1.1898590989738684,1.0708889078267738,0.536373496055603,-4.551912787635475,2.9356884554666318e-05,False,19.139999389648438,0.0,0.14238421527550407
2023-05-26,1.2108090716791569,1.4471720734846685,1.3260416620149418,0.017122291046926565,0.011888835067250605,0.022264728580354193,0.02225044286606848,0.012950773408182625,CAUTIOUS_BULL,EARLY_DD_UNCERTAINTY,GROWTH,1.1904400842963168,1.0713270816088358,0.5110110640525818,-4.234883031422347,-0.00012879318751195256,False,17.950000762939453,0.0,0.13974769475923762
2023-05-30,1.218440915443254,1.4588290014104661,1.332443043458872,0.006303094304961903,0.008054970199728104,0.004841721855472604,0.00482743614118689,0.00038093172783293383,CAUTIOUS_BULL,EARLY_DD_UNCERTAINTY,GROWTH,1.1906077748295332,1.071550165415854,0.5251741409301758,-2.104066767750629,5.913075734456205e-06,False,17.459999084472656,0.0,0.14217082229139114
2023-05-31,1.2112824655444518,1.4643214055099043,1.3173267655620795,-0.005875089885830101,0.003764940300835657,-0.011344783532024293,-0.011344783532024293,-0.005545229463299273,GOLDILOCKS,NORMAL_TRENDING,GROWTH,1.1906939956798364,1.1907021022466686,0.5160683989524841,-1.63148040159006,1.3616541045189722e-05,False,17.940000534057617,0.0,0.0
2023-06-01,1.2298768421839898,1.47669130149609,1.3329031241539366,0.015350983084841504,0.008447527940000489,0.011824217801580099,0.011824217801580099,0.009501072586989512,GOLDILOCKS,NORMAL_TRENDING,GROWTH,1.1912671812131843,1.19122020615591,0.5207855701446533,-2.7474499627997138,-7.886569531187645e-05,False,15.649999618530273,0.0,0.0
2023-06-02,1.2202071991042076,1.468275497324047,1.3272360721534275,-0.007862285676191034,-0.0056990951077701465,-0.004251660828018786,-0.004251660828018786,0.014461095061971907,GOLDILOCKS,NORMAL_TRENDING,GROWTH,1.192001066120418,1.1920123448027176,0.5071369409561157,-1.5975146294007865,1.8923946664565167e-05,False,14.600000381469727,0.0,0.0
2023-06-05,1.2254321927650467,1.4789673899489006,1.3316108486141078,0.004282054445077062,0.007281939012358093,0.003296155486176698,0.003296155486176698,-0.0019162795441519664,GOLDILOCKS,NORMAL_TRENDING,GROWTH,1.1921651787536718,1.19220607777071,0.5179187059402466,-2.015888621830651,6.861300391452157e-05,False,14.729999542236328,0.0,0.0
2023-06-06,1.2264152347393036,1.4785460789208362,1.3311019642352946,0.0008022002196945152,-0.0002848683689225549,-0.00038215697877713695,-0.00038215697877713695,0.002177429273905629,GOLDILOCKS,NORMAL_TRENDING,GROWTH,1.1925057843549174,1.1925474811794081,0.5118902325630188,-1.6929177555533372,6.993144190593431e-05,False,13.960000038146973,0.0,0.0
2023-06-07,1.2035826076009328,1.4513706543068359,1.3062591051520676,-0.018617370766128977,-0.01837982934818989,-0.018663377976080864,-0.018663377976080864,-0.003457623551947009,GOLDILOCKS,NORMAL_TRENDING,GROWTH,1.1921119109898073,1.1921627539928743,0.5461832880973816,-1.730486493096272,8.529904382038335e-05,False,13.9399995803833,0.0,0.0
2023-06-08,1.21569241924357,1.466994452151974,1.324375503458346,0.010061471116448995,0.010764857204998295,0.013868916384831155,0.013868916384831155,0.006048461092393209,GOLDILOCKS,NORMAL_TRENDING,GROWTH,1.192525355548328,1.1925532512859296,0.5135719776153564,-3.5645275672012042,4.678430940184707e-05,False,13.649999618530273,0.0,0.0
2023-06-09,1.2125491428646957,1.4671004348214904,1.3255393081878224,-0.002585585242713041,7.224476504384247e-05,0.0008787573663490943,0.0008787573663490943,0.001794431469676061,GOLDILOCKS,NORMAL_TRENDING,GROWTH,1.1925403159698849,1.1924815592349254,0.5224995017051697,-2.2270720634990253,-9.85404588383309e-05,False,13.829999923706055,0.0,0.0
2023-06-12,1.216082905220453,1.4628036365134063,1.3247360503902943,0.002914325061835122,-0.002928769023647006,-0.0006059856486837266,-0.0006059856486837266,0.009071734101788298,GOLDILOCKS,NORMAL_TRENDING,GROWTH,1.1923355876213435,1.1923220647614619,0.5203065872192383,-2.141153382845298,-2.2682976205756304e-05,False,15.010000228881836,0.0,0.0
2023-06-13,1.2121790426869181,1.4551270450519462,1.3250109944592556,-0.0032101944010363803,-0.005247861893314132,0.00020754630243543625,0.00020754630243543625,0.0065930302064629576,GOLDILOCKS,NORMAL_TRENDING,GROWTH,1.1920900569835107,1.192014783525871,0.5343497395515442,-2.2004544394920456,-0.00012628820649726865,False,14.609999656677246,0.0,0.0
2023-06-14,1.2205702933214693,1.4753414004800285,1.3318202276263735,0.006922451501843448,0.013891814805325474,0.005139001257794683,0.005139001257794683,0.001190723223122525,GOLDILOCKS,NORMAL_TRENDING,GROWTH,1.1926404131202846,1.1927480809990267,0.5031057596206665,-2.180156505431103,0.00018055379904566413,False,13.880000114440918,0.0,0.0
2023-06-15,1.229693823546508,1.4951103727244814,1.3454278793474612,0.007474809337044793,0.013399591605048628,0.010217333720287276,0.010217333720287276,0.012397658280387747,GOLDILOCKS,NORMAL_TRENDING,GROWTH,1.1923593694615975,1.1924407165274173,0.5281221866607666,-1.6774602066752342,0.00013644722875213495,False,14.5,0.0,0.0
2023-06-16,1.2311838767590284,1.498644074109284,1.3524227072234483,0.0012117270039000518,0.002363505363395498,0.00519896159679676,0.00519896159679676,-0.003406183121286488,GOLDILOCKS,NORMAL_TRENDING,GROWTH,1.1927191622062812,1.1926903932941049,0.508895218372345,-0.6728660053806046,-4.824088199124424e-05,False,13.539999961853027,0.0,0.0
2023-06-20,1.2141194615000517,1.4810901766101636,1.3339646964044485,-0.01386016790919747,-0.011713186474616048,-0.013648107740585322,-0.013648107740585322,-0.005188184713974087,GOLDILOCKS,NORMAL_TRENDING,GROWTH,1.1925227874740447,1.1925277371033691,0.5262399911880493,-0.15646805022270074,8.30110648851311e-06,False,13.880000114440918,0.0,0.0
2023-06-21,1.20111640759735,1.477585282920318,1.3214331970058666,-0.010709863662539705,-0.002366428287214405,-0.009394176196985704,-0.009394176196985704,-0.005123635601742893,GOLDILOCKS,NORMAL_TRENDING,GROWTH,1.192774130129166,1.1927376892724684,0.5152204036712646,-1.51914333147384,-6.11026945961688e-05,False,13.199999809265137,0.0,0.0
2023-06-22,1.187174844478571,1.4731408232442107,1.3057713149494539,-0.011607170654397075,-0.003007920914942527,-0.011852193581862274,-0.011852193581862274,0.0036096812134081002,GOLDILOCKS,NORMAL_TRENDING,GROWTH,1.1930605151530569,1.1929913989132694,0.5095309019088745,-2.4442898510480666,-0.00011586376199632187,False,12.90999984741211,0.0,0.0
2023-06-23,1.1855431078053031,1.4749521047327332,1.301458067997086,-0.001374470391498692,0.0012295372308898593,-0.003303217725023287,-0.003303217725023287,-0.00756009722187434,GOLDILOCKS,NORMAL_TRENDING,GROWTH,1.1933337228464023,1.193337196348134,0.49631989002227783,-3.6005390127494943,5.821509381936863e-06,False,13.4399995803833,0.0,0.0
2023-06-26,1.185029053589913,1.4751960850887953,1.293144335693897,-0.0004336022975510167,0.00016541578216621073,-0.0063880139572867955,-0.0063880139572867955,-0.0040856734564111985,GOLDILOCKS,NORMAL_TRENDING,GROWTH,1.192862212045058,1.1928889616334926,0.5228931903839111,-3.918967420965264,4.484941875817806e-05,False,14.25,0.0,0.0
2023-06-27,1.192513675415378,1.4833442133371555,1.3047065921978134,0.00631598170761399,0.0055234204664187285,0.008955481360255152,0.008941195645969437,0.010963196475230585,CAUTIOUS_BULL,EARLY_DD_UNCERTAINTY,GROWTH,1.1929742752840728,1.0735232241751496,0.5078719854354858,-4.532734398110672,-0.00028616353391068035,False,13.739999771118164,0.0,0.14159114869492395
2023-06-28,1.1835833550739985,1.4743406829335561,1.3028415596513063,-0.007488652352996225,-0.006069751257089261,-0.0014151793912484262,-0.0014294651055341404,0.0005044620291365653,CAUTIOUS_BULL,EARLY_DD_UNCERTAINTY,GROWTH,1.1929638966075768,1.0736152437556932,0.5156174898147583,-3.6791428985784447,-9.73545176470952e-05,False,13.430000305175781,0.0,0.14306164448587574
2023-06-29,1.17659448417393,1.464790184356063,1.2982193517512184,-0.0059048404745701815,-0.006477809835980403,-0.0035335040118303065,-0.0035477897261160206,0.003941455589723031,CAUTIOUS_BULL,EARLY_DD_UNCERTAINTY,GROWTH,1.1926041185382874,1.0733404438158538,0.5357751846313477,-3.816830202740061,-6.079820628681511e-06,False,13.539999961853027,0.0,0.1433657744789158
2023-06-30,1.1905916730545694,1.4852360224951358,1.3214963267618451,0.011896357724697763,0.013958202585895278,0.01794421025225205,0.017929924537966338,0.011800599811321089,CAUTIOUS_BULL,EARLY_DD_UNCERTAINTY,GROWTH,1.1925446086595615,1.0733116674538776,0.5278046131134033,-4.158067864372057,4.010035928579973e-05,False,13.59000015258789,0.0,0.14034084214783749
2023-07-03,1.1971795482411076,1.4988467722032253,1.3262407174078763,0.00553327839899683,0.009164031508759177,0.0036044513091132097,0.0035901655948274956,0.0011505450445918886,CAUTIOUS_BULL,EARLY_DD_UNCERTAINTY,GROWTH,1.1926087357198751,1.073265673725592,0.5221438407897949,-2.4396292536073694,-0.00015314405551815967,False,13.569999694824219,0.0,0.14234609679786117
2023-07-05,1.198010135526938,1.4885222764746953,1.334243894937828,0.0006937867315313428,-0.006888292999659779,0.006048769066292752,0.006034483352007038,-0.0014872587571083118,CAUTIOUS_BULL,EARLY_DD_UNCERTAINTY,GROWTH,1.192660071069997,1.0734317205024049,0.5135338306427002,-2.0893713671350653,7.016349479068733e-05,False,14.180000305175781,0.0,0.14200024474425274
2023-07-06,1.1856105347450507,1.472262957944828,1.3170674544272118,-0.010350163503778029,-0.010923127444471017,-0.012873538770373305,-0.012873538770373305,-0.007830635565313937,GOLDILOCKS,NORMAL_TRENDING,GROWTH,1.1924292762730215,1.1923195615220752,0.511693000793457,-1.4985313086655048,-0.0001840188816719592,False,15.4399995803833,0.0,0.0
2023-07-07,1.195354055554212,1.4853833949250856,1.3298382097724761,0.008218146282966778,0.008911748345942582,0.00969635632733641,0.00969635632733641,-0.00252464859567636,GOLDILOCKS,NORMAL_TRENDING,GROWTH,1.192248260549306,1.1922618165757213,0.5250858068466187,-2.7665937848021156,2.2740274595135393e-05,False,14.829999923706055,0.0,0.0
2023-07-10,1.1995151718364447,1.4855212969949159,1.3400632412737985,0.0034810743000352824,9.283937756502987e-05,0.007688928943522832,0.007688928943522832,0.002531038578669653,GOLDILOCKS,NORMAL_TRENDING,GROWTH,1.1921955556449375,1.192114297218806,0.5188287496566772,-1.8237840312189006,-0.00013631727739097478,False,15.069999694824219,0.0,0.0
2023-07-11,1.2032277648771061,1.4940815408631893,1.3444584357513425,0.0030950780180441055,0.005762451124457146,0.0032798410867282044,0.0032798410867282044,0.00636856171428124,GOLDILOCKS,NORMAL_TRENDING,GROWTH,1.1922251851668477,1.1921060566320796,0.5176262855529785,-1.068914082690977,-0.0001998423389311073,False,14.84000015258789,0.0,0.0
2023-07-12,1.232271147347127,1.5559442034751796,1.3693374892960968,0.024137892523604945,0.04140514484654567,0.018504888573108405,0.018504888573108405,0.008046023914814349,GOLDILOCKS,NORMAL_TRENDING,GROWTH,1.1926459890619896,1.1925773905580053,0.5093419551849365,-0.7444358423447474,-0.00011503581886571255,False,13.539999961853027,0.0,0.0
2023-07-13,1.2555315783652592,1.5755180424139654,1.3865095980787314,0.018876065603100463,0.012580039113914242,0.012540450339574159,0.012540450339574159,0.007936729966936173,GOLDILOCKS,NORMAL_TRENDING,GROWTH,1.193038461660623,1.192944051060444,0.49696505069732666,0.0,-0.00015826916434480388,False,13.609999656677246,0.0,0.0
2023-07-14,1.2472377794145355,1.5579606999593938,1.3740267203754875,-0.006605806730502525,-0.011143853629039241,-0.009003095052887652,-0.009003095052887652,-0.0006227475340844224,GOLDILOCKS,NORMAL_TRENDING,GROWTH,1.1927590025323307,1.1926643086418947,0.5277642011642456,0.0,-0.00015878126299590233,False,13.34000015258789,0.0,0.0
2023-07-17,1.25365806214349,1.5674459377554946,1.3781703874714524,0.005147601231233078,0.006088239450679271,0.0030157107096377444,0.0030157107096377444,0.0034722363463173256,GOLDILOCKS,NORMAL_TRENDING,GROWTH,1.1926229208062218,1.192592488288205,0.5273139476776123,-0.900309505288772,-5.103460194472333e-05,False,13.479999542236328,0.0,0.0
2023-07-18,1.2710930599362085,1.5882492564757014,1.3928049972347076,0.013907299222331882,0.01327211243406334,0.010618868244662807,0.010618868244662807,0.007430575935507111,GOLDILOCKS,NORMAL_TRENDING,GROWTH,1.1928441746798566,1.1928306813521685,0.5119214057922363,-0.6014535073420756,-2.2623789384431245e-05,False,13.300000190734863,0.0,0.0
2023-07-19,1.2700073899581725,1.584628342302313,1.3918945745651907,-0.0008541231261937053,-0.002279814807798435,-0.0006536612600647413,-0.0006536612600647413,0.002223685269411968,GOLDILOCKS,NORMAL_TRENDING,GROWTH,1.1924318453103133,1.1924074896471946,0.5366041660308838,0.0,-4.085040703090379e-05,False,13.760000228881836,0.0,0.0
2023-07-20,1.2463282002803298,1.5573491461187812,1.3560694902899628,-0.01864492275011305,-0.017214885948523353,-0.025738360454791748,-0.025738360454791748,-0.006634449672731857,GOLDILOCKS,NORMAL_TRENDING,GROWTH,1.192135227034295,1.1920470682998714,0.5393985509872437,-0.06536612600647418,-0.00014790056098405475,False,13.989999771118164,0.0,0.0
2023-07-21,1.2441799504932263,1.5501434473117313,1.3511079944452475,-0.0017236629858975326,-0.004626900027529373,-0.0036587327421210005,-0.0036587327421210005,0.0,GOLDILOCKS,NORMAL_TRENDING,GROWTH,1.192413450941588,1.1924105517531385,0.521332859992981,-2.637519754572962,-4.862723491298557e-06,False,13.600000381469727,0.0,0.0
2023-07-24,1.238006999592482,1.5435890781944186,1.3436465790389116,-0.004961461481755105,-0.004228233928078933,-0.005522441904726805,-0.005522441904726805,0.004467279311363814,GOLDILOCKS,NORMAL_TRENDING,GROWTH,1.1922355018621276,1.1922435424801625,0.5370362401008606,-2.993743048901019,1.3488304990585274e-05,False,13.90999984741211,0.0,0.0
2023-07-25,1.2487266587067476,1.5508348420142017,1.3542096017587515,0.008658803316777817,0.004694101508063696,0.007861459169862549,0.007861459169862549,0.002730134015489938,GOLDILOCKS,NORMAL_TRENDING,GROWTH,1.1923999901571984,1.1923480167770895,0.5223351716995239,-3.529454467308472,-8.717440546462986e-05,False,13.859999656677246,0.0,0.0
2023-07-26,1.25211499609275,1.5613989157472408,1.358945755751507,0.0027134340108599525,0.0068118625187184294,0.003497356676990428,0.003497356676990428,0.00015372874182983942,GOLDILOCKS,NORMAL_TRENDING,GROWTH,1.1926349096452997,1.1925690314783761,0.5206774473190308,-2.7710552125088523,-0.00011047499346336412,False,13.1899995803833,0.0,0.0
2023-07-27,1.2247319404411101,1.534072714829083,1.333584580347389,-0.02186944149466256,-0.017501101507477516,-0.018662389795016596,-0.018662389795016596,-0.006630141295949965,GOLDILOCKS,NORMAL_TRENDING,GROWTH,1.1922220094794478,1.192125726062592,0.5381897687911987,-2.4310109132595867,-0.00016151927424665137,False,14.40999984741211,0.0,0.0
2023-07-28,1.239414226900715,1.5535797773159559,1.3474275324881138,0.011988163266417938,0.012715865615956874,0.010394543813190063,0.010380258098904348,0.009790461356036895,CAUTIOUS_BULL,EARLY_DD_UNCERTAINTY,GROWTH,1.192399982422525,1.0731225228218968,0.5278847217559814,-4.25188141950206,-6.981504887982348e-05,False,13.329999923706055,0.0,0.14138948352567554
2023-07-31,1.2504500181085756,1.5665437024472535,1.3555449167202103,0.008904037865901398,0.008344550643993877,0.006038642524857232,0.006024356810571518,0.001904006488931298,CAUTIOUS_BULL,EARLY_DD_UNCERTAINTY,GROWTH,1.192915699827734,1.0735464705638507,0.49931204319000244,-3.257991236152,-0.0001446675404382206,False,13.630000114440918,0.0,0.142001674104638
2023-08-01,1.2300944108479916,1.5446459962198955,1.3407289849518051,-0.01627862526754462,-0.013978356424496406,-0.01091558579764675,-0.010929871511932464,-0.0028615949590776735,CAUTIOUS_BULL,EARLY_DD_UNCERTAINTY,GROWTH,1.192675455548734,1.0732838303048169,0.5251748561859131,-2.6751828567871305,-0.00023118832624308494,False,13.930000305175781,0.0,0.14443580767677214
2023-08-02,1.2136604055397853,1.5096533747553513,1.3269083045719452,-0.01335995445819251,-0.022654136643722445,-0.012380664246697336,-0.010308332657070787,-0.013910782026081758,CAUTIOUS_BULL,EARLY_DD_UNCERTAINTY,GROWTH,1.192198713568842,1.073043764469555,0.5185385942459106,-3.738930603084771,0.00012101311795346571,False,16.09000015258789,21.083508862050955,0.1443451001670833
2023-08-03,1.2122144503617214,1.5093704137271324,1.3224902841996933,-0.0011914001408167229,-0.00018743443558007648,-0.003315273952369026,-0.0033295596666547403,-0.002865840981526091,CAUTIOUS_BULL,EARLY_DD_UNCERTAINTY,GROWTH,1.1922730608350145,1.0730289736921041,0.5017869472503662,-4.7312217283535425,-3.127743497352796e-05,False,15.920000076293945,0.0,0.14333438323841832
2023-08-04,1.214144664257838,1.5070508230174477,1.3252696291869313,0.0015923039818084507,-0.0015367935455663268,0.0021158852651058002,0.002101599550820086,-0.004522776047293786,CAUTIOUS_BULL,EARLY_DD_UNCERTAINTY,GROWTH,1.1914915179308934,1.072399089661205,0.5351791977882385,-5.048424809978286,0.00010579368155625942,False,17.100000381469727,0.0,0.14255754398673431
2023-08-07,1.21254267387052,1.486830792283832,1.327166010945307,-0.0013194394658869353,-0.01341695344628847,0.0014452260426618879,0.0014309403283761736,0.008728542620685564,CAUTIOUS_BULL,EARLY_DD_UNCERTAINTY,GROWTH,1.1918644626921349,1.0726695306974534,0.5072325468063354,-4.848874622209278,-1.5821570570488615e-05,False,15.770000457763672,0.0,0.14265301490515062
2023-08-08,1.200349629381582,1.4706772975852147,1.3123820975493332,-0.01005576525403175,-0.010864379983552089,-0.011125174815933447,-0.011139460530219162,-0.004348738880405989,CAUTIOUS_BULL,EARLY_DD_UNCERTAINTY,GROWTH,1.1915019540820742,1.0723495987738099,0.5383943319320679,-4.712719039615822,-4.028342452530308e-06,False,15.989999771118164,0.0,0.14446642085014505
2023-08-09,1.18885086149705,1.452392224214659,1.3025355055437908,-0.009579515503708776,-0.012433096914312275,-0.0074885536066172514,-0.0075028393209029655,-0.006685150866331924,CAUTIOUS_BULL,EARLY_DD_UNCERTAINTY,GROWTH,1.191329040885996,1.07223060325751,0.5379137992858887,-5.77416794490593,6.429133426357544e-05,False,15.960000038146973,0.0,0.1439370796379867
2023-08-10,1.1995738948011858,1.4730483853356848,1.3100520937517677,0.009019662307038837,0.014222164492924797,0.005785021464662513,0.005770735750376799,0.0003588872304502999,CAUTIOUS_BULL,EARLY_DD_UNCERTAINTY,GROWTH,1.1911665321976708,1.072109451998573,0.5438740253448486,-6.481129222693699,0.00011113852412547427,False,15.850000381469727,0.0,0.14203748208140218
2023-08-11,1.1970892308238512,1.4739045390327359,1.3078794941365177,-0.0020712888035516732,0.0005812122029216,-0.001644121325871072,-0.0016584070401567863,-0.0005830443550409736,CAUTIOUS_BULL,EARLY_DD_UNCERTAINTY,GROWTH,1.1919442700074716,1.0727080195716887,0.5042593479156494,-5.941456531764216,-7.797425524388779e-05,False,14.84000015258789,0.0,0.14309445170325485
2023-08-14,1.1970840159306406,1.480572835704139,1.2972695524010485,-4.356311189073923e-06,0.0045242391856526,-0.00809803792335501,-0.008112323637640724,0.005519986769736196,CAUTIOUS_BULL,EARLY_DD_UNCERTAINTY,GROWTH,1.1919222646863896,1.072687141399181,0.5296653509140015,-6.097443882438824,-7.997691318684385e-05,False,14.819999694824219,0.0,0.1440255245241638
2023-08-15,1.1828549124173626,1.4672772699887298,1.2793071515102536,-0.011886470225914676,-0.008980014623249469,-0.015579366038135627,-0.013846313480146913,-0.01164892181516286,CAUTIOUS_BULL,EARLY_DD_UNCERTAINTY,GROWTH,1.1916896151503669,1.0725049317234698,0.5199294090270996,-6.8592118080662,-2.9317685971241023e-05,False,16.459999084472656,17.718721697840063,0.1448629608243794
2023-08-16,1.170491875247507,1.4541025864647106,1.2691466100731237,-0.010451862726418064,-0.008979000624824216,-0.007927936312015988,-0.007942222026301703,-0.007338213048649567,CAUTIOUS_BULL,EARLY_DD_UNCERTAINTY,GROWTH,1.1915306070717577,1.0723844503097586,0.5159407258033752,-8.148868359159684,1.2875959964014816e-05,False,16.780000686645508,0.0,0.144000829416339
2023-08-17,1.1659352436153745,1.4391638171333736,1.265770522965049,-0.003892920342714069,-0.010273531916105723,-0.0026458380895985527,-0.002660123803884267,-0.00761958672344365,CAUTIOUS_BULL,EARLY_DD_UNCERTAINTY,GROWTH,1.1908091778132128,1.0716457026872983,0.5394669771194458,-8.878370440018298,-0.00015406395011135056,False,17.889999389648438,0.0,0.14323817413378104
2023-08-18,1.1682428100493076,1.4412387843344479,1.2695305842082163,0.0019791548858046136,0.0014417866655425198,0.002984856741930747,0.002970571027645033,0.00048128446909312395,CAUTIOUS_BULL,EARLY_DD_UNCERTAINTY,GROWTH,1.1906588772698727,1.0715089459133207,0.5344330072402954,-9.120765255859533,-0.00015685737100753672,False,17.299999237060547,0.0,0.1424340324470051
2023-08-21,1.1806456047938862,1.4561704789302086,1.2869647075444384,0.010616624076680783,0.010360319718051542,0.013747017759567872,0.013732732045282157,0.006506197779605705,CAUTIOUS_BULL,EARLY_DD_UNCERTAINTY,GROWTH,1.1908083488762384,1.0716531435991266,0.5226932168006897,-8.850802034114027,-0.0001387860039371406,False,17.1299991607666,0.0,0.1409219001628938
2023-08-22,1.1819809441921332,1.4585191670904212,1.288474989777877,0.0011310247485145253,0.0016129211477615198,0.001187808363807495,0.0011735226495217807,-0.0027086564477347697,CAUTIOUS_BULL,EARLY_DD_UNCERTAINTY,GROWTH,1.1909894149588898,1.0718730489713566,0.5203595161437988,-7.599074522306131,-3.2511701662654974e-05,False,16.969999313354492,0.0,0.1426896932702369
2023-08-23,1.208603852653029,1.4926926279360826,1.3117075372157594,0.022523974342997667,0.0234302446047614,0.018045328320621293,0.01803104260633558,0.011137689291024655,CAUTIOUS_BULL,EARLY_DD_UNCERTAINTY,GROWTH,1.1913064338566486,1.0721077329672062,0.5208301544189453,-7.490639943421286,-0.00012695213673410494,False,15.979999542236328,0.0,0.14032690249936178
2023-08-24,1.1953890640883904,1.4924334163845399,1.3075278801061632,-0.010933928876389548,-0.00017365366900839947,-0.005250977658168533,-0.003186424558074834,-0.01385892542919609,CAUTIOUS_BULL,EARLY_DD_UNCERTAINTY,GROWTH,1.191406212629443,1.0722063173031096,0.5078338384628296,-5.8225997307562904,-0.0001105585479311865,False,17.200000762939453,20.8548405197811,0.1433138014736696
2023-08-25,1.195267421527301,1.5049413269408347,1.3177205314176963,-0.00010175980753368503,0.008380883474584544,0.00780964630782481,0.007795360593539096,0.00704974612201581,CAUTIOUS_BULL,EARLY_DD_UNCERTAINTY,GROWTH,1.191535137448207,1.07241487372814,0.5254631042480469,-6.122688911789856,6.201155263889161e-05,False,15.680000305175781,0.0,0.14175213385880983
2023-08-28,1.208251709552869,1.5196215600587901,1.3262545877850311,0.010863082011368694,0.009754688010194237,0.006490663795875802,0.006476378081590088,0.006341442558222665,CAUTIOUS_BULL,EARLY_DD_UNCERTAINTY,GROWTH,1.1917564301635566,1.072562775735555,0.5244191288948059,-5.3908814203054245,-3.3585184187246995e-05,False,15.079999923706055,0.0,0.14193789935680148
2023-08-29,1.2357909803449982,1.5501134395963023,1.3578810312647713,0.022792660316053318,0.02006544283060347,0.023860720456923806,0.023846434742638093,0.014454708586877807,CAUTIOUS_BULL,EARLY_DD_UNCERTAINTY,GROWTH,1.1919843750173242,1.0727676330962799,0.5256351232528687,-4.778156998417331,-3.412501725072763e-05,False,14.449999809265137,0.0,0.1395298533154071
2023-08-30,1.2340692246690181,1.55543829897973,1.3582511046806611,-0.00139324182112047,0.003435141743442055,0.0002868231511958433,0.000272537436910129,0.004118703921863975,CAUTIOUS_BULL,EARLY_DD_UNCERTAINTY,GROWTH,1.192375178575446,1.0731074469803712,0.5157897472381592,-2.5074555332063553,-5.63091551738483e-05,False,13.880000114440918,0.0,0.1428182195456438
2023-08-31,1.2290064228204058,1.5376300991045813,1.3526553879917458,-0.0041025266228238,-0.011448991507300398,-0.0041055097120769836,-0.004119795426362698,-0.0014634499412370383,CAUTIOUS_BULL,EARLY_DD_UNCERTAINTY,GROWTH,1.192654708800293,1.0733718433224944,0.5144003033638,-2.480885165019528,-3.241060587304603e-05,False,13.569999694824219,0.0,0.14344811976487046
2023-09-01,1.2221340949520008,1.5367813488653739,1.3454701127944633,-0.005591775389288775,-0.0005519859683428839,-0.0052976919417160595,-0.005311977656001774,0.0018653151504521848,CAUTIOUS_BULL,EARLY_DD_UNCERTAINTY,GROWTH,1.1929071504923223,1.073603664514232,0.5132222771644592,-2.88264396829961,-2.3790486875261517e-05,False,13.09000015258789,0.0,0.1436200493502452
2023-09-05,1.2073726797068807,1.503070394348708,1.3454829211430348,-0.01207839246617191,-0.021936077335630758,2.380532267370352e-05,9.519608387989235e-06,-0.004321904280498168,CAUTIOUS_BULL,EARLY_DD_UNCERTAINTY,GROWTH,1.1928445700717112,1.0736069512118314,0.5140236616134644,-3.398529193549968,8.725761458811318e-05,False,14.010000228881836,0.0,0.14285578292603343
2023-09-06,1.1942265223882935,1.4936341992363893,1.3337584179080666,-0.010888234875232355,-0.006277946227799659,-0.008699688317438099,-0.008713974031723814,-0.006722467457818904,CAUTIOUS_BULL,EARLY_DD_UNCERTAINTY,GROWTH,1.192747243674298,1.0734337381314767,0.5125851631164551,-3.397609585378188,-7.225369013953699e-05,False,14.449999809265137,0.0,0.1441129392675557
2023-09-07,1.1911911353255917,1.4908203488232665,1.329076206020638,-0.002541718012284116,-0.0018838952767426921,-0.0034962539940764873,-0.0035105397083622014,-0.00307031335344099,CAUTIOUS_BULL,EARLY_DD_UNCERTAINTY,GROWTH,1.1926866582718938,1.0734049463397888,0.5138635635375977,-4.23940030685364,-2.430759500507108e-05,False,14.399999618530273,0.0,0.1433604152876173
2023-09-08,1.1855725575611276,1.481659742133602,1.3172685509057098,-0.004716772647009795,-0.006144675109174013,-0.008869821202563856,-0.008884106916849571,0.0015060978084551202,CAUTIOUS_BULL,EARLY_DD_UNCERTAINTY,GROWTH,1.1925533808097968,1.0732514276925018,0.526748538017273,-4.5755716945730045,-8.686317212841098e-05,False,13.84000015258789,0.0,0.14413767739385625
2023-09-11,1.1923674149201273,1.490764913306836,1.324648088030151,0.005731287651409247,0.006145251108815672,0.0056164365584451224,0.005602150844159408,0.006576749299324058,CAUTIOUS_BULL,EARLY_DD_UNCERTAINTY,GROWTH,1.1927752627485948,1.0735310543201717,0.5091962814331055,-5.42333251811767,6.207343584359186e-05,False,13.800000190734863,0.0,0.14206129405870946
2023-09-12,1.190135241409347,1.477851701977025,1.311217082148128,-0.0018720517542237262,-0.008662137949817076,-0.010125015435498094,-0.010139301149783808,-0.005485591329067008,CAUTIOUS_BULL,EARLY_DD_UNCERTAINTY,GROWTH,1.1925013719868496,1.073181421503127,0.5278321504592896,-4.893499760546251,-0.00013009681754799107,False,14.229999542236328,0.0,0.14432045137571392
2023-09-13,1.1900695802982457,1.4775639805316183,1.3118892386213534,-5.5171134184234705e-05,-0.0001946889833544708,0.0005269059984298851,0.0005126202841441708,0.0011659501027332375,CAUTIOUS_BULL,EARLY_DD_UNCERTAINTY,GROWTH,1.1925278861053372,1.0732714108276762,0.5258172154426575,-5.8578132077760605,-6.869938818000629e-06,False,13.479999542236328,0.0,0.14278394890868204
2023-09-14,1.1930779775050087,1.4843945354732677,1.3213866035726465,0.002527917070201119,0.0046228488455652555,0.0072537421193659656,0.0072394564050802515,0.008622343756891526,CAUTIOUS_BULL,EARLY_DD_UNCERTAINTY,GROWTH,1.19268160445395,1.0734107538156272,0.5244272947311401,-5.809554013232675,-5.012407740764181e-06,False,12.819999694824219,0.0,0.14183036809043567
2023-09-15,1.1950373453961183,1.4809365799570149,1.3317999940793406,0.0016422798241629687,-0.002329539373540224,0.006087705652882646,0.007880653911988724,-0.012048226489278613,CAUTIOUS_BULL,EARLY_DD_UNCERTAINTY,GROWTH,1.1926365113935777,1.0733504594352272,0.5217987895011902,-5.127666385736418,-4.173911941007372e-05,False,13.789999961853027,17.931031480534852,0.14174013788503337
2023-09-18,1.202822783731896,1.487872711798248,1.3419391775568066,0.0065148075629362714,0.004683611665149308,0.007627428470360782,0.007613142756075068,0.000586377100246338,CAUTIOUS_BULL,EARLY_DD_UNCERTAINTY,GROWTH,1.1926546034668546,1.0733387878846892,0.5172761678695679,-4.380010358699685,-9.382475275213358e-05,False,14.0,0.0,0.1417777684661721
2023-09-19,1.2055107689144886,1.491041237903012,1.340492651355252,0.002234730850585215,0.0021295679930406794,-0.0010636515169591613,-0.0010779372312448756,-0.0020737657590272907,CAUTIOUS_BULL,EARLY_DD_UNCERTAINTY,GROWTH,1.192600479227945,1.0733582141234748,0.5198994278907776,-3.652041727226042,3.313546719304517e-05,False,14.109999656677246,0.0,0.14301130006196835
2023-09-20,1.1974454686096447,1.4753600128260427,1.3369809395047791,-0.006690359400195455,-0.010516962695829503,-0.0026054316313650484,-0.0026197173456507625,-0.009193390500969345,CAUTIOUS_BULL,EARLY_DD_UNCERTAINTY,GROWTH,1.1923087234269723,1.0730613473488886,0.5228458642959595,-3.755898778602693,-3.0759623581553224e-05,False,15.140000343322754,0.0,0.1432323711843933
2023-09-21,1.1836859241406554,1.4526429564521368,1.3248235718475747,-0.011490748288492381,-0.01539763595082896,-0.011558133129469912,-0.009093149571532072,-0.016528461814823703,CAUTIOUS_BULL,EARLY_DD_UNCERTAINTY,GROWTH,1.191833480979967,1.0726886301789318,0.5072258114814758,-4.008031119988963,7.177978313973587e-05,False,17.540000915527344,25.020205190341755,0.14416808481581436
2023-09-22,1.1872993777994532,1.4551335509846892,1.3321897073493782,0.003052713211421221,0.0017145262856849482,0.005574373606993403,0.005560087892707689,-0.0022484069326135225,CAUTIOUS_BULL,EARLY_DD_UNCERTAINTY,GROWTH,1.1914701812301447,1.072318865799317,0.5208218097686768,-4.880900450680755,-8.01494915178904e-06,False,17.200000762939453,0.0,0.14206723653533226
2023-09-25,1.1789735840452351,1.4421810291035453,1.3209992092268028,-0.007012379446916945,-0.008901259868813356,-0.008385792788678232,-0.008400078502963947,0.004205302385365872,CAUTIOUS_BULL,EARLY_DD_UNCERTAINTY,GROWTH,1.1914530818013964,1.0722749877897226,0.5152062177658081,-4.352029896911322,-6.11500398310851e-05,False,16.899999618530273,0.0,0.14406731965193068
2023-09-26,1.1654950595155724,1.4184427312478167,1.3081809388858998,-0.011432422839717824,-0.016459998694119734,-0.011892877606463436,-0.009703465567103295,-0.014691318357639038,CAUTIOUS_BULL,EARLY_DD_UNCERTAINTY,GROWTH,1.1907579199016622,1.0716615656291892,0.524787425994873,-5.155480354426422,-3.837384569788058e-05,False,18.940000534057617,22.25290786166212,0.1442569350593067
2023-09-27,1.154212541327185,1.4051552309880981,1.285709273278759,-0.009680451320897624,-0.009367667771845533,-0.01716351052105666,-0.017177796235342373,0.00039908345724981586,CAUTIOUS_BULL,EARLY_DD_UNCERTAINTY,GROWTH,1.190721627269773,1.0716907614247924,0.5169944763183594,-6.0758008850357,7.707162344242234e-05,False,18.219999313354492,0.0,0.14535400432543624
2023-09-28,1.166545751331038,1.4306124058655234,1.2919393641218524,0.010685389009611149,0.018116984028535905,0.004859930816623432,0.004845645102337718,0.005797409269605369,CAUTIOUS_BULL,EARLY_DD_UNCERTAINTY,GROWTH,1.1909709968069777,1.071878692433906,0.512741208076477,-7.689211639000282,8.947521978196815e-06,False,17.34000015258789,0.0,0.1421682459922426
2023-09-29,1.1526526617765298,1.4141572721978521,1.2771436405465526,-0.011909596806345644,-0.011502160613318557,-0.011438050197281339,-0.011452335911567054,-0.002426863453558359,CAUTIOUS_BULL,EARLY_DD_UNCERTAINTY,GROWTH,1.191115224942371,1.0719854127215287,0.5091661810874939,-7.241906319485866,-3.412250641176606e-05,False,17.520000457763672,0.0,0.14451214447901745
2023-10-02,1.1378236373192625,1.4169149108978951,1.2573427192524647,-0.012865128367822418,0.0019500226419350104,-0.015489781851375324,-0.015504067565661039,-0.0003977366544111183,CAUTIOUS_BULL,EARLY_DD_UNCERTAINTY,GROWTH,1.1908029720484814,1.071746949546739,0.5314192771911621,-8.30420316683172,4.5300344344329136e-05,False,17.610000610351562,0.0,0.14510688988211812
2023-10-03,1.123249455603704,1.4073777693675977,1.2298607385133071,-0.012808823122971394,-0.006730920436325866,-0.02385082029770353,-0.021857191613991016,-0.013386095986654856,CAUTIOUS_BULL,EARLY_DD_UNCERTAINTY,GROWTH,1.190028498728325,1.0710153999774727,0.53321373462677,-9.725860996420279,-1.9138436190985463e-05,False,19.780000686645508,20.527824575139498,0.14604937196529125
2023-10-04,1.126483979967806,1.4140947734539435,1.2411399987336358,0.002879613560429891,0.004772708673211347,0.009185454341038764,0.00917116862675305,0.007281997368277615,CAUTIOUS_BULL,EARLY_DD_UNCERTAINTY,GROWTH,1.1899476673937517,1.0709887094448496,0.5288553237915039,-11.699000150409573,6.68727643413081e-05,False,18.579999923706055,0.0,0.14155888247534668
2023-10-05,1.1209106427329893,1.4103717081403413,1.2381650996496338,-0.004947551260316967,-0.0026328258780763986,-0.002382622843199594,-0.002396908557485308,-0.0003767914507379899,CAUTIOUS_BULL,EARLY_DD_UNCERTAINTY,GROWTH,1.1897694347893,1.070751768730686,0.5423099398612976,-10.889176790878079,-7.60606373586341e-05,False,18.489999771118164,0.0,0.143200381075979
2023-10-06,1.1380864425888417,1.4514900739754526,1.2611217204601661,0.01532307679225411,0.029154275853511272,0.018555125556265026,0.018540839841979313,0.011872664830176127,CAUTIOUS_BULL,EARLY_DD_UNCERTAINTY,GROWTH,1.190206449213593,1.0711747648421375,0.5227542519569397,-11.102767285592583,-2.0611643754203874e-05,False,17.450000762939453,0.0,0.14025666646740084
2023-10-09,1.1510170667277249,1.4705442450530468,1.2801006671171997,0.01136172407912126,0.01312731751957985,0.01506354412378199,0.015049258409496275,0.006402346291606298,CAUTIOUS_BULL,EARLY_DD_UNCERTAINTY,GROWTH,1.1904479144938669,1.071358216304416,0.5211721658706665,-9.454537931439585,-8.382790585266181e-05,False,17.700000762939453,0.0,0.14073912342046233
2023-10-10,1.1549354591049905,1.4811108252351173,1.2767810620936517,0.0034042869480688004,0.007185489465969394,-0.002578951762126069,-0.0025932374764117833,0.005204926361840778,CAUTIOUS_BULL,EARLY_DD_UNCERTAINTY,GROWTH,1.1907831397220001,1.0716428081722311,0.5203597545623779,-8.091895874962574,-0.000115736303651444,False,17.030000686645508,0.0,0.1432285685487964
2023-10-11,1.1632417592333482,1.4960574281665462,1.2883735960175355,0.007192003728757873,0.01009148179647954,0.00909378592622859,0.009079500211942875,0.00409620773638375,CAUTIOUS_BULL,EARLY_DD_UNCERTAINTY,GROWTH,1.1911874365265054,1.072025961402647,0.5188353657722473,-8.330235414965575,-7.97177857948213e-05,False,16.09000015258789,0.0,0.14157174219388832
2023-10-12,1.1514092635286783,1.483814326718073,1.27353363227083,-0.010172000455406782,-0.008183577192940666,-0.011504084262076063,-0.011518369976361778,-0.006096469686584172,CAUTIOUS_BULL,EARLY_DD_UNCERTAINTY,GROWTH,1.1913020802510204,1.072161709141001,0.5168983936309814,-7.497919767987011,-1.8957939824111535e-05,False,16.690000534057617,0.0,0.1445217984007721
2023-10-13,1.1742898076349328,1.5129977066395792,1.2854034939659436,0.0198717735135581,0.01966781112435702,0.0093347004990516,0.009320414784765885,-0.004980900502325691,CAUTIOUS_BULL,EARLY_DD_UNCERTAINTY,GROWTH,1.1906978670567452,1.071619047147316,0.5145038962364197,-8.563392951682436,-1.6858841085739393e-05,False,19.31999969482422,0.0,0.14153795045115247
2023-10-16,1.1844529246513567,1.5225354881462931,1.277932684343483,0.008654692351364951,0.006303896869677141,-0.005797748917276038,-0.005812034631561752,0.010521471064535604,CAUTIOUS_BULL,EARLY_DD_UNCERTAINTY,GROWTH,1.1909277090670733,1.071837010377222,0.5168253183364868,-7.711165847480469,3.866671596848314e-06,False,17.209999084472656,0.0,0.14369228740784556
2023-10-17,1.1802584367438445,1.5246691244842057,1.2437259030687935,-0.0035412871378968872,0.0014013705128871508,-0.02675299373147216,-0.026767279445757873,-4.5941728749832045e-05,CAUTIOUS_BULL,EARLY_DD_UNCERTAINTY,GROWTH,1.1906425366658941,1.0715128366496591,0.5314884185791016,-8.247551747681369,-0.00012214945129821795,False,17.8799991607666,0.0,0.14678621036887018
2023-10-18,1.1763856081653887,1.5362258487095057,1.2443827416137254,-0.003281339457432878,0.007579824395807589,-0.0014563333098701172,0.0005281216249586073,-0.013324937660762926,CAUTIOUS_BULL,EARLY_DD_UNCERTAINTY,GROWTH,1.1905009619009403,1.0714526353551803,0.5029852390289307,-10.703515169883625,3.303267355453069e-06,False,19.219999313354492,19.97685628134352,0.1427817367343243
2023-10-19,1.180353859905741,1.550592677095309,1.2578532253928332,0.003373257640018996,0.00935202880349385,0.010839318341818853,0.010825032627533138,-0.008786421789993226,CAUTIOUS_BULL,EARLY_DD_UNCERTAINTY,GROWTH,1.1896187365301294,1.0706584081103263,0.518122136592865,-10.656355765212044,2.886514369970274e-06,False,21.399999618530273,0.0,0.14132727054236155
2023-10-20,1.1790976207308026,1.5482421100254289,1.2708465254626864,-0.0010642903095506827,-0.0015159152397669707,0.008500811714148356,0.010329742618257545,-0.012288110789299367,CAUTIOUS_BULL,EARLY_DD_UNCERTAINTY,GROWTH,1.1888384460495158,1.0699415119100362,0.5385037064552307,-9.689207901307748,-2.446745779738189e-05,False,21.709999084472656,18.243713320942437,0.1413965528590005
2023-10-23,1.1893009345353678,1.5570131365842947,1.2703957702486515,0.008653493676156383,0.005665151788644818,-0.00034040323123495086,-0.00035468894552066516,-0.0017333112969986075,CAUTIOUS_BULL,EARLY_DD_UNCERTAINTY,GROWTH,1.1890798248116472,1.0701582186759053,0.5209289193153381,-8.756320663277279,-2.5460685916415738e-05,False,20.3700008392334,0.0,0.1429078306849151
2023-10-24,1.1961072033254505,1.5576821228517115,1.2758421860335099,0.005722915531670575,0.00042966000202448415,0.0043014660658011105,0.0042871803515153965,0.007539490453184916,CAUTIOUS_BULL,EARLY_DD_UNCERTAINTY,GROWTH,1.1896378742402562,1.0706319278014456,0.5170755386352539,-8.788683787686644,-7.875228382573487e-05,False,18.969999313354492,0.0,0.14224730301460256
2023-10-25,1.1917849515400747,1.5549775610762482,1.2967131282318318,-0.0036135989929322442,-0.0017362732330214062,0.014220013577719706,0.0163585609778338,-0.014352220762665402,CAUTIOUS_BULL,EARLY_DD_UNCERTAINTY,GROWTH,1.1892357248409644,1.0703198370416693,0.5422289371490479,-8.39764442498535,1.435970765038261e-05,False,20.190000534057617,21.181826936436483,0.14055781920083463
2023-10-26,1.1834539549108376,1.5353896971179586,1.2838325711753744,-0.006990352259836359,-0.012596878854465386,-0.011715144618677089,-0.009933235637107407,-0.011974631305702643,CAUTIOUS_BULL,EARLY_DD_UNCERTAINTY,GROWTH,1.1892509907788238,1.0702408204420968,0.5182286500930786,-6.8991617055982575,-0.0001589632830606406,False,20.68000030517578,18.142157281799545,0.14429041353496128
2023-10-27,1.1919044268864554,1.5417678118179485,1.2987033519521158,0.007140516063638885,0.004154068971520435,0.011597401075759099,0.011583115361473384,-0.004532828050272775,CAUTIOUS_BULL,EARLY_DD_UNCERTAINTY,GROWTH,1.188935427813977,1.0700652511417985,0.5286630392074585,-7.823954270388779,4.367326091833242e-05,False,21.270000457763672,0.0,0.1412213595578798
2023-10-30,1.2045765800011161,1.5491522407645801,1.3031563379832356,0.010631853384220803,0.004789585623742102,0.0034430795373142247,0.0034287938230285107,0.0119559025316065,CAUTIOUS_BULL,EARLY_DD_UNCERTAINTY,GROWTH,1.1892326052788682,1.0702712317144154,0.5274269580841064,-6.7562684991382405,-7.121873083332914e-05,False,19.75,0.0,0.1423689889472497
2023-10-31,1.2000178976663145,1.542776200453184,1.3019966794581415,-0.0037844686759536633,-0.004115825509989408,-0.000875598708091994,-0.0008898844223777083,0.00628021243503829,CAUTIOUS_BULL,EARLY_DD_UNCERTAINTY,GROWTH,1.1901668074729954,1.0711322606102434,0.5046930909156799,-6.436554968531961,-3.3358751507958065e-05,False,18.139999389648438,0.0,0.1429843824317121
2023-11-01,1.2043006096634699,1.5551808630567165,1.3076417304864867,0.0035688734355413185,0.00804048091997325,0.0043499734448371385,0.0043356877305514244,0.010664854115727485,CAUTIOUS_BULL,EARLY_DD_UNCERTAINTY,GROWTH,1.1908194570702604,1.0717686389061938,0.5135447978973389,-6.519815620769465,5.808799753549566e-05,False,16.8700008392334,0.0,0.14224043275804546
2023-11-02,1.2140059415976692,1.5669565647028458,1.316639966550022,0.008058894811081505,0.007571917791596174,0.006895555907603633,0.006881270193317919,0.019164288133438845,CAUTIOUS_BULL,EARLY_DD_UNCERTAINTY,GROWTH,1.1911039783614215,1.0719947389545343,0.5345005989074707,-6.114514732306759,2.161261552426488e-06,False,15.65999984741211,0.0,0.1418808225817079
2023-11-03,1.2271505957218043,1.5902047523611724,1.335086736221156,0.010827503946839344,0.014836523348517589,0.014024774640480102,0.014010488926194387,0.009123406826067049,CAUTIOUS_BULL,EARLY_DD_UNCERTAINTY,GROWTH,1.1915692330305279,1.0724134323149177,0.5248439311981201,-5.468463340949,2.093574332263153e-06,False,14.90999984741211,0.0,0.140883298957217
2023-11-06,1.2192227994657796,1.5584326166016647,1.3295078261633286,-0.0064603287352531825,-0.019979902407115654,-0.004164401637232774,-0.004178687351518488,0.002300536500511985,CAUTIOUS_BULL,EARLY_DD_UNCERTAINTY,GROWTH,1.1918266007632803,1.0725620807031027,0.5241169929504395,-4.1440302934112205,-0.00015263216570707703,False,14.890000343322754,0.0,0.14345660315021846
2023-11-07,1.206948832096646,1.5600690342334806,1.312410500071728,-0.010067042196480868,0.0010500406718798945,-0.012845605559118642,-0.012859891273404356,0.00284599082546122,CAUTIOUS_BULL,EARLY_DD_UNCERTAINTY,GROWTH,1.1919414889890485,1.0727589119285188,0.5259336829185486,-4.544582421591679,2.1574210333832135e-05,False,14.8100004196167,0.0,0.14471820321578022
2023-11-08,1.195356055761023,1.5422851366508743,1.3030527704427448,-0.009605027178728446,-0.011399429892116404,-0.007115899260973132,-0.007130184975258846,0.0007323487144050844,CAUTIOUS_BULL,EARLY_DD_UNCERTAINTY,GROWTH,1.1916724528757816,1.0725236126748439,0.5504083633422852,-5.772128713107418,3.43216732376686e-05,False,14.449999809265137,0.0,0.1438830556587955
2023-11-09,1.1859991809702795,1.5416958168014516,1.3106585812266447,-0.00782768844951935,-0.000382108233696869,0.005851202649979521,0.005836916935693807,-0.007798750123243381,CAUTIOUS_BULL,EARLY_DD_UNCERTAINTY,GROWTH,1.1917757408627667,1.0726008264382974,0.5237489938735962,-6.443990865207836,4.959288370114938e-06,False,15.289999961853027,0.0,0.14202813642231443
2023-11-10,1.1805353980020736,1.5201288735456493,1.3154552274904547,-0.004606902817366004,-0.013989104089642832,0.0036740078818398706,0.0036597221675541565,0.015604805353370388,CAUTIOUS_BULL,EARLY_DD_UNCERTAINTY,GROWTH,1.1922440081269028,1.073004397506582,0.512947142124176,-5.897912211053051,-2.8349542780249727e-05,False,14.170000076293945,0.0,0.14233623179439878
2023-11-13,1.1902243497854046,1.5365899296133805,1.3189182492276947,0.008207252234645671,0.010828724033993507,0.002646850977526534,0.00263256526324082,-0.0009531306976282572,CAUTIOUS_BULL,EARLY_DD_UNCERTAINTY,GROWTH,1.1922527075490068,1.0729404921219576,0.5197097063064575,-5.553524714358728,-0.00016205489098814054,False,14.760000228881836,0.0,0.14248204956282837
2023-11-14,1.2159306831069396,1.566603362603401,1.3581924334865576,0.02159788894099659,0.019532493615633865,0.029791858571329814,0.0297775728570441,0.019400644595803707,CAUTIOUS_BULL,EARLY_DD_UNCERTAINTY,GROWTH,1.1923677284447225,1.0731149928931745,0.5205966234207153,-5.304888204286211,-2.974978401711622e-05,False,14.15999984741211,0.0,0.13872621294402043
2023-11-15,1.225694805861045,1.5639307767663233,1.363831529850904,0.00803016396391624,-0.001705974786519214,0.004166198377994582,0.004151912663708868,0.0021171604118641607,CAUTIOUS_BULL,EARLY_DD_UNCERTAINTY,GROWTH,1.192509886512815,1.0731326341391703,0.5155541896820068,-2.4850976135833975,-0.00023529033416813913,False,14.180000305175781,0.0,0.14226646491982115
2023-11-16,1.2315759711527412,1.5508960688854503,1.377128008978778,0.0047982297579898785,-0.008334581091769527,0.009763641728461305,0.00974935601417559,0.0012231201762880062,CAUTIOUS_BULL,EARLY_DD_UNCERTAINTY,GROWTH,1.192475964208288,1.073182216734716,0.5198228359222412,-2.0802242554648966,-8.600416114303015e-05,False,14.319999694824219,0.0,0.14147782517143523
2023-11-17,1.2357879070514923,1.5544198894259647,1.3860108207185027,0.0034199562165935942,0.002272119074392132,0.006450244045440359,0.006450244045440359,0.0012438031266428506,GOLDILOCKS,NORMAL_TRENDING,GROWTH,1.1926375714709236,1.1926411436334756,0.5146048665046692,-1.1255695009032023,5.990357234074687e-06,False,13.800000190734863,0.0,0.0
2023-11-20,1.2494296231132014,1.569511872590129,1.3863782565391471,0.011038881335436632,0.009709077493686437,0.0002651031399985154,0.0002651031399985154,0.007697541833656452,GOLDILOCKS,NORMAL_TRENDING,GROWTH,1.1925451163900134,1.1925495361328284,0.5285550355911255,-0.48780529433008896,7.412286133560713e-06,False,13.40999984741211,0.0,0.0
2023-11-21,1.2550040643982074,1.571537646653101,1.3879613838551725,0.004461588857735091,0.0012907032424221822,0.0011419158577815544,0.0011419158577815544,-0.002179377490161727,GOLDILOCKS,NORMAL_TRENDING,GROWTH,1.19322847319513,1.1931991311816965,0.4869335889816284,-0.4614242990454669,-4.9180880430783495e-05,False,13.350000381469727,0.0,0.0
2023-11-22,1.2464507990724758,1.5511995180221048,1.3864399342945357,-0.006815328785276142,-0.0129415472001644,-0.0010961757137730637,-0.0010961757137730637,0.0038608597009235357,GOLDILOCKS,NORMAL_TRENDING,GROWTH,1.1931123576306546,1.1930210716427108,0.5185161232948303,-0.34775962099157204,-0.00015302161168654997,False,12.850000381469727,0.0,0.0
2023-11-24,1.2555844831436394,1.5932289862729012,1.3973909510181646,0.007327753392240058,0.027094817760378982,0.007898659330814089,0.007898659330814089,0.0006153203236707316,GOLDILOCKS,NORMAL_TRENDING,GROWTH,1.1933221760749186,1.1933155726836726,0.5072081685066223,-0.4569959867181114,-1.1067239641386214e-05,False,12.460000038146973,0.0,0.0
2023-11-27,1.2572305813685842,1.5829515105785434,1.396101794458846,0.0013110214780797007,-0.006450721009288292,-0.0009225453752790213,-0.0009225453752790213,-0.0018009654250499274,GOLDILOCKS,NORMAL_TRENDING,GROWTH,1.1930969093325494,1.1930962917401864,0.5233312249183655,0.0,-1.0352761089645082e-06,False,12.6899995803833,0.0,0.0
2023-11-28,1.270368831516434,1.6069491130458473,1.4100059621039014,0.010450151581222252,0.015160036366832892,0.00995927925903483,0.00995927925903483,0.0009900900490733555,GOLDILOCKS,NORMAL_TRENDING,GROWTH,1.1929367440003504,1.1929036776653443,0.5262719392776489,-0.09225453752789732,-5.543686230202401e-05,False,12.6899995803833,0.0,0.0
2023-11-29,1.2646214571756371,1.5993951152120083,1.4010200030441549,-0.004524177701948453,-0.004700832012982118,-0.006372993661912102,-0.006372993661912102,-0.0007033032199001976,GOLDILOCKS,NORMAL_TRENDING,GROWTH,1.1928444640145703,1.192770765451784,0.523728609085083,0.0,-0.0001235677659738679,False,12.979999542236328,0.0,0.0
2023-11-30,1.255465001623481,1.5904383407211358,1.396980043198904,-0.007240471447167992,-0.005600101191809256,-0.002883584700056206,-0.002883584700056206,0.003937333089663042,GOLDILOCKS,NORMAL_TRENDING,GROWTH,1.1931868319885874,1.193163303895189,0.5027273893356323,-0.6372993661912166,-3.9437400359372996e-05,False,12.920000076293945,0.0,0.0
2023-12-01,1.268691077003418,1.6078443221685998,1.4123808511124742,0.010534802135331608,0.010944140996734143,0.011024357855753184,0.011024357855753184,0.005915893741904821,GOLDILOCKS,NORMAL_TRENDING,GROWTH,1.1932133123162196,1.1931970461649153,0.5144603252410889,-0.9238201294951424,-2.7264448253077067e-05,False,12.630000114440918,0.0,0.0
2023-12-04,1.2422696824712283,1.5836339953545813,1.3917062260291995,-0.02082571164179372,-0.015057631189918142,-0.014638137487484507,-0.014638137487484507,-0.005249364295787484,GOLDILOCKS,NORMAL_TRENDING,GROWTH,1.193311509358107,1.1932821265075353,0.5035457611083984,0.0,-4.9245901579310544e-05,False,13.079999923706055,0.0,0.0
2023-12-05,1.2363216637408694,1.5622197686862878,1.3943127449172892,-0.0047880253493159265,-0.013522206981606728,0.0018728944653258043,0.0018728944653258043,-0.00019704601485093232,GOLDILOCKS,NORMAL_TRENDING,GROWTH,1.1928610447145085,1.1928540479886178,0.5372418761253357,-1.4638137487484504,-1.1730999049068507e-05,False,12.850000381469727,0.0,0.0
2023-12-06,1.2317891405411159,1.5586090419025955,1.3782735190232558,-0.0036661358711768655,-0.0023112796650426536,-0.011503320150017666,-0.011503320150017666,-0.004029855672825433,GOLDILOCKS,NORMAL_TRENDING,GROWTH,1.1925683586581104,1.1925283428328213,0.5398212671279907,-1.279265870884157,-6.710864831957863e-05,False,12.970000267028809,0.0,0.0
2023-12-07,1.2459623163694673,1.5802658445957578,1.397952571533334,0.011506170465283723,0.013894955124041666,0.01427804585843319,0.01427804585843319,0.007630274691822203,GOLDILOCKS,NORMAL_TRENDING,GROWTH,1.1925989252450804,1.1925877430091683,0.5291228294372559,-2.414882081016145,-1.8752718412504148e-05,False,13.0600004196167,0.0,0.0
2023-12-08,1.2368775938698575,1.563061809670727,1.3964560405678115,-0.007291330066932741,-0.010886797929516577,-0.0010705162649983068,-0.0010705162649983068,0.004299339380164469,GOLDILOCKS,NORMAL_TRENDING,GROWTH,1.1931629336769347,1.1931060924475594,0.503351092338562,-1.021557292268272,-9.52782353036922e-05,False,12.350000381469727,0.0,0.0
2023-12-11,1.2254823013383254,1.5558412186396515,1.363815830018106,-0.009212950891833544,-0.004619517274621713,-0.0233736040387162,-0.0233736040387162,0.0038895068124193966,GOLDILOCKS,NORMAL_TRENDING,GROWTH,1.1932705333690632,1.1932671345250694,0.5106580853462219,-1.1275153250710992,-5.696686373797053e-06,False,12.630000114440918,0.0,0.0
2023-12-12,1.2380600020076609,1.5651062533407825,1.3761924301145854,0.010263469864558209,0.005955000156912985,0.009074979058070469,0.009074979058070469,0.0045672645774959,GOLDILOCKS,NORMAL_TRENDING,GROWTH,1.1932822500598705,1.1932519336334277,0.519636869430542,-3.4385216321869243,-5.0811828368954227e-05,False,12.069999694824219,0.0,0.0
2023-12-13,1.2710718319473,1.6077891303283876,1.3961729870026858,0.02666415996486959,0.027271552264580643,0.014518723145742572,0.014518723145742572,0.013790166744447552,GOLDILOCKS,NORMAL_TRENDING,GROWTH,1.1929214142258386,1.1929046463823316,0.5402511358261108,-2.5622282381826933,-2.811223490022485e-05,False,12.1899995803833,0.0,0.0
2023-12-14,1.2986708623120897,1.650722757639471,1.4286722597708912,0.021713194857372893,0.026703518826697345,0.02327739690622086,0.02327739690622086,0.003209283739121771,GOLDILOCKS,NORMAL_TRENDING,GROWTH,1.1926203259187078,1.1925981054688657,0.5435413122177124,-1.1475562060348103,-3.7263241887082316e-05,False,12.479999542236328,0.0,0.0
2023-12-15,1.29945751608402,1.6360439664546265,1.422723859994675,0.0006057376004647435,-0.008892341925324343,-0.004163585969794195,-0.004163585969794195,-0.0016465392674204216,GOLDILOCKS,NORMAL_TRENDING,GROWTH,1.1929933042012364,1.1929040008510734,0.5131525993347168,0.0,-0.00014971307860410683,False,12.279999732971191,0.0,0.0
2023-12-18,1.3086327128495094,1.6497066523609072,1.430876062315532,0.007060790100425264,0.008351050574691106,0.005729996206633964,0.005729996206633964,0.005625203641526966,GOLDILOCKS,NORMAL_TRENDING,GROWTH,1.1933174451096875,1.1932895759285507,0.5030007362365723,-0.41635859697941563,-4.6708746697826414e-05,False,12.5600004196167,0.0,0.0
2023-12-19,1.3205245211842926,1.6765314858984266,1.4384204098847855,0.009087200876164152,0.01626036574389156,0.005272537411133172,0.005272537411133172,0.006080803646176358,GOLDILOCKS,NORMAL_TRENDING,GROWTH,1.1930179376343804,1.193003639040011,0.529511570930481,0.0,-2.39704599877174e-05,False,12.529999732971191,0.0,0.0
2023-12-20,1.3069753945888094,1.6567782126127537,1.4387631102987204,-0.010260412720948103,-0.011782226252128788,0.00023824774146676908,0.00023824774146676908,-0.013857245040514887,GOLDILOCKS,NORMAL_TRENDING,GROWTH,1.1929651044325382,1.1929978019512788,0.5112236738204956,0.0,5.481722578321935e-05,False,13.670000076293945,0.0,0.0
2023-12-21,1.3241570206791045,1.6776801990605286,1.4551394997137594,0.013146097594056485,0.012616043770163015,0.011382269463135619,0.011382269463135619,0.009481843457521899,GOLDILOCKS,NORMAL_TRENDING,GROWTH,1.1928006990941968,1.1927802626270525,0.519538402557373,0.0,-3.4266356751476315e-05,False,13.649999618530273,0.0,0.0
2023-12-22,1.3248863203977679,1.6774335216059504,1.454741246375438,0.0005507652848370827,-0.00014703484890395547,-0.0002736873945073429,-0.0002736873945073429,0.0020096912129099476,GOLDILOCKS,NORMAL_TRENDING,GROWTH,1.19274699934473,1.1927188545252894,0.5249146819114685,0.0,-4.719327645514706e-05,False,13.029999732971191,0.0,0.0
2023-12-26,1.3291781957225994,1.689366146748673,1.459922328242184,0.0032394291183736462,0.007113620294948169,0.0035615143790382023,0.0035615143790382023,0.0042225959589816675,GOLDILOCKS,NORMAL_TRENDING,GROWTH,1.19287357067107,1.1929112328715068,0.5164062976837158,-0.027368739450746332,6.314533469897754e-05,False,12.989999771118164,0.0,0.0
2023-12-27,1.3369788174741146,1.6957014704183646,1.4759822937480118,0.005868755428443043,0.003750118754234902,0.011000561601907025,0.011000561601907025,0.001808141951043174,GOLDILOCKS,NORMAL_TRENDING,GROWTH,1.1928726255555369,1.192789568348562,0.5260287523269653,0.0,-0.00013925578506094677,False,12.430000305175781,0.0,0.0
2023-12-28,1.3292889779684605,1.7005471816947162,1.4638851888195488,-0.00575165395677855,0.002857644084696226,-0.008195968867447934,-0.008195968867447934,0.00037768437281204825,GOLDILOCKS,NORMAL_TRENDING,GROWTH,1.193035450493074,1.1930338617958467,0.5160921812057495,0.0,-2.6632858675089872e-06,False,12.470000267028809,0.0,0.0
2023-12-29,1.3166602011756687,1.6764960927437615,1.444377465472831,-0.00950039983938784,-0.014143147105736865,-0.01332599270469331,-0.01332599270469331,-0.0028949680732826,GOLDILOCKS,NORMAL_TRENDING,GROWTH,1.193097555535301,1.193128580007687,0.5185199975967407,-0.8195968867447905,5.2006597854297525e-05,False,12.449999809265137,0.0,0.0
2024-01-02,1.3037576337045493,1.674404906442355,1.4185848059831854,-0.009799466452770836,-0.0012473553087642988,-0.017857284613064933,-0.017857284613064933,-0.005596406709635127,GOLDILOCKS,NORMAL_TRENDING,GROWTH,1.1931306604302616,1.193135034393359,0.5116186141967773,-2.1412742150805646,7.331909643539851e-06,False,13.199999809265137,0.0,0.0
2024-01-03,1.2822456882334068,1.639125198204044,1.4020039557648845,-0.016499957442256828,-0.02106999812445044,-0.01168830382813048,-0.01168830382813048,-0.00816664853796667,GOLDILOCKS,NORMAL_TRENDING,GROWTH,1.1926806722282146,1.1926444371631175,0.5303266048431396,-3.8887653332937395,-6.07623917124934e-05,False,14.039999961853027,0.0,0.0
2024-01-04,1.279019521602451,1.6320656897718,1.4068842496999963,-0.002516028449587328,-0.0043068756675688005,0.003495227344332293,0.003480941630046579,-0.003221191985123606,CAUTIOUS_BULL,EARLY_DD_UNCERTAINTY,GROWTH,1.192752573729866,1.073475985620197,0.5108187198638916,-5.012142645374943,-2.47930098245266e-06,False,14.130000114440918,0.0,0.14236159047035496
2024-01-05,1.2845077638519826,1.6382126697619772,1.417802029346252,0.004290976139797778,0.0037663802558318303,0.007774540083885764,0.00776025436960005,0.00136958926911257,CAUTIOUS_BULL,EARLY_DD_UNCERTAINTY,GROWTH,1.193149781779685,1.0738768706478405,0.4985851049423218,-4.681495458360314,7.834919483497681e-05,False,13.350000381469727,0.0,0.14175707192035122
2024-01-08,1.2972825742454799,1.655781134515093,1.4257028825625468,0.009945296364101635,0.01072416608502254,0.005586892504768053,0.005572606790482339,0.014276108623588524,CAUTIOUS_BULL,EARLY_DD_UNCERTAINTY,GROWTH,1.1932771981419426,1.0739360560317273,0.5060606598854065,-3.9417996169873155,-2.4996140492547716e-05,False,13.079999923706055,0.0,0.14206546786621846
2024-01-09,1.2936331707983277,1.6423747940866649,1.4164694476252049,-0.0028131137499280757,-0.008096686300483975,-0.006462123255825785,-0.006476408970111499,-0.0015171469230118584,CAUTIOUS_BULL,EARLY_DD_UNCERTAINTY,GROWTH,1.193102185719171,1.0737717372962148,0.5236506462097168,-3.406505037251413,-3.7679274306663365e-05,False,12.760000228881836,0.0,0.14378837517995605
2024-01-10,1.2967548363014898,1.6471622835600932,1.4203519954657358,0.002413099457890172,0.0029149798758881197,0.002755289303908041,0.0027410035896223268,0.005655529604801313,CAUTIOUS_BULL,EARLY_DD_UNCERTAINTY,GROWTH,1.1930425914376668,1.0737264105156863,0.5225979089736938,-4.0320840144825825,-2.2206114572228682e-05,False,12.6899995803833,0.0,0.1424666412819875
2024-01-11,1.2961280453755644,1.6445697200841267,1.4133189538130857,-0.0004833534515384089,-0.0015739575279510528,-0.0049373330922510335,-0.004951618806536748,-0.0004407058669592123,CAUTIOUS_BULL,EARLY_DD_UNCERTAINTY,GROWTH,1.1934293842273274,1.074125810530498,0.5007177591323853,-3.7690356122777167,7.329899014607384e-05,False,12.4399995803833,0.0,0.14356803704941426
2024-01-12,1.297324428069908,1.6485098837415597,1.4283712093938945,0.0009230435979009303,0.002395862947805817,0.010664574907817342,0.010650289193531627,0.0006927962386671371,CAUTIOUS_BULL,EARLY_DD_UNCERTAINTY,GROWTH,1.1934434892822852,1.0741217258643667,0.5083518028259277,-4.245534665311125,4.205479636185863e-05,False,12.699999809265137,0.0,0.14135170630697444
2024-01-16,1.2877448517229868,1.6372215303475537,1.407176284009273,-0.0073841023414422365,-0.00684761038155581,-0.014824241725381115,-0.01483852743966683,-0.0036712526764698383,CAUTIOUS_BULL,EARLY_DD_UNCERTAINTY,GROWTH,1.1928339064974516,1.073557050260117,0.532842218875885,-3.225721917924698,1.2173460520046854e-05,False,13.84000015258789,0.0,0.14500886081737632
2024-01-17,1.26996367282081,1.6170882016338723,1.377810042488671,-0.013807998438810254,-0.012297253817207796,-0.020854628759551866,-0.02086891447383758,-0.005558677730028827,CAUTIOUS_BULL,EARLY_DD_UNCERTAINTY,GROWTH,1.1923496594942533,1.0730977390560328,0.532074511051178,-4.6617096986995294,-3.1598651844518824e-05,False,14.789999961853027,0.0,0.14590195834746142
2024-01-18,1.2874301993679718,1.6383657735623844,1.39824456118379,0.01375356391759279,0.013157953850021076,0.01484544390370418,0.014831158189418466,0.00889281314630641,CAUTIOUS_BULL,EARLY_DD_UNCERTAINTY,GROWTH,1.1922482969159058,1.0730035578544668,0.5299237966537476,-6.651316325079259,-3.710891785053242e-05,False,14.130000114440918,0.0,0.14076937006153542
2024-01-19,1.3035697045677377,1.667077176545133,1.4079118926063112,0.012536217658781927,0.01752441575993118,0.006928191686740702,0.006913905972454988,0.012466077528639152,CAUTIOUS_BULL,EARLY_DD_UNCERTAINTY,GROWTH,1.192535765557648,1.0733285243805548,0.5201987028121948,-5.2668472307225205,8.634332917535513e-05,False,13.300000190734863,0.0,0.14187622398478505
2024-01-22,1.2935732323878193,1.6623020091551395,1.3971579467002309,-0.007668536745592137,-0.0028643949165508215,-0.007623937929221371,-0.007638223643507085,0.0021143593704371355,CAUTIOUS_BULL,EARLY_DD_UNCERTAINTY,GROWTH,1.1924069619305449,1.0730986233692235,0.5384469032287598,-4.611871120001522,-0.00012606130182528307,False,13.1899995803833,0.0,0.14395671645239116
2024-01-23,1.3025214507262337,1.6726673337301454,1.4039494689950458,0.0069174424101965835,0.006235524301792918,0.004875240992001501,0.004860955277715787,0.0029165213677817547,CAUTIOUS_BULL,EARLY_DD_UNCERTAINTY,GROWTH,1.1927753625947655,1.0735177092986044,0.5183737874031067,-5.34046698132263,3.704332291611426e-05,False,12.550000190734863,0.0,0.1421660799007372
2024-01-24,1.3047898448634379,1.6802122429288944,1.4197535542233384,0.0017415407139279486,0.004510705175262494,0.011271161817957218,0.011256876103671503,0.0010931593789482719,CAUTIOUS_BULL,EARLY_DD_UNCERTAINTY,GROWTH,1.1930427598705755,1.073741718709737,0.5076903700828552,-4.880331224709384,6.025352108255161e-06,False,13.140000343322754,0.0,0.14126691865628163
2024-01-25,1.3068571169211385,1.682859750651337,1.4279278406427174,0.0015843716640183826,0.001575698387858021,0.0057718246864988335,0.0057575389722131195,0.005438889801598457,CAUTIOUS_BULL,EARLY_DD_UNCERTAINTY,GROWTH,1.1928611268569187,1.073632068278852,0.5235788822174072,-3.809580898283671,0.00010628806906290693,False,13.449999809265137,0.0,0.14203934578817973
2024-01-26,1.3122977222483627,1.6932840574004135,1.4231833384086428,0.004163121780322788,0.0061944001839975135,-0.0033083627410725514,-0.0033226484553582655,-0.0012702831031971007,CAUTIOUS_BULL,EARLY_DD_UNCERTAINTY,GROWTH,1.1928491293041137,1.0735461151657182,0.5209800601005554,-3.2557608115520233,-3.372170515354703e-05,False,13.260000228881836,0.0,0.1433333893217741
2024-01-29,1.3358600821956852,1.7347635142697402,1.4426840070932208,0.017955041411603645,0.024496455091538,0.013716433679552845,0.01370214796526713,0.007919212356922722,CAUTIOUS_BULL,EARLY_DD_UNCERTAINTY,GROWTH,1.1926743287183843,1.073438623966347,0.527321457862854,-3.5772079084563333,5.9116668476413995e-05,False,13.600000381469727,0.0,0.14092615187201676
2024-01-30,1.3328408583321023,1.7321733213646666,1.4297025494130207,-0.002260134802905694,-0.0014931100889356013,-0.00898384389439817,-0.008998129608683885,-0.0007733499618322037,CAUTIOUS_BULL,EARLY_DD_UNCERTAINTY,GROWTH,1.1923846336171706,1.073128771323211,0.5424467325210571,-2.256008543993817,-3.242602494415551e-05,False,13.3100004196167,0.0,0.14415426158654268
2024-01-31,1.3145392740207722,1.7162736039919546,1.407118798593775,-0.013731259960196923,-0.00917905683952324,-0.01822943131380907,-0.01579611845031513,-0.01631732385186435,CAUTIOUS_BULL,EARLY_DD_UNCERTAINTY,GROWTH,1.1922748769013396,1.0730509149984397,0.5284212827682495,-3.135521647585042,6.571540585672772e-06,False,14.350000381469727,24.868816549735307,0.14514994863890007
2024-02-01,1.3310437486485496,1.7378430624859245,1.431059619885865,0.012555330185986265,0.01256761069085986,0.017028358240369176,0.017014072526083463,0.013088092980850563,CAUTIOUS_BULL,EARLY_DD_UNCERTAINTY,GROWTH,1.192285720369231,1.0731074200913977,0.5300192832946777,-4.665604421267781,9.369819523196586e-05,False,13.880000114440918,0.0,0.1404672233318374
2024-02-02,1.33180328446979,1.7529808444718105,1.4485727738334728,0.0005706317482138327,0.008710672622090406,0.012252178324940764,0.01223789261065505,0.010527453650693408,CAUTIOUS_BULL,EARLY_DD_UNCERTAINTY,GROWTH,1.1922968763341786,1.0730037786957307,0.5301229953765869,-3.043578100660897,-0.00011818459402707135,False,13.850000381469727,0.0,0.1411300089633091
2024-02-05,1.3344388472473092,1.7617160981370061,1.469032834218969,0.00197894299274724,0.0049830856353867276,0.01412428892429828,0.01412428892429828,-0.0036413049563485123,GOLDILOCKS,NORMAL_TRENDING,GROWTH,1.1924957286806395,1.1924571863225817,0.5199488401412964,-1.8570358215434328,-6.464150290978816e-05,False,13.670000076293945,0.0,0.0
2024-02-06,1.336252600919171,1.7592725373894647,1.4681492956542646,0.0013591883027110237,-0.0013870343525415063,-0.0006014423531752641,-0.0006014423531752641,0.002903398601708407,GOLDILOCKS,NORMAL_TRENDING,GROWTH,1.192631125173506,1.1926139002897613,0.5231580138206482,-0.4708362395998609,-2.888551771130412e-05,False,13.0600004196167,0.0,0.0
2024-02-07,1.3353904581081801,1.7404208872661089,1.4773413633557102,-0.0006451944867295077,-0.010715593930278251,0.006260989756732617,0.006260989756732617,0.008340340803952184,GOLDILOCKS,NORMAL_TRENDING,GROWTH,1.192637884159281,1.1926272437674572,0.5293389558792114,-0.5306972940614803,-1.7843457708786022e-05,False,12.829999923706055,0.0,0.0
2024-02-08,1.3413066580903927,1.7425229515946878,1.5031538846181036,0.004430314704055905,0.0012077907958693173,0.017472279530413647,0.017472279530413647,0.0004416127264827985,GOLDILOCKS,NORMAL_TRENDING,GROWTH,1.1928060614770062,1.192758361999051,0.5192707777023315,0.0,-7.997859752038151e-05,False,12.789999961853027,0.0,0.0
2024-02-09,1.3460072101167935,1.776151069685341,1.5173911513675553,0.0035044573871668584,0.019298522329291686,0.009471596285079554,0.009471596285079554,0.005779472968243438,GOLDILOCKS,NORMAL_TRENDING,GROWTH,1.193107942836897,1.193062233084182,0.505169153213501,0.0,-7.662299624996046e-05,False,12.930000305175781,0.0,0.0
2024-02-12,1.35275180618002,1.770044157855737,1.5325809289147219,0.005010817187703934,-0.003438284014144012,0.010010456126277507,0.010010456126277507,-0.0004388812882269999,GOLDILOCKS,NORMAL_TRENDING,GROWTH,1.1927177812229968,1.1927309565738704,0.5253183841705322,0.0,2.2092989776646156e-05,False,13.930000305175781,0.0,0.0
2024-02-13,1.3236425543802086,1.7356240556661462,1.4981262354855138,-0.021518545875767098,-0.019445900282673245,-0.022481483867613193,-0.022481483867613193,-0.01377309063207488,GOLDILOCKS,NORMAL_TRENDING,GROWTH,1.1922931063074025,1.1923389191664453,0.5131806135177612,0.0,7.684831657665338e-05,False,15.850000381469727,0.0,0.0
2024-02-14,1.3456772761862494,1.7477059873781458,1.5193185965628289,0.016647033395174045,0.006961145573291982,0.014145911456151078,0.014145911456151078,0.00908766789289217,GOLDILOCKS,NORMAL_TRENDING,GROWTH,1.1921408357314804,1.1921436308644464,0.5329205989837646,-2.2481483867613243,4.6892663720281305e-06,False,14.380000114440918,0.0,0.0
2024-02-15,1.3561832891450931,1.7586247888526818,1.551336662397624,0.007807230711823098,0.00624750475960566,0.021073964280586013,0.021073964280586013,0.006899699573725604,GOLDILOCKS,NORMAL_TRENDING,GROWTH,1.192245162053953,1.192220031124493,0.5250824689865112,-0.86535934916563,-4.215731841011447e-05,False,14.010000228881836,0.0,0.0
2024-02-16,1.3592161525476265,1.7720488996136519,1.5487882203394838,0.0022363226466572774,0.007633300091105818,-0.0016427395290209154,-0.0016427395290209154,-0.004979936790690087,GOLDILOCKS,NORMAL_TRENDING,GROWTH,1.19245337156979,1.1924261029350276,0.5116277933120728,0.0,-4.573534766666486e-05,False,14.239999771118164,0.0,0.0
2024-02-20,1.3514342010778149,1.7605552011457817,1.552633321428773,-0.005725322977677794,-0.0064861068283025985,0.002482651300412405,0.002482651300412405,-0.005505327966968454,GOLDILOCKS,NORMAL_TRENDING,GROWTH,1.1921896528809186,1.19224112958832,0.5180073380470276,-0.16427395290210034,8.635657468941483e-05,False,15.420000076293945,0.0,0.0
2024-02-21,1.3397386000378653,1.754800986820408,1.5518659299679125,-0.00865421419009676,-0.003268408921020472,-0.000494251572647106,-0.000494251572647106,0.0009058783573447915,GOLDILOCKS,NORMAL_TRENDING,GROWTH,1.1916394529822716,1.19166216419244,0.5443320274353027,0.0,3.811758684524148e-05,False,15.34000015258789,0.0,0.0
2024-02-22,1.3726459225195622,1.7953779428296681,1.5679277795458213,0.02456249486337619,0.023123394797482426,0.010350023972909017,0.010350023972909017,0.020695335238002377,GOLDILOCKS,NORMAL_TRENDING,GROWTH,1.192053671843259,1.1920467625920115,0.513592004776001,-0.049425157264717516,-1.1592181477854857e-05,False,14.539999961853027,0.0,0.0
2024-02-23,1.3775769071692723,1.8026416043005111,1.574194030531781,0.003592320910158058,0.004045756215203782,0.003996517612421455,0.003996517612421455,0.0006896479055364946,GOLDILOCKS,NORMAL_TRENDING,GROWTH,1.191680552179296,1.1916328776798657,0.5585304498672485,0.0,-8.001221358054564e-05,False,13.75,0.0,0.0
2024-02-26,1.371330239980735,1.7947762472721154,1.5625009756241934,-0.004534532450440948,-0.004363239486779611,-0.007427962932649151,-0.007427962932649151,-0.003662430295318986,GOLDILOCKS,NORMAL_TRENDING,GROWTH,1.1916825440902048,1.191667675326167,0.5470196008682251,0.0,-2.4954236531267532e-05,False,13.739999771118164,0.0,0.0
2024-02-27,1.3740112237421678,1.799483715163427,1.5599051916601845,0.001955024167971722,0.00262287173594279,-0.001661300699650465,-0.001661300699650465,0.001857692750301121,GOLDILOCKS,NORMAL_TRENDING,GROWTH,1.191627666699226,1.1915621556986185,0.5554279685020447,-0.7427962932649091,-0.00010995213091873434,False,13.430000305175781,0.0,0.0
2024-02-28,1.371277579036706,1.7994350854223495,1.5588634979016553,-0.0019895359355337583,-2.7024274055921895e-05,-0.0006677929941501803,-0.0006677929941501803,-0.0013216252536034645,GOLDILOCKS,NORMAL_TRENDING,GROWTH,1.1924533206217667,1.1922377336966787,0.499891996383667,-0.9076923552282531,-0.00036158551678231013,False,13.84000015258789,0.0,0.0
2024-02-29,1.386681975303753,1.8250811809456902,1.5763890214804184,0.011233609082902208,0.014252303809737809,0.011242500451356734,0.011242500451356734,0.00359486611830806,GOLDILOCKS,NORMAL_TRENDING,GROWTH,1.1924785521156085,1.1924773684931862,0.5278196334838867,-0.9738655040476043,-1.9851466849773856e-06,False,13.399999618530273,0.0,0.0
2024-03-01,1.4179052977330073,1.866684245369357,1.6139287994182663,0.022516570479265717,0.022795185692567138,0.0238137778342263,0.0238137778342263,0.00938831178479238,GOLDILOCKS,NORMAL_TRENDING,GROWTH,1.1926947658306803,1.1927220111669292,0.5176466703414917,0.0,4.568702241255026e-05,False,13.109999656677246,0.0,0.0
2024-03-04,1.4481785205700561,1.9135778530362608,1.6541932522029368,0.021350666285999863,0.025121338964118733,0.024948097338112905,0.024948097338112905,-0.0010724009353858532,GOLDILOCKS,NORMAL_TRENDING,GROWTH,1.1927587403436393,1.1927422667418384,0.5159339904785156,0.0,-2.7622688887068816e-05,False,13.489999771118164,0.0,0.0
2024-03-05,1.4340186918014532,1.8900668516266834,1.6510928274217627,-0.009777681803365643,-0.012286409655229208,-0.001874282087080976,-0.001874282087080976,-0.009994101475497952,GOLDILOCKS,NORMAL_TRENDING,GROWTH,1.1927754154706365,1.192789846463768,0.5050298571586609,0.0,2.4197334962594604e-05,False,14.460000038146973,0.0,0.0
2024-03-06,1.4690827029380151,1.9307805898939192,1.671533348508862,0.024451571891656046,0.021540898530756025,0.012379995084236239,0.012379995084236239,0.00506722667469206,GOLDILOCKS,NORMAL_TRENDING,GROWTH,1.1924368383553619,1.1924041946273936,0.5253489017486572,-0.18742820870809326,-5.475129066520989e-05,False,14.5,0.0,0.0
2024-03-07,1.4891268604963976,1.9538852760036662,1.6841650614653887,0.013643995343690367,0.011966500093631236,0.007556961377884078,0.007556961377884078,0.009926369838117344,GOLDILOCKS,NORMAL_TRENDING,GROWTH,1.1924325871793318,1.1924133934131926,0.5159567594528198,0.0,-3.2192622619531926e-05,False,14.4399995803833,0.0,0.0
2024-03-08,1.4857970704648813,1.9569657643727596,1.6924041968903418,-0.002236068745953789,0.001576596337014207,0.004892118720111829,0.004892118720111829,-0.006002128739280188,GOLDILOCKS,NORMAL_TRENDING,GROWTH,1.1923534316394067,1.1922743230594175,0.516609787940979,0.0,-0.0001326931728296452,False,14.739999771118164,0.0,0.0
2024-03-11,1.4991067048667333,1.966497848324645,1.73454780771869,0.008957908631282797,0.004870848599101789,0.02490162273633179,0.02490162273633179,-0.0008599007169424189,GOLDILOCKS,NORMAL_TRENDING,GROWTH,1.192002034041336,1.1919998879231255,0.5287930369377136,0.0,-3.60086333603815e-06,False,15.220000267028809,0.0,0.0
2024-03-12,1.492901119403245,1.9562934620317332,1.7110650779893035,-0.004139522185673832,-0.005189116429293494,-0.013538243007710126,-0.013538243007710126,0.010757489886813243,GOLDILOCKS,NORMAL_TRENDING,GROWTH,1.1921379763095492,1.1921191438202665,0.5280098915100098,0.0,-3.159447925825505e-05,False,13.84000015258789,0.0,0.0
2024-03-13,1.5113579124226866,1.9678803683219444,1.7589683525030564,0.012363037832551969,0.005922887601013336,0.027996173336694307,0.027996173336694307,-0.0015675939807537898,GOLDILOCKS,NORMAL_TRENDING,GROWTH,1.1922343668408835,1.1923211749502594,0.5293871760368347,-1.3538243007710122,0.00014562255843371578,False,13.75,0.0,0.0
2024-03-14,1.497725848285131,1.960319183308441,1.7432961669855973,-0.009019745770016466,-0.0038422991230665188,-0.00890987350349835,-0.00890987350349835,-0.001976736151937497,GOLDILOCKS,NORMAL_TRENDING,GROWTH,1.1921119843350292,1.1920958959297425,0.5295473337173462,0.0,-2.6991432848624063e-05,False,14.399999618530273,0.0,0.0
2024-03-15,1.4976622930473553,1.9590554693531494,1.7312027145926734,-4.2434493501318526e-05,-0.0006446470381209507,-0.00693711867320579,-0.00693711867320579,-0.006866662962244363,GOLDILOCKS,NORMAL_TRENDING,GROWTH,1.192214135096626,1.1922562008894377,0.5211260318756104,-0.8909873503498323,7.056751228366333e-05,False,14.40999984741211,0.0,0.0
2024-03-18,1.4890871731215114,1.9532783726594938,1.7316748017203945,-0.0057256699094665,-0.0029489194073525605,0.00027269315357570127,0.00027269315357570127,0.005943169061155551,GOLDILOCKS,NORMAL_TRENDING,GROWTH,1.1923586763205536,1.192330662975743,0.5174082517623901,-1.5785183326847123,-4.698811752996459e-05,False,14.329999923706055,0.0,0.0
2024-03-19,1.4740485200499107,1.9396913357343128,1.7220916931998516,-0.010099242907368406,-0.006956016671951086,-0.005534011646425862,-0.005534011646425862,0.005557255561176255,GOLDILOCKS,NORMAL_TRENDING,GROWTH,1.1929374749441588,1.1929644574955243,0.49394530057907104,-1.5516794684692605,4.523715941906347e-05,False,13.819999694824219,0.0,0.0
2024-03-20,1.502468150474674,1.9813236628363071,1.7517151502672235,0.01927998301155036,0.02146337736062181,0.01720202076599524,0.01720202076599524,0.009249110223046975,GOLDILOCKS,NORMAL_TRENDING,GROWTH,1.1929036691406774,1.192857232768653,0.5219930410385132,-2.09649362086182,-7.785435358360722e-05,False,13.039999961853027,0.0,0.0
2024-03-21,1.4962425728176731,1.9760516334586873,1.733746007176043,-0.004143567139865157,-0.002660862269253322,-0.01025802801810501,-0.01025802801810501,0.00330487231474641,GOLDILOCKS,NORMAL_TRENDING,GROWTH,1.1928076115234256,1.1928527540562173,0.526220440864563,-0.4123554710641288,7.569122187976047e-05,False,12.920000076293945,0.0,0.0
2024-03-22,1.4839254895079361,1.963364609933439,1.7211593469098543,-0.008232009657726773,-0.006420390697505362,-0.007259806346542177,-0.007259806346542177,-0.0018961195606633785,GOLDILOCKS,NORMAL_TRENDING,GROWTH,1.1929161937895134,1.1929094786857217,0.5166963338851929,-1.433928318899044,-1.1258299328521025e-05,False,13.0600004196167,0.0,0.0
2024-03-25,1.4977611249063427,1.9804549444774415,1.7286279428304558,0.009323672580753822,0.0087046157690405,0.004339282085653763,0.004339282085653763,-0.0027625844373073694,GOLDILOCKS,NORMAL_TRENDING,GROWTH,1.1928922907190704,1.1928274901395208,0.5204335451126099,-2.1494989116432333,-0.00010864447704760265,False,13.1899995803833,0.0,0.0
2024-03-26,1.4929363172874044,1.982651910786952,1.7283106597736875,-0.0032213465409846043,0.0011093240548778823,-0.0001835461807060475,-0.0001835461807060475,-0.0018469849113916803,GOLDILOCKS,NORMAL_TRENDING,GROWTH,1.1928507171741027,1.1928443098163881,0.5213304162025452,-1.7248979851982766,-1.0742933080057211e-05,False,13.239999771118164,0.0,0.0
2024-03-27,1.4980414492864638,1.9934482413772152,1.7323107915440237,0.0034195242891103114,0.005445398928336273,0.002314474974574348,0.002314474974574348,0.008403906696541563,GOLDILOCKS,NORMAL_TRENDING,GROWTH,1.1928914299472217,1.1928068429962437,0.5226764678955078,-1.7429360048315956,-0.0001418183563977079,False,12.779999732971191,0.0,0.0
2024-03-28,1.5181956558908436,2.0108925808832656,1.7540851675069111,0.01345370424428479,0.008750836437066844,0.012569555110535187,0.012569555110535187,-0.0001911612929368367,GOLDILOCKS,NORMAL_TRENDING,GROWTH,1.1931889962019715,1.193164107334549,0.5038715600967407,-1.5155224891396328,-4.1718231565637565e-05,False,13.010000228881836,0.0,0.0
2024-04-01,1.5250185737897297,2.022362238151187,1.7654869872053909,0.004494096576032312,0.0057037642770968785,0.006500151708531529,0.006500151708531529,-0.0017397334864187597,GOLDILOCKS,NORMAL_TRENDING,GROWTH,1.193158608777785,1.1930978375990549,0.5056329965591431,-0.2776164215346096,-0.00010186605248124989,False,13.649999618530273,0.0,0.0
2024-04-02,1.546826830359426,2.0720441599758592,1.771021951546477,0.014300321940015306,0.02456628238375875,0.003135092119737136,0.003135092119737136,-0.00635807877156469,GOLDILOCKS,NORMAL_TRENDING,GROWTH,1.192550965393445,1.1925703375685128,0.5282125473022461,0.0,3.2488632570139964e-05,False,14.609999656677246,0.0,0.0
2024-04-03,1.568646963428286,2.101774902263496,1.7932908391797648,0.014106383882538407,0.01434850803951185,0.012574032531806039,0.012574032531806039,0.0010983762358010019,GOLDILOCKS,NORMAL_TRENDING,GROWTH,1.1923934780125898,1.1923981654597313,0.5230671167373657,0.0,7.862248876697022e-06,False,14.329999923706055,0.0,0.0
2024-04-04,1.5520784837006065,2.0765205419004436,1.7777633687202938,-0.010562274440304177,-0.012015730293408147,-0.00865864594868129,-0.00865864594868129,-0.01220608883160823,GOLDILOCKS,NORMAL_TRENDING,GROWTH,1.1919124629970184,1.1919247785505096,0.518814206123352,0.0,2.066519794635029e-05,False,16.350000381469727,0.0,0.0
2024-04-05,1.5737105214450093,2.114855009381671,1.79542113432088,0.013937463840633746,0.01846091416275778,0.009932573654781151,0.009932573654781151,0.01044698752186135,GOLDILOCKS,NORMAL_TRENDING,GROWTH,1.1918277065663063,1.1918545297605332,0.5159491896629333,-0.8658645948681213,4.501186552235864e-05,False,16.030000686645508,0.0,0.0
2024-04-08,1.6002359094598746,2.140796193341887,1.8165546210154675,0.01685531592589792,0.012266176094880513,0.011770768590501862,0.011770768590501862,0.0005592438926358412,GOLDILOCKS,NORMAL_TRENDING,GROWTH,1.1918854872959859,1.191819182039984,0.5203835964202881,0.0,-0.00011126111813365138,False,15.1899995803833,0.0,0.0
2024-04-09,1.61111509343699,2.1503170194160353,1.8174153081388889,0.006798487593486901,0.0044473295046765565,0.000473801950937417,0.000473801950937417,0.001156747418819215,GOLDILOCKS,NORMAL_TRENDING,GROWTH,1.1919492328900492,1.191896308898493,0.5211789608001709,0.0,-8.880242563317101e-05,False,14.979999542236328,0.0,0.0
2024-04-10,1.5913986365506108,2.1220889856765037,1.7918375700214828,-0.01223777057684824,-0.01312738237415681,-0.01407368915781761,-0.01407368915781761,-0.010013120910295936,GOLDILOCKS,NORMAL_TRENDING,GROWTH,1.1919028604043547,1.191964339554798,0.5142744183540344,0.0,0.00010316134390760321,False,15.800000190734863,0.0,0.0
2024-04-11,1.6273930521874571,2.1691369345078284,1.8317551648593922,0.022618101341889244,0.022170582453839134,0.022277462815689632,0.022277462815689632,0.007546929319219187,GOLDILOCKS,NORMAL_TRENDING,GROWTH,1.1915420023248615,1.1916288705647973,0.5500263571739197,-1.407368915781762,0.00014580810372836567,False,14.90999984741211,0.0,0.0
2024-04-12,1.5958901151342868,2.1271934596635096,1.7978840802619998,-0.01935791541620862,-0.01933648087267281,-0.018491054507272196,-0.018491054507272196,-0.0138030652989245,GOLDILOCKS,NORMAL_TRENDING,GROWTH,1.1908266212332117,1.190774843537597,0.5444005131721497,0.0,-8.696093065320858e-05,False,17.309999465942383,0.0,0.0
2024-04-15,1.6016333062974364,2.1032458785152905,1.8220322241253024,0.0035987384774711817,-0.011257829436917863,0.013431424266120498,0.013431424266120498,-0.012528153591262248,GOLDILOCKS,NORMAL_TRENDING,GROWTH,1.190496864575218,1.1905392889947222,0.5124351382255554,-1.8491054507272207,7.127178704380772e-05,False,19.229999542236328,0.0,0.0
2024-04-16,1.5957217505111652,2.100557254113649,1.808609635908416,-0.0036909545793208267,-0.0012783214882795546,-0.007366822627591011,-0.007366822627591011,-0.0018238493517245269,GOLDILOCKS,NORMAL_TRENDING,GROWTH,1.1904572473410844,1.190497436322343,0.5169357061386108,-0.5307991439366894,6.751856288547207e-05,False,18.399999618530273,0.0,0.0
2024-04-17,1.5778961573796928,2.075323866192695,1.779621773443554,-0.01117086555081564,-0.012012711327690826,-0.016027705420413846,-0.016027705420413846,-0.005918219248078005,GOLDILOCKS,NORMAL_TRENDING,GROWTH,1.1901087158606376,1.1901668068167015,0.5431931018829346,-1.2635711035515373,9.762294030764705e-05,False,18.209999084472656,0.0,0.0
2024-04-18,1.579522564285688,2.073603112037819,1.773677990452407,0.0010307439424252624,-0.0008291496970219808,-0.0033399136152655715,-0.0033399136152655715,-0.002057665454663238,GOLDILOCKS,NORMAL_TRENDING,GROWTH,1.1904529585896582,1.1904241588784257,0.5162403583526611,-2.8460895001674524,-4.838445908309955e-05,False,18.0,0.0,0.0
2024-04-19,1.5663354395147289,2.0418188702925035,1.7596590336224378,-0.008348804296393744,-0.0153280256770447,-0.007903890619059543,-0.007903890619059543,-0.008728440864650855,GOLDILOCKS,NORMAL_TRENDING,GROWTH,1.1905934586701068,1.190589275918806,0.5059983730316162,-3.170575168622129,-7.026330054568e-06,False,18.709999084472656,0.0,0.0
2024-04-22,1.5393945161919655,1.993385825737988,1.7407781155366076,-0.017199970480850493,-0.023720539201196177,-0.010729873074877409,-0.010729873074877409,0.009209247073284965,GOLDILOCKS,NORMAL_TRENDING,GROWTH,1.1909269033132304,1.1909714849694826,0.5200000405311584,-3.9359043511957856,7.48688372529253e-05,False,16.940000534057617,0.0,0.0
2024-04-23,1.543786674237656,2.0274949970458853,1.7453516746947557,0.0028531724645578776,0.017111173796607926,0.00264159307605039,0.002627307361764676,0.011866542045953166,CAUTIOUS_BULL,EARLY_DD_UNCERTAINTY,GROWTH,1.1914448599277179,1.07235444724497,0.5167555212974548,-4.966659904560341,0.00010085478162291236,False,15.6899995803833,0.0,0.14248279675630018
2024-04-24,1.5358983472921557,2.020999157594039,1.7429918007597942,-0.005109726024416962,-0.003203874466428214,-0.0013378050816131967,-0.001352090795898911,-0.00047454778931144137,CAUTIOUS_BULL,EARLY_DD_UNCERTAINTY,GROWTH,1.1916586262374282,1.0723967609255753,0.5156372785568237,-4.716978110514507,-0.00017902719974809543,False,15.970000267028809,0.0,0.1430505602029414
2024-04-25,1.5422754536506134,2.0471865531564086,1.7496306404665594,0.004152036734527733,0.012957647935660295,0.003823161753674503,0.0038088760393887888,-0.00379904829491573,CAUTIOUS_BULL,EARLY_DD_UNCERTAINTY,GROWTH,1.1915592733945237,1.0723438080962016,0.5369813442230225,-4.845809407416713,-0.000111036503362301,False,15.369999885559082,0.0,0.1423150823499365
2024-04-26,1.5520241011061333,2.0754581550077638,1.763103655138992,0.006320950925105261,0.013809978288380771,0.007714776526929502,0.007700490812643788,0.009473965449078081,CAUTIOUS_BULL,EARLY_DD_UNCERTAINTY,GROWTH,1.192195707027822,1.0730085711953934,0.49953925609588623,-4.483378890821186,6.045776649705407e-05,False,15.029999732971191,0.0,0.14176547908787662
2024-04-29,1.5619282921016828,2.0802089238639216,1.7701018727741749,0.006381467264903144,0.002289021749099235,0.00398354617993385,0.003969260465648136,0.0035414757424736543,CAUTIOUS_BULL,EARLY_DD_UNCERTAINTY,GROWTH,1.192118404751572,1.0729133796098402,0.5282930135726929,-3.747854027515184,1.2704430473642347e-05,False,14.670000076293945,0.0,0.14229234746777475
2024-04-30,1.5166728000466925,2.023385090432416,1.7232756857929101,-0.02897411634313629,-0.027316406914530925,-0.028815847970802663,-0.02645395030732143,-0.01584122251844633,CAUTIOUS_BULL,EARLY_DD_UNCERTAINTY,GROWTH,1.1922461903558903,1.0730879717032202,0.5048856735229492,-3.365804189772812,0.00012376337008268839,False,15.649999618530273,24.407508802660587,0.1467389682308699
2024-05-01,1.5196823989138675,2.0300393469861393,1.736043899931531,0.0019843428767775204,0.003288675292304904,0.007423555307006741,0.007409269592721027,-0.0032471881788588286,CAUTIOUS_BULL,EARLY_DD_UNCERTAINTY,GROWTH,1.191913438808656,1.0727502082424147,0.5322972536087036,-5.922160403724537,5.2414907378437886e-05,False,15.390000343322754,0.0,0.14180646056085788
2024-05-02,1.5283721449572842,2.031322734980911,1.752251271754707,0.005718132979382798,0.0006321985811148296,0.00935009330752409,0.009335807593238375,0.00935341560514269,CAUTIOUS_BULL,EARLY_DD_UNCERTAINTY,GROWTH,1.1921375048832898,1.0729147927580798,0.5179029107093811,-5.225112327454963,-1.6705076841241954e-05,False,14.680000305175781,0.0,0.14153579193607108
2024-05-03,1.5441693403277885,2.0476101344225124,1.7855295493809953,0.010335961318469172,0.008018124919846614,0.019006012621673448,0.018991726907387735,0.012395427488943733,CAUTIOUS_BULL,EARLY_DD_UNCERTAINTY,GROWTH,1.1924839320278453,1.0732168075014752,0.5184512138366699,-4.340312211473306,-3.490626783743422e-05,False,13.489999771118164,0.0,0.14019460520127125
2024-05-06,1.5731281463830804,2.093793386799212,1.8165878967907267,0.018753646571654337,0.022554709805499496,0.017408759762894147,0.017394474048608433,0.010326716143411296,CAUTIOUS_BULL,EARLY_DD_UNCERTAINTY,GROWTH,1.1926572515440124,1.073366179219641,0.5184026956558228,-2.5235695449476303,-4.722819092031841e-05,False,13.489999771118164,0.0,0.1404147029506251
2024-05-07,1.572528049680373,2.0968900181418477,1.822142712562605,-0.00038146714499193493,0.0014789574569101529,0.003057829341311663,0.003057829341311663,0.0011034445466309162,GOLDILOCKS,NORMAL_TRENDING,GROWTH,1.1927887499406862,1.192843244900078,0.5172377824783325,-0.8280183050462248,9.137403315481e-05,False,13.229999542236328,0.0,0.0
2024-05-08,1.5661126079843255,2.088713245008772,1.8136397710918475,-0.0040796993715639185,-0.0038994763971081166,-0.004666451981030191,-0.004666451981030191,9.675543751996862e-05,GOLDILOCKS,NORMAL_TRENDING,GROWTH,1.1925527376756544,1.1926151690248405,0.537273645401001,-0.5247673095833718,0.00010470203490995965,False,13.0,0.0,0.0
2024-05-09,1.59127052048924,2.121911311689609,1.8389708759922268,0.016063923102754306,0.01589402794288191,0.013966999017191489,0.013966999017191489,0.0057618467228697234,GOLDILOCKS,NORMAL_TRENDING,GROWTH,1.1932216591055236,1.1932020387226852,0.4952148199081421,-0.9889637062350106,-3.288640076023319e-05,False,12.6899995803833,0.0,0.0
2024-05-10,1.6031239511547186,2.142311470202033,1.861055502799748,0.007449035542890904,0.00961404861741369,0.012009231410805003,0.012009231410805003,0.001288191454473342,GOLDILOCKS,NORMAL_TRENDING,GROWTH,1.1930985114093176,1.1930143877045303,0.5217572450637817,0.0,-0.00014101719846743192,False,12.550000190734863,0.0,0.0
2024-05-13,1.596222272641291,2.1323898855596863,1.848319804552675,-0.004305143409813361,-0.004631252168673224,-0.0068432662152812605,-0.0068432662152812605,0.0001342558901704649,GOLDILOCKS,NORMAL_TRENDING,GROWTH,1.1928797440396413,1.1929010895188825,0.5193991661071777,0.0,3.578814938873677e-05,False,13.600000381469727,0.0,0.0
2024-05-14,1.6179561186944582,2.15471546280085,1.8798371477905675,0.013615801775027222,0.010469744483572239,0.017051888509910795,0.017051888509910795,0.0045880863443341635,GOLDILOCKS,NORMAL_TRENDING,GROWTH,1.1928371995935712,1.1927993459831308,0.5185994505882263,-0.6843266215281366,-6.346819239596625e-05,False,13.420000076293945,0.0,0.0
2024-05-15,1.6640206054733764,2.2214623365647896,1.9168898722299852,0.028470788698576086,0.030977117357842435,0.019710603380174163,0.019710603380174163,0.01238307980169906,GOLDILOCKS,NORMAL_TRENDING,GROWTH,1.1935340505499488,1.1935074655751656,0.4869241714477539,0.0,-4.454833068388188e-05,False,12.449999809265137,0.0,0.0
2024-05-16,1.6544407727102866,2.2121215216684584,1.9087343764751632,-0.005757039745529225,-0.004204804530143686,-0.004254545799928727,-0.004254545799928727,-0.0020574722302447723,GOLDILOCKS,NORMAL_TRENDING,GROWTH,1.193467114460706,1.1934129668660227,0.5107699632644653,0.0,-9.073998609152988e-05,False,12.420000076293945,0.0,0.0
2024-05-17,1.6875929223041097,2.239304867445877,1.9306044618899414,0.020038281297621696,0.012288360070253187,0.01145789884874681,0.01145789884874681,0.0014376098550927807,GOLDILOCKS,NORMAL_TRENDING,GROWTH,1.1932725636772497,1.1931093622602014,0.5249658823013306,-0.4254545799928726,-0.00027353585763408055,False,11.989999771118164,0.0,0.0
2024-05-20,1.7016111381284649,2.245159520348764,1.9523218578436645,0.008306633453532001,0.0026144956803336675,0.011249013654750874,0.011249013654750874,0.0011519698071327245,GOLDILOCKS,NORMAL_TRENDING,GROWTH,1.1932562742792872,1.1932239128456026,0.5180901288986206,0.0,-5.424054225741652e-05,False,12.149999618530273,0.0,0.0
2024-05-21,1.7017659936845226,2.244055690861041,1.9546735628698015,9.100525530647937e-05,-0.0004916485789623764,0.0012045683024490953,0.0012045683024490953,0.0024526767830517215,GOLDILOCKS,NORMAL_TRENDING,GROWTH,1.1933024682151672,1.1932595337075649,0.5177410840988159,0.0,-7.195913650721217e-05,False,11.859999656677246,0.0,0.0
2024-05-22,1.6699098236452887,2.1776845560224327,1.9146230448808914,-0.018719477388463683,-0.02957642054468879,-0.020489619724589216,-0.020489619724589216,-0.002879546594619309,GOLDILOCKS,NORMAL_TRENDING,GROWTH,1.193123018689386,1.1930407715870102,0.5253384113311768,0.0,-0.00013786860380275156,False,12.289999961853027,0.0,0.0
2024-05-23,1.6447933575216562,2.1481008274488986,1.888195028030027,-0.015040612234261294,-0.013584946677295127,-0.013803248070958198,-0.013803248070958198,-0.0073041499193599035,GOLDILOCKS,NORMAL_TRENDING,GROWTH,1.1932530405854154,1.1932035154355718,0.5097658634185791,-2.04896197245892,-8.300862961862105e-05,False,12.770000457763672,0.0,0.0
2024-05-24,1.6601228109707162,2.165895512511832,1.9121764439245288,0.009319987449461742,0.008283915184775857,0.01270070916324874,0.01270070916324874,0.006616389864486871,GOLDILOCKS,NORMAL_TRENDING,GROWTH,1.1935261953534786,1.1935789207104601,0.5061964988708496,-3.4010044491609346,8.83522409257334e-05,False,11.930000305175781,0.0,0.0
2024-05-28,1.6957160364773245,2.1970360834812612,1.9369273606386816,0.021440115918771138,0.01437768848475754,0.012943845633488903,0.012943845633488903,0.000698826339181613,GOLDILOCKS,NORMAL_TRENDING,GROWTH,1.193188124795982,1.1931933390050746,0.5239166021347046,-2.1741287012077644,8.73996142654705e-06,False,12.920000076293945,0.0,0.0
2024-05-29,1.6752005376414858,2.1758562261582672,1.9112219824257626,-0.01209842827131462,-0.009640195480737938,-0.013271214365232067,-0.013271214365232067,-0.00700268343620114,GOLDILOCKS,NORMAL_TRENDING,GROWTH,1.192953177901187,1.1929422178989542,0.5108762979507446,-0.9078857241546445,-1.837457234018951e-05,False,14.279999732971191,0.0,0.0
2024-05-30,1.6591921093163937,2.1641496907262656,1.9046162925057026,-0.009556126544485458,-0.0053801971340131675,-0.00345626514387191,-0.00345626514387191,-0.006633474799740746,GOLDILOCKS,NORMAL_TRENDING,GROWTH,1.1927024667489248,1.1926790331484811,0.5177561044692993,-2.2229584146134593,-3.929496433001743e-05,False,14.470000267028809,0.0,0.0
2024-05-31,1.6439280075060523,2.1520058208570654,1.8620781990903292,-0.00919971938429148,-0.005611381653144694,-0.022334206413518902,-0.022334206413518902,0.009108145492671138,GOLDILOCKS,NORMAL_TRENDING,GROWTH,1.1924506285563659,1.1924873702535534,0.5437473654747009,-2.5609017953159454,6.162384640109249e-05,False,12.920000076293945,0.0,0.0
2024-06-03,1.6604975759007083,2.165683668119301,1.8843173382242913,0.01007925427330187,0.006355859788886614,0.01195746787754087,0.011943182163255154,0.000815187095192238,CAUTIOUS_BULL,EARLY_DD_UNCERTAINTY,GROWTH,1.1929470483461637,1.0736485438220706,0.5041841268539429,-4.737126727366495,-7.078063024264968e-06,False,13.109999656677246,0.0,0.14117111056744677
2024-06-04,1.6466610758647726,2.145712639651928,1.8663156813001007,-0.008332743291377774,-0.009221581508584625,-0.00953912472195984,-0.009553410436245555,0.0011181234521697725,CAUTIOUS_BULL,EARLY_DD_UNCERTAINTY,GROWTH,1.1929686995154962,1.0736697489538545,0.5175073742866516,-3.599384878476336,-3.875690941868036e-06,False,13.15999984741211,0.0,0.14423507977352396
2024-06-05,1.6828492788416483,2.1909727445690526,1.8997762424834284,0.021976716099802472,0.021093274132209502,0.01794295743825616,0.017928671723970446,0.01188500946540949,CAUTIOUS_BULL,EARLY_DD_UNCERTAINTY,GROWTH,1.1930084876037892,1.0736747803568627,0.5210430026054382,-4.5203395210387995,-6.1205649208212e-05,False,12.630000114440918,0.0,0.14034101487209225
2024-06-06,1.692436537093384,2.1947135032090626,1.9201006488077315,0.005697039165821694,0.0017073506045580196,0.010712601584229835,0.01069831586994412,-1.8774938745358405e-05,CAUTIOUS_BULL,EARLY_DD_UNCERTAINTY,GROWTH,1.1932865395148913,1.0739344560789978,0.5067046880722046,-2.8085160319953553,-4.363203570506218e-05,False,12.579999923706055,0.0,0.14134498951270202
2024-06-07,1.6406479742433229,2.1291086558048127,1.8462115255067377,-0.030600002845012873,-0.02989221477351098,-0.03848190111642037,-0.03848190111642037,-0.00121572926263247,GOLDILOCKS,NORMAL_TRENDING,GROWTH,1.1932027209617417,1.1931815432787465,0.522879958152771,-1.7687308366370402,-3.549720868599962e-05,False,12.220000267028809,0.0,0.0
2024-06-10,1.6528516207256827,2.1508234068420666,1.8609377295158211,0.0074383089327789455,0.010198986781651884,0.007990730344616703,0.007976444630330988,0.0030899012513609936,CAUTIOUS_BULL,EARLY_DD_UNCERTAINTY,GROWTH,1.1931215505006088,1.0738853695444444,0.5193396210670471,-5.548856823122048,0.00014150387250935805,False,12.739999771118164,0.0,0.14172666793769648
2024-06-11,1.6465118775205496,2.116514014954746,1.8413079558408785,-0.0038356396458320086,-0.015951747492694134,-0.010534038049373891,-0.010548323763659606,0.002408178938787975,CAUTIOUS_BULL,EARLY_DD_UNCERTAINTY,GROWTH,1.1930051317862391,1.0737467886112144,0.5233940482139587,-4.7954725093002155,7.855047443807873e-05,False,12.850000381469727,0.0,0.1443801110131426
2024-06-12,1.6674273190902507,2.1448039447941736,1.8652493719639998,0.012702879253563034,0.013366285146017782,0.01301668221573774,0.013002396501452025,0.008213122695901465,CAUTIOUS_BULL,EARLY_DD_UNCERTAINTY,GROWTH,1.193110476781055,1.0737147767970279,0.520684003829956,-5.799720689038358,-0.00015766874823641632,False,12.039999961853027,0.0,0.1410234994018971
2024-06-13,1.6593220328102196,2.132383191136628,1.8641978147945342,-0.004860953270486931,-0.005791090457331861,-0.000549476528592577,-0.0005637622428782913,0.0020134619313800783,CAUTIOUS_BULL,EARLY_DD_UNCERTAINTY,GROWTH,1.1934585212456352,1.0741101305475003,0.5053501725196838,-4.574891306889703,-4.726829213539113e-06,False,11.9399995803833,0.0,0.14293772575000357
2024-06-14,1.6787869453469841,2.1595810060125906,1.8832153731636319,0.011730641883781244,0.012754656381184882,0.0102157558684569,0.010201470154171185,0.0006083880074114756,CAUTIOUS_BULL,EARLY_DD_UNCERTAINTY,GROWTH,1.1933149071424336,1.0740199701167932,0.5170047283172607,-4.628688380193427,6.807123470187555e-05,False,12.65999984741211,0.0,0.14141450698477087
2024-06-17,1.6870152893094048,2.168963891896222,1.8893470722148713,0.004901362847278894,0.004344771442936228,0.0032702590557409034,0.0032559733414551893,0.00795891438041485,CAUTIOUS_BULL,EARLY_DD_UNCERTAINTY,GROWTH,1.193176924303979,1.073817005037165,0.5204027891159058,-3.655760791139806,-7.864501261034669e-05,False,12.75,0.0,0.14239351337360226
2024-06-18,1.6903990938959326,2.170273765674806,1.9014623661120518,0.0020057936688369494,0.0006039168210583865,0.00642670938982437,0.006412423675538656,0.0025406234208713574,CAUTIOUS_BULL,EARLY_DD_UNCERTAINTY,GROWTH,1.1932584045998538,1.0739409203765418,0.5160738825798035,-3.342066516672971,1.5561939273061068e-05,False,12.300000190734863,0.0,0.14194691907261184
2024-06-20,1.706773493419101,2.18265969599245,1.9302908604405669,0.009686706282733177,0.005707081988245136,0.015175508382847432,0.015161222668561717,-0.002716521742688993,CAUTIOUS_BULL,EARLY_DD_UNCERTAINTY,GROWTH,1.1931752812222287,1.0738909038509066,0.5130929946899414,-2.722254895575835,6.174141929839934e-05,False,13.279999732971191,0.0,0.1407236010075456
2024-06-21,1.6946754154096395,2.1541432829938065,1.8969393941643033,-0.007088273901668162,-0.013064983538662594,-0.017277948603378633,-0.017277948603378633,-0.001340474322735652,GOLDILOCKS,NORMAL_TRENDING,GROWTH,1.1932253184207209,1.1932063150666383,0.5076779723167419,-1.2474053413520683,-3.185207988680909e-05,False,13.199999809265137,0.0,0.0
2024-06-24,1.6795018129510049,2.1447757966864445,1.8875810954825714,-0.0089536924420225,-0.0043485901710044236,-0.004933367249645268,-0.004933367249645268,-0.003250676215984627,GOLDILOCKS,NORMAL_TRENDING,GROWTH,1.1932963490423127,1.1933122706607258,0.5045242309570312,-2.953647596314464,2.6685103705879902e-05,False,13.329999923706055,0.0,0.0
2024-06-25,1.6833430121412445,2.1464275180782524,1.8876709970142151,0.0022871063077271065,0.0007701137780274057,4.762790423101489e-05,4.762790423101489e-05,0.0038507809774992463,GOLDILOCKS,NORMAL_TRENDING,GROWTH,1.193164753600946,1.1931170573955188,0.5196605920791626,-3.4324128929603335,-7.994906869850696e-05,False,12.84000015258789,0.0,0.0
2024-06-26,1.680577811806206,2.1427897453117515,1.8914923471262255,-0.00164268382325783,-0.0016948034517176875,0.0020243729537905717,0.0020243729537905717,0.0012480604927769257,GOLDILOCKS,NORMAL_TRENDING,GROWTH,1.193172576524783,1.193174627618604,0.5182814598083496,-3.4278135811697865,3.4380505574417542e-06,False,12.550000190734863,0.0,0.0
2024-06-27,1.685582671545555,2.1504689345428636,1.8954254353828566,0.0029780589177065167,0.0035837343574717413,0.0020793572136871387,0.0020793572136871387,0.0015765591022249836,GOLDILOCKS,NORMAL_TRENDING,GROWTH,1.1933192249078026,1.193290537692307,0.5129722356796265,-3.2323154588950906,-4.807970054736601e-05,False,12.239999771118164,0.0,0.0
2024-06-28,1.687301248986466,2.1713704591169307,1.8867746575388245,0.001019574696585489,0.009719519421242037,-0.0045640296276201675,-0.0045640296276201675,-0.003935079939771491,GOLDILOCKS,NORMAL_TRENDING,GROWTH,1.1932627277806427,1.193223677625812,0.518622636795044,-3.0311008759927356,-6.545105938772921e-05,False,12.4399995803833,0.0,0.0
2024-07-01,1.696365104597065,2.1835426623800136,1.888636813201248,0.005371806377813826,0.005605769946798185,0.0009869518095248803,0.0009869518095248803,0.0020579935995610477,GOLDILOCKS,NORMAL_TRENDING,GROWTH,1.1933497463383764,1.193324537875813,0.5139925479888916,-3.4736698045524115,-4.224823885983609e-05,False,12.220000267028809,0.0,0.0
2024-07-02,1.713914515554674,2.1803073631268406,1.90656057407987,0.01034530297166044,-0.0014816743949700444,0.009490316377049147,0.009490316377049147,0.00672975932372144,GOLDILOCKS,NORMAL_TRENDING,GROWTH,1.1933962343636382,1.1934136607260433,0.5156499147415161,-3.378402968299217,2.92046545869876e-05,False,12.029999732971191,0.0,0.0
2024-07-03,1.7358038078422697,2.218399633690375,1.9316522933440645,0.01277151928461933,0.017471055323550803,0.013160724922838698,0.013160724922838698,0.004462590190542848,GOLDILOCKS,NORMAL_TRENDING,GROWTH,1.1935285248435576,1.1934620102570679,0.5086634159088135,-2.46143344361262,-0.0001114587294818676,False,12.09000015258789,0.0,0.0
2024-07-05,1.7534811697064792,2.2575181320784745,1.934581258187165,0.010183963063304727,0.017633657071528017,0.0015163002436788344,0.0015163002436788344,0.005766543297254234,GOLDILOCKS,NORMAL_TRENDING,GROWTH,1.1936738184156361,1.1935507958391969,0.49956214427948,-1.17775519979601,-0.00020612427707018978,False,12.479999542236328,0.0,0.0
2024-07-08,1.7352952240060526,2.229192312394949,1.9072642556025443,-0.010371337893221207,-0.012547327652002624,-0.014120369702236573,-0.014120369702236573,0.0011538228379379678,GOLDILOCKS,NORMAL_TRENDING,GROWTH,1.1933531695629174,1.1932341316218529,0.5232793092727661,-1.027911005924562,-0.0001995016129353258,False,12.369999885559082,0.0,0.0
2024-07-09,1.733502830038278,2.22770932340915,1.915332069223579,-0.0010329043398371839,-0.000665258433538087,0.004230044996300712,0.004230044996300712,0.0009726293809735331,GOLDILOCKS,NORMAL_TRENDING,GROWTH,1.1932245193043545,1.193208749884856,0.5210255980491638,-2.4254334927235677,-2.643160485448878e-05,False,12.510000228881836,0.0,0.0
2024-07-10,1.7488557378452796,2.2512718065875696,1.9323457702220217,0.008856580757161262,0.010577000747279231,0.008882898830874694,0.008882898830874694,0.009894966407006711,GOLDILOCKS,NORMAL_TRENDING,GROWTH,1.193131825927768,1.193135851042994,0.518970787525177,-2.0126886859032598,6.747142501345469e-06,False,12.850000381469727,0.0,0.0
2024-07-11,1.7444668352546955,2.2590911047481796,1.9344486923791278,-0.0025095852651583228,0.0034732803643387385,0.0010882742568709466,0.0010882742568709466,-0.008622381965265324,GOLDILOCKS,NORMAL_TRENDING,GROWTH,1.1930267666592922,1.1930251941366865,0.520946204662323,-1.1422773127907226,-2.6361899828592918e-06,False,12.920000076293945,0.0,0.0
2024-07-12,1.7424326404980814,2.259552258549091,1.9293738510638294,-0.0011660839377993048,0.0002041324495244442,-0.0026234044538327723,-0.0026234044538327723,0.006307564610181116,GOLDILOCKS,NORMAL_TRENDING,GROWTH,1.1931539192252463,1.193074617260469,0.5151172876358032,-1.0346929980973472,-0.00013292830623043932,False,12.460000038146973,0.0,0.0
2024-07-15,1.7549533406955573,2.2650584991051406,1.9360677838910922,0.007185758523151111,0.0024368724092202667,0.0034694845810064657,0.0034694845810064657,0.0027500660630705998,GOLDILOCKS,NORMAL_TRENDING,GROWTH,1.1928348946660998,1.1927493996798972,0.5309735536575317,-1.294319025261064,-0.00014334756064714646,False,13.119999885559082,0.0,0.0
2024-07-16,1.780055631921847,2.2857388269152734,1.9668425489520351,0.014303680128806485,0.00913015174588351,0.015895499794481276,0.015895499794481276,0.005930200280948483,GOLDILOCKS,NORMAL_TRENDING,GROWTH,1.1926726022007628,1.1925972515295273,0.5299637913703918,-0.9518611870614738,-0.0001263560026388367,False,13.1899995803833,0.0,0.0
2024-07-17,1.742201109158399,2.244778974632401,1.9169940373641965,-0.02126592117942865,-0.017919742973500442,-0.025344434212285424,-0.025344434212285424,-0.014021165651191936,GOLDILOCKS,NORMAL_TRENDING,GROWTH,1.1924486117903157,1.192442319843481,0.5214842557907104,0.0,-1.0552986137031009e-05,False,14.479999542236328,0.0,0.0
2024-07-18,1.7212903582402366,2.2250881198192585,1.8665736762390557,-0.01200248972879138,-0.008771845707601238,-0.026301782969793207,-0.026301782969793207,-0.007684861962399481,GOLDILOCKS,NORMAL_TRENDING,GROWTH,1.192078857765754,1.1920388413428178,0.5206060409545898,-2.5344434212285436,-6.71372077033397e-05,False,15.930000305175781,0.0,0.0
2024-07-19,1.697629414077823,2.191460224820508,1.8472230588265188,-0.013746050484244456,-0.01511306212963901,-0.010352632912535555,-0.01036691862682127,-0.006640623418591285,CAUTIOUS_BULL,EARLY_DD_UNCERTAINTY,GROWTH,1.1918245381488402,1.0726250001080901,0.516777515411377,-5.097961337393494,-3.185447618667947e-05,False,16.520000457763672,0.0,0.14435364535199194
2024-07-22,1.7104045244815802,2.199150761354693,1.8535017914588856,0.007525264523468959,0.0035093206105597722,0.003413297329242288,0.003399011614956574,0.010309807041212204,CAUTIOUS_BULL,EARLY_DD_UNCERTAINTY,GROWTH,1.1919446912840579,1.0726585640517583,0.5233725309371948,-6.081803049728179,-0.0001708843344908254,False,14.90999984741211,0.0,0.14237321464689934
2024-07-23,1.7083274954845686,2.2183876195425323,1.862215573944095,-0.001214349568936692,0.008747403100271911,0.00471553959241157,0.004701253878125856,-0.0015682834725041506,CAUTIOUS_BULL,EARLY_DD_UNCERTAINTY,GROWTH,1.1921232802525326,1.0728062553765205,0.5187975168228149,-5.762574007438434,-0.0001951641010679474,False,14.720000267028809,0.0,0.14218867778428387
2024-07-24,1.6775509350546847,2.171324313967322,1.8615744249545125,-0.018015609133045243,-0.0212150956670573,-0.003729413413679012,-0.0003442936459953738,-0.02266270321312902,CAUTIOUS_BULL,EARLY_DD_UNCERTAINTY,GROWTH,1.1914475894362233,1.0722841922119113,0.5175371766090393,-5.319539943026297,-3.476309146966221e-05,False,18.040000915527344,34.00576278774857,0.14290634460356227
2024-07-25,1.6410371105912498,2.1293943867207012,1.8109906154112452,-0.02176614951023508,-0.019310762089707716,-0.027158310162187657,-0.02717259587647337,-0.005210325525347281,CAUTIOUS_BULL,EARLY_DD_UNCERTAINTY,GROWTH,1.1909286841425966,1.0718283594538318,0.5219998359680176,-5.35213782382383,-1.3913090784284218e-05,False,18.459999084472656,0.0,0.14684736701660933
2024-07-26,1.6627898204996605,2.1669146925240623,1.8524962107670595,0.013255464954460047,0.01762017690914596,0.022933010418107094,0.02291872470382138,0.011199566714143794,CAUTIOUS_BULL,EARLY_DD_UNCERTAINTY,GROWTH,1.1908848615546994,1.0717331313140375,0.5395351648330688,-7.92396593330922,-0.00011801511302648132,False,16.389999389648438,0.0,0.13965639635593344
2024-07-29,1.6630203112108088,2.1682626192354424,1.8548236105611557,0.00013861686444488844,0.0006220488125493388,0.0012706444482842019,0.0012563587339984876,0.0005878910874113075,CAUTIOUS_BULL,EARLY_DD_UNCERTAINTY,GROWTH,1.1908724718746446,1.0717829334298064,0.5379136204719543,-5.813700656715057,-4.275590521518229e-06,False,16.600000381469727,0.0,0.1426778882460964
2024-07-30,1.657591005132354,2.174226391638662,1.810651706124488,-0.0032647262585156784,0.0027504843510711263,-0.02380032619013367,-0.023814611904419383,-0.005066469099204607,CAUTIOUS_BULL,EARLY_DD_UNCERTAINTY,GROWTH,1.1906968870625527,1.0716690939195,0.5315399169921875,-5.695368876912128,7.819055594470185e-05,False,17.690000534057617,0.0,0.1463422261788202
2024-07-31,1.7108780480400476,2.270646197787287,1.8797149681193286,0.032147280446565174,0.04434671868551648,0.03815705042228315,0.038142764707997434,0.01625457652318274,CAUTIOUS_BULL,EARLY_DD_UNCERTAINTY,GROWTH,1.1910922720521093,1.0719721878626784,0.5189042091369629,-7.94119706789789,-2.025588794921746e-05,False,16.360000610351562,0.0,0.13760837884115565
2024-08-01,1.6786137048130743,2.233919552553851,1.8695829120594636,-0.018858353617860067,-0.016174534486802106,-0.007500046357530682,-0.005390208745319639,-0.01416082217664505,CAUTIOUS_BULL,EARLY_DD_UNCERTAINTY,GROWTH,1.1906167333536615,1.0715632457966098,0.5282893776893616,-4.4298198083588085,1.5278315823102695e-05,False,18.59000015258789,21.3563484411029,0.14363134579334014
2024-08-02,1.6582781246129377,2.1974648804344588,1.8482242100790887,-0.012114508622101956,-0.01631870408122649,-0.014202802288622009,-0.011424313863056812,-0.018618494265672747,CAUTIOUS_BULL,EARLY_DD_UNCERTAINTY,GROWTH,1.189059111259148,1.0699861367414163,0.5219806432723999,-4.944963029419566,-0.000312223318672711,False,23.389999389648438,28.250483792133654,0.14450804815500332
2024-08-05,1.6014365511324402,2.088288081410272,1.8069636080956168,-0.03427746687170761,-0.04968306888372276,-0.0349215212749074,-0.022324457042853144,-0.029123627447927514,CRISIS_MODE,FAST_SHOCK,GROWTH,1.1847138440277263,0.5923253520061394,0.5227906703948975,-6.030901606035939,-0.0001065911667460301,False,38.56999969482422,132.7435948101188,3.8965113088553425
2024-08-06,1.6100326293978127,2.095718051807031,1.8073682244909692,0.005367729529648772,0.0035579240541092575,0.0006048729920479826,0.00022392061109560165,0.009219520445592932,CRISIS_MODE,FAST_SHOCK,GROWTH,1.185027820648703,0.5924662867954941,0.5112838745117188,-8.128710706487631,-0.0001607507537887227,False,27.709999084472656,0.0,3.8086709695928365
2024-08-07,1.6003292475286393,2.0798334741699582,1.7927710929404186,-0.0060268231164996335,-0.007579539443951503,-0.009924128372506825,-0.008076456890604992,-0.006684121531949527,CRISIS_MODE,FAST_SHOCK,GROWTH,1.1849461381252575,0.5924476714723089,0.5285497903823853,-8.10813883124688,-8.573415956254253e-05,False,27.850000381469727,22.46769802305649,3.840541779643669
2024-08-08,1.6546890332763515,2.161349850268618,1.8629937462147423,0.0339678761927643,0.03919370329934342,0.03919370329934342,0.0391698937755339,0.023117443707830754,RECOVERY_GROWTH,RECOVERY_ACCEL,GROWTH,1.1862047561444533,1.3047471220700204,0.5166512727737427,-8.850299486573778,-0.00011972436917555545,False,23.790000915527344,0.0,0.22912060820987176
2024-08-09,1.6546606857616306,2.161307126300922,1.8635977292827302,-1.713162663850962e-05,-1.9767261505972762e-05,0.0003480097897603818,0.000324200265950858,0.0044096889243268045,RECOVERY_GROWTH,RECOVERY_ACCEL,GROWTH,1.1881353778881099,1.3070770988414737,0.49741530418395996,-5.279975399791157,0.00019615635013017714,False,20.3700008392334,0.0,0.23801807257280885
2024-08-12,1.6829784993079555,2.203986217371647,1.9003536146784776,0.017113970126926913,0.01974688860799259,0.01974688860799259,0.019723079084183068,0.0005251929973488778,RECOVERY_GROWTH,RECOVERY_ACCEL,GROWTH,1.1885174779226149,1.3073923046715092,0.5301010608673096,-5.249267142624887,3.5305950574740505e-05,False,20.709999084472656,0.0,0.23349009449611774
2024-08-13,1.7026728540386276,2.233745329476222,1.9373262194584795,0.011702083382984514,0.013502403903443668,0.019479454249308394,0.01945564472549887,0.016445738712150826,RECOVERY_GROWTH,RECOVERY_ACCEL,GROWTH,1.189698102885541,1.3086348971610742,0.5120950937271118,-3.3804909451945644,-5.045743490533293e-05,False,18.1200008392334,0.0,0.23355134608072944
2024-08-14,1.6857357160382447,2.208106961397393,1.915043948689536,-0.009947382411253685,-0.011477748936061943,-0.011477748936061943,-0.011501558459871466,0.0031547289402866774,RECOVERY_GROWTH,RECOVERY_ACCEL,GROWTH,1.1908464797367246,1.309929888785805,0.5069261193275452,-1.500696103472157,-1.891587375619754e-06,False,16.190000534057617,0.0,0.24086556750081886
2024-08-15,1.7184410730498414,2.257537736389547,1.957868606510783,0.01940123632692541,0.022386041915683167,0.022386041915683167,0.022362232391873644,0.017140426177822743,RECOVERY_GROWTH,RECOVERY_ACCEL,GROWTH,1.1913422143247534,1.3103206639510114,0.5266425609588623,-2.6335916054947135,-0.00023773308999260008,False,15.229999542236328,0.0,0.23288735689913048
2024-08-16,1.7470152301286135,2.298008286374963,1.9779590952508033,0.016627952815431352,0.017926854259428915,0.010261408080813217,0.010261408080813217,0.0022419408233702587,GOLDILOCKS,NORMAL_TRENDING,GROWTH,1.1919848557369692,1.1919724189836185,0.5061968564987183,-0.4562613538146969,-2.0867300940853023e-05,False,14.800000190734863,0.0,0.0
2024-08-19,1.7560946621268936,2.321931375447467,1.9902467205617211,0.005197110959136572,0.010410358054122684,0.006212274733295004,0.006212274733295004,0.009561341222614317,GOLDILOCKS,NORMAL_TRENDING,GROWTH,1.1918853220926693,1.1918997798233923,0.5324414968490601,0.0,2.4260271445604778e-05,False,14.649999618530273,0.0,0.0
2024-08-20,1.7533097091073973,2.324145385017406,1.9848235693803107,-0.0015858786428536219,0.0009535206739313211,-0.002724863769593196,-0.002724863769593196,-0.001626127499857244,GOLDILOCKS,NORMAL_TRENDING,GROWTH,1.1917771145908935,1.191763310200811,0.5187385678291321,0.0,-2.3166060018319207e-05,False,15.880000114440918,0.0,0.0
2024-08-21,1.7704212432564908,2.342711454285093,1.9917076631918393,0.00975956162234744,0.007988342462297255,0.0034683656107924316,0.0034683656107924316,0.0034366485968408966,GOLDILOCKS,NORMAL_TRENDING,GROWTH,1.1913090600269671,1.1913751305080484,0.5388696193695068,-0.2724863769593271,0.00011092080686373963,False,16.270000457763672,0.0,0.0
2024-08-22,1.7312174091173609,2.300361971208597,1.9506104257945749,-0.02214378882339814,-0.018077122984579964,-0.02063417144833571,-0.02063417144833571,-0.007848485876450262,GOLDILOCKS,NORMAL_TRENDING,GROWTH,1.191272491156092,1.1913636022538427,0.5052530765533447,0.0,0.00015296432751900287,False,17.549999237060547,0.0,0.0
2024-08-23,1.7714259902601261,2.342268595865721,2.021153980088111,0.02322561044673479,0.018217404557034224,0.03616486068190727,0.03616486068190727,0.010625197423502541,GOLDILOCKS,NORMAL_TRENDING,GROWTH,1.1915936689217568,1.1915519453115448,0.5148955583572388,-2.063417144833569,-7.002992932938126e-05,False,15.859999656677246,0.0,0.0
2024-08-26,1.7709863303615554,2.345305093507924,2.0219949753758453,-0.0002481954656803053,0.0012963917321704016,0.00041609659433133607,0.00041609659433133607,-0.0023835897930304384,GOLDILOCKS,NORMAL_TRENDING,GROWTH,1.1917535942334332,1.191714859130926,0.5073504447937012,0.0,-6.500522036552458e-05,False,16.149999618530273,0.0,0.0
2024-08-27,1.7765881715588587,2.3550385791682658,2.0274602303879052,0.003163119387917377,0.004150200196676043,0.0027029023704889556,0.0027029023704889556,0.0013730159205125325,GOLDILOCKS,NORMAL_TRENDING,GROWTH,1.1918464489488347,1.1918176928683368,0.517134428024292,0.0,-4.825467328147081e-05,False,15.430000305175781,0.0,0.0
2024-08-28,1.739401499338725,2.3239428563935296,2.0055098108222986,-0.020931509516639694,-0.013203912262752892,-0.01082655986865256,-0.01082655986865256,-0.0058053756527934874,GOLDILOCKS,NORMAL_TRENDING,GROWTH,1.1914340759539375,1.191529243874253,0.5191900730133057,0.0,0.00015975356460968298,False,17.110000610351562,0.0,0.0
2024-08-29,1.7491924255655915,2.332714521423265,2.0100719799816904,0.005628905247344302,0.00377447535149302,0.0022748176721814617,0.0022748176721814617,8.950103839011625e-05,GOLDILOCKS,NORMAL_TRENDING,GROWTH,1.1916316739071826,1.1915833323846456,0.5192541480064392,-1.0826559868652486,-8.11350077300293e-05,False,15.649999618530273,0.0,0.0
2024-08-30,1.7389459072963551,2.3581279372887964,2.0126866955060914,-0.005857856528233759,0.010894353180442247,0.0013008069116136121,0.0013008069116136121,0.009546145677731488,GOLDILOCKS,NORMAL_TRENDING,GROWTH,1.191948347765804,1.191995095604227,0.5148755311965942,-0.8576370646189204,7.843936947507198e-05,False,15.0,0.0,0.0
2024-09-03,1.6964613825398547,2.304549198926922,1.9592808914443713,-0.02443119396540277,-0.022720878504783663,-0.02653458393746235,-0.02653458393746235,-0.020578956177391472,GOLDILOCKS,NORMAL_TRENDING,GROWTH,1.1903192708399053,1.1902775215154402,0.5281569957733154,-0.7286719936788757,-7.014811149879614e-05,False,20.719999313354492,0.0,0.0
2024-09-04,1.6940226269683225,2.3073770198328734,1.9563720965660334,-0.0014375544274876743,0.001227060332349604,-0.0014846237163031644,-0.0014846237163031644,-0.0020468178916335233,GOLDILOCKS,NORMAL_TRENDING,GROWTH,1.1892962469523967,1.189300965950629,0.5368137359619141,-3.3627953792459566,7.935782601730908e-06,False,21.31999969482422,0.0,0.0
2024-09-05,1.712696701991575,2.328164117114659,1.9795879817554012,0.011023509796130957,0.009008973004026671,0.011866804494972185,0.011866804494972185,-0.002432295999661549,GOLDILOCKS,NORMAL_TRENDING,GROWTH,1.189801619627732,1.1898505700940287,0.4975981116294861,-3.506265265103171,8.228340840927616e-05,False,19.899999618530273,0.0,0.0
2024-09-06,1.6766136173928912,2.2805214439174537,1.9492785650483964,-0.021067994442171476,-0.020463623181449057,-0.015310972276224797,-0.015310972276224797,-0.01683023093268321,GOLDILOCKS,NORMAL_TRENDING,GROWTH,1.1889878929272213,1.188994506981117,0.5148584842681885,-2.361192980014452,1.1125519334598857e-05,False,22.3799991607666,0.0,0.0
2024-09-09,1.7096012036487584,2.3339531989415647,2.000484570896685,0.019675127240802545,0.02342962183785764,0.026269208909613873,0.026269208909613873,0.011196186821106346,GOLDILOCKS,NORMAL_TRENDING,GROWTH,1.1894969558347446,1.18941692425021,0.5164059996604919,-3.8561380473811178,-0.0001345637483847945,False,19.450000762939453,0.0,0.0
2024-09-10,1.723619232528132,2.365924609304758,2.015187008495258,0.008199589968382923,0.013698393942814314,0.007349438137372204,0.007349438137372204,0.004355638187893529,GOLDILOCKS,NORMAL_TRENDING,GROWTH,1.1895247522962398,1.1895464839034304,0.5340619087219238,-1.330514852370688,3.653830178598023e-05,False,19.079999923706055,0.0,0.0
2024-09-11,1.7505723643211106,2.387488909101491,2.084588881013217,0.015637520911996786,0.009114533790267118,0.034439420374083235,0.034439420374083235,0.010259207210957744,GOLDILOCKS,NORMAL_TRENDING,GROWTH,1.1899990527988327,1.1899696098764745,0.5279374122619629,-0.6053495752318241,-4.948394251066702e-05,False,17.690000534057617,0.0,0.0
2024-09-12,1.7929932901622143,2.4395412333358157,2.1116725673426275,0.024232603407717403,0.021802121901338605,0.012992339437331281,0.012992339437331281,0.008423323398022209,GOLDILOCKS,NORMAL_TRENDING,GROWTH,1.1903867040578942,1.1904846471968427,0.5275044441223145,0.0,0.00016455684293967057,False,17.06999969482422,0.0,0.0
2024-09-13,1.8242164834621035,2.470938838209827,2.1360333158480356,0.017414004542685317,0.012870290710798355,0.011536233828175434,0.011536233828175434,0.0052226310157050815,GOLDILOCKS,NORMAL_TRENDING,GROWTH,1.190597851593989,1.1905468377306887,0.5346843004226685,0.0,-8.569453276243303e-05,False,16.559999465942383,0.0,0.0
2024-09-16,1.8177243581401463,2.466555996526926,2.1255839530399885,-0.0035588568466589417,-0.0017737556329303842,-0.0048919474853315135,-0.0048919474853315135,0.0014767499248853344,GOLDILOCKS,NORMAL_TRENDING,GROWTH,1.191197297480445,1.1911787979780206,0.4952147603034973,0.0,-3.106034989087005e-05,False,17.139999389648438,0.0,0.0
2024-09-17,1.8164996178139008,2.453540309982885,2.109633954739294,-0.00067377670369052,-0.005276866433345899,-0.0075038194929364305,-0.0075038194929364305,0.0004086709801092159,GOLDILOCKS,NORMAL_TRENDING,GROWTH,1.1910154121369947,1.1910052689543302,0.5177676677703857,-0.4891947485331494,-1.703283191986083e-05,False,17.610000610351562,0.0,0.0
2024-09-18,1.7853967794693186,2.4308134806302304,2.0951874026707413,-0.017122402911382652,-0.009262871802099408,-0.006847895122325947,-0.006847895122325947,-0.0029658209827364557,GOLDILOCKS,NORMAL_TRENDING,GROWTH,1.1910293117988173,1.191079454978697,0.5020574331283569,-1.2359058687369169,8.42014203728861e-05,False,18.229999542236328,0.0,0.0
2024-09-19,1.83499434718309,2.490213031919467,2.1403826810608186,0.027779577225692957,0.02443607942878274,0.021570995669631814,0.021570995669631814,0.017064400195903495,GOLDILOCKS,NORMAL_TRENDING,GROWTH,1.191121403616307,1.1911336184678436,0.5292720794677734,-1.9122320271993436,2.0509834681431997e-05,False,16.329999923706055,0.0,0.0
2024-09-20,1.8446780472460997,2.4975418579941056,2.153207303421044,0.005277236999599064,0.0029430518516682398,0.005991742726057378,0.005991742726057378,-0.0017284995285267168,GOLDILOCKS,NORMAL_TRENDING,GROWTH,1.1915890792256916,1.1916296821977377,0.503085732460022,0.0,6.814928527636935e-05,False,16.149999618530273,0.0,0.0
2024-09-23,1.837219410920463,2.471007861297775,2.1614068726832567,-0.004043326875804607,-0.01062404484289244,0.003808072380761996,0.003808072380761996,0.0024987790688735245,GOLDILOCKS,NORMAL_TRENDING,GROWTH,1.1913102136549987,1.1912559894116284,0.5380986928939819,0.0,-9.103295304411344e-05,False,15.890000343322754,0.0,0.0
2024-09-24,1.8825306702445364,2.5278364456162477,2.215817689475845,0.02466295481897406,0.02299813983134246,0.025173796512010016,0.025173796512010016,0.002861370368871796,GOLDILOCKS,NORMAL_TRENDING,GROWTH,1.191272661896223,1.1913093434702984,0.5391048192977905,0.0,6.158384263916494e-05,False,15.390000343322754,0.0,0.0
2024-09-25,1.8730476169126271,2.5214741882673133,2.209680360408865,-0.005037396458819617,-0.002516878558329198,-0.0027697806981725973,-0.0027697806981725973,-0.00220551935121982,GOLDILOCKS,NORMAL_TRENDING,GROWTH,1.1914104581114697,1.1914464967213443,0.5292248725891113,0.0,6.049738715844134e-05,False,15.40999984741211,0.0,0.0
2024-09-26,1.8939881625769075,2.551699164445589,2.245047917639732,0.011179932360073551,0.011987025811692156,0.016005734523668,0.016005734523668,0.0039646015159722214,GOLDILOCKS,NORMAL_TRENDING,GROWTH,1.1914360011649041,1.191387977490265,0.5330144762992859,-0.2769780698172655,-8.061477845610093e-05,False,15.369999885559082,0.0,0.0
2024-09-27,1.8701282249250715,2.5251387082976486,2.213571779803682,-0.01259772269081819,-0.010408929280545062,-0.014020252124124572,-0.014020252124124572,-0.0014503104645270382,GOLDILOCKS,NORMAL_TRENDING,GROWTH,1.1912265706584808,1.1912473006583812,0.5217944383621216,0.0,3.4804461906574466e-05,False,16.959999084472656,0.0,0.0
2024-09-30,1.8468172881138392,2.5084353447883436,2.1873017329813567,-0.0124648868994886,-0.0066148300900927,-0.011867718527137637,-0.011867718527137637,0.0040072655540939195,GOLDILOCKS,NORMAL_TRENDING,GROWTH,1.1910937429424198,1.1910603686668335,0.5301513671875,-1.40202521241247,-5.603971271638101e-05,False,16.729999542236328,0.0,0.0
2024-10-01,1.8594660126526164,2.5170367363109287,2.214805228163811,0.0068489311964886335,0.003428986734880624,0.012574166045653925,0.012574166045653925,-0.008958331061065916,GOLDILOCKS,NORMAL_TRENDING,GROWTH,1.1906525902380514,1.190700298071063,0.5117217302322388,-2.5721582245373797,8.01372850530458e-05,False,19.260000228881836,0.0,0.0
2024-10-02,1.8692963163806193,2.5222159160191033,2.219007500099427,0.005286627268857534,0.002057649629605919,0.0018973550731140442,0.0018973550731140442,0.0004218038713335037,GOLDILOCKS,NORMAL_TRENDING,GROWTH,1.1905378580412622,1.1905136543145012,0.5094646215438843,-1.347084364583003,-4.066015473201894e-05,False,18.899999618530273,0.0,0.0
2024-10-03,1.8666833500226447,2.5163816258474663,2.2062472163932645,-0.001397834219795531,-0.002313160477095755,-0.0057504464070495705,-0.0057504464070495705,-0.0018280990057641944,GOLDILOCKS,NORMAL_TRENDING,GROWTH,1.189937429874058,1.1899678330612664,0.5127884745597839,-1.1599047546246548,5.110048048788437e-05,False,20.489999771118164,0.0,0.0
2024-10-04,1.8728634685116328,2.51816508470729,2.2017390767639546,0.0033107481721059502,0.0007087394223136011,-0.002043351985132291,-0.002043351985132291,0.00908750855762852,GOLDILOCKS,NORMAL_TRENDING,GROWTH,1.1900532163805257,1.190004100520456,0.5125119686126709,-1.728279425200855,-8.254397264540168e-05,False,19.209999084472656,0.0,0.0
2024-10-07,1.8627838202047688,2.4905141943586724,2.188501158259103,-0.005381945067717146,-0.010980570938950723,-0.006012482879809818,-0.006012482879809818,-0.009040705504844038,GOLDILOCKS,NORMAL_TRENDING,GROWTH,1.1889179667662504,1.188910831046054,0.5214060544967651,-1.9290831405197402,-1.2003721695864823e-05,False,22.639999389648438,0.0,0.0
2024-10-08,1.8502499709768923,2.466798901625217,2.1791421089826915,-0.0067285581353711595,-0.009522247569266387,-0.004276465306446009,-0.004276465306446009,0.009457645961693295,GOLDILOCKS,NORMAL_TRENDING,GROWTH,1.189004011810811,1.1889464109401147,0.5049270391464233,-2.518732849144613,-9.688927896624588e-05,False,21.420000076293945,0.0,0.0
2024-10-09,1.8438256279408496,2.4596198938273077,2.1626111945533113,-0.003472148702507935,-0.0029102525516690597,-0.007585973563283234,-0.007585973563283234,0.006926514839335152,GOLDILOCKS,NORMAL_TRENDING,GROWTH,1.18908972655218,1.1890895060125664,0.514663577079773,-2.935608106143631,-3.7093855699332296e-07,False,20.860000610351562,0.0,0.0
2024-10-10,1.8666160505934772,2.4764076209477492,2.181922878416984,0.012360400195803627,0.006825333931707188,0.008929799268731626,0.008929799268731626,-0.0017500184384802164,GOLDILOCKS,NORMAL_TRENDING,GROWTH,1.189337935958774,1.1892754979560973,0.5007064342498779,-3.6719360169865967,-0.0001049962349454155,False,20.93000030517578,0.0,0.0
2024-10-11,1.8921602562101512,2.4996396451012157,2.206354070013453,0.013684766938842154,0.009381340921804848,0.011197092178708856,0.011197092178708856,0.005988197182801747,GOLDILOCKS,NORMAL_TRENDING,GROWTH,1.1895348363038092,1.189604989325563,0.5041863918304443,-2.8117457416727554,0.0001179503443072091,False,20.459999084472656,0.0,0.0
2024-10-14,1.8928340765333433,2.494037875025147,2.2073405309466003,0.0003561116564944419,-0.002241031057035322,0.0004471000128920264,0.0004471000128920264,0.00817819790789942,GOLDILOCKS,NORMAL_TRENDING,GROWTH,1.1895767944116233,1.1895266244862759,0.5208480358123779,-1.7235199000544692,-8.434919978796491e-05,False,19.700000762939453,0.0,0.0
2024-10-15,1.8862576306007532,2.4907056078457015,2.181620383477559,-0.0034743911334450843,-0.0013360932537609153,-0.01165209767521057,-0.01165209767521057,-0.007769674992330833,GOLDILOCKS,NORMAL_TRENDING,GROWTH,1.1893796523538733,1.189369926628296,0.5161818861961365,-1.679580484534802,-1.6354282769113706e-05,False,20.639999389648438,0.0,0.0
2024-10-16,1.9014075442787348,2.504895798494602,2.2021649863643034,0.008031730889887186,0.005697257276894194,0.009417130057244746,0.009417130057244746,0.004346629168934912,GOLDILOCKS,NORMAL_TRENDING,GROWTH,1.1895255729570353,1.1895250344895865,0.5235954523086548,-2.8252196161966916,-9.053482515424469e-07,False,19.579999923706055,0.0,0.0
2024-10-17,1.9115245270214305,2.5265837166638274,2.214982054847975,0.005320786053014787,0.008658211723721061,0.005820212637579003,0.005820212637579003,8.56561672069045e-05,GOLDILOCKS,NORMAL_TRENDING,GROWTH,1.1897828998794722,1.189748676171694,0.518903374671936,-1.9101120710382262,-5.7529332084941466e-05,False,19.110000610351562,0.0,0.0
2024-10-18,1.9533072198493049,2.5664589973265124,2.2575884679704568,0.021858308505714512,0.01578229147907972,0.019235556797956035,0.019235556797956035,0.003846643268044403,GOLDILOCKS,NORMAL_TRENDING,GROWTH,1.1903197278649922,1.190287465955802,0.5115736126899719,-1.3392080656953664,-5.42071318066427e-05,False,18.030000686645508,0.0,0.0
2024-10-21,1.952180900258615,2.5716288485925087,2.26087555696274,-0.0005766218335980754,0.002014390750595278,0.0014560177990447822,0.0014560177990447822,-0.0016421837079351187,GOLDILOCKS,NORMAL_TRENDING,GROWTH,1.1901764394970606,1.1900971325982181,0.5282143354415894,0.0,-0.00013326914600323258,False,18.3700008392334,0.0,0.0
2024-10-22,1.9827274528540861,2.5921128106101867,2.2708092337054615,0.015647398553804398,0.007965364842165815,0.004393729991962381,0.004393729991962381,-0.0005312381628587159,GOLDILOCKS,NORMAL_TRENDING,GROWTH,1.1900527241824141,1.1900095832611268,0.534630537033081,0.0,-7.250253776273447e-05,False,18.200000762939453,0.0,0.0
2024-10-23,1.9449505282901858,2.527767096729232,2.2342258416664267,-0.019053009282501972,-0.024823654903278546,-0.016110288568511287,-0.016110288568511287,-0.009137394444739488,GOLDILOCKS,NORMAL_TRENDING,GROWTH,1.190008940792011,1.189949025968209,0.514042854309082,0.0,-0.0001006964263009188,False,19.239999771118164,0.0,0.0
2024-10-24,1.9760232055357565,2.5682439982393848,2.255352493922548,0.015976075891702458,0.016012907819920354,0.00945591616663241,0.00945591616663241,0.0021628398893882572,GOLDILOCKS,NORMAL_TRENDING,GROWTH,1.190003225994057,1.1900374503803552,0.5202344655990601,-1.6110288568511222,5.751982104054668e-05,False,19.079999923706055,0.0,0.0
2024-10-25,1.9822141879221098,2.5806031315750944,2.257682920681307,0.003133051458611306,0.004812289386904933,0.0010332871535774892,0.0010332871535774892,-0.0003452904226192155,GOLDILOCKS,NORMAL_TRENDING,GROWTH,1.189891443040584,1.1898421638971002,0.5003634691238403,-0.6806709940002977,-8.282964596820215e-05,False,20.329999923706055,0.0,0.0
2024-10-28,1.9918603153934913,2.5933510523806005,2.256012502295514,0.004866339636834599,0.004939899765883571,-0.0007398817480041921,-0.0007398817480041921,0.003091245512242047,GOLDILOCKS,NORMAL_TRENDING,GROWTH,1.1895218010370978,1.189517996192049,0.5311378836631775,-0.5780456072364603,-6.397268289720789e-06,False,19.799999237060547,0.0,0.0
2024-10-29,2.0215415888013073,2.6303614193020617,2.289651175373762,0.014901282574100803,0.014271252203779776,0.01491067671124177,0.01491067671124177,0.0016184652678015166,GOLDILOCKS,NORMAL_TRENDING,GROWTH,1.1898492523795017,1.1897955588336755,0.5072652697563171,-0.6516060966425741,-9.025268658008451e-05,False,19.34000015258789,0.0,0.0
2024-10-30,2.0031192326743503,2.5504929852151608,2.2816236523858913,-0.00911302356034172,-0.03036405320607735,-0.0035060026060782165,-0.0035060026060782165,-0.0030254055467365815,GOLDILOCKS,NORMAL_TRENDING,GROWTH,1.1896596477496488,1.189608785357896,0.5077678561210632,0.0,-8.550746736518897e-05,False,20.350000381469727,0.0,0.0
2024-10-31,1.9490128045874335,2.491832422967357,2.2256192180848533,-0.027011087110715704,-0.022999695583501057,-0.024545868571477197,-0.024545868571477197,-0.019602977349403528,GOLDILOCKS,NORMAL_TRENDING,GROWTH,1.188570510093134,1.1884205516374142,0.5140637159347534,-0.35060026060782656,-0.00025233413490632504,False,23.15999984741211,0.0,0.0
2024-11-01,1.9428068079578769,2.506779152257532,2.216017167326472,-0.003184174375329721,0.005998288308800438,-0.004314327752185634,-0.004314327752185634,0.004220505791672879,GOLDILOCKS,NORMAL_TRENDING,GROWTH,1.1883968585344566,1.188387583279641,0.5252734422683716,-2.796581329837545,-1.560969258577047e-05,False,21.8799991607666,0.0,0.0
2024-11-04,1.9371187176055864,2.5000025731333957,2.2015924899846997,-0.0029277694153591175,-0.0027033012134449028,-0.006509280503081764,-0.006509280503081764,-0.0021538996042558267,GOLDILOCKS,NORMAL_TRENDING,GROWTH,1.188408448165196,1.1883800425669406,0.5172169208526611,-3.215948736613546,-4.780443676455449e-05,False,21.979999542236328,0.0,0.0
2024-11-05,1.9559523959661322,2.530333672155794,2.2380739803774135,0.009722521489971174,0.012132427121617776,0.016570500925431206,0.016570500925431206,0.01209183189698293,GOLDILOCKS,NORMAL_TRENDING,GROWTH,1.18894098334297,1.1889498130820335,0.5136498212814331,-3.845943274511563,1.4853115818410297e-05,False,20.489999771118164,0.0,0.0
2024-11-06,1.924424522689912,2.499148282452002,2.1614923019386088,-0.016118936913414608,-0.012324615542590591,-0.03421767068928188,-0.03421767068928188,0.02486554619862491,GOLDILOCKS,NORMAL_TRENDING,GROWTH,1.190500157420315,1.190364647857799,0.5046498775482178,-2.2526223885578966,-0.00022765148189410103,False,16.270000457763672,0.0,0.0
2024-11-07,1.9568032782197349,2.555435478367011,2.201793643379312,0.016825162612542945,0.022522551506941154,0.01865943259015355,0.018645146875867838,0.007732177612600255,CAUTIOUS_BULL,EARLY_DD_UNCERTAINTY,GROWTH,1.1913637451195127,1.0721739084737965,0.5149480104446411,-5.597309966407109,-9.972163597133972e-05,False,15.199999809265137,0.0,0.14024230449168518
2024-11-08,1.9321086524360782,2.514248204795489,2.161252977755141,-0.012619881650097831,-0.016117516532971474,-0.018398277945380962,-0.018412563659666675,0.004331699132911204,CAUTIOUS_BULL,EARLY_DD_UNCERTAINTY,GROWTH,1.1916346614614166,1.0723977529134439,0.5289530754089355,-3.837157945253738,-0.00013695920627437847,False,14.9399995803833,0.0,0.14553684936082636
2024-11-11,1.9081169225511865,2.5160221548251784,2.086314897509551,-0.012417381317889165,0.0007055588331756762,-0.034659156505063765,-0.03467344221934948,0.0009529239019829827,CAUTIOUS_BULL,EARLY_DD_UNCERTAINTY,GROWTH,1.1917128487807742,1.0725383427620243,0.5315532088279724,-5.607762396281221,-6.006556353479243e-06,False,14.970000267028809,0.0,0.14798841045623032
2024-11-12,1.8918033073922649,2.49734985230865,2.056874210858722,-0.00854958884653141,-0.007421358544366946,-0.014097048430896427,-0.014111334145182142,-0.003106575372404108,CAUTIOUS_BULL,EARLY_DD_UNCERTAINTY,GROWTH,1.1918763539826323,1.072625421112647,0.5221664905548096,-8.880666192788881,-0.00011801647696182334,False,14.710000038146973,0.0,0.14490190201474534
2024-11-13,1.8721258324610928,2.47738843188377,2.0470442493074934,-0.010401438064032226,-0.007993041265895067,-0.004764791926599778,-0.004779077640885492,0.00048589972154977623,CAUTIOUS_BULL,EARLY_DD_UNCERTAINTY,GROWTH,1.191926683712737,1.0726898686879556,0.5294201374053955,-10.166481559228831,-8.230680276055984e-05,False,14.020000457763672,0.0,0.14354314670003931
2024-11-14,1.864767327615382,2.463491586158333,2.031613937634621,-0.003930561032875216,-0.005609473890564005,-0.007523563884271913,-0.007537849598557627,-0.006430245988008787,CAUTIOUS_BULL,EARLY_DD_UNCERTAINTY,GROWTH,1.1918734952468129,1.0726388811326986,0.5297785401344299,-10.595802918611188,-8.812379953151429e-05,False,14.3100004196167,0.0,0.1439421571889249
2024-11-15,1.8501810821571465,2.4208131028998334,2.0018712426153704,-0.007822018995199864,-0.017324387669232517,-0.016546923017096947,-0.014639934521161871,-0.012808494734805276,CAUTIOUS_BULL,EARLY_DD_UNCERTAINTY,GROWTH,1.1916965973529552,1.0724474876646974,0.5131649971008301,-11.269718309690505,-0.00014815469929097184,False,16.139999389648438,19.49819439137858,0.14497963522372004
2024-11-18,1.8926251499526001,2.4677728172771105,2.0353958777297962,0.022940493881803036,0.019398322952327605,0.016760934749828788,0.016746649035543074,0.0040973288821755105,CAUTIOUS_BULL,EARLY_DD_UNCERTAINTY,GROWTH,1.1916198503382338,1.0724538932297163,0.5160305500030518,-12.568723823680886,-7.40742330815974e-06,False,15.579999923706055,0.0,0.14050416885332553
2024-11-19,1.92216966743633,2.494373972283779,2.0607305084770533,0.015610337569734793,0.010779418113544053,0.012461314336311837,0.012447028622026122,0.0036554294963737632,CAUTIOUS_BULL,EARLY_DD_UNCERTAINTY,GROWTH,1.1914519614700008,1.0723787098925839,0.5183327198028564,-11.104542926826444,0.00013418654420513962,False,16.350000381469727,0.0,0.14110085645821502
2024-11-20,1.921274344855031,2.501770792450276,2.072580890193301,-0.0004657874882050702,0.002965401438872797,0.005764858953969371,0.005750573239683657,0.0003390309425039817,CAUTIOUS_BULL,EARLY_DD_UNCERTAINTY,GROWTH,1.1911219440494745,1.0719616606237745,0.5252524614334106,-9.998058628268543,-8.971750633533199e-05,False,17.15999984741211,0.0,0.1420403295391392
2024-11-21,1.9397278254414876,2.5222494166238185,2.0877877839656853,0.00960481288675557,0.008185651633371873,0.007351463165036835,0.007337177450751121,0.005368199224711212,CAUTIOUS_BULL,EARLY_DD_UNCERTAINTY,GROWTH,1.1910934895500913,1.0719987963418214,0.5219141244888306,-9.480495872696688,2.734321560185685e-05,False,16.8700008392334,0.0,0.14181660922976025
2024-11-22,1.9495618201152944,2.5353054678333433,2.1128017357381705,0.005069780690272134,0.005176352157512229,0.01199536538368193,0.011981079669396216,0.0030992913982035297,CAUTIOUS_BULL,EARLY_DD_UNCERTAINTY,GROWTH,1.1915935749467905,1.0722973768437067,0.5137099027633667,-8.816338208160657,-0.00025519627437849753,False,15.239999771118164,0.0,0.14116582387470406
2024-11-25,1.8911702117938243,2.479875859871841,2.069071555479205,-0.029951144774684267,-0.02186308855669049,-0.02068343500378593,-0.020697720718071643,0.003392069764976302,CAUTIOUS_BULL,EARLY_DD_UNCERTAINTY,GROWTH,1.191932396461368,1.0727476660034598,0.5186097025871277,-7.723859491685342,1.586441247066214e-05,False,14.600000381469727,0.0,0.145876452939426
2024-11-26,1.8910552158419245,2.471985462011678,2.0693486668076413,-6.0806769894550564e-05,-0.0031817713087343453,0.00014821599219349765,0.00013393027790778336,0.005221569865871967,CAUTIOUS_BULL,EARLY_DD_UNCERTAINTY,GROWTH,1.1920707630781737,1.0727955085679526,0.5224967002868652,-9.633765276867972,-0.00012709574057673232,False,14.100000381469727,0.0,0.14283801252242992
2024-11-27,1.890231616691113,2.4642444831107637,2.0760738250107216,-0.0004355235869963265,-0.003131482373126331,0.0032641770017964784,0.0032498912875107643,-0.0030301626777003987,CAUTIOUS_BULL,EARLY_DD_UNCERTAINTY,GROWTH,1.191987955647337,1.0727064670622353,0.5322054624557495,-9.621662501938028,-0.00015416453380622956,False,14.100000381469727,0.0,0.14239437661319707
2024-11-29,1.9197987048445646,2.507626668345145,2.099552193240019,0.015642045076576048,0.017604659574855727,0.0113233094813842,0.011309023767098485,0.006212115192164802,CAUTIOUS_BULL,EARLY_DD_UNCERTAINTY,GROWTH,1.192229251536359,1.0729910554332136,0.5218508243560791,-9.327942730323363,-2.8463857358899555e-05,False,13.510000228881836,0.0,0.14125963429556265
2024-12-02,1.9152614378778094,2.497294834823957,2.080440983595534,-0.0023634076610768795,-0.004120164158250196,-0.009088231339597519,-0.009102517053883234,0.001792415995988783,CAUTIOUS_BULL,EARLY_DD_UNCERTAINTY,GROWTH,1.1925185644526084,1.07324039841444,0.5156593322753906,-8.302530279648861,-4.902712943836886e-05,False,13.34000015258789,0.0,0.14416944771360485
2024-12-03,1.9236168850509223,2.507340102762276,2.084584617211809,0.004362562211021771,0.004022459742534773,0.002005994995610112,0.0019917092813243977,0.000463853790493296,CAUTIOUS_BULL,EARLY_DD_UNCERTAINTY,GROWTH,1.1923806076690435,1.0731606809624754,0.5317995548248291,-9.13720806157629,3.379618185632313e-05,False,13.300000190734863,0.0,0.14257317853418836
2024-12-04,1.9461155707141375,2.542719390128985,2.104188921262733,0.011696032530209115,0.01411028656532565,0.009418703212648082,0.009404417498362367,0.006209414297781324,CAUTIOUS_BULL,EARLY_DD_UNCERTAINTY,GROWTH,1.1927346485570942,1.0734184748008746,0.5043607950210571,-8.956235795545478,-7.957232391559738e-05,False,13.449999809265137,0.0,0.14152617165198272
2024-12-05,1.9347093079698379,2.5311159239775898,2.090460058900304,-0.005861040791176647,-0.004563408056917711,-0.006510253134721349,-0.006524538849007063,-0.001645503085190847,CAUTIOUS_BULL,EARLY_DD_UNCERTAINTY,GROWTH,1.1928517884759642,1.0734774262587912,0.5089525580406189,-8.100022226344331,-0.0001661440823079807,False,13.539999961853027,0.0,0.1437953411467611
2024-12-06,1.9352632140190886,2.540956438156768,2.1037320820350933,0.00028629936650895324,0.003887816470971497,0.006363138483934298,0.006348852769648584,0.0018955802850253445,CAUTIOUS_BULL,EARLY_DD_UNCERTAINTY,GROWTH,1.192738771004688,1.0734025036988875,0.5264437198638916,-8.699627201551433,-0.00011624079312891333,False,12.770000457763672,0.0,0.14195588583817123
2024-12-09,1.9354791197636865,2.535663806030727,2.1010978489649594,0.00011156402035323969,-0.0020829291075453032,-0.0012378856494678434,-0.0012521713637535577,-0.005149668845008115,CAUTIOUS_BULL,EARLY_DD_UNCERTAINTY,GROWTH,1.1927316842903202,1.0734277079524992,0.5088560581207275,-8.119974576840036,-5.739934675378776e-05,False,14.1899995803833,0.0,0.14303624875180856
2024-12-10,1.939636744792541,2.552124051641103,2.105734426235384,0.002148111538068224,0.00649149369535008,0.0022210260013734735,0.0022067402870877594,-0.003109053573843834,CAUTIOUS_BULL,EARLY_DD_UNCERTAINTY,GROWTH,1.1927519898014263,1.0734588875146929,0.5072740316390991,-8.23502411357586,-3.335574042004404e-05,False,14.180000305175781,0.0,0.1425425883847285
2024-12-11,1.9747386133032077,2.6034805372403866,2.142684910747389,0.018097135252209885,0.020123036560961646,0.017561837794756393,0.01754755208047068,0.0077305775022000756,CAUTIOUS_BULL,EARLY_DD_UNCERTAINTY,GROWTH,1.1928561237563335,1.0735533305516494,0.5089086294174194,-8.03252264434365,-3.200689450500415e-05,False,13.579999923706055,0.0,0.1403935792141194
2024-12-12,1.945485655171086,2.5697193818481545,2.107650242995773,-0.01481358491450642,-0.01296770031859663,-0.016336540100507467,-0.01635082581479318,-0.005152534019413069,CAUTIOUS_BULL,EARLY_DD_UNCERTAINTY,GROWTH,1.1928574835698493,1.0734644103460262,0.5108417868614197,-6.418718545735773,-0.00019993981457959008,False,13.920000076293945,0.0,0.1452318027669537
2024-12-13,1.9278627089957847,2.5262687929296375,2.077336271661209,-0.009058378882650538,-0.016908690196073835,-0.01436854247806008,-0.014382828192345794,-0.00019859350278339516,CAUTIOUS_BULL,EARLY_DD_UNCERTAINTY,GROWTH,1.1924835586419265,1.073280875843225,0.5327972769737244,-7.948849778319582,8.511287250554907e-05,False,13.8100004196167,0.0,0.1449418160959373
2024-12-16,1.9447832146637387,2.519403372240481,2.1082908424523015,0.00877682087474366,-0.002717612911330265,0.01491537381127386,0.014901088096988145,0.004270044418101415,CAUTIOUS_BULL,EARLY_DD_UNCERTAINTY,GROWTH,1.1922393568377854,1.0729652062261015,0.5229345560073853,-9.272805656865819,-9.359591095414312e-05,False,14.6899995803833,0.0,0.14075967060495537
2024-12-17,1.9356031994919645,2.506552931533913,2.101789989670164,-0.004720328262068807,-0.005100588833117513,-0.0030691848635097355,-0.0030834705777954496,-0.004120063778329963,CAUTIOUS_BULL,EARLY_DD_UNCERTAINTY,GROWTH,1.1919321710902475,1.0726319075755144,0.521660566329956,-7.920871741166213,-0.00019957587129893425,False,15.869999885559082,0.0,0.14329900111089577
2024-12-18,1.881358510585263,2.435819770530711,2.079889136642825,-0.028024694793302135,-0.02821929675345647,-0.023421441003199886,-0.01042009579214704,-0.029803507576069865,CRISIS_MODE,FAST_SHOCK,GROWTH,1.1885098865374684,0.5942681767718228,0.5243841409683228,-8.204795023981383,4.4538133803921264e-05,False,27.6200008392334,135.2321074336852,3.849637399996808
2024-12-19,1.8787369404024803,2.4320791150040177,2.076646260621607,-0.0013934453045672556,-0.001535686495342988,-0.0015353485890369338,-0.0015591581128464576,-0.00030700865352240037,RECOVERY_GROWTH,RECOVERY_ACCEL,GROWTH,1.187783474627284,1.3065871854043927,0.5255284309387207,-9.161309853091277,3.8824514770732123e-05,False,24.09000015258789,0.0,0.2384670459245379
2024-12-20,1.9057988741383438,2.4725225483419733,2.1111297750534095,0.014404323007597798,0.01662916024748163,0.01662919633700726,0.016605386813197738,0.01201094914470513,RECOVERY_GROWTH,RECOVERY_ACCEL,GROWTH,1.188927848959018,1.3078072161001684,0.5312021970748901,-9.30294173379418,-2.051925838184432e-05,False,18.360000610351562,0.0,0.23420615430890723
2024-12-23,1.9184213842924964,2.4913510298485972,2.1271556159704033,0.006623212095169127,0.007615089908583425,0.0076149302149041585,0.0075911206910946345,0.005988309811411963,RECOVERY_GROWTH,RECOVERY_ACCEL,GROWTH,1.1902332958327024,1.309172273729475,0.5111591815948486,-7.796881998464704,-0.00012885432062762888,False,16.780000686645508,0.0,0.23630144530445193
2024-12-24,1.9411431012741693,2.525124562200931,2.155940247828698,0.011843965652026247,0.01355631219675459,0.013555791689187295,0.013531982165377772,0.011115009681411214,RECOVERY_GROWTH,RECOVERY_ACCEL,GROWTH,1.191204214911263,1.3103297510360008,0.5267212390899658,-7.096957001619815,7.806666331988761e-06,False,14.270000457763672,0.0,0.23491635418011714
2024-12-26,1.9368639056377153,2.518963351424375,2.1506292690889537,-0.002204472011179976,-0.0024399631086656345,-0.0024396069577434986,-0.0024634164815530222,6.654786640147847e-05,RECOVERY_GROWTH,RECOVERY_ACCEL,GROWTH,1.191252492884635,1.3102325026611006,0.550082802772522,-5.839794680656398,-0.00022167579213789484,False,14.729999542236328,0.0,0.23868321425911407
2024-12-27,1.9060679945410082,2.4728320178538707,2.1111926141817645,-0.01589988383131527,-0.018313618395606798,-0.01831345365493236,-0.018337263178741882,-0.010526596837132862,RECOVERY_GROWTH,RECOVERY_ACCEL,GROWTH,1.1915127303715871,1.310742466461431,0.5182428359985352,-6.071750482346476,0.00011973023212826467,False,15.949999809265137,0.0,0.24254280942375286
2024-12-30,1.8832136427614605,2.4386939414882756,2.0819971124525503,-0.011990312961029084,-0.013805254913846928,-0.01380510477472291,-0.013828914298532433,-0.01141156050983183,RECOVERY_GROWTH,RECOVERY_ACCEL,GROWTH,1.191212132756893,1.3103400235296603,0.5216703414916992,-7.794137513670213,1.019205852942771e-05,False,17.399999618530273,0.0,0.24143400830483683
2024-12-31,1.8800589711261027,2.4340938163798196,2.0780207881208637,-0.0016751533462406308,-0.0018863068588461233,-0.0018860511133182143,-0.0019098606371277381,-0.0036380105014562902,RECOVERY_GROWTH,RECOVERY_ACCEL,GROWTH,1.1909717040371008,1.310035646621051,0.5262662172317505,-9.069244483815933,-5.0726828807583675e-05,False,17.350000381469727,0.0,0.23855083694868026
2025-01-02,1.9113416047234861,2.4807827125325526,2.1178300616158294,0.016639176790633287,0.019181222941592514,0.019181112339324007,0.019157302815514483,-0.0024568844075819607,RECOVERY_GROWTH,RECOVERY_ACCEL,GROWTH,1.1910059957368535,1.310053572374779,0.5061572194099426,-9.242909554480573,-8.094446047313592e-05,False,17.93000030517578,0.0,0.23361971448124677
2025-01-03,1.933342883984247,2.5134932210466263,2.1457029906933482,0.01151090898999378,0.013185559681960543,0.013184888678693418,0.013161079154883895,0.012503321868222894,RECOVERY_GROWTH,RECOVERY_ACCEL,GROWTH,1.1915655308270008,1.3106043348338194,0.5028356909751892,-7.504248490160707,-0.00017967054546039505,False,16.1299991607666,0.0,0.23500235351899063
2025-01-06,1.951837773783948,2.541000098973987,2.169132499859761,0.00956627505286936,0.010943684946922959,0.010943078997746299,0.010919269473936776,0.005760624414506976,RECOVERY_GROWTH,RECOVERY_ACCEL,GROWTH,1.1913465538356995,1.3104938143684757,0.5372939109802246,-6.28690458304923,1.9237436015608376e-05,False,16.040000915527344,0.0,0.23552349360116395
2025-01-07,1.9348489123003192,2.5158495560622685,2.1671119554016913,-0.008704033558431122,-0.009897891354618181,-0.0009076893395379951,-0.0009314988633475189,-0.011304032781944029,RECOVERY_GROWTH,RECOVERY_ACCEL,GROWTH,1.1913214215754484,1.3103039403320458,0.5045311450958252,-5.263626040954795,-0.00022835360990765274,False,17.81999969482422,0.0,0.2383172303244014
2025-01-08,1.9396780116639314,2.5232498316833962,2.173435586883037,0.0024958534658247895,0.0029414619023205926,0.0029418089679930162,0.0029179994441834926,0.0014608415265473518,RECOVERY_GROWTH,RECOVERY_ACCEL,GROWTH,1.1909939239781362,1.3099962745166889,0.5267151594161987,-5.3518728656153165,-0.0001481449573827899,False,17.700000762939453,0.0,0.23740249773878855
2025-01-10,1.9414839769446637,2.5260570958189756,2.175802456733835,0.0009310644704288479,0.0011125589310777345,0.0011128088321314825,0.0010889993083219587,-0.015267488237607374,RECOVERY_GROWTH,RECOVERY_ACCEL,GROWTH,1.1904592657308986,1.3094568131476696,0.5181610584259033,-5.075689683244174,-7.388921648154734e-05,False,19.540000915527344,0.0,0.23783623460026446
2025-01-13,1.9162407167875566,2.488149327414969,2.143098996529862,-0.013002044032746955,-0.015006695005726656,-0.015006718685569189,-0.015030528209378712,0.0015505794088459535,RECOVERY_GROWTH,RECOVERY_ACCEL,GROWTH,1.1901581871199227,1.3091284551105866,0.5269632339477539,-4.972317174966269,-6.958696265813404e-05,False,19.190000534057617,0.0,0.24172854582223124
2025-01-14,1.9189738047738532,2.4921600737327094,2.146502229242081,0.0014262759174005855,0.0016119395542499159,0.001611805560263993,0.0015879960364544692,0.001376005543533898,RECOVERY_GROWTH,RECOVERY_ACCEL,GROWTH,1.1898161114687862,1.3088109926203548,0.5488147735595703,-6.400633442339827,2.027815981122798e-05,False,18.709999084472656,0.0,0.23771774326114456
2025-01-15,1.9609098052684708,2.554764528609125,2.2003715626069473,0.02185334702865305,0.02512055928359685,0.025120141887688727,0.025096332363879204,0.01818997001237177,RECOVERY_GROWTH,RECOVERY_ACCEL,GROWTH,1.1906724355566514,1.3097062972338642,0.5233173370361328,-6.251998019231618,-5.0974829555319e-05,False,16.1200008392334,0.0,0.23226620813888668
2025-01-16,1.9566410250793362,2.548778393802275,2.195165411682889,-0.002176938570894764,-0.002343125849687914,-0.0023422231101927287,-0.0023660326340022523,-0.0019230406627260832,RECOVERY_GROWTH,RECOVERY_ACCEL,GROWTH,1.190819712572425,1.309846852935524,0.5346049666404724,-3.8992670030726635,-8.371757181519177e-05,False,16.600000381469727,0.0,0.23865991524313157
2025-01-17,1.9715992390986932,2.570952106732089,2.214208721036314,0.007644843294007052,0.008699741406994296,0.008698923140339099,0.008675113616529576,0.010039848987378086,RECOVERY_GROWTH,RECOVERY_ACCEL,GROWTH,1.1912904144673133,1.310446097717943,0.5191442966461182,-4.126644473494924,4.0661490148186255e-05,False,15.970000267028809,0.0,0.2360474992206017
2025-01-21,2.0004970476619746,2.614500211863515,2.2516618071258256,0.014657039823413688,0.016938512785747345,0.016938694617380318,0.016914885093570795,0.009153350710418673,RECOVERY_GROWTH,RECOVERY_ACCEL,GROWTH,1.191976640770494,1.3110308441295377,0.5042992234230042,-3.2949322215045576,-0.00021882783620055785,False,15.0600004196167,0.0,0.23413487361169852
2025-01-22,2.0278992175082045,2.649662135508466,2.2871731824558954,0.013697680723026101,0.013448812696744503,0.01579499470698718,0.015771185183177657,0.005621517783177543,RECOVERY_GROWTH,RECOVERY_ACCEL,GROWTH,1.1918911879814091,1.310902392175639,0.5284637212753296,-1.659177112065327,-0.00027140153504103817,False,15.100000381469727,0.0,0.23439849600803705
2025-01-23,2.0258702128595574,2.652498340793553,2.2878695974508916,-0.001000545111477529,0.0010704026174049798,0.000304487216070063,0.000304487216070063,0.005458227144851113,GOLDILOCKS,NORMAL_TRENDING,GROWTH,1.1920667102720235,1.192040186090073,0.5140104293823242,-0.1082257832336372,-4.4501170483360617e-05,False,15.020000457763672,0.0,0.0
2025-01-24,2.0229148182162846,2.6399912762391415,2.28197243384401,-0.0014588272360751648,-0.004715201650482387,-0.0025775785531884344,-0.0025775785531884344,-0.002919530318990171,GOLDILOCKS,NORMAL_TRENDING,GROWTH,1.1922587922215055,1.1922232452045414,0.5100723505020142,-0.07781001499407152,-5.9629699854013014e-05,False,14.850000381469727,0.0,0.0
2025-01-27,1.9509407820549003,2.5843645173812786,2.264025524722861,-0.03557937067505776,-0.021070811619160842,-0.00786464764209145,-0.00786464764209145,-0.014145237712413494,GOLDILOCKS,NORMAL_TRENDING,GROWTH,1.1915625624983415,1.191619442486056,0.5113682746887207,-0.3353673088870492,9.547125682660213e-05,False,17.899999618530273,0.0,0.0
2025-01-28,1.9733238092074525,2.618433232824611,2.2553050821866507,0.011472940315992766,0.013182627765627317,-0.003851742147331905,-0.003851742147331905,0.008592330306164131,GOLDILOCKS,NORMAL_TRENDING,GROWTH,1.1914212545246963,1.1914056485500872,0.5247682332992554,-1.1191945273811337,-2.6197240564163465e-05,False,16.40999984741211,0.0,0.0
2025-01-29,1.9780252868473769,2.652002828439165,2.2661052255942513,0.002382517059788901,0.012820489441443799,0.0047887726999350675,0.0047887726999350675,-0.004482866125079421,GOLDILOCKS,NORMAL_TRENDING,GROWTH,1.191553731909094,1.1915742367912623,0.5106098651885986,-1.500057893382143,3.441704997249984e-05,False,16.559999465942383,0.0,0.0
2025-01-30,2.017662262320403,2.7279424385358326,2.317456424661418,0.020038659635236662,0.028634814896242644,0.02266055366149228,0.02266055366149228,0.005367031374430953,GOLDILOCKS,NORMAL_TRENDING,GROWTH,1.1916449005079122,1.1915965419829395,0.5192363262176514,-1.028364059676771,-8.11626432539978e-05,False,15.84000015258789,0.0,0.0
2025-01-31,2.0215822895717133,2.735638200918242,2.3403648005016775,0.001942856009410869,0.002821086791897107,0.009885137686507476,0.009885137686507476,-0.005321948055076242,GOLDILOCKS,NORMAL_TRENDING,GROWTH,1.1915409786604076,1.1913841110167138,0.5174018144607544,0.0,-0.00026330213816084993,False,16.43000030517578,0.0,0.0
2025-02-03,2.0092887902262757,2.737285997724829,2.3160154125147687,-0.006081127347055499,0.0006023445666294936,-0.010404099387278907,-0.010404099387278907,-0.006729584890760809,GOLDILOCKS,NORMAL_TRENDING,GROWTH,1.190607918094133,1.190510290718129,0.5350936651229858,0.0,-0.000163995845349532,False,18.6200008392334,0.0,0.0
2025-02-04,2.030107356510592,2.7876469813632356,2.3425031560553506,0.010361161812867746,0.0183981446148725,0.01143677343313568,0.01143677343313568,0.006708238177630221,GOLDILOCKS,NORMAL_TRENDING,GROWTH,1.1906813411445971,1.1907214057929443,0.5281530618667603,-1.0404099387278973,6.729701216064127e-05,False,17.209999084472656,0.0,0.0
2025-02-05,2.0512293914984276,2.792259341825342,2.3583617753584805,0.010404393107634056,0.0016545712182861915,0.006769945757441216,0.006769945757441216,0.004054643122037183,GOLDILOCKS,NORMAL_TRENDING,GROWTH,1.191109024373561,1.191017606604676,0.5243667364120483,0.0,-0.00015350025398903493,False,15.770000457763672,0.0,0.0
2025-02-06,2.0547388155226525,2.801478755524531,2.3733358065946324,0.001710888133121668,0.0033017755768923896,0.006349335963891994,0.006349335963891994,0.0034756526992263392,GOLDILOCKS,NORMAL_TRENDING,GROWTH,1.1912320709222657,1.1910998715253178,0.5338372588157654,0.0,-0.0002219540594560757,False,15.5,0.0,0.0
2025-02-07,2.0366662739145407,2.78143686402211,2.34156337662962,-0.00879554202781475,-0.00715404015215119,-0.013387245865809805,-0.013387245865809805,-0.00915350336018872,GOLDILOCKS,NORMAL_TRENDING,GROWTH,1.191068581529076,1.1910281054141247,0.532011866569519,0.0,-6.796605263366069e-05,False,16.540000915527344,0.0,0.0
2025-02-10,2.075811757850248,2.831225885839666,2.3822188222247873,0.019220372251006156,0.017900468085965623,0.017362521980372518,0.017362521980372518,0.006791197653968517,GOLDILOCKS,NORMAL_TRENDING,GROWTH,1.191623212673633,1.1915769400943623,0.5068274736404419,-1.3387245865809723,-7.766310487821991e-05,False,15.8100004196167,0.0,0.0
2025-02-11,2.064484037844923,2.8202362293152827,2.374353012153807,-0.005457007343024377,-0.0038815894483543462,-0.003301883940130386,-0.003301883940130386,0.0007605024686467843,GOLDILOCKS,NORMAL_TRENDING,GROWTH,1.1914294801188536,1.1912173105701653,0.529836893081665,0.0,-0.0003561596422257992,False,16.020000457763672,0.0,0.0
2025-02-12,2.072399316918735,2.8177842398598623,2.3771757440259322,0.0038340228980771485,-0.0008694269756317168,0.001188842542653071,0.001188842542653071,-0.0032215944663537277,GOLDILOCKS,NORMAL_TRENDING,GROWTH,1.1916798665804105,1.1916689160683298,0.5114068984985352,-0.33018839401303685,-1.837827824035619e-05,False,15.890000343322754,0.0,0.0
2025-02-13,2.1018790414129573,2.8507229926434667,2.417524018924828,0.014224924826771929,0.011689593659322367,0.01697319813240341,0.01697319813240341,0.010557676975368135,GOLDILOCKS,NORMAL_TRENDING,GROWTH,1.1917897135521667,1.1917895245784704,0.5233572721481323,-0.21169668175760936,-3.171259057199087e-07,False,15.100000381469727,0.0,0.0
2025-02-14,2.0768580117552324,2.8381387797780646,2.3862702789068417,-0.011904124435678697,-0.004414393435587041,-0.012927995657261923,-0.012927995657261923,-4.92208421706275e-05,GOLDILOCKS,NORMAL_TRENDING,GROWTH,1.1918831669906387,1.191902952155238,0.5250954627990723,0.0,3.3199838956260804e-05,False,14.770000457763672,0.0,0.0
2025-02-18,2.099025293458801,2.861565936137191,2.4251905733884014,0.010673470010034259,0.008254408320708798,0.016310094805936638,0.016310094805936638,0.0029357727546190926,GOLDILOCKS,NORMAL_TRENDING,GROWTH,1.191841775961682,1.1917290790428485,0.5246961712837219,-1.2927995657261862,-0.00018911389264314492,False,15.350000381469727,0.0,0.0
2025-02-19,2.094920662976787,2.847407185628519,2.423566128649028,-0.0019554935782838618,-0.004947902940089142,-0.0006698214800925567,-0.0006698214800925567,0.002354992736079531,GOLDILOCKS,NORMAL_TRENDING,GROWTH,1.1918615449821104,1.1916988162300077,0.5211285948753357,0.0,-0.000273066536608663,False,15.270000457763672,0.0,0.0
2025-02-20,2.102264809629086,2.863081493842206,2.432459479771475,0.0035056920207485087,0.005504765280076178,0.0036695310341725174,0.0036695310341725174,-0.004160316979602174,GOLDILOCKS,NORMAL_TRENDING,GROWTH,1.1916136534925754,1.1915952292780065,0.5313388705253601,-0.06698214800925002,-3.092313438135019e-05,False,15.65999984741211,0.0,0.0
2025-02-21,2.071761317536431,2.821351837697821,2.415349964644241,-0.014509823858982264,-0.014575085003390734,-0.0070338335620874215,-0.0070338335620874215,-0.01710403634335833,GOLDILOCKS,NORMAL_TRENDING,GROWTH,1.190986911650886,1.1909546411073209,0.5207701325416565,0.0,-5.4191264823087094e-05,False,18.209999084472656,0.0,0.0
2025-02-24,2.0527082548679294,2.7890575335682133,2.393779130253042,-0.009196552955799768,-0.011446393781202154,-0.008930728344526377,-0.008930728344526377,-0.004550437766955739,GOLDILOCKS,NORMAL_TRENDING,GROWTH,1.190377470591279,1.190342590636186,0.5273411273956299,-0.7033833562087394,-5.860318420829778e-05,False,18.979999542236328,0.0,0.0
2025-02-25,2.018787164622685,2.7641772276793426,2.379734352251384,-0.016525042058364456,-0.0089206857834301,-0.005867198783779746,-0.005867198783779746,-0.004973260594429596,GOLDILOCKS,NORMAL_TRENDING,GROWTH,1.1898561911541998,1.189801762051765,0.5351438522338867,-1.590174464985007,-9.148853926980026e-05,False,19.43000030517578,0.0,0.0
2025-02-26,2.0221599885991584,2.764406647274939,2.3785289594884818,0.0016707179615458175,8.29974262502566e-05,-0.0005065240839852579,-0.0005065240839852579,0.0005048309663189254,GOLDILOCKS,NORMAL_TRENDING,GROWTH,1.1901149538708813,1.1901564054879012,0.5088745355606079,-2.167564473676021,6.965985409253206e-05,False,19.100000381469727,0.0,0.0
2025-02-27,1.9706336260218178,2.6854985201053836,2.3212305966873608,-0.0254808535762965,-0.028544326952527333,-0.024089831899058875,-0.024089831899058875,-0.015961975433639086,GOLDILOCKS,NORMAL_TRENDING,GROWTH,1.189353027287947,1.1893217593798295,0.5272201299667358,-2.2171189584650373,-5.257969232012604e-05,False,21.1299991607666,0.0,0.0
2025-02-28,1.9708430518475928,2.672182123550069,2.304068355801408,0.0001062733442733256,-0.004958631127747508,-0.007379310126836394,-0.007393595841122108,0.015605643156610283,CAUTIOUS_BULL,EARLY_DD_UNCERTAINTY,GROWTH,1.1893798942420732,1.070381231070211,0.5335670113563538,-4.5726921253612876,-0.0001133620561411213,False,19.6299991607666,0.0,0.14392123832628115
2025-03-03,1.9852773476476926,2.7182456279836567,2.31583631431622,0.007323919470182174,0.017238160538395785,0.002493760539862574,0.00510746935314748,-0.01751996351713747,CAUTIOUS_BULL,EARLY_DD_UNCERTAINTY,GROWTH,1.1887199811481008,1.0697874444085755,0.515792727470398,-5.278243071992687,-0.00011317238649857032,False,22.780000686645508,26.146403322043838,0.1421312120474846
2025-03-04,2.0037751459559696,2.7428826070116306,2.3472611270454427,0.009317488224098598,0.009063558780097737,0.011808278990331014,0.013569531030737379,-0.011836918364613869,CAUTIOUS_BULL,EARLY_DD_UNCERTAINTY,GROWTH,1.1882509573455307,1.0693539187917473,0.5087975263595581,-4.794454601406619,-0.00013454475305456714,False,23.510000228881836,17.517670967145868,0.14094459085788222
2025-03-05,2.0294458312925006,2.77339334927223,2.3602491089929734,0.012811160667572798,0.011123604846450455,0.005547535423012763,0.005533249708727049,0.010747974591862164,CAUTIOUS_BULL,EARLY_DD_UNCERTAINTY,GROWTH,1.1883046464578213,1.0692905561345216,0.5210371017456055,-3.5025599988221265,-0.00034339431589900754,False,21.93000030517578,0.0,0.14207102838073657
2025-03-06,2.00860419672974,2.774076363766985,2.3509092110633785,-0.010269618553694867,0.0002462739354785058,-0.006605569637319116,-0.003957166171150356,-0.017751261203029833,CAUTIOUS_BULL,EARLY_DD_UNCERTAINTY,GROWTH,1.1870863996463592,1.0682509287366981,0.5439316630363464,-2.968615567042696,-0.00023742715322474378,False,24.8700008392334,26.732677451419782,0.14342469822105064
2025-03-07,2.0103445045918455,2.786346223178467,2.366101351937486,0.0008664264791135309,0.004423043133109857,0.006476526281727777,0.006462240567442063,0.005604909012687731,CAUTIOUS_BULL,EARLY_DD_UNCERTAINTY,GROWTH,1.1874408503074998,1.0686510933681008,0.5085175037384033,-3.352584879060685,-8.547215661694672e-05,False,23.3700008392334,0.0,0.14193989312167354
2025-03-10,1.9609355003407718,2.728934152933093,2.306560019648925,-0.024577381706577337,-0.02060478693128171,-0.029145374888569494,-0.025164320302596327,-0.026635602001725878,CAUTIOUS_BULL,EARLY_DD_UNCERTAINTY,GROWTH,1.1861091768741265,1.0675013088150074,0.514110803604126,-2.7280260323277217,5.7135986259005335e-06,False,27.860000610351562,40.98475654378043,0.14654484425671285
2025-03-11,1.9986814149935694,2.7693748374812066,2.3491246397673966,0.019248932280657913,0.014819223287101765,0.0184680089020095,0.018453723187723786,-0.008312900097698361,CAUTIOUS_BULL,EARLY_DD_UNCERTAINTY,GROWTH,1.1856129214459987,1.0670706393180378,0.5328617691993713,-5.175809141716033,3.56309219103842e-05,False,26.920000076293945,0.0,0.14026866376412775
2025-03-12,2.020581846719564,2.8008253253322564,2.375331281835795,0.010957440021057637,0.011356529793436813,0.01117020380596818,0.011155918091682464,0.005306540701307094,CAUTIOUS_BULL,EARLY_DD_UNCERTAINTY,GROWTH,1.186219210050414,1.0674204689011009,0.5241715908050537,-3.425949772117383,-0.0003312487697116883,False,24.229999542236328,0.0,0.14128102333293158
2025-03-13,2.037505423030326,2.8160687940706484,2.3890323502442103,0.008375595543549542,0.0054424917543130155,0.00378278231681103,0.0057680663380253495,-0.013330464903333561,CAUTIOUS_BULL,EARLY_DD_UNCERTAINTY,GROWTH,1.1865670054028787,1.067708286114483,0.5072083473205566,-2.3485775779930953,-0.0003783440372994197,False,24.65999984741211,19.88102229950901,0.14203785906355318
2025-03-14,2.057562193222111,2.848829410294154,2.4091823232351315,0.009843787390737626,0.011633457354623046,0.008434365900847438,0.008434365900847438,0.02065578951270286,GOLDILOCKS,NORMAL_TRENDING,GROWTH,1.1875871079730627,1.1874397061016972,0.5117906332015991,-1.7853176954604273,-0.00024823757411257356,False,21.770000457763672,0.0,0.0
2025-03-17,2.073404383487764,2.875304917076019,2.434410700866867,0.0076994952171258735,0.009293468638801717,0.010471759396714296,0.010471759396714296,0.007711389808988445,GOLDILOCKS,NORMAL_TRENDING,GROWTH,1.188213236054403,1.1881077616854872,0.528258204460144,-0.956939128068456,-0.00017753441169560428,False,20.510000228881836,0.0,0.0
2025-03-18,2.0760304118912285,2.887716307474043,2.4404760034940844,0.0012665297827949575,0.004316547550944686,0.0024914870054825915,0.0024914870054825915,-0.010808514891609389,GOLDILOCKS,NORMAL_TRENDING,GROWTH,1.1882135670276879,1.1879991142783208,0.5204588174819946,0.0,-0.00036096667353096613,False,21.700000762939453,0.0,0.0
2025-03-19,2.0850206646376988,2.895627086758859,2.4343721237280334,0.004330501468078423,0.0027394586041369234,-0.0025011021445455785,-0.0025011021445455785,0.010890952446785285,GOLDILOCKS,NORMAL_TRENDING,GROWTH,1.1888326263424236,1.1888240220111952,0.5175042152404785,0.0,-1.4475260920448383e-05,False,19.899999618530273,0.0,0.0
2025-03-20,2.070823044843441,2.868429892893948,2.4242035863677156,-0.006809342485209913,-0.009392505681853318,-0.004177067779081143,-0.004177067779081143,-0.002891656573942858,GOLDILOCKS,NORMAL_TRENDING,GROWTH,1.1892527810268327,1.189201635422814,0.5131726264953613,-0.2501102144545584,-8.601300721679174e-05,False,19.799999237060547,0.0,0.0
2025-03-21,2.0563099064826806,2.855550176898704,2.396076542444506,-0.007008391372164444,-0.00449016238017565,-0.01160259149907187,-0.01160259149907187,0.00032978605839262265,GOLDILOCKS,NORMAL_TRENDING,GROWTH,1.1895029877213847,1.1894703441899526,0.5219911932945251,-0.6667722650446576,-5.488600158059694e-05,False,19.280000686645508,0.0,0.0
2025-03-24,2.0574918108877522,2.8352687259611953,2.394543508237254,0.0005747695915606938,-0.007102467013742327,-0.0006398101980866146,-0.0006398101980866146,0.017908465851977917,GOLDILOCKS,NORMAL_TRENDING,GROWTH,1.1904570775141863,1.1904583965142737,0.5046416521072388,-1.8192951287376178,2.215955723831596e-06,False,17.479999542236328,0.0,0.0
2025-03-25,2.0750263644822855,2.8554674163614795,2.407771153876406,0.0085222956911638,0.007124083236038381,0.005524078219355356,0.005524078219355356,0.002403769329945238,GOLDILOCKS,NORMAL_TRENDING,GROWTH,1.1908589382188848,1.1907898264067667,0.5148111581802368,-1.882112144969576,-0.00011607052674366322,False,17.149999618530273,0.0,0.0
2025-03-26,2.064964473117696,2.8277803245004196,2.410962413869992,-0.004849042661248295,-0.009696168025737629,0.0013254000441228684,0.0013254000441228684,-0.011938136732721816,GOLDILOCKS,NORMAL_TRENDING,GROWTH,1.1908159837515224,1.1907045764433377,0.5088682174682617,-1.3401012577404576,-0.00018711087137694544,False,18.329999923706055,0.0,0.0
2025-03-27,2.092410637191833,2.857160739876341,2.4268685449026246,0.013291349285394043,0.010389921424010127,0.006597419744549442,0.006597419744549442,-0.0026557734513826814,GOLDILOCKS,NORMAL_TRENDING,GROWTH,1.190696283893756,1.1906871529246188,0.5082221627235413,-1.2093374235942933,-1.5337192633714202e-05,False,18.690000534057617,0.0,0.0
2025-03-28,2.082581625534532,2.860707349829195,2.411066087807516,-0.004697458272575117,0.0012413057142202223,-0.006511459851544062,-0.006511459851544062,-0.020138263417040614,GOLDILOCKS,NORMAL_TRENDING,GROWTH,1.1895995694160038,1.189474676057402,0.5139510631561279,-0.5575739557355917,-0.00020997546033575196,False,21.649999618530273,0.0,0.0
2025-03-31,2.108255488782439,2.885498048736476,2.4599492972990946,0.012327902509615992,0.008665933238071726,0.02027452077683618,0.02027452077683618,0.006712770962271408,GOLDILOCKS,NORMAL_TRENDING,GROWTH,1.1884937338426191,1.1884718958699962,0.5409157276153564,-1.205089320462965,-3.6748990762215496e-05,False,22.280000686645508,0.0,0.0
2025-04-01,2.1058696293531263,2.900078810088532,2.4689788206349634,-0.0011316747149514197,0.0050531177307294745,0.003670613595891024,0.003670613595891024,0.002824480385528405,GOLDILOCKS,NORMAL_TRENDING,GROWTH,1.1880453607585366,1.187934469315028,0.5400775671005249,0.0,-0.0001866788039774644,False,21.770000457763672,0.0,0.0
2025-04-02,2.104624278324769,2.913194502789604,2.4623367322932186,-0.0005913713797846662,0.004522529751759216,-0.0026902168160506832,-0.0026902168160506832,0.006328429025826754,GOLDILOCKS,NORMAL_TRENDING,GROWTH,1.1883398696230723,1.1883491059787286,0.5105332732200623,0.0,1.5544973104615424e-05,False,21.510000228881836,0.0,0.0
2025-04-03,2.043661367919685,2.832209708088293,2.4274850172427302,-0.028966172743007952,-0.027799309185762275,-0.04070022071405158,-0.01415391915874576,-0.04928083493033886,CRISIS_MODE,FAST_SHOCK,GROWTH,1.185562772895543,0.5928062949228821,0.5286836624145508,-0.26902168160505546,8.40393294393009e-05,False,30.020000457763672,273.1385198922767,3.8642176335204583
2025-04-04,1.964192126842981,2.705904377461294,2.319173279165114,-0.03888571870279989,-0.044596037597884455,-0.044595101533628376,-0.0446189110574379,-0.0585430179907348,RECOVERY_GROWTH,RECOVERY_ACCEL,GROWTH,1.181765590240921,1.2999878014304578,0.5258718132972717,-1.6806058863462408,7.02372262805816e-05,False,45.310001373291016,0.0,0.24921493721292665
2025-04-07,1.93196620576345,2.664048880777134,2.2753676212377867,-0.016406705148201237,-0.015468209827661854,-0.019057755951693938,-0.01888847992552635,-0.001781215858176255,CRISIS_MODE,FAST_SHOCK,GROWTH,1.1802245640985196,0.5901358099451773,0.5243943929672241,-6.067510187524538,7.97404041001964e-05,False,46.97999954223633,5.608214722401821,3.8828652315025702
2025-04-08,1.936444571280469,2.671174294856723,2.2833778221756877,0.002318035120727904,0.0026746559085321963,0.0035442081016637704,0.0035203985778542468,-0.015662717811204874,RECOVERY_GROWTH,RECOVERY_ACCEL,GROWTH,1.1792782396717931,1.2971817011115843,0.5316210985183716,-7.841752135702181,-3.756153794101957e-05,False,52.33000183105469,0.0,0.23725998836960008
2025-04-09,2.015533855927074,2.8091408190086185,2.3819283121985513,0.040842524397332755,0.051650139198159334,0.043540909995396136,0.04315995761444376,0.10501933848666689,CRISIS_MODE,FAST_SHOCK,GROWTH,1.1806658137293846,0.5902785641905223,0.5315506458282471,-7.517318370983168,-0.00018410857175051672,False,33.619998931884766,0.0,3.651907630959724
2025-04-10,2.0359952343295147,2.842572219557883,2.4102196472513078,0.0101518405866863,0.011900934379310526,0.011901301767328449,0.011877492243518925,-0.04381916391528795,RECOVERY_GROWTH,RECOVERY_ACCEL,GROWTH,1.1801415337925485,1.2977314836502987,0.5087096691131592,-3.525769751804708,-0.0006535479922734255,False,40.720001220703125,0.0,0.2353004587218726
2025-04-11,2.0717584026660902,2.9070212500901476,2.431956404933558,0.017565447960566,0.022672785616081326,0.009399531956070958,0.009018579575118577,0.017842818186459386,CRISIS_MODE,FAST_SHOCK,GROWTH,1.180076712818317,0.5900382927632751,0.5238940119743347,-2.379897830332306,-2.157347318464326e-07,False,37.560001373291016,0.0,3.775474393274243
2025-04-14,2.091300844429954,2.938496555717852,2.4582296744634244,0.009432780259857929,0.010827339369028905,0.010827156769906369,0.010803347246096846,0.00970153513184413,RECOVERY_GROWTH,RECOVERY_ACCEL,GROWTH,1.1813860567974312,1.2992542695681655,0.522262692451477,-1.4995031707839572,-0.0004161412504379567,False,30.889999389648438,0.0,0.23555050420432555
2025-04-15,2.1108637505546675,2.9708947632064753,2.489516873099946,0.009354419846775491,0.01102543660484521,0.012727532728751743,0.012727532728751743,-0.002800832552786514,GOLDILOCKS,NORMAL_TRENDING,GROWTH,1.1822838526558295,1.182246224641267,0.5107524394989014,-0.435368099624871,-6.36530973133714e-05,False,30.1200008392334,0.0,0.0
2025-04-16,2.145617960809617,3.080693996523347,2.53366800095301,0.016464449799669503,0.03695830450701194,0.017734817678936643,0.017734817678936643,-0.02222807288371853,GOLDILOCKS,NORMAL_TRENDING,GROWTH,1.1820438732251504,1.1819976526497018,0.5086791515350342,0.0,-7.820450068812539e-05,False,32.63999938964844,0.0,0.0
2025-04-17,2.1316547219629984,3.033897699600409,2.4974112736003073,-0.006507793606159826,-0.015190180191784388,-0.014309975631797579,-0.014309975631797579,0.0014267883196374953,GOLDILOCKS,NORMAL_TRENDING,GROWTH,1.1824678545357892,1.1824734632366416,0.5307313799858093,0.0,9.48643268568662e-06,False,29.649999618530273,0.0,0.0
2025-04-21,2.154790920625112,3.103897359923297,2.5187748619789723,0.010853633294236217,0.023072518342364613,0.00855429324136381,0.00855429324136381,-0.023802667972205205,GOLDILOCKS,NORMAL_TRENDING,GROWTH,1.1820976158056393,1.182070125090202,0.5005453824996948,-1.4309975631797553,-4.651175177038575e-05,False,33.81999969482422,0.0,0.0
2025-04-22,2.135394639183472,3.092003058944662,2.495287915542192,-0.0090014679642389,-0.003832053576323411,-0.00932475021539899,-0.00932475021539899,0.026017703599874986,GOLDILOCKS,NORMAL_TRENDING,GROWTH,1.182223503048402,1.1821582995625997,0.5375098586082458,-0.58780941182649,-0.00011030652940725389,False,30.56999969482422,0.0,0.0
2025-04-23,2.141053047989269,3.052740924617726,2.4606257955865245,0.002649818774463169,-0.012697961023472214,-0.013891030265393598,-0.013891030265393598,0.015495424213525677,GOLDILOCKS,NORMAL_TRENDING,GROWTH,1.1831925392699718,1.1830941790931002,0.5179828405380249,-1.5148032574268542,-0.00016626233450108918,False,28.450000762939453,0.0,0.0
2025-04-24,2.172743055758076,3.0999835050121254,2.5042349223398985,0.014801131526642045,0.015475463382244117,0.017722778827887253,0.017722778827887253,0.021049069381725127,GOLDILOCKS,NORMAL_TRENDING,GROWTH,1.1842893370926322,1.1841552478165833,0.5240525603294373,-2.8828641060711844,-0.00022644681810269441,False,26.469999313354492,0.0,0.0
2025-04-25,2.158467711588419,3.071354940362213,2.4749334383464525,-0.006570194359533189,-0.009235069994283945,-0.011700772851641105,-0.011700772851641105,0.007225293730972693,GOLDILOCKS,NORMAL_TRENDING,GROWTH,1.1854585166922111,1.1852831262895394,0.5084937810897827,-1.161678586225216,-0.0002959030623209299,False,24.84000015258789,0.0,0.0
2025-04-28,2.1876665614866737,3.1110933810277674,2.5078557390553176,0.013527582433358176,0.01293840713208742,0.013302297426981042,0.013302297426981042,0.00038138164361289917,GOLDILOCKS,NORMAL_TRENDING,GROWTH,1.185929617500544,1.1858230053121182,0.5144228339195251,-2.3181633341252796,-0.0001797951359887374,False,25.149999618530273,0.0,0.0
2025-04-29,2.164331301105785,3.074738784632205,2.473313498992787,-0.010666735411922645,-0.011685472579274504,-0.013773615254098297,-0.013773615254098297,0.0062992835306834305,GOLDILOCKS,NORMAL_TRENDING,GROWTH,1.186344846829176,1.186177194708715,0.5189832448959351,-1.0187704895820449,-0.0002826364035872939,False,24.170000076293945,0.0,0.0
2025-04-30,2.148852449071865,3.0407685330404055,2.4643234118435036,-0.007151794194360151,-0.011048174811332146,-0.0036348352737914573,-0.0036348352737914573,0.0003968426298504024,GOLDILOCKS,NORMAL_TRENDING,GROWTH,1.1865147112800165,1.1864660899946844,0.5148293375968933,-2.382099862236146,-8.19564812302842e-05,False,24.700000762939453,0.0,0.0
2025-05-01,2.134101939347468,3.02352176288363,2.4424669467624875,-0.006864366015808967,-0.005671845774966161,-0.008869154501383321,-0.008869154501383321,0.007086931681547837,GOLDILOCKS,NORMAL_TRENDING,GROWTH,1.1866996765459406,1.1866100199958183,0.5111050605773926,-2.7369248490103444,-0.00015110234188862634,False,24.600000381469727,0.0,0.0
2025-05-02,2.143814367719229,3.0211927071571134,2.4390973987995594,0.004551061124442304,-0.0007703122084675457,-0.0013795674768064684,-0.0013795674768064684,0.014844159530811085,GOLDILOCKS,NORMAL_TRENDING,GROWTH,1.1872218578119185,1.187166576948461,0.5264768004417419,-3.5995660898041244,-9.312642467601724e-05,False,22.68000030517578,0.0,0.0
2025-05-05,2.161828740794723,3.022051800342085,2.444734497937208,0.008402953794296565,0.00028435563972332815,0.002311141465864838,0.002311141465864838,-0.005734428055191421,GOLDILOCKS,NORMAL_TRENDING,GROWTH,1.1874416765475473,1.1873936607889688,0.5080583095550537,-3.7325569931766536,-8.087261804390415e-05,False,23.639999389648438,0.0,0.0
2025-05-06,2.2301919997243895,3.141948254404013,2.4833191303125917,0.03162288373709707,0.03967385802200889,0.01578274958198538,0.01578274958198538,-0.008358173536795244,GOLDILOCKS,NORMAL_TRENDING,GROWTH,1.186945041986166,1.1869817281416741,0.5261713266372681,-3.510069313830816,6.181609798339784e-05,False,24.760000228881836,0.0,0.0
2025-05-07,2.201671166660892,3.1038051183978883,2.4596333291564996,-0.012788510167296131,-0.012139963143142217,-0.009537961056624442,-0.009537961056624442,0.004205441490927608,GOLDILOCKS,NORMAL_TRENDING,GROWTH,1.1869347172286318,1.1868976956491324,0.5315201282501221,-1.9871929006278777,-6.238182936614149e-05,False,23.549999237060547,0.0,0.0
2025-05-08,2.202628911304164,3.101440952422145,2.4522298463030534,0.0004350080328865318,-0.0007616992322519946,-0.003009994524665601,-0.003009994524665601,0.006967903691105226,GOLDILOCKS,NORMAL_TRENDING,GROWTH,1.1876321306215525,1.1875253439656506,0.5087141394615173,-2.922035237792137,-0.00017983120050149164,False,22.479999542236328,0.0,0.0
2025-05-09,2.227578764205933,3.1303864745126617,2.4881029623863515,0.011327306553420449,0.009332927027971054,0.014628773945223758,0.014628773945223758,-0.0012743496278879718,GOLDILOCKS,NORMAL_TRENDING,GROWTH,1.1882863770807675,1.1882799259286483,0.5011179447174072,-3.214239380192066,-1.0857908066055554e-05,False,21.899999618530273,0.0,0.0
2025-05-12,2.179878585042717,3.07294651728555,2.4143056289322047,-0.021413464668316624,-0.01834915838500555,-0.029660080217647943,-0.029660080217647943,0.03304750794730138,GOLDILOCKS,NORMAL_TRENDING,GROWTH,1.1893045141697849,1.1890807657233102,0.5228928327560425,-1.7983823669683576,-0.000376267715810134,False,18.389999389648438,0.0,0.0
2025-05-13,2.2135181581954066,3.1050558373552968,2.4435988125146646,0.015431856335260206,0.010449033163815253,0.012147456938102886,0.012133171223817171,0.00660390698601776,CAUTIOUS_BULL,EARLY_DD_UNCERTAINTY,GROWTH,1.190146471883451,1.0710443949637354,0.507497251033783,-4.7110502234668745,-0.00016324737880945664,False,18.219999313354492,0.0,0.14114461112306756
2025-05-14,2.179971140974907,3.0568240512680798,2.3939412931853123,-0.01515551932397481,-0.015533307165354624,-0.020307184027406715,-0.020321469741692428,0.0012780408102288643,CAUTIOUS_BULL,EARLY_DD_UNCERTAINTY,GROWTH,1.190519070842331,1.0712763448013338,0.5029786229133606,-3.554893080090488,-0.00035618255643929517,False,18.6200008392334,0.0,0.14582042827811723
2025-05-15,2.2112371085159,3.0990972995751935,2.426808184625185,0.014342376811011536,0.013829140178865502,0.013743482638802259,0.013729196924516544,0.004884346213138491,CAUTIOUS_BULL,EARLY_DD_UNCERTAINTY,GROWTH,1.1906209129591638,1.0715883536416182,0.5226627588272095,-5.514799402097718,5.511965890007683e-05,False,17.829999923706055,0.0,0.14092239159190376
2025-05-16,2.1982419465545466,3.0706586301697354,2.3950394780435134,-0.005876874040918698,-0.009176436444688683,-0.013076450827209101,-0.013090736541494816,0.006333926797924105,CAUTIOUS_BULL,EARLY_DD_UNCERTAINTY,GROWTH,1.1903382043163215,1.0712076416375802,0.5542285442352295,-4.217593476636672,-0.00018060646173874407,False,17.239999771118164,0.0,0.14475205385803872
2025-05-19,2.2311441321271426,3.120760229341127,2.428849210099496,0.014967499653150387,0.01631623869847834,0.014130851376744502,0.014116565662458787,0.0010939435130175035,CAUTIOUS_BULL,EARLY_DD_UNCERTAINTY,GROWTH,1.190762189792033,1.0716515943468796,0.5025113821029663,-5.471455725744385,-6.415399078949357e-05,False,18.139999389648438,0.0,0.14086856254421126
2025-05-20,2.320745317875661,3.253773670851321,2.5460718670422473,0.04015929964286692,0.042622127858338146,0.04827691826278779,0.04826263254850207,-0.0033621824491902874,CAUTIOUS_BULL,EARLY_DD_UNCERTAINTY,GROWTH,1.1907001261152743,1.07153799826335,0.5207966566085815,-4.137037323520197,-0.00017191611030013126,False,18.09000015258789,0.0,0.13627991537753587
2025-05-21,2.3560669603579134,3.3195674823842216,2.565976179236029,0.01521995636926867,0.020220770769125578,0.007817655287517275,0.007817655287517275,-0.016850800787671538,GOLDILOCKS,NORMAL_TRENDING,GROWTH,1.1899369851901436,1.1899744504742855,0.5065283179283142,0.0,6.297019860426381e-05,False,20.8700008392334,0.0,0.0
2025-05-22,2.329569904328898,3.277716623551366,2.5457093237317707,-0.01124630856204117,-0.012607322807848782,-0.007898302278976137,-0.007898302278976137,0.0003947341596941545,GOLDILOCKS,NORMAL_TRENDING,GROWTH,1.1895528346955666,1.1895091248865208,0.5189825296401978,0.0,-7.348947902255251e-05,False,20.280000686645508,0.0,0.0
2025-05-23,2.3444203619464448,3.2553553458454525,2.5857998401742264,0.006374763680604981,-0.006822212007359306,0.01574826947787047,0.01574826947787047,-0.006825879106329036,GOLDILOCKS,NORMAL_TRENDING,GROWTH,1.188635402896787,1.1886153539164421,0.5274804830551147,-0.7898302278976149,-3.3734449261689454e-05,False,22.290000915527344,0.0,0.0
2025-05-27,2.3197099513665593,3.2438623877618102,2.548929838875131,-0.010540093824884583,-0.003530477279019579,-0.014258644743597495,-0.014258644743597495,0.020790708617201226,GOLDILOCKS,NORMAL_TRENDING,GROWTH,1.1892065351707422,1.1891469945980777,0.5253853797912598,0.0,-0.00010013495705514596,False,18.959999084472656,0.0,0.0
2025-05-28,2.297371973714734,3.212568915315281,2.5417407786354125,-0.0096296425502103,-0.009646979034804463,-0.0028204229595001525,-0.0028204229595001525,-0.005785383818817769,GOLDILOCKS,NORMAL_TRENDING,GROWTH,1.1895509712968764,1.1894233254719877,0.5187431573867798,-1.4258644743597488,-0.00021461177867735398,False,19.309999465942383,0.0,0.0
2025-05-29,2.3121638546078223,3.235581494008889,2.5532006123921964,0.006438609446937255,0.007163294951868655,0.004508655584829693,0.004508655584829693,0.003947316182205007,GOLDILOCKS,NORMAL_TRENDING,GROWTH,1.1900060476242889,1.1899187200079633,0.5037417411804199,-1.7038852294091438,-0.00014676835718610326,False,19.18000030517578,0.0,0.0
2025-05-30,2.283540360793307,3.1780760213766723,2.497042952647686,-0.012379526545003402,-0.01777284013358826,-0.02199500480766928,-0.02199500480766928,-0.0011184364635955513,GOLDILOCKS,NORMAL_TRENDING,GROWTH,1.1899778829871248,1.1899999332850746,0.5304949283599854,-1.2607019025816582,3.7060013072778226e-05,False,18.56999969482422,0.0,0.0
2025-06-02,2.3420418503622185,3.2395065687149964,2.53864725109584,0.02561876749513097,0.019329476993352017,0.016661426830499586,0.016661426830499586,0.00563291506828012,GOLDILOCKS,NORMAL_TRENDING,GROWTH,1.1901347988724291,1.1900839987344203,0.5267357230186462,-3.432473238940259,-8.536871295076746e-05,False,18.360000610351562,0.0,0.0
2025-06-03,2.3656389678523495,3.2647603251346,2.5691999759300734,0.010075446553818711,0.007795556478720527,0.012035041426509647,0.012035041426509647,0.005702535576316059,GOLDILOCKS,NORMAL_TRENDING,GROWTH,1.1903952393846555,1.1903061295936026,0.524630069732666,-1.823520457608548,-0.00014971462940163922,False,17.690000534057617,0.0,0.0
2025-06-04,2.372280620232405,3.2879340412819906,2.602093897570425,0.0028075511395912705,0.007098137026776983,0.01280317684435761,0.01280317684435761,-0.00026833243476054314,GOLDILOCKS,NORMAL_TRENDING,GROWTH,1.1906615873838262,1.1906453625029227,0.5151859521865845,-0.6419624592069924,-2.7253555629027635e-05,False,17.610000610351562,0.0,0.0
2025-06-05,2.3933997198679484,3.3049164552850354,2.604434160295128,0.008902445796431277,0.00516507137607412,0.000899376739205298,0.000899376739205298,-0.004832829894181656,GOLDILOCKS,NORMAL_TRENDING,GROWTH,1.1906895518824436,1.1905852602835092,0.5047376155853271,0.0,-0.00017517849009347574,False,18.479999542236328,0.0,0.0
2025-06-06,2.436492190260689,3.3298154110033127,2.6081338926163977,0.018004711053913675,0.0075339138084595985,0.0014205512958141045,0.0014205512958141045,0.010268936573274878,GOLDILOCKS,NORMAL_TRENDING,GROWTH,1.1910482417406532,1.1910065718391525,0.5129461288452148,0.0,-6.997181145201117e-05,False,16.770000457763672,0.0,0.0
2025-06-09,2.5052078835755953,3.4023863889014296,2.715280733369246,0.028202714373385326,0.021794294560085033,0.0410818022250239,0.0410818022250239,0.000901294345408088,GOLDILOCKS,NORMAL_TRENDING,GROWTH,1.190823116884116,1.190771982076031,0.5315167903900146,0.0,-8.588145016661983e-05,False,17.15999984741211,0.0,0.0
2025-06-10,2.4980617061169066,3.3790118778262133,2.700317975761057,-0.002852528728469992,-0.006870034265203935,-0.00551057480882376,-0.00551057480882376,0.005669725186957297,GOLDILOCKS,NORMAL_TRENDING,GROWTH,1.1910868588856112,1.191039029603781,0.511752724647522,0.0,-8.031199651564524e-05,False,16.950000762939453,0.0,0.0
2025-06-11,2.517422611073136,3.404713405685933,2.7032408209368857,0.007750370981157521,0.007606225958653449,0.0010824077764416365,0.0010824077764416365,-0.0028520075838471826,GOLDILOCKS,NORMAL_TRENDING,GROWTH,1.1911448711599952,1.1910777052559969,0.5124111175537109,-0.5510574808823813,-0.00011277537371730446,False,17.260000228881836,0.0,0.0
2025-06-12,2.536305955706746,3.4330814962197485,2.746888050938232,0.007501062614814773,0.00833200541532824,0.016146260319574127,0.016146260319574127,0.003974254114539111,GOLDILOCKS,NORMAL_TRENDING,GROWTH,1.1906459343028135,1.190605020341207,0.5321083664894104,-0.4434131721407969,-6.872565626384416e-05,False,18.020000457763672,0.0,0.0
2025-06-13,2.493183273826848,3.370392117799252,2.7553989083042683,-0.01700216087214206,-0.018260381668633693,0.0030983633872990264,0.0030983633872990264,-0.011180206309365337,GOLDILOCKS,NORMAL_TRENDING,GROWTH,1.1894864513939944,1.189574414077367,0.53568434715271,0.0,0.0001479002695148251,False,20.81999969482422,0.0,0.0
2025-06-16,2.5052261809207272,3.3622952877464893,2.747323930488642,0.004830333662312072,-0.0024023406683166115,-0.002930602095867077,-0.002930602095867077,0.009514375876577885,GOLDILOCKS,NORMAL_TRENDING,GROWTH,1.1897701638804627,1.1897627269143713,0.5137248039245605,0.0,-1.2501517212458173e-05,False,19.110000610351562,0.0,0.0
2025-06-17,2.518870990994104,3.3947872373673595,2.7523628979903854,0.00544653819175799,0.00966362167513459,0.0018341366468742504,0.0018341366468742504,-0.008545152297069647,GOLDILOCKS,NORMAL_TRENDING,GROWTH,1.1888753962601368,1.1889146882723869,0.5317784547805786,-0.2930602095867091,6.609946235522986e-05,False,21.600000381469727,0.0,0.0
2025-06-18,2.526047596661476,3.4210762956631453,2.739078284958019,0.0028491358600862032,0.007743948724213115,-0.004826621170509866,-0.004826621170509866,-0.0001506376340618676,GOLDILOCKS,NORMAL_TRENDING,GROWTH,1.188846967052895,1.1887647404611204,0.5337803959846497,-0.11018405736943997,-0.00013832998536129093,False,20.139999389648438,0.0,0.0
2025-06-20,2.488732063852217,3.4118849344448785,2.7352558678836596,-0.014772299959263055,-0.0026866870025431277,-0.0013955121674874278,-0.0013955121674874278,-0.0023485286607058953,GOLDILOCKS,NORMAL_TRENDING,GROWTH,1.1887174431415055,1.188721157048031,0.5332341194152832,-0.5923143577164744,6.24859430959158e-06,False,20.6200008392334,0.0,0.0
2025-06-23,2.5239241144543474,3.4429784084137065,2.785873285117397,0.01414055418551496,0.009113283292446973,0.01850555109964938,0.01850555109964938,0.00987743408381525,GOLDILOCKS,NORMAL_TRENDING,GROWTH,1.1889624592006158,1.1888213880332328,0.5291773080825806,-0.7310389925720454,-0.00023730129793652618,False,19.829999923706055,0.0,0.0
2025-06-24,2.521567740518571,3.432195914014275,2.7662830226860464,-0.0009336152074784841,-0.0031317345392238996,-0.007032000534986639,-0.007032000534986639,0.011047192108078807,GOLDILOCKS,NORMAL_TRENDING,GROWTH,1.1897785794486415,1.1897453390794224,0.5262218117713928,0.0,-5.587656357787213e-05,False,17.479999542236328,0.0,0.0
2025-06-25,2.5638730549777566,3.489298535813481,2.8120715379717667,0.016777385663446612,0.016637343330561563,0.01655236102387673,0.01655236102387673,0.000560355916550126,GOLDILOCKS,NORMAL_TRENDING,GROWTH,1.190236614363391,1.19013181329683,0.5366863012313843,-0.7032000534986604,-0.00017610123112695616,False,16.760000228881836,0.0,0.0
2025-06-26,2.6330286593166647,3.62263336442552,2.904040335982159,0.02697310001547965,0.03821250238221707,0.03270499941716497,0.03270499941716497,0.007823805236792936,GOLDILOCKS,NORMAL_TRENDING,GROWTH,1.1907880722133835,1.1907387227704134,0.5178595185279846,0.0,-8.28853498312397e-05,False,16.59000015258789,0.0,0.0
2025-06-27,2.578028563820611,3.575040233058428,2.873685448913189,-0.02088852899547539,-0.013137716842797104,-0.010452639618280024,-0.010452639618280024,0.0049683437757206406,GOLDILOCKS,NORMAL_TRENDING,GROWTH,1.1913408795438358,1.1913238526018035,0.5053514838218689,0.0,-2.8584500581862104e-05,False,16.31999969482422,0.0,0.0
2025-06-30,2.583572396285191,3.626317485506046,2.903047069865817,0.0021504154540336455,0.01434312598036147,0.010217409481518815,0.010217409481518815,0.004781161580480697,GOLDILOCKS,NORMAL_TRENDING,GROWTH,1.1913270739271713,1.1913762819673681,0.518601655960083,-1.0452639618279997,8.261046235540484e-05,False,16.729999542236328,0.0,0.0
2025-07-01,2.5813971961642204,3.6283219537117173,2.9030470698701603,-0.0008419350369659889,0.000552755850441556,1.4961250246569632e-12,1.4961250246569632e-12,-0.0003235926031718295,GOLDILOCKS,NORMAL_TRENDING,GROWTH,1.1907995835820897,1.1907732039264407,0.5473470687866211,-0.03420290359039274,-4.4305785814397016e-05,False,16.829999923706055,0.0,0.0
2025-07-02,2.6719504053074954,3.7261627031855986,2.999385505038502,0.03507914600582625,0.02696584005556385,0.03318528182619163,0.03318528182619163,0.0045333530513420595,GOLDILOCKS,NORMAL_TRENDING,GROWTH,1.1908210943245852,1.1907598892719078,0.5324482917785645,-0.03420290344083585,-0.0001027947068943743,False,16.639999389648438,0.0,0.0
2025-07-03,2.650756445016158,3.747760653141773,3.0153083195607806,-0.007932018591826516,0.005796298142780962,0.0053086922289685475,0.0053086922289685475,0.007881389252041293,GOLDILOCKS,NORMAL_TRENDING,GROWTH,1.1910089061763234,1.1908122478810812,0.525519609451294,0.0,-0.00033023816064222376,False,16.3799991607666,0.0,0.0
2025-07-07,2.6272608585185706,3.7295528315232684,2.990826792172437,-0.00886372889586395,-0.004858320288741257,-0.008119079309246078,-0.008119079309246078,-0.007452138445489531,GOLDILOCKS,NORMAL_TRENDING,GROWTH,1.1910864748912866,1.1910022794563826,0.5033168196678162,0.0,-0.00014137585587439968,False,17.790000915527344,0.0,0.0
2025-07-08,2.6158464730404445,3.7074729932450685,2.9709049050358787,-0.0043445954143139,-0.0059202374321057245,-0.006660996614280005,-0.006660996614280005,-0.0005476091081725309,GOLDILOCKS,NORMAL_TRENDING,GROWTH,1.1906522904593204,1.1906006340951414,0.551276683807373,-0.8119079309246052,-8.676985647784104e-05,False,16.809999465942383,0.0,0.0
2025-07-09,2.6313119277414265,3.6999268673049333,2.9912159474234956,0.005912218037401228,-0.0020353825783448916,0.0068366518070598365,0.0068366518070598365,0.005996621705197658,GOLDILOCKS,NORMAL_TRENDING,GROWTH,1.191074210505886,1.19102770767468,0.5257755517959595,-1.4725994763736092,-7.808553118840249e-05,False,15.9399995803833,0.0,0.0
2025-07-10,2.669294323235747,3.729793575229409,3.0525650898248093,0.014434774947766165,0.00807224277549863,0.020509767091258336,0.020509767091258336,0.0028202028468595763,GOLDILOCKS,NORMAL_TRENDING,GROWTH,1.1911465408382722,1.1910552573928725,0.5355780124664307,-0.799001945538835,-0.0001532698828735053,False,15.779999732971191,0.0,0.0
2025-07-11,2.744133080899074,3.8514603186474337,3.102191240907226,0.02803690736232,0.032620235132058556,0.01625719669265582,0.01625719669265582,-0.003515266022106389,GOLDILOCKS,NORMAL_TRENDING,GROWTH,1.1912083237198499,1.1910557111906064,0.5229592323303223,0.0,-0.0002562314688450741,False,16.399999618530273,0.0,0.0
2025-07-14,2.7288813254015074,3.8408665287195323,3.086410321761111,-0.005557950379203045,-0.0027505904388032414,-0.005087023307273652,-0.005087023307273652,0.0019081371492402077,GOLDILOCKS,NORMAL_TRENDING,GROWTH,1.1906149953109844,1.1905431268634799,0.5491323471069336,0.0,-0.00012072491575798377,False,17.200000762939453,0.0,0.0
2025-07-15,2.7203662511829543,3.8309620868020158,3.0728592159524535,-0.0031203534354137643,-0.002578699843761144,-0.004390571698491853,-0.004390571698491853,-0.004273317857587777,GOLDILOCKS,NORMAL_TRENDING,GROWTH,1.1908678140407334,1.190944597318433,0.5128406286239624,-0.5087023307273617,0.00012895348550775285,False,17.3799991607666,0.0,0.0
2025-07-16,2.7616059044546426,3.858847183502692,3.087092626878024,0.015159595974900481,0.0072788756633072335,0.004631976255755274,0.004631976255755274,0.0033432619517372864,GOLDILOCKS,NORMAL_TRENDING,GROWTH,1.19084239350944,1.1907965528300963,0.526840090751648,-0.9455260065202991,-7.698865877409124e-05,False,17.15999984741211,0.0,0.0
2025-07-17,2.795650357797499,3.8840487524640226,3.0979356537478577,0.012327773954980463,0.00653085436217108,0.003512374969065703,0.003512374969065703,0.006119641699551259,GOLDILOCKS,NORMAL_TRENDING,GROWTH,1.191316697840003,1.1912051112576614,0.5063358545303345,-0.4867080349561771,-0.00018733319619189406,False,16.520000457763672,0.0,0.0
2025-07-18,2.7756898133565953,3.8747080598013888,3.080683033048156,-0.007139857237594344,-0.00240488553515408,-0.00556907006084186,-0.00556907006084186,-0.0007323729567987325,GOLDILOCKS,NORMAL_TRENDING,GROWTH,1.191265047399052,1.1911533183314036,0.5248555541038513,-0.1371800391688239,-0.00018758053531825662,False,16.40999984741211,0.0,0.0
2025-07-21,2.8046342880016764,3.924884828889523,3.119861903959461,0.010427849144310181,0.012949819267340044,0.01271759232969179,0.01271759232969179,0.00189619482624237,GOLDILOCKS,NORMAL_TRENDING,GROWTH,1.191155097765467,1.1910784197540432,0.5274718999862671,-0.6933230800039347,-0.00012874563785644669,False,16.649999618530273,0.0,0.0
2025-07-22,2.817507887405772,3.966460507351887,3.120139255065824,0.004590116957197913,0.0105928403698223,8.889852015920956e-05,8.889852015920956e-05,0.00014312186670739635,GOLDILOCKS,NORMAL_TRENDING,GROWTH,1.1913717231739878,1.1913043857756735,0.5117278099060059,0.0,-0.00011304179376487909,False,16.5,0.0,0.0
2025-07-23,2.8149564112046868,3.988846926993715,3.1020536865171056,-0.0009055790801829337,0.005643928535361553,-0.005796397875304773,-0.005796397875304773,0.008507406668075479,GOLDILOCKS,NORMAL_TRENDING,GROWTH,1.1914014557688875,1.1912511111707553,0.5333660244941711,0.0,-0.00025238276720931,False,15.369999885559082,0.0,0.0
2025-07-24,2.805895734580582,3.966106977827022,3.0898872455714277,-0.0032187626735673985,-0.005700882882420185,-0.003922060085084398,-0.003922060085084398,0.0003311188089325512,GOLDILOCKS,NORMAL_TRENDING,GROWTH,1.1915096087882622,1.1913836027390254,0.52853924036026,-0.579639787530474,-0.00021150655992567687,False,15.390000343322754,0.0,0.0
2025-07-25,2.778660968121146,3.9074125125442345,3.0670702221087534,-0.009706264606980314,-0.014799012132281289,-0.007384419446171303,-0.007384419446171303,0.0042243586394272725,GOLDILOCKS,NORMAL_TRENDING,GROWTH,1.1919689103463855,1.191942444848159,0.5111256241798401,-0.9695724139645208,-4.440635656971871e-05,False,14.930000305175781,0.0,0.0
2025-07-28,2.7867443977355824,3.910062014089424,3.0728214581464153,0.0029091097140585046,0.0006780705995806328,0.0018751562961304867,0.0018751562961304867,-0.0002510907174575472,GOLDILOCKS,NORMAL_TRENDING,GROWTH,1.1920124001817547,1.1920041635184742,0.5218604803085327,-1.7008546291935003,-1.3819761068509132e-05,False,15.029999732971191,0.0,0.0
2025-07-29,2.7910075032000936,3.900338143134725,3.0719527754227047,0.0015297798635480662,-0.0024868840748971644,-0.00028269872999211,-0.00028269872999211,-0.002637596564339706,GOLDILOCKS,NORMAL_TRENDING,GROWTH,1.1916445336182786,1.1915805520419316,0.5320254564285278,-1.5165283678471748,-0.00010738366105313396,False,15.979999542236328,0.0,0.0
2025-07-30,2.7395019283342106,3.8710085230182347,3.0440866734216177,-0.01845411551449719,-0.007519763425670074,-0.009071136191946374,-0.009071136191946374,-0.001259379760541024,GOLDILOCKS,NORMAL_TRENDING,GROWTH,1.1917260482260745,1.191699923619717,0.5229932069778442,-1.5443695202028,-4.384330844572071e-05,False,15.479999542236328,0.0,0.0
2025-07-31,2.7328277805904824,3.8611404338590285,3.02998982539983,-0.002436263203430693,-0.002549229509707302,-0.004630895744483762,-0.004630895744483762,-0.003751265515138158,GOLDILOCKS,NORMAL_TRENDING,GROWTH,1.1913717923625393,1.1914055579031984,0.5300054550170898,-2.4374739531489893,5.668346501994956e-05,False,16.719999313354492,0.0,0.0
2025-08-01,2.7159566966116087,3.859522518251744,3.0250103334292864,-0.006173489635423804,-0.00041902532036825445,-0.001643402208417112,-0.001643402208417112,-0.016390403362552375,GOLDILOCKS,NORMAL_TRENDING,GROWTH,1.1904393280442127,1.1904200135539218,0.5133399963378906,-2.889275839840434,-3.244934846467933e-05,False,20.3799991607666,0.0,0.0
2025-08-04,2.7633562931192306,3.9567017512506757,3.0887516680828426,0.01745226518771709,0.02517908174893903,0.02107144360769705,0.02107144360769705,0.015199884599081948,GOLDILOCKS,NORMAL_TRENDING,GROWTH,1.1907827126646275,1.1906385103108155,0.5142452716827393,-3.048867818386226,-0.00024219759369774506,False,17.520000457763672,0.0,0.0
2025-08-05,2.749834775787552,3.937294897809895,3.0788446758571366,-0.0048931501758738526,-0.0049048057348892995,-0.0032074421288310834,-0.0032074421288310834,-0.005069968088280641,GOLDILOCKS,NORMAL_TRENDING,GROWTH,1.1907277868760415,1.1905179766554228,0.5197871923446655,-1.0059675039189626,-0.00035240669266502146,False,17.850000381469727,0.0,0.0
2025-08-06,2.7611568092475207,3.9730157486421964,3.0881911400522863,0.004117350453074424,0.009072434694229026,0.0030357050059851404,0.0030357050059851404,0.0076596390258989455,GOLDILOCKS,NORMAL_TRENDING,GROWTH,1.1911135688588077,1.191046677607639,0.5127394199371338,-1.3234851342497604,-0.0001123171675944699,False,16.770000457763672,0.0,0.0
2025-08-07,2.7919927974194274,4.016874921011184,3.1263432666256286,0.011167778689219051,0.01103926466538092,0.012354198572273743,0.012354198572273743,-0.0008375739109987013,GOLDILOCKS,NORMAL_TRENDING,GROWTH,1.1910904676219378,1.1909977945892556,0.5286877155303955,-1.0239323440986507,-0.00015561040105914586,False,16.56999969482422,0.0,0.0
2025-08-08,2.792226175265858,4.049231243054863,3.1291557938367105,8.358826951358254e-05,0.008055098224351525,0.0008996220092356416,0.0008996220092356416,0.007797501094690906,GOLDILOCKS,NORMAL_TRENDING,GROWTH,1.1915437721371827,1.1914243611130069,0.5193253755569458,0.0,-0.00020043078058570586,False,15.149999618530273,0.0,0.0
2025-08-11,2.7816688935236535,4.007381184380702,3.0753307768171525,-0.003780955080116159,-0.010335309633388141,-0.017201130453642934,-0.017201130453642934,-0.0019774524562664597,GOLDILOCKS,NORMAL_TRENDING,GROWTH,1.191148032592225,1.1910279177546046,0.5413153171539307,0.0,-0.00020167911012534083,False,16.25,0.0,0.0
2025-08-12,2.7958891409969344,3.999104635590974,3.102377766006796,0.005112128012931037,-0.0020653260593195533,0.008794822785741417,0.008794822785741417,0.010645981233063928,GOLDILOCKS,NORMAL_TRENDING,GROWTH,1.191757300413183,1.1917088275332652,0.5165179967880249,-1.7201130453642977,-8.134689823330714e-05,False,14.729999542236328,0.0,0.0
2025-08-13,2.814673316268168,4.019831979344343,3.144436850721765,0.006718497881692062,0.005182996105903521,0.01355704813766279,0.01355704813766279,0.0034231846065959637,GOLDILOCKS,NORMAL_TRENDING,GROWTH,1.192010394277042,1.1919458356163557,0.5216307640075684,-0.8557588561955739,-0.0001083189559354698,False,14.489999771118164,0.0,0.0
2025-08-14,2.7939530956430283,4.001809361956182,3.1370399171078276,-0.00736150106848336,-0.004483425546333507,-0.0023523873956124743,-0.0023523873956124743,9.299781650273786e-05,GOLDILOCKS,NORMAL_TRENDING,GROWTH,1.1918495454468028,1.1917312860649356,0.5329861044883728,0.0,-0.00019844682966724307,False,14.829999923706055,0.0,0.0
2025-08-15,2.7747384229488667,3.985953661549999,3.126383241064457,-0.0068772352421110124,-0.003962132868426347,-0.003397048276387594,-0.003397048276387594,-0.002341290236613225,GOLDILOCKS,NORMAL_TRENDING,GROWTH,1.192013581966969,1.1920206872513106,0.5152140855789185,-0.23523873956124633,1.192148218635406e-05,False,15.09000015258789,0.0,0.0
2025-08-18,2.773648890962075,3.9891440519446784,3.141428864841139,-0.0003926611524101588,0.0008004083001402004,0.004812469430829986,0.004812469430829986,-0.00021751572051942336,GOLDILOCKS,NORMAL_TRENDING,GROWTH,1.1919476338059178,1.1919041273427933,0.5260595679283142,-0.574144449845252,-7.30006283674922e-05,False,14.989999771118164,0.0,0.0
2025-08-19,2.7171866637424666,3.901486538122352,3.0737575473134933,-0.02035665992317567,-0.021974015648693945,-0.021541572462462147,-0.021541572462462147,-0.005425239851328145,GOLDILOCKS,NORMAL_TRENDING,GROWTH,1.191764812799111,1.191623138342577,0.5261085033416748,-0.0956605593760085,-0.00023775573001054233,False,15.569999694824219,0.0,0.0
2025-08-20,2.7378752517829343,3.919843078009271,3.0982847653232746,0.00761397379007169,0.004705011719905521,0.007979555196608786,0.007979555196608786,-0.0026570426982367445,GOLDILOCKS,NORMAL_TRENDING,GROWTH,1.1916905833669662,1.1916685039221104,0.5266686677932739,-2.247757126750631,-3.7055667240842666e-05,False,15.6899995803833,0.0,0.0
2025-08-21,2.726590135862781,3.9136570652696276,3.0824085189050807,-0.00412185175814878,-0.001578127648616151,-0.005124205042701217,-0.005124205042701217,-0.004011766231477476,GOLDILOCKS,NORMAL_TRENDING,GROWTH,1.191539471666895,1.1913743963109846,0.5190468430519104,-1.4677377091512152,-0.0002770791229926672,False,16.600000381469727,0.0,0.0
2025-08-22,2.7811906175832997,4.01761025114151,3.1494606774437988,0.020025188605489224,0.02656164915275229,0.02175317065452948,0.02175317065452948,0.015356785247534033,GOLDILOCKS,NORMAL_TRENDING,GROWTH,1.1916795623016518,1.1916162531452186,0.5398562550544739,-1.9726372244507406,-0.00010625197987111092,False,14.220000267028809,0.0,0.0
2025-08-25,2.7523398136126316,3.9808125099729907,3.140013274539853,-0.010373544261319978,-0.009159111727690381,-0.002999689112363743,-0.002999689112363743,-0.004401061026124697,GOLDILOCKS,NORMAL_TRENDING,GROWTH,1.1920308387200789,1.1919147406595838,0.5127542018890381,0.0,-0.00019479036401381575,False,14.789999961853027,0.0,0.0
2025-08-26,2.7734729052042675,4.0099073230337225,3.167073362893735,0.007678227625496998,0.00730876246691878,0.00861782610070256,0.00861782610070256,0.0041870023682906155,GOLDILOCKS,NORMAL_TRENDING,GROWTH,1.1924891578969765,1.192428829811877,0.4989643692970276,-0.29996891123637637,-0.00010118009828444573,False,14.619999885559082,0.0,0.0
2025-08-27,2.7767763474126035,4.022966018206386,3.1769228159072065,0.0011910850840248619,0.0032566077269794904,0.0031099541705822617,0.0031099541705822617,0.0022784921171898898,GOLDILOCKS,NORMAL_TRENDING,GROWTH,1.1921414281655327,1.1921245016229212,0.5295350551605225,0.0,-2.8396870055306376e-05,False,14.850000381469727,0.0,0.0
2025-08-28,2.7989012573079743,4.069341003465671,3.182458097751426,0.007967840087656644,0.011527560772178915,0.001742340675229462,0.001742340675229462,0.0035414005434608598,GOLDILOCKS,NORMAL_TRENDING,GROWTH,1.1922234398907476,1.1921720016017991,0.5197243690490723,0.0,-8.628967897700591e-05,False,14.430000305175781,0.0,0.0
2025-08-29,2.787197645103709,4.05800377927512,3.094814932066889,-0.004181502356936222,-0.002786009867665431,-0.02753945629212259,-0.02753945629212259,-0.005963709384858351,GOLDILOCKS,NORMAL_TRENDING,GROWTH,1.1915870918467377,1.1915473275241653,0.5483608841896057,0.0,-6.674178135121553e-05,False,15.359999656677246,0.0,0.0
2025-09-02,2.825978292415683,4.088502551979673,3.1656657641716492,0.01391384905196804,0.007515708304737123,0.022893398687798872,0.022893398687798872,-0.007410192526257298,GOLDILOCKS,NORMAL_TRENDING,GROWTH,1.191171019760808,1.1911135896362832,0.5314498543739319,-2.753945629212263,-9.642632933811433e-05,False,17.170000076293945,0.0,0.0
2025-09-03,2.8534659014254453,4.133030995974899,3.1972128964236357,0.009726758724061384,0.010891137630246716,0.009965402099308886,0.009965402099308886,0.005419467264843547,GOLDILOCKS,NORMAL_TRENDING,GROWTH,1.1916137223106167,1.1915051499124418,0.5010988712310791,-0.5276529356864588,-0.0001822275056791376,False,16.350000381469727,0.0,0.0
2025-09-04,2.839904732810252,4.12708381260744,3.1968719734757602,-0.0047525252039700375,-0.0014389399385707942,-0.00010663129385495873,-0.00010663129385495873,0.008357484126844783,GOLDILOCKS,NORMAL_TRENDING,GROWTH,1.191505104640271,1.1913558635628532,0.535420298576355,0.0,-0.0002505084985981055,False,15.300000190734863,0.0,0.0
2025-09-05,2.8517837696363997,4.119698968900968,3.184160676405423,0.004182899760300458,-0.0017893612152756694,-0.003976167070749771,-0.003976167070749771,-0.002896298389375551,GOLDILOCKS,NORMAL_TRENDING,GROWTH,1.1917483654991288,1.1916858355243931,0.5190948843955994,-0.010663129385497551,-0.00010493821774085238,False,15.180000305175781,0.0,0.0
2025-09-08,2.886125130584755,4.180446064667168,3.216839313060581,0.01204206339695025,0.014745518113039783,0.01026287300678822,0.01026287300678822,0.0024566799492218294,GOLDILOCKS,NORMAL_TRENDING,GROWTH,1.1917076754988996,1.191606709404544,0.5306315422058105,-0.40823743807654034,-0.00016944775372586553,False,15.109999656677246,0.0,0.0
2025-09-09,2.8847096088312867,4.173950787232385,3.2083879007851976,-0.0004904575129012167,-0.0015537283185356324,-0.0026272410440490125,-0.0026272410440490125,0.0023117733075188607,GOLDILOCKS,NORMAL_TRENDING,GROWTH,1.1917823877822262,1.1916608212735913,0.525041401386261,0.0,-0.00020400789587284919,False,15.039999961853027,0.0,0.0
2025-09-10,2.9267961950265353,4.215274285888609,3.2758940425314633,0.01458953998919131,0.009900332026584501,0.021040517491586676,0.021040517491586676,0.0028908153230013944,GOLDILOCKS,NORMAL_TRENDING,GROWTH,1.1919183687922081,1.1918910910923317,0.5153388381004333,-0.2627241044049001,-4.5771087333881466e-05,False,15.350000381469727,0.0,0.0
2025-09-11,2.9387226555583528,4.23153273026889,3.3057955866486424,0.00407492006176715,0.003857031186490059,0.009127750693081776,0.009127750693081776,0.008310314225991933,GOLDILOCKS,NORMAL_TRENDING,GROWTH,1.1917199258149103,1.1915159506563506,0.5396921038627625,0.0,-0.00034232063111649957,False,14.710000038146973,0.0,0.0
2025-09-12,2.965522236479144,4.27491546162615,3.3230915513522987,0.009119465857079722,0.010252249981888424,0.005232012763738616,0.005232012763738616,-0.00033472834591830036,GOLDILOCKS,NORMAL_TRENDING,GROWTH,1.1922199722597229,1.1922005633931456,0.503233790397644,0.0,-3.255920388680691e-05,False,14.760000228881836,0.0,0.0
2025-09-15,2.9857698474886787,4.3298630118275465,3.3453197878789074,0.006827671281795626,0.012853482295646226,0.00668902321320724,0.00668902321320724,0.0053240188059680005,GOLDILOCKS,NORMAL_TRENDING,GROWTH,1.1919169210810117,1.1918923558910377,0.5231971740722656,0.0,-4.121963458929379e-05,False,15.6899995803833,0.0,0.0
2025-09-16,2.9757099635231787,4.320430115081983,3.3250241909308533,-0.0033692764276393814,-0.0021785670169693384,-0.006066863031029549,-0.006066863031029549,-0.0013768510142991852,GOLDILOCKS,NORMAL_TRENDING,GROWTH,1.1914751442530411,1.1913747405353172,0.5308626294136047,0.0,-0.000168536822959501,False,16.360000610351562,0.0,0.0
2025-09-17,2.9317135305067294,4.228972002505985,3.2647396684961856,-0.014785188595584213,-0.021168751753842915,-0.018130551530751732,-0.018130551530751732,-0.001242399741884448,GOLDILOCKS,NORMAL_TRENDING,GROWTH,1.1918236983318264,1.1917833111771725,0.5071706771850586,-0.6066863031029518,-6.77737063131428e-05,False,15.720000267028809,0.0,0.0
2025-09-18,2.961477389909173,4.266632141342064,3.269999135002784,0.010152376449038216,0.00890527031480991,0.0016109910867780019,0.0016109910867780019,0.004672384146077402,GOLDILOCKS,NORMAL_TRENDING,GROWTH,1.1919822691654922,1.192041744803373,0.5106816291809082,-2.4087418988967104,9.979282313097409e-05,False,15.699999809265137,0.0,0.0
2025-09-19,2.986772207866037,4.313012966790929,3.2704300224420324,0.008541283496896689,0.01087059392804272,0.00013176989395387567,0.00013176989395387567,0.004952918310262788,GOLDILOCKS,NORMAL_TRENDING,GROWTH,1.1917866734283633,1.1917401105505177,0.5308611392974854,-2.2515232519483686,-7.813961824506334e-05,False,15.449999809265137,0.0,0.0
2025-09-22,3.040725194841021,4.376989689550645,3.3771158999608164,0.01806397783965329,0.014833417671664817,0.03262136073442769,0.03262136073442769,0.004731035459799804,GOLDILOCKS,NORMAL_TRENDING,GROWTH,1.1916371413069375,1.1916045810366582,0.5246323347091675,-2.2386429455331287,-5.4647961448563064e-05,False,16.100000381469727,0.0,0.0
2025-09-23,3.041921127398348,4.32769249946957,3.33512648160798,0.0003933050442559493,-0.011262806992386706,-0.012433514157249815,-0.012433514157249815,-0.005443520514135325,GOLDILOCKS,NORMAL_TRENDING,GROWTH,1.1915216471057994,1.1914653173352285,0.5150411128997803,0.0,-9.455098144075383e-05,False,16.639999389648438,0.0,0.0
2025-09-24,3.0222513488107983,4.2878604784604075,3.3170793075427745,-0.006466235567512089,-0.009203985961119883,-0.005411241272176437,-0.005411241272176437,-0.00318164448653413,GOLDILOCKS,NORMAL_TRENDING,GROWTH,1.1916279015970996,1.1914471885826756,0.5145823955535889,-1.2433514157249863,-0.0003033044361948274,False,16.18000030517578,0.0,0.0
2025-09-25,3.046499941014226,4.338380050120586,3.326421719543863,0.008023353918915186,0.011781999884081648,0.0028164572308671952,0.0028164572308671952,-0.0046134329671143615,GOLDILOCKS,NORMAL_TRENDING,GROWTH,1.1914607274894646,1.1914561909109356,0.5202316045761108,-1.7777474684460348,-7.615154111842607e-06,False,16.739999771118164,0.0,0.0
2025-09-26,3.07306414112313,4.3450562623409335,3.3583569226441363,0.008719580050298882,0.0015388721465658091,0.009600467346831867,0.009600467346831867,0.005729075724434596,GOLDILOCKS,NORMAL_TRENDING,GROWTH,1.1917477000184553,1.1917045546777807,0.5187107920646667,-1.5011086950714834,-7.240683690689193e-05,False,15.289999961853027,0.0,0.0
2025-09-29,3.130898416845513,4.3868541747309795,3.4108053288026343,0.018819742467609587,0.009619648139499028,0.015617281714417494,0.015617281714417494,0.002810389450384143,GOLDILOCKS,NORMAL_TRENDING,GROWTH,1.191817812872582,1.1917874647004711,0.5096772909164429,-0.5554733053993716,-5.0927535707361394e-05,False,16.1200008392334,0.0,0.0
2025-09-30,3.1479321150171278,4.456121543470281,3.4250903332016556,0.005440514479794984,0.01578975866995835,0.004188161745377592,0.004188161745377592,0.00376684572535102,GOLDILOCKS,NORMAL_TRENDING,GROWTH,1.1915974412708437,1.191551677082921,0.5215500593185425,0.0,-7.681149075621229e-05,False,16.280000686645508,0.0,0.0
2025-10-01,3.170316827476361,4.4686864978880205,3.441186236708017,0.007110926043305505,0.0028197063960590358,0.0046994099251436725,0.0046994099251436725,0.003407569706178837,GOLDILOCKS,NORMAL_TRENDING,GROWTH,1.1913202232327094,1.191284648076452,0.531650960445404,0.0,-5.972391899931546e-05,False,16.290000915527344,0.0,0.0
2025-10-02,3.1821180606875226,4.471511732526391,3.439862703088469,0.0037224144630856265,0.0006322293228012187,-0.00038461551584433544,-0.00038461551584433544,0.0011517801124745208,GOLDILOCKS,NORMAL_TRENDING,GROWTH,1.1913754864796744,1.191277751744922,0.5144525766372681,0.0,-0.0001640704141753027,False,16.6299991607666,0.0,0.0
2025-10-03,3.207498284656344,4.486806700718817,3.467589508769741,0.00797589010991565,0.00342053629898109,0.008060439638005644,0.008060439638005644,-1.4818614668121732e-05,GOLDILOCKS,NORMAL_TRENDING,GROWTH,1.1913178072753785,1.1912435267066324,0.5194220542907715,-0.0384615515844325,-0.0001247031955581062,False,16.649999618530273,0.0,0.0
2025-10-06,3.2644697923838986,4.547765388867857,3.4967110609102963,0.01776197605469918,0.013586207789890822,0.008398212091398124,0.008398212091398124,0.003586249365854499,GOLDILOCKS,NORMAL_TRENDING,GROWTH,1.191383306222129,1.1913162794669936,0.5179769992828369,0.0,-0.00011251921155105735,False,16.3700008392334,0.0,0.0
2025-10-07,3.25193075096095,4.534422115546442,3.482099778732248,-0.0038410652327683916,-0.0029340285130093667,-0.004178578648201149,-0.004178578648201149,-0.003707511977453004,GOLDILOCKS,NORMAL_TRENDING,GROWTH,1.1912416070988814,1.19114397011986,0.5146307349205017,0.0,-0.00016392472935721267,False,17.239999771118164,0.0,0.0
2025-10-08,3.3517779923758724,4.6475486568143785,3.571198769772274,0.030703987588117366,0.02494839218432657,0.025587719106792736,0.025587719106792736,0.005963096319924199,GOLDILOCKS,NORMAL_TRENDING,GROWTH,1.1912988938030948,1.1912318882902724,0.5227879881858826,-0.41785786482011095,-0.00011249152193629543,False,16.299999237060547,0.0,0.0
2025-10-09,3.3075988479408673,4.579825163393503,3.5177407963153806,-0.013180808673932832,-0.014571873996752492,-0.014969195752803748,-0.014969195752803748,-0.002897030241612586,GOLDILOCKS,NORMAL_TRENDING,GROWTH,1.1911459277788539,1.1910436657508945,0.5310195684432983,0.0,-0.00017170361006901434,False,16.43000030517578,0.0,0.0
2025-10-10,3.242136233931096,4.541642384936187,3.4586054151737926,-0.019791582056731167,-0.008337169454089558,-0.016810613562980137,-0.016810613562980137,-0.027027820787662193,GOLDILOCKS,NORMAL_TRENDING,GROWTH,1.1898374989146123,1.189803172475705,0.5159728527069092,-1.4969195752803774,-5.769937313072334e-05,False,21.65999984741211,0.0,0.0
2025-10-13,3.34129915382602,4.687638333865792,3.5659640829889976,0.030585673377052557,0.03214606887892498,0.031041028081490524,0.031041028081490524,0.015344092809244536,GOLDILOCKS,NORMAL_TRENDING,GROWTH,1.1896967597788097,1.1896701764540778,0.5383859872817993,-3.1528167950634955,-4.4689244571721496e-05,False,19.030000686645508,0.0,0.0
2025-10-14,3.3228674819789092,4.69791793131657,3.5350853834046485,-0.005516318952167228,0.00219291607386036,-0.00865928508131983,-0.00865928508131983,-0.0012216512196846496,GOLDILOCKS,NORMAL_TRENDING,GROWTH,1.1891415867095865,1.1890793540760005,0.5277137160301208,-0.14658066158580169,-0.00010466816446647368,False,20.809999465942383,0.0,0.0
2025-10-15,3.372632600629349,4.7955414193863595,3.6018332786106644,0.014976558325101351,0.02078016038105438,0.01888155107069316,0.01888155107069316,0.004439541098594013,GOLDILOCKS,NORMAL_TRENDING,GROWTH,1.189034847015611,1.1889657814944432,0.5227657556533813,-1.0112398859817078,-0.00011617072677228635,False,20.639999389648438,0.0,0.0
2025-10-16,3.428355463113376,4.934928495096694,3.7086835862607703,0.01652206720460125,0.02906597264426719,0.029665534016977278,0.029665534016977278,-0.006810210567109287,GOLDILOCKS,NORMAL_TRENDING,GROWTH,1.1873938239421353,1.1873406285957488,0.5233199596405029,0.0,-8.960017361380772e-05,False,25.309999465942383,0.0,0.0
2025-10-17,3.3307704083005887,4.8142094232605706,3.5477837749828107,-0.028464100605299462,-0.024462172442025976,-0.04338461546680086,-0.04338461546680086,0.005676314860669995,GOLDILOCKS,NORMAL_TRENDING,GROWTH,1.188253682597785,1.1881654783194173,0.5103896260261536,0.0,-0.00014846034926617528,False,20.780000686645508,0.0,0.0
2025-10-20,3.43213380563743,4.997415958284714,3.6377325061747614,0.030432418002824403,0.03805537294222264,0.025367784376245896,0.025353498661960183,0.01040043503835153,CAUTIOUS_BULL,EARLY_DD_UNCERTAINTY,GROWTH,1.189322097131221,1.0703297348722085,0.5264692902565002,-4.338461546680089,-0.00011239371110949749,False,18.229999542236328,0.0,0.13932477242586574
2025-10-21,3.2675338588110097,4.694353461454142,3.4536654328974667,-0.04795848767785738,-0.060643840608896014,-0.050599397554618335,-0.050599397554618335,-1.4955077773270986e-05,GOLDILOCKS,NORMAL_TRENDING,GROWTH,1.1902878274197426,1.1902557511848624,0.5030152797698975,-1.9131068595027914,-5.389660238679724e-05,False,17.8700008392334,0.0,0.0
2025-10-22,3.2563485994682666,4.663782232901108,3.4079056236245737,-0.003423150249103414,-0.006512340581947765,-0.013235350118129765,-0.01324963583241548,-0.005198882255361581,CAUTIOUS_BULL,EARLY_DD_UNCERTAINTY,GROWTH,1.1904203381128728,1.0713056784562391,0.5141405463218689,-6.876244560416171,-0.00013557460526318437,False,18.600000381469727,0.0,0.14477536370372268
2025-10-23,3.2908775435186395,4.712134068364312,3.435562072547623,0.010603577287766782,0.01036751568761135,0.008129665650668624,0.00811537993638291,0.005929966083050742,CAUTIOUS_BULL,EARLY_DD_UNCERTAINTY,GROWTH,1.190772263185169,1.071667380563849,0.5158541202545166,-8.110100407337576,-5.1612262540451435e-05,False,17.299999237060547,0.0,0.14170713561195528
2025-10-24,3.3068574074834887,4.7201293914912785,3.519494738859059,0.0048558063171694615,0.0016967520471551714,0.024444834352050963,0.02443054863776525,0.008172547247097484,CAUTIOUS_BULL,EARLY_DD_UNCERTAINTY,GROWTH,1.1906656601752488,1.071557547380543,0.5499606132507324,-7.364378959827047,-7.754164296640867e-05,False,16.3700008392334,0.0,0.13945029562727007
2025-10-27,3.3086277458579825,4.694522151194357,3.5384483557996744,0.0005353537078700409,-0.005425114053670261,0.0053996089913307885,0.005385323277045074,0.011797667854098304,CAUTIOUS_BULL,EARLY_DD_UNCERTAINTY,GROWTH,1.1913392937961966,1.0721748648374265,0.5137306451797485,-5.1012399144155145,-5.689130116804169e-05,False,15.789999961853027,0.0,0.14209193186896857
2025-10-28,3.337893053027413,4.7391423482933925,3.5333295007113668,0.008845149535503806,0.009504736725479957,-0.0014323526349550183,-0.0014466383492407326,0.0026560013292959983,CAUTIOUS_BULL,EARLY_DD_UNCERTAINTY,GROWTH,1.1911555666133977,1.0719869799401736,0.5373573303222656,-4.590179412763903,-9.893289689206472e-05,False,16.420000076293945,0.0,0.14306410487765867
2025-10-29,3.355232151187427,4.765130778019521,3.5131228990932537,0.005194623639690282,0.005483783312709919,-0.00570457000354205,-0.005718855717827764,0.0004803260550556576,CAUTIOUS_BULL,EARLY_DD_UNCERTAINTY,GROWTH,1.1912981624306316,1.072103455761599,0.5147377252578735,-4.728202918119578,-0.00012104521869226448,False,16.920000076293945,0.0,0.14367882130589885
2025-10-30,3.347800664794257,4.758488048071748,3.5116650715345545,-0.002214894844322455,-0.0013940288855059917,-0.0020503975496486836,-0.00041496628514631315,-0.010998113191920567,CAUTIOUS_BULL,EARLY_DD_UNCERTAINTY,GROWTH,1.1912375809151485,1.0720556902005995,0.5231258869171143,-5.273048579609026,-0.00010844487179733046,False,16.90999984741211,16.504018399085904,0.14291644836480707
2025-10-31,3.354842825452986,4.747706259327157,3.524779325396055,0.0021035185077728255,-0.002265801371290682,0.0037487688139994234,0.0037344830997137093,0.003280260922519762,CAUTIOUS_BULL,EARLY_DD_UNCERTAINTY,GROWTH,1.1912185514609615,1.0720105319525561,0.5138922929763794,-5.312357070743181,-0.00016073990826621793,False,17.440000534057617,0.0,0.14232563019651784
2025-11-03,3.3535726996511235,4.687706860096311,3.5447006814123188,-0.0003785947264730656,-0.012637555053658584,0.0056660880477622825,0.0056518023334765684,0.0018766915803232198,CAUTIOUS_BULL,EARLY_DD_UNCERTAINTY,GROWTH,1.1911993355124164,1.0719980288711444,0.5189661979675293,-4.958747668472149,-0.00015180422248861218,False,17.170000076293945,0.0,0.14205428014513818
2025-11-04,3.2370680895617037,4.545893219402738,3.449405963628739,-0.03474044564518904,-0.030252241645216463,-0.028647467128032376,-0.026883713562413255,-0.011853595199365574,CAUTIOUS_BULL,EARLY_DD_UNCERTAINTY,GROWTH,1.19089917594105,1.0717132449511593,0.5059341192245483,-4.421593296768277,-0.00017916134804422807,False,19.0,18.271601294578424,0.14680377345252182
2025-11-05,3.279784792938726,4.6322280079548035,3.4897149373758216,0.013196109008261995,0.018991820613729418,0.011700058329080432,0.011685772614794717,0.0034654701339136285,CAUTIOUS_BULL,EARLY_DD_UNCERTAINTY,GROWTH,1.1907156415869606,1.0716504602598391,0.5249769687652588,-6.991095805329793,1.1912222927501324e-05,False,18.010000228881836,0.0,0.14120702961742304
2025-11-06,3.2157277055595657,4.5567216824399,3.4346803082501736,-0.019530881269122714,-0.016300217818561398,-0.017365644463528722,-0.015770522840193004,-0.01072938225080955,CAUTIOUS_BULL,EARLY_DD_UNCERTAINTY,GROWTH,1.190377924799243,1.0713081638075768,0.5151426792144775,-5.904214899759644,-5.96794813852618e-05,False,19.5,16.351952212056304,0.1451461739079244
2025-11-07,3.238217568354144,4.555876844778157,3.4673875139025485,0.006993708688610652,-0.0001854047099251045,0.009536920346048066,0.009522634631762351,0.0009845659403016072,CAUTIOUS_BULL,EARLY_DD_UNCERTAINTY,GROWTH,1.1900047665924718,1.0709791978161474,0.5360927581787109,-7.388154627848877,-4.685717380034421e-05,False,19.079999923706055,0.0,0.14150959865228976
2025-11-10,3.360370091663738,4.71430598308466,3.6249127593469064,0.037722148290264323,0.034774675370799556,0.04544481368750979,0.045430527973224076,0.01560435822838957,CAUTIOUS_BULL,EARLY_DD_UNCERTAINTY,GROWTH,1.1904267363286938,1.0713334432183976,0.5218875408172607,-6.50624586179662,-9.449361660193218e-05,False,17.600000381469727,0.0,0.13664910200594577
2025-11-11,3.34324638914141,4.719297536227144,3.6370776354973025,-0.005095778755086437,0.0010588097506596087,0.003370194382440171,0.003355908668154457,0.0022892033827353053,CAUTIOUS_BULL,EARLY_DD_UNCERTAINTY,GROWTH,1.1905507905332908,1.0714860632399996,0.5315779447555542,-2.2587752490992297,-1.8008919417319623e-05,False,17.280000686645508,0.0,0.14237933082665563
2025-11-12,3.38141626723221,4.757903856155971,3.681544311707173,0.011417010189489044,0.008180522552873683,0.012225935398211691,0.012225935398211691,0.0005564068664263289,GOLDILOCKS,NORMAL_TRENDING,GROWTH,1.1911308157128229,1.1910970944133694,0.495153546333313,-1.9307646257216458,-5.662064822538137e-05,False,17.510000228881836,0.0,0.0
2025-11-13,3.28325952522,4.626307303960308,3.544241180510873,-0.02902829295623929,-0.027658514374013083,-0.03729498264075791,-0.03729498264075791,-0.016594062566875234,GOLDILOCKS,NORMAL_TRENDING,GROWTH,1.190404283368263,1.1903478204421063,0.5104515552520752,-0.7317764894836989,-9.486344588255405e-05,False,20.0,0.0,0.0
2025-11-14,3.233857361673967,4.5261956541390465,3.501838119254557,-0.015046682471049079,-0.021639645454499278,-0.01194964650609548,-0.011963932220381194,-0.00016359600785664785,CAUTIOUS_BULL,EARLY_DD_UNCERTAINTY,GROWTH,1.190296648543247,1.0712841238189108,0.5035815238952637,-4.433983162087285,3.1999735359260114e-05,False,19.829999923706055,0.0,0.1445869715851376
2025-11-17,3.1822499489172094,4.457961614672731,3.4360892504915665,-0.015958469092787586,-0.015075362330816886,-0.018761244885337428,-0.01877553059962314,-0.009316476786200845,CAUTIOUS_BULL,EARLY_DD_UNCERTAINTY,GROWTH,1.1894446396214986,1.0704443887887514,0.5059120655059814,-5.577328510107877,-0.00010422580372430839,False,22.3799991607666,0.0,0.1455906852225591
2025-11-18,3.172342961697636,4.424514256537335,3.4292633501918033,-0.003113202098705029,-0.007502836728182991,-0.0019722460088896034,-0.0019865317231753175,-0.008397487448507768,CAUTIOUS_BULL,EARLY_DD_UNCERTAINTY,GROWTH,1.1882158232547022,1.0693559271911317,0.514440655708313,-7.350164267964507,-7.165502979930884e-05,False,24.690000534057617,0.0,0.14314149798379047
2025-11-19,3.181194016203183,4.450144289895817,3.4617275947704016,0.0027900686062045004,0.005792733817189595,0.00948111321144556,0.009466827497159845,0.0038631576379948296,CAUTIOUS_BULL,EARLY_DD_UNCERTAINTY,GROWTH,1.1878306839839858,1.0689848165469855,0.5204187631607056,-7.534216105793179,-0.00011748595233007655,False,23.65999984741211,0.0,0.14151742183677132
2025-11-20,3.106455021270903,4.326607460226502,3.4077315613623194,-0.02349400714059012,-0.027760185203389506,-0.01787006165319498,-0.015598001844412516,-0.01524230348712119,CAUTIOUS_BULL,EARLY_DD_UNCERTAINTY,GROWTH,1.1866961020699092,1.0679543726268115,0.5300890207290649,-6.65885848027706,-0.00013505139929845375,False,26.420000076293945,23.225730213388037,0.14512073637071576
2025-11-21,3.098388140932521,4.353840800854575,3.4039276630871425,-0.002596812213003212,0.006294386740286133,-0.0011019695442875334,-0.0011162552585732477,0.009961204755846165,CAUTIOUS_BULL,EARLY_DD_UNCERTAINTY,GROWTH,1.1869221158693468,1.0681619458323202,0.5370445251464844,-8.114793777861264,-0.00012723562562623968,False,23.43000030517578,0.0,0.1430167860966875
2025-11-24,3.1994309880793477,4.4863437548230065,3.5050037656349784,0.032611423279078226,0.030433578081776293,0.029708248851024733,0.02969396313673902,0.014718547807599958,CAUTIOUS_BULL,EARLY_DD_UNCERTAINTY,GROWTH,1.1880870217159403,1.0692360195120585,0.5210304260253906,-8.21736112249182,-7.911884401781595e-05,False,20.520000457763672,0.0,0.13873747731992095
2025-11-25,3.1908159763339987,4.4594163854428395,3.503407245356779,-0.002692669970831497,-0.006002074484644479,-0.00044121173591757476,-0.00045549745020328906,0.009405913041440561,CAUTIOUS_BULL,EARLY_DD_UNCERTAINTY,GROWTH,1.1894339098604434,1.0705064140747516,0.508142352104187,-5.491970827070458,2.969704088354997e-05,False,18.559999465942383,0.0,0.14292224357466843
2025-11-26,3.256004449405863,4.535089327209284,3.574580382269612,0.020430032178402533,0.016969247817599686,0.020329690669607985,0.02031540495532227,0.006903544626688962,CAUTIOUS_BULL,EARLY_DD_UNCERTAINTY,GROWTH,1.1900027155164223,1.0709475997191158,0.538159966468811,-5.535018993382456,-0.000102416658287475,False,17.190000534057617,0.0,0.14001272759710837
2025-11-28,3.3180295612757504,4.590183899663047,3.590415163486973,0.019049455500960925,0.01214850876766867,0.004444115099548285,0.004429829385262571,0.005458400735868674,CAUTIOUS_BULL,EARLY_DD_UNCERTAINTY,GROWTH,1.1910079676668308,1.071878513586043,0.5056917667388916,-3.6159246501361957,-5.346976843283234e-05,False,16.350000381469727,0.0,0.14222710106546235
2025-12-01,3.3020790537560027,4.511664712529285,3.5710177910629506,-0.004807222848736481,-0.017105891365164137,-0.005388257317864308,-0.005402543032150022,-0.004565432491131505,CAUTIOUS_BULL,EARLY_DD_UNCERTAINTY,GROWTH,1.1909589644637966,1.0718497936398528,0.5258004665374756,-3.1889596408800105,-2.476879362724665e-05,False,17.239999771118164,0.0,0.14363312700663847
2025-12-02,3.3461602413041875,4.64661748068881,3.60129554947946,0.013349525202324696,0.029911967479486885,0.008493033283755847,0.008478747569470133,0.001852203967944055,CAUTIOUS_BULL,EARLY_DD_UNCERTAINTY,GROWTH,1.1914980280695109,1.0723324029552173,0.5013474822044373,-3.71198545240737,-2.9509644292317948e-05,False,16.59000015258789,0.0,0.1416560767407763
2025-12-03,3.3567910928439115,4.655806922908838,3.617037783466011,0.0031770300204095017,0.001977662731700904,0.0043855553782895,0.004371269664003786,0.003462767968857472,CAUTIOUS_BULL,EARLY_DD_UNCERTAINTY,GROWTH,1.1916573884937867,1.072401426214509,0.5153765082359314,-2.8955836830928674,-0.00016825013030019131,False,16.079999923706055,0.0,0.14223539359596915
2025-12-04,3.3470000455560167,4.6632027736355015,3.6148797778612165,-0.0029167877943812683,0.0015885217856161217,-0.0005823366419027638,-0.0005966223561884781,0.0007311238379490437,CAUTIOUS_BULL,EARLY_DD_UNCERTAINTY,GROWTH,1.1916386496450597,1.0724311709733396,0.5254753232002258,-2.4711140938059897,-8.133283474276574e-05,False,15.779999732971191,0.0,0.14294242550384623
2025-12-05,3.3424324341363114,4.663449424848739,3.6211298401946297,-0.0013646881856991945,5.2893091982394944e-05,0.0017432677876843504,0.0017289820733986361,0.001899461628388499,CAUTIOUS_BULL,EARLY_DD_UNCERTAINTY,GROWTH,1.1919287559363692,1.0727109680721738,0.512502133846283,-2.5293020075117876,-4.6446233439407516e-05,False,15.40999984741211,0.0,0.14261057173513567
2025-12-08,3.3517506081685013,4.649808537094441,3.677045397976054,0.0027878421526261006,-0.0029250639412136503,0.015455752949390052,0.015441467235104337,-0.003004219352025661,CAUTIOUS_BULL,EARLY_DD_UNCERTAINTY,GROWTH,1.1913932081119025,1.0722500003235036,0.5359063148498535,-2.3607769180011258,-7.250106070370206e-06,False,16.65999984741211,0.0,0.1406847636881735
2025-12-09,3.395443711522838,4.711949094092168,3.7019604331913945,0.013035905251379166,0.013364110909512226,0.006775830189383573,0.006775830189383573,-0.000863122274760153,GOLDILOCKS,NORMAL_TRENDING,GROWTH,1.1912845230102538,1.1912110781105965,0.5192689895629883,-0.8530840539193878,-0.0001233037082890585,False,16.93000030517578,0.0,0.0
2025-12-10,3.393288515279165,4.740190174115022,3.7239612683457395,-0.0006347318426628358,0.005993502785983744,0.0059430227716880946,0.0059430227716880946,0.006632218302348614,GOLDILOCKS,NORMAL_TRENDING,GROWTH,1.191365549410709,1.1912669421049116,0.5275007486343384,-0.18128138766764956,-0.0001655366077121742,False,15.770000457763672,0.0,0.0
2025-12-11,3.4106193300766776,4.725556643038854,3.7228469688185486,0.0051073802653314035,-0.0030871189843980572,-0.0002992242525888739,-0.0002992242525888739,0.002326931778056762,GOLDILOCKS,NORMAL_TRENDING,GROWTH,1.191897826813883,1.1918672128170982,0.510539174079895,0.0,-5.13701696504857e-05,False,14.850000381469727,0.0,0.0
2025-12-12,3.36819072552107,4.677086974534497,3.628034221172298,-0.0124401466271681,-0.01025692255234256,-0.025467806880157564,-0.025467806880157564,-0.010751997629438903,GOLDILOCKS,NORMAL_TRENDING,GROWTH,1.1917349933195636,1.191721077100115,0.5237954258918762,-0.029922425258893257,-2.3354553699512625e-05,False,15.739999771118164,0.0,0.0
2025-12-15,3.379618688315424,4.702541216859445,3.6549745120077137,0.003392908456092847,0.005442328197773543,0.007425588953433655,0.007425588953433655,-0.0015108134140046081,GOLDILOCKS,NORMAL_TRENDING,GROWTH,1.1917000750686033,1.191615163383467,0.5134474039077759,-2.5759410547267714,-0.0001425051267724128,False,16.5,0.0,0.0
2025-12-16,3.414150986707997,4.710670330247558,3.664391154502794,0.010217809042175039,0.0017286639315287297,0.002576390742026648,0.002576390742026648,-0.0027323197983205594,GOLDILOCKS,NORMAL_TRENDING,GROWTH,1.1911972742328119,1.191132168468004,0.5432113409042358,-1.8525100388240907,-0.00010931147378529422,False,16.479999542236328,0.0,0.0
2025-12-17,3.401199319650619,4.656455851933729,3.6263856556934733,-0.003793524981115858,-0.011508867000459213,-0.010371572576966715,-0.010371572576966715,-0.011003588240296014,GOLDILOCKS,NORMAL_TRENDING,GROWTH,1.1909948665330579,1.190919287178657,0.5211321115493774,-1.5996437543349613,-0.00012691801874987324,False,17.6200008392334,0.0,0.0
2025-12-18,3.4354855637333275,4.7070839925147725,3.6728594429227868,0.010080633582577148,0.010872677029680963,0.012815456391503447,0.012815456391503447,0.007551280296730134,GOLDILOCKS,NORMAL_TRENDING,GROWTH,1.1913166410435763,1.191273561314504,0.5085396766662598,-2.6202101907362567,-7.232288644037736e-05,False,16.8700008392334,0.0,0.0
2025-12-19,3.5105724680171866,4.868324210802897,3.7198653951306633,0.02185627122888052,0.03425479947766578,0.012798189786013207,0.012798189786013207,0.00906346515990486,GOLDILOCKS,NORMAL_TRENDING,GROWTH,1.1918500453407153,1.19169767187009,0.5132514834403992,-1.3722437410218609,-0.000255692351937999,False,14.90999984741211,0.0,0.0
2025-12-22,3.6116903449227133,4.956051291135684,3.819012445647956,0.02880381414334943,0.018019974951158407,0.026653397364075872,0.026653397364075872,0.006229874178387496,GOLDILOCKS,NORMAL_TRENDING,GROWTH,1.1922424919988155,1.1921382851456104,0.5145894885063171,-0.1099869982508083,-0.00017480815170485228,False,14.079999923706055,0.0,0.0
2025-12-23,3.7198547599162732,5.016560417939718,3.966482188366168,0.029948418791111688,0.01220914055354089,0.03861462742449677,0.03861462742449677,0.0045704843606495515,GOLDILOCKS,NORMAL_TRENDING,GROWTH,1.1923435429198115,1.1923495071627446,0.5209920406341553,0.0,1.0004235723061578e-05,False,14.0,0.0,0.0
2025-12-24,3.6909298805354127,5.0063497387878595,3.9628827523421504,-0.007775808801070453,-0.002035394433872102,-0.0009074630498972196,-0.0009074630498972196,0.003517621421107009,GOLDILOCKS,NORMAL_TRENDING,GROWTH,1.1926174849658946,1.1925633562300246,0.5141573548316956,0.0,-9.077300400557431e-05,False,13.470000267028809,0.0,0.0
2025-12-26,3.806580531638104,5.031582472930182,3.9801828561783203,0.031333743757254694,0.005040146106219012,0.0043655351211048105,0.0043655351211048105,-0.0001014040437492536,GOLDILOCKS,NORMAL_TRENDING,GROWTH,1.1926929368648633,1.1925953468168395,0.5163991451263428,-0.09074630498972014,-0.00016364655982678978,False,13.600000381469727,0.0,0.0
2025-12-29,3.6216744146506397,4.800159560906924,3.8635835410311485,-0.04857538555946245,-0.04599406116630483,-0.02929496441757138,-0.02929496441757138,-0.003563648189011559,GOLDILOCKS,NORMAL_TRENDING,GROWTH,1.1924558320182266,1.192464200500321,0.5252236723899841,0.0,1.4035709952167188e-05,False,14.199999809265137,0.0,0.0
2025-12-30,3.6390630503968087,4.801736001433679,3.8607291540525335,0.004801269731985729,0.0003284141926434982,-0.0007387926126876665,-0.0007387926126876665,-0.0012211468345215692,GOLDILOCKS,NORMAL_TRENDING,GROWTH,1.192350389723581,1.1923189836601744,0.5261629223823547,-2.9294964417571454,-5.267925213480479e-05,False,14.329999923706055,0.0,0.0
2025-12-31,3.5823359704368336,4.615860990492965,3.8297916110498194,-0.015588375132381706,-0.038709960498706446,-0.008013393783461735,-0.008013393783461735,-0.007408955885817803,GOLDILOCKS,NORMAL_TRENDING,GROWTH,1.1921948237961526,1.1922243158130978,0.5244781374931335,-3.0012114126958367,4.9475163549403394e-05,False,14.949999809265137,0.0,0.0
2026-01-02,3.623556929552221,4.685699416515811,3.8423319253415,0.011506726185249823,0.015130097324570234,0.0032744116561065698,0.0032744116561065698,0.0018330596423725698,GOLDILOCKS,NORMAL_TRENDING,GROWTH,1.192237060085718,1.192169210163979,0.5230485200881958,-3.778500902164661,-0.00011381951460907341,False,14.510000228881836,0.0,0.0
2026-01-05,3.7213555367347793,4.795672811459592,4.000310509524819,0.026989670394013565,0.023470006325235937,0.04111528812526444,0.04111528812526444,0.006660110816910869,GOLDILOCKS,NORMAL_TRENDING,GROWTH,1.1922568212290987,1.192270255539221,0.5180707573890686,-3.463432103950661,2.2535933337832565e-05,False,14.899999618530273,0.0,0.0
2026-01-06,3.7868566292127115,4.842839687822115,4.058696097465105,0.01760140675389611,0.009835299074160125,0.014595263992949756,0.014595263992949756,0.005947227112347964,GOLDILOCKS,NORMAL_TRENDING,GROWTH,1.191792268830328,1.191735226318371,0.5451120138168335,0.0,-9.572559488592437e-05,False,14.75,0.0,0.0
2026-01-07,3.7490221858614223,4.8165276968748225,4.043829492361839,-0.009990989112031634,-0.005433174055597541,-0.0036629017660501713,-0.0036629017660501713,-0.0032234001772446508,GOLDILOCKS,NORMAL_TRENDING,GROWTH,1.19190870811086,1.1918339215526155,0.5152748823165894,0.0,-0.00012549041337727847,False,15.380000114440918,0.0,0.0
2026-01-08,3.7271410274871415,4.796342565249324,4.0420066304083315,-0.005836497435731591,-0.004190805679077761,-0.00045077616574835076,-0.00045077616574835076,-0.00010152168346500012,GOLDILOCKS,NORMAL_TRENDING,GROWTH,1.1918782298132093,1.1919227587110004,0.5203227400779724,-0.36629017660501445,7.472054892393275e-05,False,15.449999809265137,0.0,0.0
2026-01-09,3.766595735131199,4.810346357173926,4.093461476671371,0.010585783406928865,0.0029196813476299517,0.012730025199845136,0.012730025199845136,0.006613388484590255,GOLDILOCKS,NORMAL_TRENDING,GROWTH,1.192105905847107,1.1920674557777635,0.518845796585083,-0.4112026782985,-6.450780782965332e-05,False,14.489999771118164,0.0,0.0
2026-01-12,3.8186840186848525,4.832082260535284,4.135331383464924,0.01382900826542748,0.0045185734555145424,0.010228484384711795,0.010228484384711795,0.0015703975230316747,GOLDILOCKS,NORMAL_TRENDING,GROWTH,1.1920820296931869,1.1919912941494235,0.5179131031036377,0.0,-0.00015223036922528538,False,15.119999885559082,0.0,0.0
2026-01-13,3.831127646749167,4.816291570824608,4.134671753092898,0.0032586168437680374,-0.0032678851185217717,-0.00015951088579334587,-0.00015951088579334587,-0.001999473023445053,GOLDILOCKS,NORMAL_TRENDING,GROWTH,1.1919569663028533,1.1919036527903206,0.5123468637466431,0.0,-8.945543176459267e-05,False,15.979999542236328,0.0,0.0
2026-01-14,3.853695813857173,4.801328369724137,4.167813855286021,0.005890737450931917,-0.003106788881120094,0.008015654971481436,0.008015654971481436,-0.004915222744839132,GOLDILOCKS,NORMAL_TRENDING,GROWTH,1.191378954376414,1.1912971163627095,0.5319370031356812,-0.015951088579332657,-0.00013738368199924653,False,16.75,0.0,0.0
2026-01-15,3.8439118459745374,4.803170463751405,4.17817431682843,-0.0025388531828210944,0.0003836634125847255,0.002485826359367945,0.002485826359367945,0.0027232240029890775,GOLDILOCKS,NORMAL_TRENDING,GROWTH,1.1913831694267527,1.1913136144051968,0.5278830528259277,0.0,-0.0001167634785196285,False,15.84000015258789,0.0,0.0
2026-01-16,3.81921716062014,4.783974853362658,4.162399108904104,-0.0064243630821707596,-0.003996445792131065,-0.0037756222522330298,-0.0037756222522330298,-0.0008378844014015341,GOLDILOCKS,NORMAL_TRENDING,GROWTH,1.1916575235743339,1.191539318400698,0.5111346244812012,0.0,-0.00019838782753845978,False,15.859999656677246,0.0,0.0
2026-01-20,3.83498891050414,4.7727049288326535,4.276198031243501,0.004129576617591339,-0.0023557658381256584,0.02733974310535501,0.02733974310535501,-0.020356759970762806,GOLDILOCKS,NORMAL_TRENDING,GROWTH,1.1905928546902846,1.19054231685655,0.512413740158081,-0.37756222522331107,-8.489524111539313e-05,False,20.09000015258789,0.0,0.0
2026-01-21,3.898927968313355,4.893741789093837,4.354663569889256,0.016672553507021508,0.025360222780583083,0.01834936971404419,0.01834936971404419,0.011541083159159804,GOLDILOCKS,NORMAL_TRENDING,GROWTH,1.1909938320227562,1.1910182160398035,0.5112210512161255,0.0,4.094734396050107e-05,False,16.899999618530273,0.0,0.0
2026-01-22,3.9719505128895594,4.964255996982138,4.4497277037333856,0.018728877570875817,0.014409057716418401,0.021830419805897124,0.021830419805897124,0.005223163010167564,GOLDILOCKS,NORMAL_TRENDING,GROWTH,1.1911751949574523,1.1911448965416174,0.5317657589912415,0.0,-5.087146871945346e-05,False,15.640000343322754,0.0,0.0
2026-01-23,4.044656476085601,5.0461658730740035,4.532767213606116,0.018304851221106477,0.016499929927396868,0.018661705929344477,0.018661705929344477,0.00036285524556167736,GOLDILOCKS,NORMAL_TRENDING,GROWTH,1.1912539437536167,1.1912555948286274,0.52580726146698,0.0,2.7719950386159334e-06,False,16.09000015258789,0.0,0.0
2026-01-26,4.0680205953680915,5.066839173573033,4.585118697793596,0.005776539842291411,0.004096833322372769,0.011549563813984419,0.011549563813984419,0.00507813081145958,GOLDILOCKS,NORMAL_TRENDING,GROWTH,1.191226830370738,1.1911742737423736,0.5289714932441711,0.0,-8.823949733911621e-05,False,16.149999618530273,0.0,0.0
2026-01-27,4.123224494691305,5.190552474593222,4.693046771742468,0.013570211366695083,0.024416267574750843,0.023538774252629242,0.023538774252629242,0.003984250492172103,GOLDILOCKS,NORMAL_TRENDING,GROWTH,1.1915422630420118,1.1914446315354101,0.5059652924537659,0.0,-0.0001638741816048838,False,16.350000381469727,0.0,0.0
2026-01-28,4.244954577253012,5.404761195308691,4.787910037428378,0.029523030511298995,0.04126896351861974,0.02021357772462346,0.02021357772462346,-0.0001006589961060067,GOLDILOCKS,NORMAL_TRENDING,GROWTH,1.1919122929710522,1.191851217467152,0.49337679147720337,0.0,-0.00010248321837133542,False,16.350000381469727,0.0,0.0
