nav,nav_west,nav_east,cash_west,cash_east,pnl_pct,pos_NVDA,pos_QQQ,pos_IBIT,pos_XLE,pos_600519.SS,pos_601899.SS,pos_300750.SZ,date,risk_prob,action,event,scout_action_QQQ,scout_expl_QQQ,scout_action_XLE,scout_expl_XLE,scout_action_NVDA,scout_expl_NVDA,scout_action_601899.SS,scout_expl_601899.SS,scout_action_300750.SZ,scout_expl_300750.SZ,scout_action_600519.SS,scout_expl_600519.SS,veto_log
10000000.0,5000000.0,5000000.0,194607.86,-1402.43,0.0,106035.98522603563,6408.423727615398,0.0,42473.854161357114,1059.102585239926,195311.3199027136,6909.645660319066,2023-01-03,0.0,SWARM_ACTIVE,NORMAL,NORMAL,Clear,NORMAL,Clear,NORMAL,Clear,NORMAL,Clear,NORMAL,Clear,NORMAL,Clear,
9976600.79,5048912.41,4927688.38,683769.77,-143.42,0.0,93353.1939477692,5798.215942275168,0.0,38709.60814928281,966.313373325329,210114.07407187368,6909.645660319066,2023-01-04,50.6,SWARM_ACTIVE,NORMAL,NORMAL,Clear,NORMAL,Clear,NORMAL,Clear,NORMAL,Clear,NORMAL,Clear,NORMAL,Clear,
10102795.72,5006520.25,5096275.47,809406.29,65661.91,0.0,92757.2544813195,5657.593848635847,0.0,36619.31963330108,887.5420907372761,223232.97212155804,6599.406602711096,2023-01-05,51.1,SWARM_ACTIVE,NORMAL,NORMAL,Clear,NORMAL,Clear,NORMAL,Clear,NORMAL,Clear,NORMAL,Clear,NORMAL,Clear,
10266558.42,5128524.82,5138033.6,979140.62,50390.9,0.0,87801.8401836162,5444.860515641386,0.0,35603.574005525625,873.0042599621997,232344.06544627817,6366.589942591916,2023-01-06,50.6,SWARM_ACTIVE,NORMAL,NORMAL,Clear,NORMAL,Clear,NORMAL,Clear,NORMAL,Clear,NORMAL,Clear,NORMAL,Clear,
10588129.68,5200127.24,5388002.44,996471.13,-63.73,0.0,84544.67326616962,5481.555108721827,0.0,36204.543772251476,864.9964604150875,238266.50724105307,6366.589942591916,2023-01-09,51.2,SWARM_ACTIVE,NORMAL,NORMAL,Clear,NORMAL,Clear,NORMAL,Clear,NORMAL,Clear,NORMAL,Clear,NORMAL,Clear,
10688900.44,5246246.2,5442654.23,1041572.96,40936.77,0.0,82922.54723284332,5437.09123025426,0.0,36016.84748967985,856.9084972722943,239524.97194339632,6184.432398500236,2023-01-10,50.8,SWARM_ACTIVE,NORMAL,NORMAL,Clear,NORMAL,Clear,NORMAL,Clear,NORMAL,Clear,NORMAL,Clear,NORMAL,Clear,
10723325.1,5283424.02,5439901.08,1088404.47,-41.85,0.0,82160.97478071008,5329.166294644288,0.0,35884.21787545111,856.3602320513924,243397.3078202081,6184.432398500236,2023-01-11,51.0,SWARM_ACTIVE,NORMAL,NORMAL,Clear,NORMAL,Clear,NORMAL,Clear,NORMAL,Clear,NORMAL,Clear,NORMAL,Clear,
10793829.68,5360321.5,5433508.18,1152524.92,13254.37,0.0,79787.52467919119,5311.99405303529,0.0,35383.18242211008,856.3602320513924,243397.3078202081,6125.49196319882,2023-01-12,51.0,SWARM_ACTIVE,NORMAL,NORMAL,Clear,NORMAL,Clear,NORMAL,Clear,NORMAL,Clear,NORMAL,Clear,NORMAL,Clear,
10926790.51,5403280.66,5523509.85,1159134.68,3474.08,0.0,78526.15364123503,5321.527820058562,0.0,35678.94857739954,845.0578834055199,246393.42528293765,6110.15974884963,2023-01-13,51.1,SWARM_ACTIVE,NORMAL,NORMAL,Clear,NORMAL,Clear,NORMAL,Clear,NORMAL,Clear,NORMAL,Clear,NORMAL,Clear,
10959944.25,5403244.72,5556699.53,1156632.28,20250.92,0.0,78499.09893001556,5324.819215720422,0.0,35729.33527351202,832.4483956578408,248730.02855303942,6022.9202412231625,2023-01-16,51.3,SWARM_ACTIVE,NORMAL,NORMAL,Clear,NORMAL,Clear,NORMAL,Clear,NORMAL,Clear,NORMAL,Clear,NORMAL,Clear,
10970526.54,5472260.81,5498265.73,1223293.55,-21.46,0.0,74873.5219184648,5326.189323799605,0.0,35655.85701185001,831.749254055798,250750.5780804822,6022.9202412231625,2023-01-17,51.3,SWARM_ACTIVE,NORMAL,NORMAL,Clear,NORMAL,Clear,NORMAL,Clear,NORMAL,Clear,NORMAL,Clear,NORMAL,Clear,
10921755.72,5402158.87,5519596.85,1182830.35,12886.06,0.0,75394.9689425411,5376.1439948077095,0.0,36099.53752273659,831.749254055798,250750.5780804822,5967.616528068848,2023-01-18,51.3,SWARM_ACTIVE,NORMAL,NORMAL,Clear,NORMAL,Clear,NORMAL,Clear,NORMAL,Clear,NORMAL,Clear,NORMAL,Clear,
10908930.2,5359544.45,5549385.74,1166587.52,1531.9,0.0,77176.35189133973,5411.408643262197,0.0,35526.61424752926,837.3046275210023,251064.23542714407,5961.012835396614,2023-01-19,52.4,SWARM_ACTIVE,NORMAL,NORMAL,Clear,NORMAL,Clear,NORMAL,Clear,NORMAL,Clear,NORMAL,Clear,NORMAL,Clear,
11124820.92,5496594.81,5628226.11,1240129.97,-1.53,0.0,73565.56701309478,5348.882430473935,0.0,35724.257916867566,838.2139960319155,251064.23542714407,5961.012835396614,2023-01-20,52.9,SWARM_ACTIVE,NORMAL,NORMAL,Clear,NORMAL,Clear,NORMAL,Clear,NORMAL,Clear,NORMAL,Clear,NORMAL,Clear,
11259170.11,5630945.53,5628224.58,1328087.21,-1.53,0.0,68914.0249192845,5293.134496842526,0.0,36137.98720927487,838.2139960319155,251064.23542714407,5961.012835396614,2023-01-23,52.1,SWARM_ACTIVE,NORMAL,NORMAL,Clear,NORMAL,Clear,NORMAL,Clear,NORMAL,Clear,NORMAL,Clear,NORMAL,Clear,
11255224.05,5626999.47,5628224.58,1339521.93,-1.53,0.0,67984.26035572056,5291.978633178122,0.0,36303.84650279189,838.2139960319155,251064.23542714407,5961.012835396614,2023-01-24,52.8,SWARM_ACTIVE,NORMAL,NORMAL,Clear,NORMAL,Clear,NORMAL,Clear,NORMAL,Clear,NORMAL,Clear,NORMAL,Clear,
11255975.28,5627750.7,5628224.58,1359557.46,-1.53,0.0,67062.78201312208,5280.121015025597,0.0,36330.372953199,838.2139960319155,251064.23542714407,5961.012835396614,2023-01-25,53.6,SWARM_ACTIVE,NORMAL,NORMAL,Clear,NORMAL,Clear,NORMAL,Clear,NORMAL,Clear,NORMAL,Clear,NORMAL,Clear,
11363912.49,5735687.91,5628224.58,1434416.79,-1.53,0.0,66258.7673712265,5204.551572014605,0.0,35444.62692046093,838.2139960319155,251064.23542714407,5961.012835396614,2023-01-26,53.9,SWARM_ACTIVE,NORMAL,NORMAL,Clear,NORMAL,Clear,NORMAL,Clear,NORMAL,Clear,NORMAL,Clear,NORMAL,Clear,
11385931.64,5757707.07,5628224.58,1431804.96,-1.53,0.0,65209.560751310135,5176.825680587504,0.0,36220.27504108333,838.2139960319155,251064.23542714407,5961.012835396614,2023-01-27,52.0,SWARM_ACTIVE,NORMAL,NORMAL,Clear,NORMAL,Clear,NORMAL,Clear,NORMAL,Clear,NORMAL,Clear,NORMAL,Clear,
11232264.59,5614621.32,5617643.27,1356764.55,28039.41,0.0,67458.43168219477,5222.210125207662,0.0,36691.51865335263,838.2139960319155,251064.23542714407,5846.5225343386555,2023-01-30,52.0,SWARM_ACTIVE,NORMAL,NORMAL,Clear,NORMAL,Clear,NORMAL,Clear,NORMAL,Clear,NORMAL,Clear,NORMAL,Clear,
11305578.63,5675226.25,5630352.38,1418456.92,-28.04,0.0,66068.85216687489,5145.960934757974,0.0,36382.178595687554,854.9873375374775,251064.23542714407,5846.5225343386555,2023-01-31,55.1,SWARM_ACTIVE,NORMAL,NORMAL,Clear,NORMAL,Clear,NORMAL,Clear,NORMAL,Clear,NORMAL,Clear,NORMAL,Clear,
11549118.39,5770720.88,5778397.52,1414062.84,3186.0,0.0,63453.67260508808,5138.666004256894,0.0,37917.63098935624,854.9873375374775,251064.23542714407,5833.568957373432,2023-02-01,53.6,SWARM_ACTIVE,NORMAL,NORMAL,Clear,NORMAL,Clear,NORMAL,Clear,NORMAL,Clear,NORMAL,Clear,NORMAL,Clear,
11531033.34,5839246.44,5691786.9,1472759.48,-3.19,0.0,61151.64929086392,4972.371373346428,0.0,38997.00203727852,856.9032411376027,251064.23542714407,5833.568957373432,2023-02-02,52.4,SWARM_ACTIVE,NORMAL,NORMAL,Clear,NORMAL,Clear,NORMAL,Clear,NORMAL,Clear,NORMAL,Clear,NORMAL,Clear,
11367183.79,5771494.07,5595689.73,1477351.82,-3.19,0.0,61350.111413798164,4969.260960014376,0.0,38794.75566889081,856.9032411376027,251064.23542714407,5833.568957373432,2023-02-03,53.7,SWARM_ACTIVE,NORMAL,NORMAL,Clear,NORMAL,Clear,NORMAL,Clear,NORMAL,Clear,NORMAL,Clear,NORMAL,Clear,
11203518.19,5751329.44,5452188.75,1548989.83,-3.19,0.0,59879.3933708566,4897.60074787369,0.0,38294.03358431695,856.9032411376027,251064.23542714407,5833.568957373432,2023-02-06,55.5,SWARM_ACTIVE,NORMAL,NORMAL,Clear,NORMAL,Clear,NORMAL,Clear,NORMAL,Clear,NORMAL,Clear,NORMAL,Clear,
11380742.75,5894450.95,5486291.8,1629499.26,-3.19,0.0,58089.54115793465,4854.223927344784,0.0,37598.965897566486,856.9032411376027,251064.23542714407,5833.568957373432,2023-02-07,54.8,SWARM_ACTIVE,NORMAL,NORMAL,Clear,NORMAL,Clear,NORMAL,Clear,NORMAL,Clear,NORMAL,Clear,NORMAL,Clear,
11285164.95,5856537.08,5428627.88,1628073.83,-3.19,0.0,57320.77057512042,4888.91402405975,0.0,37803.043238461985,856.9032411376027,251064.23542714407,5833.568957373432,2023-02-08,53.3,SWARM_ACTIVE,NORMAL,NORMAL,Clear,NORMAL,Clear,NORMAL,Clear,NORMAL,Clear,NORMAL,Clear,NORMAL,Clear,
11317997.73,5838334.76,5479662.98,1628768.64,-3.19,0.0,56642.471243164,4909.321999337746,0.0,38016.33594986731,856.9032411376027,251064.23542714407,5833.568957373432,2023-02-09,55.0,SWARM_ACTIVE,NORMAL,NORMAL,Clear,NORMAL,Clear,NORMAL,Clear,NORMAL,Clear,NORMAL,Clear,NORMAL,Clear,
11228952.1,5826484.17,5402467.93,1673158.57,-3.19,0.0,58177.990763131864,4894.038683831241,0.0,36234.22100816226,856.9032411376027,251064.23542714407,5833.568957373432,2023-02-10,55.0,SWARM_ACTIVE,NORMAL,NORMAL,Clear,NORMAL,Clear,NORMAL,Clear,NORMAL,Clear,NORMAL,Clear,NORMAL,Clear,
11383193.18,5876082.19,5507110.99,1701986.65,-3.19,0.0,57124.82006867592,4846.817839450873,0.0,36435.33252748299,856.9032411376027,251064.23542714407,5833.568957373432,2023-02-13,56.7,SWARM_ACTIVE,NORMAL,NORMAL,Clear,NORMAL,Clear,NORMAL,Clear,NORMAL,Clear,NORMAL,Clear,NORMAL,Clear,
11488683.48,5954753.35,5533930.13,1736221.06,-3.19,0.0,55151.50852117806,4851.790663768979,0.0,36668.84674391523,856.9032411376027,251064.23542714407,5833.568957373432,2023-02-14,55.1,SWARM_ACTIVE,NORMAL,NORMAL,Clear,NORMAL,Clear,NORMAL,Clear,NORMAL,Clear,NORMAL,Clear,NORMAL,Clear,
11453469.23,5929149.27,5524319.96,1722721.25,-3.19,0.0,55169.784797330336,4826.052128800708,0.0,37191.01113559824,856.9032411376027,251064.23542714407,5833.568957373432,2023-02-15,54.3,SWARM_ACTIVE,NORMAL,NORMAL,Clear,NORMAL,Clear,NORMAL,Clear,NORMAL,Clear,NORMAL,Clear,NORMAL,Clear,
11298232.25,5845011.57,5453220.69,1717566.34,-3.19,0.0,55786.300133383076,4829.011574310419,0.0,36955.97685456575,856.9032411376027,251064.23542714407,5833.568957373432,2023-02-16,56.0,SWARM_ACTIVE,NORMAL,NORMAL,Clear,NORMAL,Clear,NORMAL,Clear,NORMAL,Clear,NORMAL,Clear,NORMAL,Clear,
11121237.13,5748534.05,5372703.08,1697210.41,-3.19,0.0,56259.66143612604,4782.534161469437,0.0,37583.32449108386,856.9032411376027,251064.23542714407,5833.568957373432,2023-02-17,56.3,SWARM_ACTIVE,NORMAL,NORMAL,Clear,NORMAL,Clear,NORMAL,Clear,NORMAL,Clear,NORMAL,Clear,NORMAL,Clear,
11242052.28,5748486.25,5493566.03,1657306.58,-3.19,0.0,56763.89937828565,4835.94496572108,0.0,37931.5365290033,856.9032411376027,251064.23542714407,5833.568957373432,2023-02-20,55.9,SWARM_ACTIVE,NORMAL,NORMAL,Clear,NORMAL,Clear,NORMAL,Clear,NORMAL,Clear,NORMAL,Clear,NORMAL,Clear,
11240490.12,5665813.74,5574676.38,1571522.63,-3.19,0.0,59142.3081022549,4945.782807911999,0.0,38060.50436402469,856.9032411376027,251064.23542714407,5833.568957373432,2023-02-21,55.9,SWARM_ACTIVE,NORMAL,NORMAL,Clear,NORMAL,Clear,NORMAL,Clear,NORMAL,Clear,NORMAL,Clear,NORMAL,Clear,
11154292.69,5663018.18,5491274.51,1581937.16,-3.19,0.0,59189.495256054506,4910.396330958336,0.0,38029.29816532666,856.9032411376027,251064.23542714407,5833.568957373432,2023-02-22,55.0,SWARM_ACTIVE,NORMAL,NORMAL,Clear,NORMAL,Clear,NORMAL,Clear,NORMAL,Clear,NORMAL,Clear,NORMAL,Clear,
11357846.21,5869115.59,5488730.62,1696896.73,-3.19,0.0,52998.466376147255,4974.505315905863,0.0,38356.49262956543,856.9032411376027,251064.23542714407,5833.568957373432,2023-02-23,54.2,SWARM_ACTIVE,NORMAL,NORMAL,Clear,NORMAL,Clear,NORMAL,Clear,NORMAL,Clear,NORMAL,Clear,NORMAL,Clear,
11188817.5,5822733.62,5366083.88,1718041.79,-3.19,0.0,52096.28952811303,5000.975775329119,0.0,38152.97831656155,856.9032411376027,251064.23542714407,5833.568957373432,2023-02-24,54.9,SWARM_ACTIVE,NORMAL,NORMAL,Clear,NORMAL,Clear,NORMAL,Clear,NORMAL,Clear,NORMAL,Clear,NORMAL,Clear,
11166916.4,5848462.81,5318453.59,1800341.07,-3.19,0.0,50472.20696418703,4913.20553999721,0.0,37659.95936554875,856.9032411376027,251064.23542714407,5833.568957373432,2023-02-27,57.8,SWARM_ACTIVE,NORMAL,NORMAL,Clear,NORMAL,Clear,NORMAL,Clear,NORMAL,Clear,NORMAL,Clear,NORMAL,Clear,
11140968.68,5811422.36,5329546.32,1795663.96,-3.19,0.0,50460.88690813193,4891.013030664218,0.0,37959.424760474314,856.9032411376027,251064.23542714407,5833.568957373432,2023-02-28,57.3,SWARM_ACTIVE,NORMAL,NORMAL,Clear,NORMAL,Clear,NORMAL,Clear,NORMAL,Clear,NORMAL,Clear,NORMAL,Clear,
11309587.15,5802245.05,5507342.09,1737040.77,-3.19,0.0,52014.142889578245,5003.47838141589,0.0,37730.0208877508,856.9032411376027,251064.23542714407,5833.568957373432,2023-03-01,57.0,SWARM_ACTIVE,NORMAL,NORMAL,Clear,NORMAL,Clear,NORMAL,Clear,NORMAL,Clear,NORMAL,Clear,NORMAL,Clear,
11352949.17,5858804.95,5494144.22,1780060.36,-3.19,0.0,51008.15124660365,4977.29346346648,0.0,37419.37869620381,856.9032411376027,251064.23542714407,5833.568957373432,2023-03-02,57.2,SWARM_ACTIVE,NORMAL,NORMAL,Clear,NORMAL,Clear,NORMAL,Clear,NORMAL,Clear,NORMAL,Clear,NORMAL,Clear,
11400260.8,5937567.11,5462693.69,1815914.16,-3.19,0.0,50422.29522369337,4951.893314908955,0.0,37053.28139699392,856.9032411376027,251064.23542714407,5833.568957373432,2023-03-03,55.7,SWARM_ACTIVE,NORMAL,NORMAL,Clear,NORMAL,Clear,NORMAL,Clear,NORMAL,Clear,NORMAL,Clear,NORMAL,Clear,
11383892.36,5922929.69,5460962.66,1796875.25,-3.19,0.0,51041.9571354547,4971.930566912447,0.0,37016.028630153596,856.9032411376027,251064.23542714407,5833.568957373432,2023-03-06,55.5,SWARM_ACTIVE,NORMAL,NORMAL,Clear,NORMAL,Clear,NORMAL,Clear,NORMAL,Clear,NORMAL,Clear,NORMAL,Clear,
11305406.23,5866157.66,5439248.56,1770612.15,-3.19,0.0,51259.676064221654,4999.779530460298,0.0,37353.18280197207,856.9032411376027,251064.23542714407,5833.568957373432,2023-03-07,56.2,SWARM_ACTIVE,NORMAL,NORMAL,Clear,NORMAL,Clear,NORMAL,Clear,NORMAL,Clear,NORMAL,Clear,NORMAL,Clear,
11240506.23,5904288.55,5336217.68,1822636.89,-3.19,0.0,49543.67802249826,4944.3349508732945,0.0,37498.99745968968,856.9032411376027,251064.23542714407,5833.568957373432,2023-03-08,56.0,SWARM_ACTIVE,NORMAL,NORMAL,Clear,NORMAL,Clear,NORMAL,Clear,NORMAL,Clear,NORMAL,Clear,NORMAL,Clear,
11132060.88,5821957.56,5310103.32,1771705.58,-3.19,0.0,50442.27942906441,5005.798046379629,0.0,37820.854751419516,856.9032411376027,251064.23542714407,5833.568957373432,2023-03-09,54.9,SWARM_ACTIVE,NORMAL,NORMAL,Clear,NORMAL,Clear,NORMAL,Clear,NORMAL,Clear,NORMAL,Clear,NORMAL,Clear,
11052585.24,5759678.3,5292906.94,1744337.36,-3.19,0.0,50935.199327972514,5034.96005081362,0.0,38028.88109456997,856.9032411376027,251064.23542714407,5833.568957373432,2023-03-10,56.2,SWARM_ACTIVE,NORMAL,NORMAL,Clear,NORMAL,Clear,NORMAL,Clear,NORMAL,Clear,NORMAL,Clear,NORMAL,Clear,
11171778.22,5741426.65,5430351.57,1680662.94,-3.19,0.0,51567.74593050716,5042.971256856328,0.0,39308.95920974884,856.9032411376027,251064.23542714407,5833.568957373432,2023-03-13,56.0,SWARM_ACTIVE,NORMAL,NORMAL,Clear,NORMAL,Clear,NORMAL,Clear,NORMAL,Clear,NORMAL,Clear,NORMAL,Clear,
11233441.32,5845181.27,5388260.05,1746186.31,-3.19,0.0,50049.174862433254,4953.372249353533,0.0,39230.2725133522,856.9032411376027,251064.23542714407,5833.568957373432,2023-03-14,55.1,SWARM_ACTIVE,NORMAL,NORMAL,Clear,NORMAL,Clear,NORMAL,Clear,NORMAL,Clear,NORMAL,Clear,NORMAL,Clear,
11112464.77,5783161.83,5329302.95,1717012.14,-3.19,0.0,49492.12921975305,4893.016116754048,0.0,40955.560841248,856.9032411376027,251064.23542714407,5833.568957373432,2023-03-15,54.3,SWARM_ACTIVE,NORMAL,NORMAL,Clear,NORMAL,Clear,NORMAL,Clear,NORMAL,Clear,NORMAL,Clear,NORMAL,Clear,
11121216.18,5901414.2,5219801.98,1830886.84,-3.19,0.0,47312.124345549964,4765.193867053952,0.0,40394.113956138484,856.9032411376027,251064.23542714407,5833.568957373432,2023-03-16,54.8,SWARM_ACTIVE,NORMAL,NORMAL,Clear,NORMAL,Clear,NORMAL,Clear,NORMAL,Clear,NORMAL,Clear,NORMAL,Clear,
11081604.16,5880767.48,5200836.67,1829824.28,-3.19,0.0,46688.04454813646,4767.028670292891,0.0,40869.25776036093,856.9032411376027,251064.23542714407,5833.568957373432,2023-03-17,54.2,SWARM_ACTIVE,NORMAL,NORMAL,Clear,NORMAL,Clear,NORMAL,Clear,NORMAL,Clear,NORMAL,Clear,NORMAL,Clear,
11205991.51,5922419.72,5283571.79,1837713.2,-3.19,0.0,46726.75396346854,4788.410538966346,0.0,40436.443346423526,856.9032411376027,251064.23542714407,5833.568957373432,2023-03-20,55.1,SWARM_ACTIVE,NORMAL,NORMAL,Clear,NORMAL,Clear,NORMAL,Clear,NORMAL,Clear,NORMAL,Clear,NORMAL,Clear,
11372146.85,6006591.94,5365554.92,1859305.16,-3.19,0.0,47020.71190832419,4799.81174040391,0.0,39542.20875368732,856.9032411376027,251064.23542714407,5833.568957373432,2023-03-21,55.0,SWARM_ACTIVE,NORMAL,NORMAL,Clear,NORMAL,Clear,NORMAL,Clear,NORMAL,Clear,NORMAL,Clear,NORMAL,Clear,
11330247.27,5968395.96,5361851.31,1836389.49,-3.19,0.0,46492.334095622806,4843.290123055673,0.0,40203.38230415257,856.9032411376027,251064.23542714407,5833.568957373432,2023-03-22,54.5,SWARM_ACTIVE,NORMAL,NORMAL,Clear,NORMAL,Clear,NORMAL,Clear,NORMAL,Clear,NORMAL,Clear,NORMAL,Clear,
11454221.93,5999225.85,5454996.09,1795923.79,-3.19,0.0,47486.77520947803,4808.434111244202,0.0,40881.30677562756,856.9032411376027,251064.23542714407,5833.568957373432,2023-03-23,54.7,SWARM_ACTIVE,NORMAL,NORMAL,Clear,NORMAL,Clear,NORMAL,Clear,NORMAL,Clear,NORMAL,Clear,NORMAL,Clear,
11403233.66,5990606.75,5412626.91,1749772.73,-3.19,0.0,49156.28514095139,4820.956338745314,0.0,40813.78442108718,856.9032411376027,251064.23542714407,5833.568957373432,2023-03-24,50.4,SWARM_ACTIVE,NORMAL,NORMAL,Clear,NORMAL,Clear,NORMAL,Clear,NORMAL,Clear,NORMAL,Clear,NORMAL,Clear,
11407568.38,5999196.35,5408372.02,1738603.15,-3.19,0.0,50168.47192818517,4865.881144292506,0.0,40004.66156955044,856.9032411376027,251064.23542714407,5833.568957373432,2023-03-27,51.4,SWARM_ACTIVE,NORMAL,NORMAL,Clear,NORMAL,Clear,NORMAL,Clear,NORMAL,Clear,NORMAL,Clear,NORMAL,Clear,
11419786.08,6007669.13,5412116.95,1729657.41,-3.19,0.0,50856.76143143623,4901.642481360873,0.0,39460.297013360294,856.9032411376027,251064.23542714407,5833.568957373432,2023-03-28,51.3,SWARM_ACTIVE,NORMAL,NORMAL,Clear,NORMAL,Clear,NORMAL,Clear,NORMAL,Clear,NORMAL,Clear,NORMAL,Clear,
11525479.78,6083965.15,5441514.62,1748867.61,-3.19,0.0,50830.40612046681,4865.257766510529,0.0,39264.35148730959,856.9032411376027,251064.23542714407,5833.568957373432,2023-03-29,51.1,SWARM_ACTIVE,NORMAL,NORMAL,Clear,NORMAL,Clear,NORMAL,Clear,NORMAL,Clear,NORMAL,Clear,NORMAL,Clear,
11630571.92,6124830.39,5505741.53,1730404.63,-3.19,0.0,51004.384299062796,4877.603586226495,0.0,39526.700024246624,856.9032411376027,251064.23542714407,5833.568957373432,2023-03-30,50.1,SWARM_ACTIVE,NORMAL,NORMAL,Clear,NORMAL,Clear,NORMAL,Clear,NORMAL,Clear,NORMAL,Clear,NORMAL,Clear,
11752742.8,6180367.32,5572375.48,1726039.98,-3.19,0.0,51075.652895387444,4860.420287494032,0.0,39732.92997461922,856.9032411376027,251064.23542714407,5833.568957373432,2023-03-31,50.2,SWARM_ACTIVE,NORMAL,NORMAL,Clear,NORMAL,Clear,NORMAL,Clear,NORMAL,Clear,NORMAL,Clear,NORMAL,Clear,
11726617.28,6254224.72,5472392.55,1801509.31,-3.19,0.0,50899.565540389674,4868.166945294784,0.0,37883.91529465472,856.9032411376027,251064.23542714407,5833.568957373432,2023-04-03,50.1,SWARM_ACTIVE,NORMAL,NORMAL,Clear,NORMAL,Clear,NORMAL,Clear,NORMAL,Clear,NORMAL,Clear,NORMAL,Clear,
11699666.12,6195784.79,5503881.33,1753333.25,-3.19,0.0,51680.650686145054,4891.599347604106,0.0,38382.532562623266,856.9032411376027,251064.23542714407,5833.568957373432,2023-04-04,50.2,SWARM_ACTIVE,NORMAL,NORMAL,Clear,NORMAL,Clear,NORMAL,Clear,NORMAL,Clear,NORMAL,Clear,NORMAL,Clear,
11677346.68,6173465.35,5503881.33,1747306.99,-3.19,0.0,52631.46678817335,4923.9564984625395,0.0,37630.142750480525,856.9032411376027,251064.23542714407,5833.568957373432,2023-04-05,50.9,SWARM_ACTIVE,NORMAL,NORMAL,Clear,NORMAL,Clear,NORMAL,Clear,NORMAL,Clear,NORMAL,Clear,NORMAL,Clear,
11843886.91,6169422.13,5674464.78,1674404.16,-3.19,0.0,53514.659654796764,4967.714965251003,0.0,38539.67881593603,856.9032411376027,251064.23542714407,5833.568957373432,2023-04-06,50.7,SWARM_ACTIVE,NORMAL,NORMAL,Clear,NORMAL,Clear,NORMAL,Clear,NORMAL,Clear,NORMAL,Clear,NORMAL,Clear,
11790068.94,6169349.3,5620719.64,1680112.62,-3.19,0.0,53682.13354362314,4966.24918762249,0.0,38287.310151992446,856.9032411376027,251064.23542714407,5833.568957373432,2023-04-07,49.5,SWARM_ACTIVE,NORMAL,NORMAL,Clear,NORMAL,Clear,NORMAL,Clear,NORMAL,Clear,NORMAL,Clear,NORMAL,Clear,
11871358.97,6209409.97,5661949.01,1673738.75,-3.19,0.0,53452.325644552664,5014.75304527214,0.0,38223.73137242215,856.9032411376027,251064.23542714407,5833.568957373432,2023-04-10,49.5,SWARM_ACTIVE,NORMAL,NORMAL,Clear,NORMAL,Clear,NORMAL,Clear,NORMAL,Clear,NORMAL,Clear,NORMAL,Clear,
11933184.52,6191556.18,5741628.33,1616493.03,-3.19,0.0,54594.94094355418,5095.272195514083,0.0,38252.91827222113,856.9032411376027,251064.23542714407,5833.568957373432,2023-04-11,48.9,SWARM_ACTIVE,NORMAL,NORMAL,Clear,NORMAL,Clear,NORMAL,Clear,NORMAL,Clear,NORMAL,Clear,NORMAL,Clear,
11847743.77,6141794.29,5705949.47,1591627.41,-3.19,0.0,55692.486962241266,5118.206007098778,0.0,37966.80536799087,856.9032411376027,251064.23542714407,5833.568957373432,2023-04-12,49.7,SWARM_ACTIVE,NORMAL,NORMAL,Clear,NORMAL,Clear,NORMAL,Clear,NORMAL,Clear,NORMAL,Clear,NORMAL,Clear,
11861749.9,6180191.24,5681558.66,1605818.57,-3.19,0.0,55921.68618113275,5027.060406927978,0.0,38176.2963420389,856.9032411376027,251064.23542714407,5833.568957373432,2023-04-13,49.4,SWARM_ACTIVE,NORMAL,NORMAL,Clear,NORMAL,Clear,NORMAL,Clear,NORMAL,Clear,NORMAL,Clear,NORMAL,Clear,
12025542.5,6196451.81,5829090.69,1533936.65,-3.19,0.0,56808.71411101271,5105.589424872419,0.0,38766.09656005798,856.9032411376027,251064.23542714407,5833.568957373432,2023-04-14,48.9,SWARM_ACTIVE,NORMAL,NORMAL,Clear,NORMAL,Clear,NORMAL,Clear,NORMAL,Clear,NORMAL,Clear,NORMAL,Clear,
12078264.19,6193360.9,5884903.29,1474095.82,-3.19,0.0,57254.880622589735,5152.695643154339,0.0,39604.01214420334,856.9032411376027,251064.23542714407,5833.568957373432,2023-04-17,47.5,SWARM_ACTIVE,NORMAL,NORMAL,Clear,NORMAL,Clear,NORMAL,Clear,NORMAL,Clear,NORMAL,Clear,NORMAL,Clear,
12117970.38,6237591.13,5880379.25,1474124.49,-3.19,0.0,56502.98337329984,5189.984032774717,0.0,39832.317516037176,856.9032411376027,251064.23542714407,5833.568957373432,2023-04-18,47.3,SWARM_ACTIVE,NORMAL,NORMAL,Clear,NORMAL,Clear,NORMAL,Clear,NORMAL,Clear,NORMAL,Clear,NORMAL,Clear,
12140998.6,6246234.03,5894764.57,1461125.87,-3.19,0.0,56120.12507087121,5212.046901616877,0.0,40257.367513584926,856.9032411376027,251064.23542714407,5833.568957373432,2023-04-19,47.2,SWARM_ACTIVE,NORMAL,NORMAL,Clear,NORMAL,Clear,NORMAL,Clear,NORMAL,Clear,NORMAL,Clear,NORMAL,Clear,
11938003.86,6173402.05,5764601.81,1457800.08,-3.19,0.0,56698.930048706876,5179.281083246353,0.0,40201.44771313739,856.9032411376027,251064.23542714407,5833.568957373432,2023-04-20,47.5,SWARM_ACTIVE,NORMAL,NORMAL,Clear,NORMAL,Clear,NORMAL,Clear,NORMAL,Clear,NORMAL,Clear,NORMAL,Clear,
11875065.79,6166729.48,5708336.31,1477532.79,-3.19,0.0,56327.39574181735,5139.307989109588,0.0,40272.61091536224,856.9032411376027,251064.23542714407,5833.568957373432,2023-04-21,48.3,SWARM_ACTIVE,NORMAL,NORMAL,Clear,NORMAL,Clear,NORMAL,Clear,NORMAL,Clear,NORMAL,Clear,NORMAL,Clear,
11709039.82,6182930.94,5526108.88,1546815.85,-3.19,0.0,55871.09635777955,5085.168387607285,0.0,39251.94654961021,856.9032411376027,251064.23542714407,5833.568957373432,2023-04-24,47.6,SWARM_ACTIVE,NORMAL,NORMAL,Clear,NORMAL,Clear,NORMAL,Clear,NORMAL,Clear,NORMAL,Clear,NORMAL,Clear,
11636616.11,6079304.78,5557311.33,1465895.24,-3.19,0.0,57296.47396418667,5152.387503143985,0.0,39846.319600638395,856.9032411376027,251064.23542714407,5833.568957373432,2023-04-25,47.5,SWARM_ACTIVE,NORMAL,NORMAL,Clear,NORMAL,Clear,NORMAL,Clear,NORMAL,Clear,NORMAL,Clear,NORMAL,Clear,
11673647.55,6109135.15,5564512.39,1474563.66,-3.19,0.0,56115.857196870864,5148.151838746109,0.0,40485.568558836014,856.9032411376027,251064.23542714407,5833.568957373432,2023-04-26,47.8,SWARM_ACTIVE,NORMAL,NORMAL,Clear,NORMAL,Clear,NORMAL,Clear,NORMAL,Clear,NORMAL,Clear,NORMAL,Clear,
11843111.63,6172710.11,5670401.52,1468233.9,-3.19,0.0,56374.030475662876,5087.138016086607,0.0,40968.83499517016,856.9032411376027,251064.23542714407,5833.568957373432,2023-04-27,48.2,SWARM_ACTIVE,NORMAL,NORMAL,Clear,NORMAL,Clear,NORMAL,Clear,NORMAL,Clear,NORMAL,Clear,NORMAL,Clear,
11911445.38,6237494.24,5673951.14,1508962.9,-3.19,0.0,55596.755474164915,5075.145337900587,0.0,40572.158736842786,856.9032411376027,251064.23542714407,5833.568957373432,2023-04-28,48.6,SWARM_ACTIVE,NORMAL,NORMAL,Clear,NORMAL,Clear,NORMAL,Clear,NORMAL,Clear,NORMAL,Clear,NORMAL,Clear,
11956273.61,6282322.47,5673951.14,1546077.42,-3.19,0.0,53424.7547958285,5094.636495686524,0.0,41076.07306503014,856.9032411376027,251064.23542714407,5833.568957373432,2023-05-01,49.1,SWARM_ACTIVE,NORMAL,NORMAL,Clear,NORMAL,Clear,NORMAL,Clear,NORMAL,Clear,NORMAL,Clear,NORMAL,Clear,
11836115.1,6162163.96,5673951.14,1482004.6,-3.19,0.0,53836.390122824225,5088.256918572003,0.0,42556.62833233887,856.9032411376027,251064.23542714407,5833.568957373432,2023-05-02,49.1,SWARM_ACTIVE,NORMAL,NORMAL,Clear,NORMAL,Clear,NORMAL,Clear,NORMAL,Clear,NORMAL,Clear,NORMAL,Clear,
11774112.84,6100161.7,5673951.14,1449763.84,-3.19,0.0,54150.585920638514,5092.181275396298,0.0,43173.91618901387,856.9032411376027,251064.23542714407,5833.568957373432,2023-05-03,49.1,SWARM_ACTIVE,NORMAL,NORMAL,Clear,NORMAL,Clear,NORMAL,Clear,NORMAL,Clear,NORMAL,Clear,NORMAL,Clear,
11724016.54,6064192.12,5659824.42,1432973.23,-3.19,0.0,54321.233987895626,5087.841890916974,0.0,43550.37122435481,856.9032411376027,251064.23542714407,5833.568957373432,2023-05-04,49.1,SWARM_ACTIVE,NORMAL,NORMAL,Clear,NORMAL,Clear,NORMAL,Clear,NORMAL,Clear,NORMAL,Clear,NORMAL,Clear,
11786068.75,6200631.34,5585437.41,1551797.47,-3.19,0.0,52377.02797683623,5000.9244070195955,0.0,42577.692308118894,856.9032411376027,251064.23542714407,5833.568957373432,2023-05-05,49.5,SWARM_ACTIVE,NORMAL,NORMAL,Clear,NORMAL,Clear,NORMAL,Clear,NORMAL,Clear,NORMAL,Clear,NORMAL,Clear,
11831636.2,6229097.35,5602538.85,1563322.41,-3.19,0.0,51626.40387005253,5005.903666361207,0.0,42815.82961275602,856.9032411376027,251064.23542714407,5833.568957373432,2023-05-08,49.1,SWARM_ACTIVE,NORMAL,NORMAL,Clear,NORMAL,Clear,NORMAL,Clear,NORMAL,Clear,NORMAL,Clear,NORMAL,Clear,
11668935.18,6189636.65,5479298.53,1582816.87,-3.19,0.0,51792.952861562226,4976.100911327971,0.0,42410.531681336564,856.9032411376027,251064.23542714407,5833.568957373432,2023-05-09,48.7,SWARM_ACTIVE,NORMAL,NORMAL,Clear,NORMAL,Clear,NORMAL,Clear,NORMAL,Clear,NORMAL,Clear,NORMAL,Clear,
11683883.67,6205376.18,5478507.49,1594556.87,-3.19,0.0,51276.61146006497,4926.855018880266,0.0,42931.40970523195,856.9032411376027,251064.23542714407,5833.568957373432,2023-05-10,49.3,SWARM_ACTIVE,NORMAL,NORMAL,Clear,NORMAL,Clear,NORMAL,Clear,NORMAL,Clear,NORMAL,Clear,NORMAL,Clear,
11597623.05,6176120.21,5421502.83,1596396.93,-3.19,0.0,51367.856710694876,4883.816422669675,0.0,43192.43480677186,856.9032411376027,251064.23542714407,5833.568957373432,2023-05-11,49.1,SWARM_ACTIVE,NORMAL,NORMAL,Clear,NORMAL,Clear,NORMAL,Clear,NORMAL,Clear,NORMAL,Clear,NORMAL,Clear,
11395138.13,6160623.1,5234515.03,1657977.35,-3.19,0.0,50902.844942227006,4823.192056975111,0.0,42380.786101984355,856.9032411376027,251064.23542714407,5833.568957373432,2023-05-12,49.2,SWARM_ACTIVE,NORMAL,NORMAL,Clear,NORMAL,Clear,NORMAL,Clear,NORMAL,Clear,NORMAL,Clear,NORMAL,Clear,
11482443.15,6207827.92,5274615.23,1682949.53,-3.19,0.0,50111.50361838177,4820.0555031456615,0.0,42350.35724619153,856.9032411376027,251064.23542714407,5833.568957373432,2023-05-15,49.9,SWARM_ACTIVE,NORMAL,NORMAL,Clear,NORMAL,Clear,NORMAL,Clear,NORMAL,Clear,NORMAL,Clear,NORMAL,Clear,
11486586.59,6185075.71,5301510.89,1664107.96,-3.19,0.0,49648.747712567616,4809.425029886053,0.0,43366.905068824344,856.9032411376027,251064.23542714407,5833.568957373432,2023-05-16,49.7,SWARM_ACTIVE,NORMAL,NORMAL,Clear,NORMAL,Clear,NORMAL,Clear,NORMAL,Clear,NORMAL,Clear,NORMAL,Clear,
11527155.15,6280926.7,5246228.45,1749560.17,-3.19,0.0,48213.15137260127,4763.515134385694,0.0,42604.73449232475,856.9032411376027,251064.23542714407,5833.568957373432,2023-05-17,49.7,SWARM_ACTIVE,NORMAL,NORMAL,Clear,NORMAL,Clear,NORMAL,Clear,NORMAL,Clear,NORMAL,Clear,NORMAL,Clear,
11613025.38,6393006.2,5220019.19,1829271.43,-3.19,0.0,46293.18631572577,4711.403894910351,0.0,42556.777922096226,856.9032411376027,251064.23542714407,5833.568957373432,2023-05-18,49.5,SWARM_ACTIVE,NORMAL,NORMAL,Clear,NORMAL,Clear,NORMAL,Clear,NORMAL,Clear,NORMAL,Clear,NORMAL,Clear,
11545841.79,6382103.58,5163738.2,1860444.76,-3.19,0.0,46251.11556022519,4686.192403928534,0.0,41964.109202756066,856.9032411376027,251064.23542714407,5833.568957373432,2023-05-19,50.1,SWARM_ACTIVE,NORMAL,NORMAL,Clear,NORMAL,Clear,NORMAL,Clear,NORMAL,Clear,NORMAL,Clear,NORMAL,Clear,
11580742.31,6376894.66,5203847.64,1846241.46,-3.19,0.0,46270.80505118972,4680.143344397413,0.0,42394.52884394385,856.9032411376027,251064.23542714407,5833.568957373432,2023-05-22,50.0,SWARM_ACTIVE,NORMAL,NORMAL,Clear,NORMAL,Clear,NORMAL,Clear,NORMAL,Clear,NORMAL,Clear,NORMAL,Clear,
11456929.49,6351055.45,5105874.04,1870089.2,-3.19,0.0,46337.45247811396,4685.681592811799,0.0,41636.37224119109,856.9032411376027,251064.23542714407,5833.568957373432,2023-05-23,49.9,SWARM_ACTIVE,NORMAL,NORMAL,Clear,NORMAL,Clear,NORMAL,Clear,NORMAL,Clear,NORMAL,Clear,NORMAL,Clear,
11441910.65,6342847.69,5099062.95,1871549.32,-3.19,0.0,46411.8642142461,4698.506110885521,0.0,41420.59186109338,856.9032411376027,251064.23542714407,5833.568957373432,2023-05-24,49.9,SWARM_ACTIVE,NORMAL,NORMAL,Clear,NORMAL,Clear,NORMAL,Clear,NORMAL,Clear,NORMAL,Clear,NORMAL,Clear,
11743023.89,6698211.56,5044812.34,2130604.82,-3.19,0.0,36866.36686770298,4772.560038944996,0.0,43580.62927279921,856.9032411376027,251064.23542714407,5833.568957373432,2023-05-25,49.7,SWARM_ACTIVE,NORMAL,NORMAL,Clear,NORMAL,Clear,NORMAL,Clear,NORMAL,Clear,NORMAL,Clear,NORMAL,Clear,
11848116.07,6767918.26,5080197.81,2292343.18,-3.19,0.0,34122.658452077165,4621.516801292601,0.0,43487.14616201313,856.9032411376027,251064.23542714407,5833.568957373432,2023-05-26,56.5,SWARM_ACTIVE,NORMAL,NORMAL,Clear,NORMAL,Clear,NORMAL,Clear,NORMAL,Clear,NORMAL,Clear,NORMAL,Clear,
11830471.07,6767756.36,5062714.71,2424129.04,-3.19,0.0,32349.42252785854,4527.798784252556,0.0,42630.70385401777,856.9032411376027,251064.23542714407,5833.568957373432,2023-05-29,59.3,SWARM_ACTIVE,NORMAL,NORMAL,Clear,NORMAL,Clear,NORMAL,Clear,NORMAL,Clear,NORMAL,Clear,NORMAL,Clear,
11865835.9,6796557.63,5069278.27,2516032.43,-3.19,0.0,30436.868774503804,4467.175632744362,0.0,42785.7665273315,856.9032411376027,251064.23542714407,5833.568957373432,2023-05-30,59.3,SWARM_ACTIVE,NORMAL,NORMAL,Clear,NORMAL,Clear,NORMAL,Clear,NORMAL,Clear,NORMAL,Clear,NORMAL,Clear,
11704549.26,6691706.91,5012842.35,2520814.08,-3.19,0.0,30558.024825991564,4411.519790108965,0.0,43062.071992610865,856.9032411376027,251064.23542714407,5833.568957373432,2023-05-31,59.4,SWARM_ACTIVE,NORMAL,NORMAL,Clear,NORMAL,Clear,NORMAL,Clear,NORMAL,Clear,NORMAL,Clear,NORMAL,Clear,
11899788.48,6786904.56,5112883.92,2612522.14,-3.19,0.0,28881.904664708356,4366.307798881976,0.0,42792.56115873362,856.9032411376027,251064.23542714407,5833.568957373432,2023-06-01,62.3,SWARM_ACTIVE,NORMAL,NORMAL,Clear,NORMAL,Clear,NORMAL,Clear,NORMAL,Clear,NORMAL,Clear,NORMAL,Clear,
12129452.5,6831464.62,5297987.88,2587411.53,-3.19,0.0,29183.062005838987,4426.238185045581,0.0,42582.14208926974,856.9032411376027,251064.23542714407,5833.568957373432,2023-06-02,59.6,SWARM_ACTIVE,NORMAL,NORMAL,Clear,NORMAL,Clear,NORMAL,Clear,NORMAL,Clear,NORMAL,Clear,NORMAL,Clear,
11990273.77,6817662.93,5172610.84,2658283.97,-3.19,0.0,28391.965818985787,4348.297831600097,0.0,42229.70294938279,856.9032411376027,251064.23542714407,5833.568957373432,2023-06-05,61.8,SWARM_ACTIVE,NORMAL,NORMAL,Clear,NORMAL,Clear,NORMAL,Clear,NORMAL,Clear,NORMAL,Clear,NORMAL,Clear,
12012259.93,6815004.99,5197254.94,2669846.8,-3.19,0.0,28383.004259216475,4344.8455241356605,0.0,41955.24228897016,856.9032411376027,251064.23542714407,5833.568957373432,2023-06-06,61.7,SWARM_ACTIVE,NORMAL,NORMAL,Clear,NORMAL,Clear,NORMAL,Clear,NORMAL,Clear,NORMAL,Clear,NORMAL,Clear,
11917355.34,6796532.54,5120822.8,2706982.0,-3.19,0.0,28660.50957879857,4367.373689221915,0.0,40479.2175096696,856.9032411376027,251064.23542714407,5833.568957373432,2023-06-07,62.1,SWARM_ACTIVE,NORMAL,NORMAL,Clear,NORMAL,Clear,NORMAL,Clear,NORMAL,Clear,NORMAL,Clear,NORMAL,Clear,
12004601.69,6838239.08,5166362.6,2735228.86,-3.19,0.0,28062.711607886406,4329.304900147915,0.0,40691.9250176867,856.9032411376027,251064.23542714407,5833.568957373432,2023-06-08,62.4,SWARM_ACTIVE,NORMAL,NORMAL,Clear,NORMAL,Clear,NORMAL,Clear,NORMAL,Clear,NORMAL,Clear,NORMAL,Clear,
12074864.47,6842878.01,5231986.46,2709167.85,-3.19,0.0,28059.542788326304,4352.513500618474,0.0,41178.51912062811,856.9032411376027,251064.23542714407,5833.568957373432,2023-06-09,60.9,SWARM_ACTIVE,NORMAL,NORMAL,Clear,NORMAL,Clear,NORMAL,Clear,NORMAL,Clear,NORMAL,Clear,NORMAL,Clear,
12090789.53,6873804.7,5216984.82,2735374.02,-3.19,0.0,27662.4727837803,4286.215509775301,0.0,41529.940378638734,856.9032411376027,251064.23542714407,5833.568957373432,2023-06-12,61.5,SWARM_ACTIVE,NORMAL,NORMAL,Clear,NORMAL,Clear,NORMAL,Clear,NORMAL,Clear,NORMAL,Clear,NORMAL,Clear,
12172691.82,6935205.77,5237486.05,2761499.04,-3.19,0.0,27075.783232086313,4278.159846391492,0.0,41550.944698778105,856.9032411376027,251064.23542714407,5833.568957373432,2023-06-13,61.0,SWARM_ACTIVE,NORMAL,NORMAL,Clear,NORMAL,Clear,NORMAL,Clear,NORMAL,Clear,NORMAL,Clear,NORMAL,Clear,
12310893.12,6983984.39,5326908.73,2750179.89,-3.19,0.0,26391.66116589049,4295.065387921241,0.0,42496.157202128474,856.9032411376027,251064.23542714407,5833.568957373432,2023-06-14,60.4,SWARM_ACTIVE,NORMAL,NORMAL,Clear,NORMAL,Clear,NORMAL,Clear,NORMAL,Clear,NORMAL,Clear,NORMAL,Clear,
12484639.58,7010334.54,5474305.03,2698828.68,-3.19,0.0,26754.411880788877,4333.857760720905,0.0,43083.462934691364,856.9032411376027,251064.23542714407,5833.568957373432,2023-06-15,60.2,SWARM_ACTIVE,NORMAL,NORMAL,Clear,NORMAL,Clear,NORMAL,Clear,NORMAL,Clear,NORMAL,Clear,NORMAL,Clear,
12562931.68,6999031.22,5563900.46,2677683.69,-3.19,0.0,26696.087460309074,4371.633659877709,0.0,43352.6025963588,856.9032411376027,251064.23542714407,5833.568957373432,2023-06-16,62.1,SWARM_ACTIVE,NORMAL,NORMAL,Clear,NORMAL,Clear,NORMAL,Clear,NORMAL,Clear,NORMAL,Clear,NORMAL,Clear,
12450570.89,6999005.13,5451565.77,2714802.93,-3.19,0.0,26391.490535363948,4332.914822331596,0.0,43077.675281587246,856.9032411376027,251064.23542714407,5833.568957373432,2023-06-19,61.9,SWARM_ACTIVE,NORMAL,NORMAL,Clear,NORMAL,Clear,NORMAL,Clear,NORMAL,Clear,NORMAL,Clear,NORMAL,Clear,
12430370.56,6990569.79,5439800.77,2711580.65,-3.19,0.0,25804.83404973751,4330.51829140436,0.0,43901.20116250688,856.9032411376027,251064.23542714407,5833.568957373432,2023-06-20,61.9,SWARM_ACTIVE,NORMAL,NORMAL,Clear,NORMAL,Clear,NORMAL,Clear,NORMAL,Clear,NORMAL,Clear,NORMAL,Clear,
12333178.23,6962040.49,5371137.74,2708481.26,-3.19,0.0,25945.482907960686,4365.225430739905,0.0,43478.88259715574,856.9032411376027,251064.23542714407,5833.568957373432,2023-06-21,61.1,SWARM_ACTIVE,NORMAL,NORMAL,Clear,NORMAL,Clear,NORMAL,Clear,NORMAL,Clear,NORMAL,Clear,NORMAL,Clear,
12329767.53,6958629.79,5371137.74,2716261.9,-3.19,0.0,25860.029957787458,4311.429393542234,0.0,43904.236800743085,856.9032411376027,251064.23542714407,5833.568957373432,2023-06-22,62.3,SWARM_ACTIVE,NORMAL,NORMAL,Clear,NORMAL,Clear,NORMAL,Clear,NORMAL,Clear,NORMAL,Clear,NORMAL,Clear,
12281903.67,6910765.93,5371137.74,2686498.08,-3.19,0.0,26199.688201044308,4340.770948597413,0.0,44042.59019925764,856.9032411376027,251064.23542714407,5833.568957373432,2023-06-23,61.9,SWARM_ACTIVE,NORMAL,NORMAL,Clear,NORMAL,Clear,NORMAL,Clear,NORMAL,Clear,NORMAL,Clear,NORMAL,Clear,
12209392.85,6876854.83,5332538.02,2628111.92,-3.19,0.0,29226.341360052025,4318.5293991355275,0.0,42474.67936874562,856.9032411376027,251064.23542714407,5833.568957373432,2023-06-26,62.2,SWARM_ACTIVE,NORMAL,NORMAL,Clear,NORMAL,Clear,NORMAL,Clear,NORMAL,Clear,NORMAL,Clear,NORMAL,Clear,
12315444.37,6942683.6,5372760.77,2512506.16,-3.19,0.0,30995.41089639107,4360.950336404869,0.0,43197.16041111297,856.9032411376027,251064.23542714407,5833.568957373432,2023-06-27,54.0,SWARM_ACTIVE,NORMAL,NORMAL,Clear,NORMAL,Clear,NORMAL,Clear,NORMAL,Clear,NORMAL,Clear,NORMAL,Clear,
12322727.53,6938022.53,5384705.0,2409200.28,-3.19,0.0,32783.87903108987,4429.706135740978,0.0,43334.10220779315,856.9032411376027,251064.23542714407,5833.568957373432,2023-06-28,52.4,SWARM_ACTIVE,NORMAL,NORMAL,Clear,NORMAL,Clear,NORMAL,Clear,NORMAL,Clear,NORMAL,Clear,NORMAL,Clear,
12231213.1,6943426.07,5287787.03,2395745.69,-3.19,0.0,33739.200183739915,4424.10840065504,0.0,42699.30973461834,856.9032411376027,251064.23542714407,5833.568957373432,2023-06-29,53.3,SWARM_ACTIVE,NORMAL,NORMAL,Clear,NORMAL,Clear,NORMAL,Clear,NORMAL,Clear,NORMAL,Clear,NORMAL,Clear,
12357861.31,7027934.05,5329927.26,2376855.84,-3.19,0.0,33915.65394009062,4423.503112700193,0.0,43010.530452301464,856.9032411376027,251064.23542714407,5833.568957373432,2023-06-30,51.8,SWARM_ACTIVE,NORMAL,NORMAL,Clear,NORMAL,Clear,NORMAL,Clear,NORMAL,Clear,NORMAL,Clear,NORMAL,Clear,
12535788.56,7039230.82,5496557.74,2264368.97,-3.19,0.0,34860.444389378456,4510.820250349101,0.0,44091.05931210214,856.9032411376027,251064.23542714407,5833.568957373432,2023-07-03,50.4,SWARM_ACTIVE,NORMAL,NORMAL,Clear,NORMAL,Clear,NORMAL,Clear,NORMAL,Clear,NORMAL,Clear,NORMAL,Clear,
12506084.36,7039118.45,5466965.91,2248923.53,-3.19,0.0,35038.980426423295,4515.732102856118,0.0,44253.12633346846,856.9032411376027,251064.23542714407,5833.568957373432,2023-07-04,50.9,SWARM_ACTIVE,NORMAL,NORMAL,Clear,NORMAL,Clear,NORMAL,Clear,NORMAL,Clear,NORMAL,Clear,NORMAL,Clear,
12471870.25,7026528.03,5445342.22,2235182.14,-3.19,0.0,35178.410321387644,4513.182264727213,0.0,44488.25962084067,856.9032411376027,251064.23542714407,5833.568957373432,2023-07-05,50.9,SWARM_ACTIVE,NORMAL,NORMAL,Clear,NORMAL,Clear,NORMAL,Clear,NORMAL,Clear,NORMAL,Clear,NORMAL,Clear,
12344377.92,6969168.35,5375209.57,2217626.79,-3.19,0.0,35167.158634402156,4506.457265923996,0.0,45049.527400581064,856.9032411376027,251064.23542714407,5833.568957373432,2023-07-06,50.9,SWARM_ACTIVE,NORMAL,NORMAL,Clear,NORMAL,Clear,NORMAL,Clear,NORMAL,Clear,NORMAL,Clear,NORMAL,Clear,
12349251.9,7013049.73,5336202.17,2250394.96,-3.19,0.0,35067.02980459471,4522.212077892718,0.0,44128.99086785882,856.9032411376027,251064.23542714407,5833.568957373432,2023-07-07,50.8,SWARM_ACTIVE,NORMAL,NORMAL,Clear,NORMAL,Clear,NORMAL,Clear,NORMAL,Clear,NORMAL,Clear,NORMAL,Clear,
12393641.42,7015022.88,5378618.54,2219684.1,-3.19,0.0,35639.20899652057,4552.976769621107,0.0,44007.637276735404,856.9032411376027,251064.23542714407,5833.568957373432,2023-07-10,50.1,SWARM_ACTIVE,NORMAL,NORMAL,Clear,NORMAL,Clear,NORMAL,Clear,NORMAL,Clear,NORMAL,Clear,NORMAL,Clear,
12526842.38,7067386.2,5459456.18,2211417.41,-3.19,0.0,35965.17375211903,4588.840631720552,0.0,43522.19963869538,856.9032411376027,251064.23542714407,5833.568957373432,2023-07-11,50.2,SWARM_ACTIVE,NORMAL,NORMAL,Clear,NORMAL,Clear,NORMAL,Clear,NORMAL,Clear,NORMAL,Clear,NORMAL,Clear,
12634843.79,7157594.04,5477249.74,2247329.04,-3.19,0.0,35233.93992750916,4587.357913301383,0.0,43436.24674663011,856.9032411376027,251064.23542714407,5833.568957373432,2023-07-12,49.9,SWARM_ACTIVE,NORMAL,NORMAL,Clear,NORMAL,Clear,NORMAL,Clear,NORMAL,Clear,NORMAL,Clear,NORMAL,Clear,
12903033.73,7252822.97,5650210.75,2228838.37,-3.19,0.0,34536.808230986266,4616.852494454608,0.0,44459.56824811505,856.9032411376027,251064.23542714407,5833.568957373432,2023-07-13,49.5,SWARM_ACTIVE,NORMAL,NORMAL,Clear,NORMAL,Clear,NORMAL,Clear,NORMAL,Clear,NORMAL,Clear,NORMAL,Clear,
12856209.52,7189601.96,5666607.56,2183497.21,-3.19,0.0,34782.621690849,4613.456820248696,0.0,45403.27134556307,856.9032411376027,251064.23542714407,5833.568957373432,2023-07-14,49.4,SWARM_ACTIVE,NORMAL,NORMAL,Clear,NORMAL,Clear,NORMAL,Clear,NORMAL,Clear,NORMAL,Clear,NORMAL,Clear,
12813031.0,7236776.64,5576254.36,2267898.68,-3.19,0.0,33838.29150171224,4536.87284380217,0.0,45088.64965285452,856.9032411376027,251064.23542714407,5833.568957373432,2023-07-17,50.1,SWARM_ACTIVE,NORMAL,NORMAL,Clear,NORMAL,Clear,NORMAL,Clear,NORMAL,Clear,NORMAL,Clear,NORMAL,Clear,
12886822.64,7302636.07,5584186.57,2314255.39,-3.19,0.0,33240.631709724315,4517.820405016198,0.0,44803.04099919925,856.9032411376027,251064.23542714407,5833.568957373432,2023-07-18,49.5,SWARM_ACTIVE,NORMAL,NORMAL,Clear,NORMAL,Clear,NORMAL,Clear,NORMAL,Clear,NORMAL,Clear,NORMAL,Clear,
12895014.34,7298239.97,5596774.38,2319118.2,-3.19,0.0,33379.54380354788,4511.571539148634,0.0,44565.28878616578,856.9032411376027,251064.23542714407,5833.568957373432,2023-07-19,49.7,SWARM_ACTIVE,NORMAL,NORMAL,Clear,NORMAL,Clear,NORMAL,Clear,NORMAL,Clear,NORMAL,Clear,NORMAL,Clear,
12837625.64,7226680.29,5610945.34,2292247.22,-3.19,0.0,34084.35601213771,4574.0621945720195,0.0,43825.41589323366,856.9032411376027,251064.23542714407,5833.568957373432,2023-07-20,50.4,SWARM_ACTIVE,NORMAL,NORMAL,Clear,NORMAL,Clear,NORMAL,Clear,NORMAL,Clear,NORMAL,Clear,NORMAL,Clear,
12827181.34,7195191.5,5631989.84,2286454.9,-3.19,0.0,34723.11149776957,4566.731634231433,0.0,43314.60415620763,856.9032411376027,251064.23542714407,5833.568957373432,2023-07-21,51.1,SWARM_ACTIVE,NORMAL,NORMAL,Clear,NORMAL,Clear,NORMAL,Clear,NORMAL,Clear,NORMAL,Clear,NORMAL,Clear,
12828883.46,7235477.9,5593405.57,2333483.92,-3.19,0.0,34468.84510834557,4551.38770028851,0.0,42552.63924446355,856.9032411376027,251064.23542714407,5833.568957373432,2023-07-24,51.0,SWARM_ACTIVE,NORMAL,NORMAL,Clear,NORMAL,Clear,NORMAL,Clear,NORMAL,Clear,NORMAL,Clear,NORMAL,Clear,
13094365.13,7292433.18,5801931.94,2270794.84,-3.19,0.0,34705.6714216896,4624.681506122479,0.0,43169.69492321773,856.9032411376027,251064.23542714407,5833.568957373432,2023-07-25,50.2,SWARM_ACTIVE,NORMAL,NORMAL,Clear,NORMAL,Clear,NORMAL,Clear,NORMAL,Clear,NORMAL,Clear,NORMAL,Clear,
13114227.56,7279353.12,5834874.44,2222803.75,-3.19,0.0,35183.883721029924,4678.155331043685,0.0,43329.42324899045,856.9032411376027,251064.23542714407,5833.568957373432,2023-07-26,49.3,SWARM_ACTIVE,NORMAL,NORMAL,Clear,NORMAL,Clear,NORMAL,Clear,NORMAL,Clear,NORMAL,Clear,NORMAL,Clear,
13078411.91,7279935.09,5798476.82,2222552.08,-3.19,0.0,35003.542375228186,4688.080446187407,0.0,43451.82837097727,856.9032411376027,251064.23542714407,5833.568957373432,2023-07-27,49.5,SWARM_ACTIVE,NORMAL,NORMAL,Clear,NORMAL,Clear,NORMAL,Clear,NORMAL,Clear,NORMAL,Clear,NORMAL,Clear,
13186853.54,7346535.36,5840318.18,2229128.59,-3.19,0.0,34890.30314203572,4656.582402030633,0.0,43719.61000747237,856.9032411376027,251064.23542714407,5833.568957373432,2023-07-28,49.0,SWARM_ACTIVE,NORMAL,NORMAL,Clear,NORMAL,Clear,NORMAL,Clear,NORMAL,Clear,NORMAL,Clear,NORMAL,Clear,
13302348.17,7379505.81,5922842.37,2193173.16,-3.19,0.0,35444.38874432363,4712.828927550235,0.0,43440.657003283406,856.9032411376027,251064.23542714407,5833.568957373432,2023-07-31,48.8,SWARM_ACTIVE,NORMAL,NORMAL,Clear,NORMAL,Clear,NORMAL,Clear,NORMAL,Clear,NORMAL,Clear,NORMAL,Clear,
13285884.07,7359251.69,5926632.37,2165133.5,-3.19,0.0,35741.7803418888,4734.042851834966,0.0,43595.07643158706,856.9032411376027,251064.23542714407,5833.568957373432,2023-08-01,48.8,SWARM_ACTIVE,NORMAL,NORMAL,Clear,NORMAL,Clear,NORMAL,Clear,NORMAL,Clear,NORMAL,Clear,NORMAL,Clear,
13096668.01,7217231.77,5879436.24,2098632.4,-3.19,0.0,36925.22019351441,4769.3218160410925,0.0,43622.14380255945,856.9032411376027,251064.23542714407,5833.568957373432,2023-08-02,48.9,SWARM_ACTIVE,NORMAL,NORMAL,Clear,NORMAL,Clear,NORMAL,Clear,NORMAL,Clear,NORMAL,Clear,NORMAL,Clear,
13104915.76,7240898.19,5864017.57,2131342.39,-3.19,0.0,36619.51819902037,4761.244570504275,0.0,43217.56658027129,856.9032411376027,251064.23542714407,5833.568957373432,2023-08-03,50.0,SWARM_ACTIVE,NORMAL,NORMAL,Clear,NORMAL,Clear,NORMAL,Clear,NORMAL,Clear,NORMAL,Clear,NORMAL,Clear,
13178599.59,7241082.41,5937517.17,2100083.92,-3.19,0.0,36686.84857605005,4803.016433158172,0.0,43540.1570203409,856.9032411376027,251064.23542714407,5833.568957373432,2023-08-04,49.4,SWARM_ACTIVE,NORMAL,NORMAL,Clear,NORMAL,Clear,NORMAL,Clear,NORMAL,Clear,NORMAL,Clear,NORMAL,Clear,
13223555.99,7284979.89,5938576.1,2119817.61,-3.19,0.0,36275.63388031021,4777.461801197866,0.0,43748.24882455673,856.9032411376027,251064.23542714407,5833.568957373432,2023-08-07,49.3,SWARM_ACTIVE,NORMAL,NORMAL,Clear,NORMAL,Clear,NORMAL,Clear,NORMAL,Clear,NORMAL,Clear,NORMAL,Clear,
13238337.37,7251296.0,5987041.37,2073492.75,-3.19,0.0,36911.69026527834,4821.397349180871,0.0,43792.67601985943,856.9032411376027,251064.23542714407,5833.568957373432,2023-08-08,49.2,SWARM_ACTIVE,NORMAL,NORMAL,Clear,NORMAL,Clear,NORMAL,Clear,NORMAL,Clear,NORMAL,Clear,NORMAL,Clear,
13124230.25,7176176.02,5948054.22,2041243.92,-3.19,0.0,38353.31363033154,4835.607030097104,0.0,42951.32862385664,856.9032411376027,251064.23542714407,5833.568957373432,2023-08-09,49.5,SWARM_ACTIVE,NORMAL,NORMAL,Clear,NORMAL,Clear,NORMAL,Clear,NORMAL,Clear,NORMAL,Clear,NORMAL,Clear,
13072372.86,7172755.31,5899617.55,2050488.36,-3.19,0.0,38584.686831710846,4811.762179175222,0.0,42695.86057968952,856.9032411376027,251064.23542714407,5833.568957373432,2023-08-10,49.6,SWARM_ACTIVE,NORMAL,NORMAL,Clear,NORMAL,Clear,NORMAL,Clear,NORMAL,Clear,NORMAL,Clear,NORMAL,Clear,
12913604.77,7129216.1,5784388.67,2037020.2,-3.19,0.0,39805.57032553373,4802.376760823207,0.0,41896.853937869426,856.9032411376027,251064.23542714407,5833.568957373432,2023-08-11,48.5,SWARM_ACTIVE,NORMAL,NORMAL,Clear,NORMAL,Clear,NORMAL,Clear,NORMAL,Clear,NORMAL,Clear,NORMAL,Clear,
12925641.28,7256516.1,5669125.18,2142859.19,-3.19,0.0,37163.628748617535,4783.754929227145,0.0,42292.91140795196,856.9032411376027,251064.23542714407,5833.568957373432,2023-08-14,48.5,SWARM_ACTIVE,NORMAL,NORMAL,Clear,NORMAL,Clear,NORMAL,Clear,NORMAL,Clear,NORMAL,Clear,NORMAL,Clear,
12876713.58,7208579.85,5668133.73,2126427.66,-3.19,0.0,36747.48424198297,4816.575917555852,0.0,42857.851212107686,856.9032411376027,251064.23542714407,5833.568957373432,2023-08-15,49.4,SWARM_ACTIVE,NORMAL,NORMAL,Clear,NORMAL,Clear,NORMAL,Clear,NORMAL,Clear,NORMAL,Clear,NORMAL,Clear,
12808080.0,7158446.53,5649633.47,2117190.26,-3.19,0.0,36792.09704571277,4835.908380786277,0.0,42867.4672341489,856.9032411376027,251064.23542714407,5833.568957373432,2023-08-16,49.5,SWARM_ACTIVE,NORMAL,NORMAL,Clear,NORMAL,Clear,NORMAL,Clear,NORMAL,Clear,NORMAL,Clear,NORMAL,Clear,
12849543.9,7154879.05,5694664.85,2104123.63,-3.19,0.0,36974.87836815311,4896.120577781823,0.0,42468.23374375663,856.9032411376027,251064.23542714407,5833.568957373432,2023-08-17,49.6,SWARM_ACTIVE,NORMAL,NORMAL,Clear,NORMAL,Clear,NORMAL,Clear,NORMAL,Clear,NORMAL,Clear,NORMAL,Clear,
12795604.04,7168012.77,5627591.27,2138160.38,-3.19,0.0,36912.81582768792,4878.013905571907,0.0,41856.94992888199,856.9032411376027,251064.23542714407,5833.568957373432,2023-08-18,49.3,SWARM_ACTIVE,NORMAL,NORMAL,Clear,NORMAL,Clear,NORMAL,Clear,NORMAL,Clear,NORMAL,Clear,NORMAL,Clear,
12898543.72,7320212.09,5578331.63,2248642.23,-3.19,0.0,34153.48441443071,4854.538850945686,0.0,42528.095006228614,856.9032411376027,251064.23542714407,5833.568957373432,2023-08-21,49.0,SWARM_ACTIVE,NORMAL,NORMAL,Clear,NORMAL,Clear,NORMAL,Clear,NORMAL,Clear,NORMAL,Clear,NORMAL,Clear,
12926934.38,7259910.77,5667023.6,2205084.18,-3.19,0.0,34746.09069797079,4866.26379474169,0.0,42832.48689084775,856.9032411376027,251064.23542714407,5833.568957373432,2023-08-22,50.1,SWARM_ACTIVE,NORMAL,NORMAL,Clear,NORMAL,Clear,NORMAL,Clear,NORMAL,Clear,NORMAL,Clear,NORMAL,Clear,
12913628.86,7333274.33,5580354.53,2316902.73,-3.19,0.0,33247.76200661285,4768.097345173633,0.0,42691.01601684654,856.9032411376027,251064.23542714407,5833.568957373432,2023-08-23,51.2,SWARM_ACTIVE,NORMAL,NORMAL,Clear,NORMAL,Clear,NORMAL,Clear,NORMAL,Clear,NORMAL,Clear,NORMAL,Clear,
12984444.65,7285867.16,5698577.5,2263899.42,-3.19,0.0,33073.51662912906,4885.781628501909,0.0,43173.35763444194,856.9032411376027,251064.23542714407,5833.568957373432,2023-08-24,51.2,SWARM_ACTIVE,NORMAL,NORMAL,Clear,NORMAL,Clear,NORMAL,Clear,NORMAL,Clear,NORMAL,Clear,NORMAL,Clear,
12934534.59,7278132.39,5656402.2,2304462.37,-3.19,0.0,33356.245892742394,4813.110351469275,0.0,42489.77905396295,856.9032411376027,251064.23542714407,5833.568957373432,2023-08-25,51.8,SWARM_ACTIVE,NORMAL,NORMAL,Clear,NORMAL,Clear,NORMAL,Clear,NORMAL,Clear,NORMAL,Clear,NORMAL,Clear,
12967630.5,7329833.39,5637797.11,2370073.3,-3.19,0.0,32544.724481162404,4769.533413003325,0.0,42195.426993556175,856.9032411376027,251064.23542714407,5833.568957373432,2023-08-28,52.2,SWARM_ACTIVE,NORMAL,NORMAL,Clear,NORMAL,Clear,NORMAL,Clear,NORMAL,Clear,NORMAL,Clear,NORMAL,Clear,
13116005.6,7435450.95,5680554.65,2432545.27,-3.19,0.0,31430.900925029367,4711.112512406299,0.0,42522.238431703416,856.9032411376027,251064.23542714407,5833.568957373432,2023-08-29,52.0,SWARM_ACTIVE,NORMAL,NORMAL,Clear,NORMAL,Clear,NORMAL,Clear,NORMAL,Clear,NORMAL,Clear,NORMAL,Clear,
13236328.41,7468752.93,5767575.48,2427025.27,-3.19,0.0,31271.47567636579,4724.479404225374,0.0,42727.15421139026,856.9032411376027,251064.23542714407,5833.568957373432,2023-08-30,52.0,SWARM_ACTIVE,NORMAL,NORMAL,Clear,NORMAL,Clear,NORMAL,Clear,NORMAL,Clear,NORMAL,Clear,NORMAL,Clear,
13211621.86,7478014.98,5733606.88,2454780.57,-3.19,0.0,31009.592697315664,4697.40625494131,0.0,42610.26823678648,856.9032411376027,251064.23542714407,5833.568957373432,2023-08-31,52.1,SWARM_ACTIVE,NORMAL,NORMAL,Clear,NORMAL,Clear,NORMAL,Clear,NORMAL,Clear,NORMAL,Clear,NORMAL,Clear,
13327287.4,7485629.3,5841658.1,2436925.76,-3.19,0.0,31575.929623684104,4731.629798474748,0.0,42074.364968477385,856.9032411376027,251064.23542714407,5833.568957373432,2023-09-01,52.4,SWARM_ACTIVE,NORMAL,NORMAL,Clear,NORMAL,Clear,NORMAL,Clear,NORMAL,Clear,NORMAL,Clear,NORMAL,Clear,
13442005.51,7485566.73,5956438.79,2413795.0,-3.19,0.0,31625.786570921802,4757.121270494717,0.0,42342.626748214716,856.9032411376027,251064.23542714407,5833.568957373432,2023-09-04,52.9,SWARM_ACTIVE,NORMAL,NORMAL,Clear,NORMAL,Clear,NORMAL,Clear,NORMAL,Clear,NORMAL,Clear,NORMAL,Clear,
13432466.48,7498384.44,5934082.04,2440155.43,-3.19,0.0,31491.653817130504,4740.854074047371,0.0,42013.580948212664,856.9032411376027,251064.23542714407,5833.568957373432,2023-09-05,52.9,SWARM_ACTIVE,NORMAL,NORMAL,Clear,NORMAL,Clear,NORMAL,Clear,NORMAL,Clear,NORMAL,Clear,NORMAL,Clear,
13337899.97,7436907.09,5900992.88,2418439.08,-3.19,0.0,32151.64022694095,4750.824612084058,0.0,41702.97653584878,856.9032411376027,251064.23542714407,5833.568957373432,2023-09-06,52.6,SWARM_ACTIVE,NORMAL,NORMAL,Clear,NORMAL,Clear,NORMAL,Clear,NORMAL,Clear,NORMAL,Clear,NORMAL,Clear,
13223319.23,7396240.88,5827078.34,2423225.02,-3.19,0.0,32492.915913322577,4738.373828140538,0.0,41321.13970011643,856.9032411376027,251064.23542714407,5833.568957373432,2023-09-07,53.1,SWARM_ACTIVE,NORMAL,NORMAL,Clear,NORMAL,Clear,NORMAL,Clear,NORMAL,Clear,NORMAL,Clear,NORMAL,Clear,
13154377.64,7393651.12,5760726.52,2437494.18,-3.19,0.0,32927.32430387862,4714.3298633798095,0.0,40724.65780778462,856.9032411376027,251064.23542714407,5833.568957373432,2023-09-08,52.3,SWARM_ACTIVE,NORMAL,NORMAL,Clear,NORMAL,Clear,NORMAL,Clear,NORMAL,Clear,NORMAL,Clear,NORMAL,Clear,
13162970.51,7378331.21,5784639.3,2417212.88,-3.19,0.0,33409.59244487546,4659.109099464433,0.0,41177.798975761885,856.9032411376027,251064.23542714407,5833.568957373432,2023-09-11,52.2,SWARM_ACTIVE,NORMAL,NORMAL,Clear,NORMAL,Clear,NORMAL,Clear,NORMAL,Clear,NORMAL,Clear,NORMAL,Clear,
13113915.49,7389375.81,5724539.68,2430745.95,-3.19,0.0,34046.38404816063,4681.496846640583,0.0,40000.66454388006,856.9032411376027,251064.23542714407,5833.568957373432,2023-09-12,51.7,SWARM_ACTIVE,NORMAL,NORMAL,Clear,NORMAL,Clear,NORMAL,Clear,NORMAL,Clear,NORMAL,Clear,NORMAL,Clear,
13121008.82,7403869.79,5717139.03,2414470.41,-3.19,0.0,34074.13028305598,4679.698510551228,0.0,40369.208245404705,856.9032411376027,251064.23542714407,5833.568957373432,2023-09-13,50.3,SWARM_ACTIVE,NORMAL,NORMAL,Clear,NORMAL,Clear,NORMAL,Clear,NORMAL,Clear,NORMAL,Clear,NORMAL,Clear,
13181867.2,7441304.36,5740562.84,2407203.86,-3.19,0.0,34406.02857847038,4678.520918465828,0.0,40196.20054960454,856.9032411376027,251064.23542714407,5833.568957373432,2023-09-14,50.1,SWARM_ACTIVE,NORMAL,NORMAL,Clear,NORMAL,Clear,NORMAL,Clear,NORMAL,Clear,NORMAL,Clear,NORMAL,Clear,
13041514.41,7328720.61,5712793.8,2333648.41,-3.19,0.0,35538.15947609063,4720.571331780175,0.0,40395.701583882554,856.9032411376027,251064.23542714407,5833.568957373432,2023-09-15,50.1,SWARM_ACTIVE,NORMAL,NORMAL,Clear,NORMAL,Clear,NORMAL,Clear,NORMAL,Clear,NORMAL,Clear,NORMAL,Clear,
13107405.05,7347291.96,5760113.08,2310943.56,-3.19,0.0,35791.25038040183,4751.869468536466,0.0,40398.430658204474,856.9032411376027,251064.23542714407,5833.568957373432,2023-09-18,50.3,SWARM_ACTIVE,NORMAL,NORMAL,Clear,NORMAL,Clear,NORMAL,Clear,NORMAL,Clear,NORMAL,Clear,NORMAL,Clear,
13089754.28,7311497.03,5778257.25,2261285.97,-3.19,0.0,36731.571792758434,4748.531074430494,0.0,40632.972642605615,856.9032411376027,251064.23542714407,5833.568957373432,2023-09-19,50.2,SWARM_ACTIVE,NORMAL,NORMAL,Clear,NORMAL,Clear,NORMAL,Clear,NORMAL,Clear,NORMAL,Clear,NORMAL,Clear,
13005194.22,7223431.94,5781762.28,2171641.78,-3.19,0.0,38218.74918232128,4792.390041581565,0.0,40895.40481412001,856.9032411376027,251064.23542714407,5833.568957373432,2023-09-20,48.4,SWARM_ACTIVE,NORMAL,NORMAL,Clear,NORMAL,Clear,NORMAL,Clear,NORMAL,Clear,NORMAL,Clear,NORMAL,Clear,
12827167.02,7121562.86,5705604.16,2116498.78,-3.19,0.0,39330.65795086955,4814.1888524196365,0.0,40939.26368053271,856.9032411376027,251064.23542714407,5833.568957373432,2023-09-21,48.2,SWARM_ACTIVE,NORMAL,NORMAL,Clear,NORMAL,Clear,NORMAL,Clear,NORMAL,Clear,NORMAL,Clear,NORMAL,Clear,
12878199.67,7147901.91,5730297.76,2094833.76,-3.19,0.0,39246.88595018925,4856.203198531228,0.0,41187.51633715686,856.9032411376027,251064.23542714407,5833.568957373432,2023-09-22,47.8,SWARM_ACTIVE,NORMAL,NORMAL,Clear,NORMAL,Clear,NORMAL,Clear,NORMAL,Clear,NORMAL,Clear,NORMAL,Clear,
12868653.47,7201419.13,5667234.35,2133055.92,-3.19,0.0,38881.97021109055,4844.911288399359,0.0,40737.971885455576,856.9032411376027,251064.23542714407,5833.568957373432,2023-09-25,47.8,SWARM_ACTIVE,NORMAL,NORMAL,Clear,NORMAL,Clear,NORMAL,Clear,NORMAL,Clear,NORMAL,Clear,NORMAL,Clear,
12755107.16,7153659.23,5601447.94,2119678.18,-3.19,0.0,39082.310928115614,4877.382628087183,0.0,40584.82851768386,856.9032411376027,251064.23542714407,5833.568957373432,2023-09-26,47.5,SWARM_ACTIVE,NORMAL,NORMAL,Clear,NORMAL,Clear,NORMAL,Clear,NORMAL,Clear,NORMAL,Clear,NORMAL,Clear,
12759123.83,7221550.23,5537573.61,2164666.22,-3.19,0.0,38985.98890199166,4885.625182198422,0.0,39559.23281830891,856.9032411376027,251064.23542714407,5833.568957373432,2023-09-27,47.0,SWARM_ACTIVE,NORMAL,NORMAL,Clear,NORMAL,Clear,NORMAL,Clear,NORMAL,Clear,NORMAL,Clear,NORMAL,Clear,
12716499.83,7261844.94,5454654.89,2197522.87,-3.19,0.0,38675.08901609159,4856.567953373639,0.0,39343.32963222187,856.9032411376027,251064.23542714407,5833.568957373432,2023-09-28,46.1,SWARM_ACTIVE,NORMAL,NORMAL,Clear,NORMAL,Clear,NORMAL,Clear,NORMAL,Clear,NORMAL,Clear,NORMAL,Clear,
12699615.01,7244960.12,5454654.89,2173956.78,-3.19,0.0,38538.72090315328,4858.775239092227,0.0,40027.33115899187,856.9032411376027,251064.23542714407,5833.568957373432,2023-09-29,45.9,SWARM_ACTIVE,NORMAL,NORMAL,Clear,NORMAL,Clear,NORMAL,Clear,NORMAL,Clear,NORMAL,Clear,NORMAL,Clear,
12729905.59,7275250.7,5454654.89,2190164.23,-3.19,0.0,37544.73520763855,4841.972821014031,0.0,40859.12140663142,856.9032411376027,251064.23542714407,5833.568957373432,2023-10-02,46.4,SWARM_ACTIVE,NORMAL,NORMAL,Clear,NORMAL,Clear,NORMAL,Clear,NORMAL,Clear,NORMAL,Clear,NORMAL,Clear,
12650934.08,7196279.19,5454654.89,2145939.64,-3.19,0.0,38325.56274773068,4895.229500845772,0.0,40653.540996261785,856.9032411376027,251064.23542714407,5833.568957373432,2023-10-03,46.5,SWARM_ACTIVE,NORMAL,NORMAL,Clear,NORMAL,Clear,NORMAL,Clear,NORMAL,Clear,NORMAL,Clear,NORMAL,Clear,
12641846.32,7187191.44,5454654.89,2145980.52,-3.19,0.0,37837.42947210104,4822.706659929759,0.0,41837.41330389255,856.9032411376027,251064.23542714407,5833.568957373432,2023-10-04,46.6,SWARM_ACTIVE,NORMAL,NORMAL,Clear,NORMAL,Clear,NORMAL,Clear,NORMAL,Clear,NORMAL,Clear,NORMAL,Clear,
12650888.66,7196233.78,5454654.89,2155935.63,-3.19,0.0,37306.34712235882,4837.772607811816,0.0,42049.751903112374,856.9032411376027,251064.23542714407,5833.568957373432,2023-10-05,46.8,SWARM_ACTIVE,NORMAL,NORMAL,Clear,NORMAL,Clear,NORMAL,Clear,NORMAL,Clear,NORMAL,Clear,NORMAL,Clear,
12729524.26,7274869.37,5454654.89,2204801.54,-3.19,0.0,36633.10158813513,4787.860771133114,0.0,42045.553481243485,856.9032411376027,251064.23542714407,5833.568957373432,2023-10-06,46.7,SWARM_ACTIVE,NORMAL,NORMAL,Clear,NORMAL,Clear,NORMAL,Clear,NORMAL,Clear,NORMAL,Clear,NORMAL,Clear,
12734293.53,7321482.74,5412810.79,2249548.7,-3.19,0.0,36980.79776210163,4772.242483103017,0.0,40709.39574594312,856.9032411376027,251064.23542714407,5833.568957373432,2023-10-09,46.6,SWARM_ACTIVE,NORMAL,NORMAL,Clear,NORMAL,Clear,NORMAL,Clear,NORMAL,Clear,NORMAL,Clear,NORMAL,Clear,
12760226.26,7352443.98,5407782.27,2273159.02,-3.19,0.0,36561.72993004729,4755.196609468412,0.0,40751.71844850528,856.9032411376027,251064.23542714407,5833.568957373432,2023-10-10,46.9,SWARM_ACTIVE,NORMAL,NORMAL,Clear,NORMAL,Clear,NORMAL,Clear,NORMAL,Clear,NORMAL,Clear,NORMAL,Clear,
12773174.64,7380036.55,5393138.09,2296186.81,-3.19,0.0,35759.56780651044,4730.944374498268,0.0,41325.55800366054,856.9032411376027,251064.23542714407,5833.568957373432,2023-10-11,46.8,SWARM_ACTIVE,NORMAL,NORMAL,Clear,NORMAL,Clear,NORMAL,Clear,NORMAL,Clear,NORMAL,Clear,NORMAL,Clear,
12824786.55,7380829.72,5443956.82,2279590.14,-3.19,0.0,35687.58271015629,4765.438514930054,0.0,41506.59629969093,856.9032411376027,251064.23542714407,5833.568957373432,2023-10-12,46.9,SWARM_ACTIVE,NORMAL,NORMAL,Clear,NORMAL,Clear,NORMAL,Clear,NORMAL,Clear,NORMAL,Clear,NORMAL,Clear,
12665142.07,7343176.53,5321965.54,2318728.75,-3.19,0.0,36213.737203643024,4757.703389392965,0.0,40054.54692691539,856.9032411376027,251064.23542714407,5833.568957373432,2023-10-13,47.2,SWARM_ACTIVE,NORMAL,NORMAL,Clear,NORMAL,Clear,NORMAL,Clear,NORMAL,Clear,NORMAL,Clear,NORMAL,Clear,
12698408.11,7396567.37,5301840.73,2364264.18,-3.19,0.0,35757.47017439715,4714.92255400457,0.0,39840.10206562915,856.9032411376027,251064.23542714407,5833.568957373432,2023-10-16,47.5,SWARM_ACTIVE,NORMAL,NORMAL,Clear,NORMAL,Clear,NORMAL,Clear,NORMAL,Clear,NORMAL,Clear,NORMAL,Clear,
12614500.43,7331185.72,5283314.71,2332490.39,-3.19,0.0,37081.94204501868,4712.402169613658,0.0,39235.609912349544,856.9032411376027,251064.23542714407,5833.568957373432,2023-10-17,47.2,SWARM_ACTIVE,NORMAL,NORMAL,Clear,NORMAL,Clear,NORMAL,Clear,NORMAL,Clear,NORMAL,Clear,NORMAL,Clear,
12529629.4,7259195.46,5270433.94,2316269.55,-3.19,0.0,38092.91576673688,4727.0754568628945,0.0,38491.265610954375,856.9032411376027,251064.23542714407,5833.568957373432,2023-10-18,48.4,SWARM_ACTIVE,NORMAL,NORMAL,Clear,NORMAL,Clear,NORMAL,Clear,NORMAL,Clear,NORMAL,Clear,NORMAL,Clear,
12359629.19,7236786.86,5122842.32,2366612.44,-3.19,0.0,37619.36937262618,4703.615510806576,0.0,37971.37580041415,856.9032411376027,251064.23542714407,5833.568957373432,2023-10-19,48.3,SWARM_ACTIVE,NORMAL,NORMAL,Clear,NORMAL,Clear,NORMAL,Clear,NORMAL,Clear,NORMAL,Clear,NORMAL,Clear,
12254277.8,7157849.32,5096428.47,2315426.53,-3.19,0.0,38115.10756790466,4746.145610565793,0.0,38347.61262188529,856.9032411376027,251064.23542714407,5833.568957373432,2023-10-20,47.8,SWARM_ACTIVE,NORMAL,NORMAL,Clear,NORMAL,Clear,NORMAL,Clear,NORMAL,Clear,NORMAL,Clear,NORMAL,Clear,
12224210.35,7197326.65,5026883.7,2362671.42,-3.19,0.0,36646.40975455525,4731.135888240419,0.0,38857.66856085419,856.9032411376027,251064.23542714407,5833.568957373432,2023-10-23,47.8,SWARM_ACTIVE,NORMAL,NORMAL,Clear,NORMAL,Clear,NORMAL,Clear,NORMAL,Clear,NORMAL,Clear,NORMAL,Clear,
12309537.83,7216053.49,5093484.34,2349841.97,-3.19,0.0,36276.935934494075,4721.02856705264,0.0,39657.47461706462,856.9032411376027,251064.23542714407,5833.568957373432,2023-10-24,47.8,SWARM_ACTIVE,NORMAL,NORMAL,Clear,NORMAL,Clear,NORMAL,Clear,NORMAL,Clear,NORMAL,Clear,NORMAL,Clear,
12301356.92,7103815.23,5197541.69,2243514.04,-3.19,0.0,37752.97514174972,4823.828775650058,0.0,39881.031199957,856.9032411376027,251064.23542714407,5833.568957373432,2023-10-25,47.9,SWARM_ACTIVE,NORMAL,NORMAL,Clear,NORMAL,Clear,NORMAL,Clear,NORMAL,Clear,NORMAL,Clear,NORMAL,Clear,
12209475.8,7004519.13,5204956.67,2192807.7,-3.19,0.0,38657.741562469186,4859.099993305241,0.0,39936.59688562363,856.9032411376027,251064.23542714407,5833.568957373432,2023-10-26,48.4,SWARM_ACTIVE,NORMAL,NORMAL,Clear,NORMAL,Clear,NORMAL,Clear,NORMAL,Clear,NORMAL,Clear,NORMAL,Clear,
12209047.9,6980568.8,5228479.1,2178975.68,-3.19,0.0,38401.37562738552,4822.338190374224,0.0,40870.78960943484,856.9032411376027,251064.23542714407,5833.568957373432,2023-10-27,48.6,SWARM_ACTIVE,NORMAL,NORMAL,Clear,NORMAL,Clear,NORMAL,Clear,NORMAL,Clear,NORMAL,Clear,NORMAL,Clear,
12378300.31,7029692.12,5348608.19,2169223.45,-3.19,0.0,38251.10450507387,4821.489498362411,0.0,41282.189240343345,856.9032411376027,251064.23542714407,5833.568957373432,2023-10-30,48.5,SWARM_ACTIVE,NORMAL,NORMAL,Clear,NORMAL,Clear,NORMAL,Clear,NORMAL,Clear,NORMAL,Clear,NORMAL,Clear,
12371249.56,7028410.28,5342839.27,2169196.47,-3.19,0.0,38588.57282802455,4791.311661917285,0.0,41198.49697599862,856.9032411376027,251064.23542714407,5833.568957373432,2023-10-31,48.3,SWARM_ACTIVE,NORMAL,NORMAL,Clear,NORMAL,Clear,NORMAL,Clear,NORMAL,Clear,NORMAL,Clear,NORMAL,Clear,
12484827.4,7112929.74,5371897.65,2194087.58,-3.19,0.0,37480.12841639437,4764.155244806937,0.0,41996.74949569051,856.9032411376027,251064.23542714407,5833.568957373432,2023-11-01,48.2,SWARM_ACTIVE,NORMAL,NORMAL,Clear,NORMAL,Clear,NORMAL,Clear,NORMAL,Clear,NORMAL,Clear,NORMAL,Clear,
12599821.69,7237599.02,5362222.67,2273730.62,-3.19,0.0,36754.20455940055,4725.579822474067,0.0,41151.51077786646,856.9032411376027,251064.23542714407,5833.568957373432,2023-11-02,48.5,SWARM_ACTIVE,NORMAL,NORMAL,Clear,NORMAL,Clear,NORMAL,Clear,NORMAL,Clear,NORMAL,Clear,NORMAL,Clear,
12683663.38,7295688.2,5387975.18,2301073.96,-3.19,0.0,35700.19147170096,4706.635075321386,0.0,41819.39737291896,856.9032411376027,251064.23542714407,5833.568957373432,2023-11-03,48.6,SWARM_ACTIVE,NORMAL,NORMAL,Clear,NORMAL,Clear,NORMAL,Clear,NORMAL,Clear,NORMAL,Clear,NORMAL,Clear,
12694457.97,7310177.55,5384280.42,2310485.73,-3.19,0.0,35071.72642607101,4691.182042719597,0.0,42445.58310666268,856.9032411376027,251064.23542714407,5833.568957373432,2023-11-06,48.9,SWARM_ACTIVE,NORMAL,NORMAL,Clear,NORMAL,Clear,NORMAL,Clear,NORMAL,Clear,NORMAL,Clear,NORMAL,Clear,
12650773.15,7296013.34,5354759.81,2311824.11,-3.19,0.0,34746.9384592435,4640.2714227971965,0.0,43274.78137171156,856.9032411376027,251064.23542714407,5833.568957373432,2023-11-07,49.1,SWARM_ACTIVE,NORMAL,NORMAL,Clear,NORMAL,Clear,NORMAL,Clear,NORMAL,Clear,NORMAL,Clear,NORMAL,Clear,
12615555.06,7297463.68,5318091.37,2331029.8,-3.19,0.0,34131.19327133223,4622.444379874685,0.0,43690.62351160359,856.9032411376027,251064.23542714407,5833.568957373432,2023-11-08,49.2,SWARM_ACTIVE,NORMAL,NORMAL,Clear,NORMAL,Clear,NORMAL,Clear,NORMAL,Clear,NORMAL,Clear,NORMAL,Clear,
12619094.3,7292082.35,5327011.96,2326367.16,-3.19,0.0,33792.782291700765,4656.716624966491,0.0,43899.452027594736,856.9032411376027,251064.23542714407,5833.568957373432,2023-11-09,49.3,SWARM_ACTIVE,NORMAL,NORMAL,Clear,NORMAL,Clear,NORMAL,Clear,NORMAL,Clear,NORMAL,Clear,NORMAL,Clear,
12670774.25,7395573.64,5275200.6,2412321.98,-3.19,0.0,32877.93160501246,4564.269765455157,0.0,43709.78197813202,856.9032411376027,251064.23542714407,5833.568957373432,2023-11-10,49.5,SWARM_ACTIVE,NORMAL,NORMAL,Clear,NORMAL,Clear,NORMAL,Clear,NORMAL,Clear,NORMAL,Clear,NORMAL,Clear,
12699866.75,7411702.45,5288164.3,2420386.93,-3.19,0.0,32623.549260672797,4577.698747134655,0.0,43691.291609980246,856.9032411376027,251064.23542714407,5833.568957373432,2023-11-13,49.4,SWARM_ACTIVE,NORMAL,NORMAL,Clear,NORMAL,Clear,NORMAL,Clear,NORMAL,Clear,NORMAL,Clear,NORMAL,Clear,
12753809.1,7497332.57,5256476.52,2492586.13,-3.19,0.0,32066.79165015403,4482.840359604001,0.0,43473.022988715624,856.9032411376027,251064.23542714407,5833.568957373432,2023-11-14,49.9,SWARM_ACTIVE,NORMAL,NORMAL,Clear,NORMAL,Clear,NORMAL,Clear,NORMAL,Clear,NORMAL,Clear,NORMAL,Clear,
12771274.75,7470705.2,5300569.55,2452612.34,-3.19,0.0,32639.65432877779,4478.277662761567,0.0,43821.58400691267,856.9032411376027,251064.23542714407,5833.568957373432,2023-11-15,49.1,SWARM_ACTIVE,NORMAL,NORMAL,Clear,NORMAL,Clear,NORMAL,Clear,NORMAL,Clear,NORMAL,Clear,NORMAL,Clear,
12722673.79,7457890.88,5264782.91,2467801.5,-3.19,0.0,32123.686432253897,4440.700394922638,0.0,44460.11532157515,856.9032411376027,251064.23542714407,5833.568957373432,2023-11-16,49.4,SWARM_ACTIVE,NORMAL,NORMAL,Clear,NORMAL,Clear,NORMAL,Clear,NORMAL,Clear,NORMAL,Clear,NORMAL,Clear,
12745496.12,7488262.38,5257233.75,2491573.35,-3.19,0.0,32285.297702663873,4444.731351631833,0.0,43612.13244688364,856.9032411376027,251064.23542714407,5833.568957373432,2023-11-17,49.0,SWARM_ACTIVE,NORMAL,NORMAL,Clear,NORMAL,Clear,NORMAL,Clear,NORMAL,Clear,NORMAL,Clear,NORMAL,Clear,
12782689.12,7547102.89,5235586.24,2537331.16,-3.19,0.0,31755.764986698567,4396.59580909642,0.0,43597.606707848776,856.9032411376027,251064.23542714407,5833.568957373432,2023-11-20,49.2,SWARM_ACTIVE,NORMAL,NORMAL,Clear,NORMAL,Clear,NORMAL,Clear,NORMAL,Clear,NORMAL,Clear,NORMAL,Clear,
12844840.96,7518611.21,5326229.75,2482172.09,-3.19,0.0,32164.684504279663,4441.674802975857,0.0,44041.341837558175,856.9032411376027,251064.23542714407,5833.568957373432,2023-11-21,48.6,SWARM_ACTIVE,NORMAL,NORMAL,Clear,NORMAL,Clear,NORMAL,Clear,NORMAL,Clear,NORMAL,Clear,NORMAL,Clear,
12739153.39,7485233.54,5253919.85,2496094.08,-3.19,0.0,32637.19406768002,4395.00236642222,0.0,43556.412227382745,856.9032411376027,251064.23542714407,5833.568957373432,2023-11-22,49.4,SWARM_ACTIVE,NORMAL,NORMAL,Clear,NORMAL,Clear,NORMAL,Clear,NORMAL,Clear,NORMAL,Clear,NORMAL,Clear,
12756114.09,7485173.55,5270940.54,2488985.87,-3.19,0.0,32663.38662075072,4410.4346487677785,0.0,43553.530365391205,856.9032411376027,251064.23542714407,5833.568957373432,2023-11-23,49.2,SWARM_ACTIVE,NORMAL,NORMAL,Clear,NORMAL,Clear,NORMAL,Clear,NORMAL,Clear,NORMAL,Clear,NORMAL,Clear,
12674436.16,7459160.31,5215275.85,2486622.7,-3.19,0.0,33217.6259963648,4400.586611934737,0.0,43036.57981467691,856.9032411376027,251064.23542714407,5833.568957373432,2023-11-24,49.2,SWARM_ACTIVE,NORMAL,NORMAL,Clear,NORMAL,Clear,NORMAL,Clear,NORMAL,Clear,NORMAL,Clear,NORMAL,Clear,
12652362.48,7467114.18,5185248.31,2486415.13,-3.19,0.0,33077.14561476797,4403.372011332899,0.0,43186.80112999821,856.9032411376027,251064.23542714407,5833.568957373432,2023-11-27,48.6,SWARM_ACTIVE,NORMAL,NORMAL,Clear,NORMAL,Clear,NORMAL,Clear,NORMAL,Clear,NORMAL,Clear,NORMAL,Clear,
12659579.94,7458015.62,5201564.32,2455017.19,-3.19,0.0,33485.294550051476,4410.407618388735,0.0,43419.90062187709,856.9032411376027,251064.23542714407,5833.568957373432,2023-11-28,48.0,SWARM_ACTIVE,NORMAL,NORMAL,Clear,NORMAL,Clear,NORMAL,Clear,NORMAL,Clear,NORMAL,Clear,NORMAL,Clear,
12694741.66,7454317.66,5240424.0,2447814.77,-3.19,0.0,33336.936243019634,4413.333675173925,0.0,43758.418684594435,856.9032411376027,251064.23542714407,5833.568957373432,2023-11-29,48.3,SWARM_ACTIVE,NORMAL,NORMAL,Clear,NORMAL,Clear,NORMAL,Clear,NORMAL,Clear,NORMAL,Clear,NORMAL,Clear,
12677444.03,7415753.28,5261690.75,2418546.83,-3.19,0.0,34221.90209551629,4417.347915231526,0.0,43409.430090342365,856.9032411376027,251064.23542714407,5833.568957373432,2023-11-30,47.9,SWARM_ACTIVE,NORMAL,NORMAL,Clear,NORMAL,Clear,NORMAL,Clear,NORMAL,Clear,NORMAL,Clear,NORMAL,Clear,
12624381.74,7429222.98,5195158.77,2451592.26,-3.19,0.0,34087.961267929386,4384.758429821737,0.0,43047.29752136998,856.9032411376027,251064.23542714407,5833.568957373432,2023-12-01,48.3,SWARM_ACTIVE,NORMAL,NORMAL,Clear,NORMAL,Clear,NORMAL,Clear,NORMAL,Clear,NORMAL,Clear,NORMAL,Clear,
12615771.6,7362989.52,5252782.08,2395465.78,-3.19,0.0,34981.80807242124,4412.912319374169,0.0,43166.697586877126,856.9032411376027,251064.23542714407,5833.568957373432,2023-12-04,47.8,SWARM_ACTIVE,NORMAL,NORMAL,Clear,NORMAL,Clear,NORMAL,Clear,NORMAL,Clear,NORMAL,Clear,NORMAL,Clear,
12470687.27,7374583.06,5096104.22,2464327.23,-3.19,0.0,33876.64248928567,4349.87773098016,0.0,43337.199334214325,856.9032411376027,251064.23542714407,5833.568957373432,2023-12-05,47.7,SWARM_ACTIVE,NORMAL,NORMAL,Clear,NORMAL,Clear,NORMAL,Clear,NORMAL,Clear,NORMAL,Clear,NORMAL,Clear,
12429883.93,7303970.51,5125913.42,2407383.13,-3.19,0.0,34582.81781903089,4362.900658071023,0.0,43858.98472112591,856.9032411376027,251064.23542714407,5833.568957373432,2023-12-06,47.5,SWARM_ACTIVE,NORMAL,NORMAL,Clear,NORMAL,Clear,NORMAL,Clear,NORMAL,Clear,NORMAL,Clear,NORMAL,Clear,
12437875.43,7353456.04,5084419.39,2452717.95,-3.19,0.0,33784.48391739164,4306.396757930372,0.0,44217.703344537375,856.9032411376027,251064.23542714407,5833.568957373432,2023-12-07,47.8,SWARM_ACTIVE,NORMAL,NORMAL,Clear,NORMAL,Clear,NORMAL,Clear,NORMAL,Clear,NORMAL,Clear,NORMAL,Clear,
12461640.96,7409552.49,5052088.47,2498846.51,-3.19,0.0,33213.58065157735,4299.299023180269,0.0,43789.77420228676,856.9032411376027,251064.23542714407,5833.568957373432,2023-12-08,47.7,SWARM_ACTIVE,NORMAL,NORMAL,Clear,NORMAL,Clear,NORMAL,Clear,NORMAL,Clear,NORMAL,Clear,NORMAL,Clear,
12452945.44,7396568.55,5056376.89,2482596.33,-3.19,0.0,33813.26318277991,4276.684949759223,0.0,43713.5481544292,856.9032411376027,251064.23542714407,5833.568957373432,2023-12-11,47.6,SWARM_ACTIVE,NORMAL,NORMAL,Clear,NORMAL,Clear,NORMAL,Clear,NORMAL,Clear,NORMAL,Clear,NORMAL,Clear,
12466009.91,7421715.25,5044294.66,2503018.71,-3.19,0.0,33110.42440038775,4252.750593684655,0.0,44308.34141032189,856.9032411376027,251064.23542714407,5833.568957373432,2023-12-12,47.7,SWARM_ACTIVE,NORMAL,NORMAL,Clear,NORMAL,Clear,NORMAL,Clear,NORMAL,Clear,NORMAL,Clear,NORMAL,Clear,
12418385.88,7480409.07,4937976.81,2571683.77,-3.19,0.0,32741.97354842318,4198.237741440594,0.0,43540.795003708015,856.9032411376027,251064.23542714407,5833.568957373432,2023-12-13,47.7,SWARM_ACTIVE,NORMAL,NORMAL,Clear,NORMAL,Clear,NORMAL,Clear,NORMAL,Clear,NORMAL,Clear,NORMAL,Clear,
12449879.54,7536339.65,4913539.89,2608674.55,-3.19,0.0,32757.234454216064,4218.388272316463,0.0,42375.6831147868,856.9032411376027,251064.23542714407,5833.568957373432,2023-12-14,47.5,SWARM_ACTIVE,NORMAL,NORMAL,Clear,NORMAL,Clear,NORMAL,Clear,NORMAL,Clear,NORMAL,Clear,NORMAL,Clear,
12517768.37,7553234.56,4964533.82,2595047.64,-3.19,0.0,32620.60672292152,4224.758496120621,0.0,42829.0654319017,856.9032411376027,251064.23542714407,5833.568957373432,2023-12-15,47.4,SWARM_ACTIVE,NORMAL,NORMAL,Clear,NORMAL,Clear,NORMAL,Clear,NORMAL,Clear,NORMAL,Clear,NORMAL,Clear,
12568928.67,7616227.04,4952701.63,2632630.43,-3.19,0.0,31977.758301130267,4217.783046779481,0.0,42762.11462416277,856.9032411376027,251064.23542714407,5833.568957373432,2023-12-18,47.4,SWARM_ACTIVE,NORMAL,NORMAL,Clear,NORMAL,Clear,NORMAL,Clear,NORMAL,Clear,NORMAL,Clear,NORMAL,Clear,
12608956.43,7629971.15,4978985.29,2629158.77,-3.19,0.0,32333.082604061816,4214.596903199655,0.0,42439.09023359131,856.9032411376027,251064.23542714407,5833.568957373432,2023-12-19,47.6,SWARM_ACTIVE,NORMAL,NORMAL,Clear,NORMAL,Clear,NORMAL,Clear,NORMAL,Clear,NORMAL,Clear,NORMAL,Clear,
12564581.49,7540660.86,5023920.63,2566585.24,-3.19,0.0,33129.498371421105,4255.058322504631,0.0,42643.85717379404,856.9032411376027,251064.23542714407,5833.568957373432,2023-12-20,47.9,SWARM_ACTIVE,NORMAL,NORMAL,Clear,NORMAL,Clear,NORMAL,Clear,NORMAL,Clear,NORMAL,Clear,NORMAL,Clear,
12680938.04,7596021.23,5084916.8,2580028.19,-3.19,0.0,32873.61614888183,4239.431950568791,0.0,42778.9538349376,856.9032411376027,251064.23542714407,5833.568957373432,2023-12-21,48.3,SWARM_ACTIVE,NORMAL,NORMAL,Clear,NORMAL,Clear,NORMAL,Clear,NORMAL,Clear,NORMAL,Clear,NORMAL,Clear,
12711070.45,7598304.75,5112765.71,2564768.38,-3.19,0.0,33162.85615971824,4243.7287021293605,0.0,42763.701274202,856.9032411376027,251064.23542714407,5833.568957373432,2023-12-22,47.6,SWARM_ACTIVE,NORMAL,NORMAL,Clear,NORMAL,Clear,NORMAL,Clear,NORMAL,Clear,NORMAL,Clear,NORMAL,Clear,
12750404.0,7598288.29,5152115.71,2548484.22,-3.19,0.0,33296.737856110245,4255.772881960767,0.0,42886.11750797303,856.9032411376027,251064.23542714407,5833.568957373432,2023-12-25,47.6,SWARM_ACTIVE,NORMAL,NORMAL,Clear,NORMAL,Clear,NORMAL,Clear,NORMAL,Clear,NORMAL,Clear,NORMAL,Clear,
12771462.1,7638392.56,5133069.54,2577141.75,-3.19,0.0,33104.338348884274,4237.193810406383,0.0,42595.528985248646,856.9032411376027,251064.23542714407,5833.568957373432,2023-12-26,47.6,SWARM_ACTIVE,NORMAL,NORMAL,Clear,NORMAL,Clear,NORMAL,Clear,NORMAL,Clear,NORMAL,Clear,NORMAL,Clear,
12812680.65,7638853.56,5173827.09,2558275.41,-3.19,0.0,33182.55175656333,4242.754862590437,0.0,42913.87167864702,856.9032411376027,251064.23542714407,5833.568957373432,2023-12-27,47.5,SWARM_ACTIVE,NORMAL,NORMAL,Clear,NORMAL,Clear,NORMAL,Clear,NORMAL,Clear,NORMAL,Clear,NORMAL,Clear,
12871225.25,7615351.34,5255873.91,2497432.12,-3.19,0.0,33397.22531629563,4277.4974265506125,0.0,43829.300194420335,856.9032411376027,251064.23542714407,5833.568957373432,2023-12-28,47.4,SWARM_ACTIVE,NORMAL,NORMAL,Clear,NORMAL,Clear,NORMAL,Clear,NORMAL,Clear,NORMAL,Clear,NORMAL,Clear,
12888565.2,7603860.2,5284705.0,2467185.24,-3.19,0.0,33600.9621946123,4305.052542552421,0.0,44057.803994843656,856.9032411376027,251064.23542714407,5833.568957373432,2023-12-29,47.5,SWARM_ACTIVE,NORMAL,NORMAL,Clear,NORMAL,Clear,NORMAL,Clear,NORMAL,Clear,NORMAL,Clear,NORMAL,Clear,
12771099.77,7547420.6,5223679.16,2449974.36,-3.19,0.0,34240.36073444161,4337.448105085271,0.0,43389.016988845295,856.9032411376027,251064.23542714407,5833.568957373432,2024-01-02,47.6,SWARM_ACTIVE,NORMAL,NORMAL,Clear,NORMAL,Clear,NORMAL,Clear,NORMAL,Clear,NORMAL,Clear,NORMAL,Clear,
12771409.3,7536616.98,5234792.32,2441799.51,-3.19,0.0,34710.775029544086,4375.916235057594,0.0,42659.73593944142,856.9032411376027,251064.23542714407,5833.568957373432,2024-01-03,47.9,SWARM_ACTIVE,NORMAL,NORMAL,Clear,NORMAL,Clear,NORMAL,Clear,NORMAL,Clear,NORMAL,Clear,NORMAL,Clear,
12696975.14,7512393.72,5184581.41,2446814.24,-3.19,0.0,34355.08261260048,4366.848505760562,0.0,43052.58889214641,856.9032411376027,251064.23542714407,5833.568957373432,2024-01-04,47.8,SWARM_ACTIVE,NORMAL,NORMAL,Clear,NORMAL,Clear,NORMAL,Clear,NORMAL,Clear,NORMAL,Clear,NORMAL,Clear,
12722310.83,7553533.53,5168777.3,2473327.37,-3.19,0.0,33789.49353718535,4368.902628712171,0.0,43062.804042945296,856.9032411376027,251064.23542714407,5833.568957373432,2024-01-05,47.7,SWARM_ACTIVE,NORMAL,NORMAL,Clear,NORMAL,Clear,NORMAL,Clear,NORMAL,Clear,NORMAL,Clear,NORMAL,Clear,
12783108.04,7675755.4,5107352.64,2571816.91,-3.19,0.0,31817.82646716272,4312.645256128342,0.0,43748.02428152792,856.9032411376027,251064.23542714407,5833.568957373432,2024-01-08,47.6,SWARM_ACTIVE,NORMAL,NORMAL,Clear,NORMAL,Clear,NORMAL,Clear,NORMAL,Clear,NORMAL,Clear,NORMAL,Clear,
12808899.16,7679769.19,5129129.97,2569489.89,-3.19,0.0,31198.62162173518,4323.327301802839,0.0,44548.088079962276,856.9032411376027,251064.23542714407,5833.568957373432,2024-01-09,47.4,SWARM_ACTIVE,NORMAL,NORMAL,Clear,NORMAL,Clear,NORMAL,Clear,NORMAL,Clear,NORMAL,Clear,NORMAL,Clear,
12816488.68,7712291.52,5104197.16,2613265.59,-3.19,0.0,30371.611875543476,4293.197339999603,0.0,44895.04708722152,856.9032411376027,251064.23542714407,5833.568957373432,2024-01-10,48.2,SWARM_ACTIVE,NORMAL,NORMAL,Clear,NORMAL,Clear,NORMAL,Clear,NORMAL,Clear,NORMAL,Clear,NORMAL,Clear,
12832068.49,7734572.97,5097495.51,2638452.84,-3.19,0.0,29983.731421834396,4289.670246914886,0.0,44828.92157256464,856.9032411376027,251064.23542714407,5833.568957373432,2024-01-11,48.1,SWARM_ACTIVE,NORMAL,NORMAL,Clear,NORMAL,Clear,NORMAL,Clear,NORMAL,Clear,NORMAL,Clear,NORMAL,Clear,
12859514.25,7751396.29,5108117.97,2656439.2,-3.19,0.0,29900.815577893358,4293.832570791031,0.0,44437.38821481504,856.9032411376027,251064.23542714407,5833.568957373432,2024-01-12,48.5,SWARM_ACTIVE,NORMAL,NORMAL,Clear,NORMAL,Clear,NORMAL,Clear,NORMAL,Clear,NORMAL,Clear,NORMAL,Clear,
12821540.94,7751374.91,5070166.03,2684262.15,-3.19,0.0,29643.27681738491,4275.737614301978,0.0,44271.09856386126,856.9032411376027,251064.23542714407,5833.568957373432,2024-01-15,48.9,SWARM_ACTIVE,NORMAL,NORMAL,Clear,NORMAL,Clear,NORMAL,Clear,NORMAL,Clear,NORMAL,Clear,NORMAL,Clear,
12875524.47,7759871.42,5115653.04,2680925.55,-3.19,0.0,28794.873489726528,4286.831603657637,0.0,45502.73227763977,856.9032411376027,251064.23542714407,5833.568957373432,2024-01-16,48.9,SWARM_ACTIVE,NORMAL,NORMAL,Clear,NORMAL,Clear,NORMAL,Clear,NORMAL,Clear,NORMAL,Clear,NORMAL,Clear,
12647867.68,7726232.28,4921635.4,2735050.95,-3.19,0.0,28323.984502804225,4243.296312422694,0.0,45228.87244478905,856.9032411376027,251064.23542714407,5833.568957373432,2024-01-17,48.6,SWARM_ACTIVE,NORMAL,NORMAL,Clear,NORMAL,Clear,NORMAL,Clear,NORMAL,Clear,NORMAL,Clear,NORMAL,Clear,
12773037.65,7777520.0,4995517.64,2743497.2,-3.19,0.0,27998.74010578426,4221.458544343508,0.0,45736.34622290505,856.9032411376027,251064.23542714407,5833.568957373432,2024-01-18,49.6,SWARM_ACTIVE,NORMAL,NORMAL,Clear,NORMAL,Clear,NORMAL,Clear,NORMAL,Clear,NORMAL,Clear,NORMAL,Clear,
12919602.49,7883950.14,5035652.35,2788407.6,-3.19,0.0,27171.74769565737,4183.710151345881,0.0,46266.42000706335,856.9032411376027,251064.23542714407,5833.568957373432,2024-01-19,49.1,SWARM_ACTIVE,NORMAL,NORMAL,Clear,NORMAL,Clear,NORMAL,Clear,NORMAL,Clear,NORMAL,Clear,NORMAL,Clear,
12884619.32,7897068.33,4987550.99,2815237.27,-3.19,0.0,26932.787538311404,4165.998324719924,0.0,46127.86205752592,856.9032411376027,251064.23542714407,5833.568957373432,2024-01-22,49.0,SWARM_ACTIVE,NORMAL,NORMAL,Clear,NORMAL,Clear,NORMAL,Clear,NORMAL,Clear,NORMAL,Clear,NORMAL,Clear,
12839583.34,7913819.06,4925764.28,2857523.54,-3.19,0.0,26641.67309470568,4132.2073041904505,0.0,45843.072135313494,856.9032411376027,251064.23542714407,5833.568957373432,2024-01-23,49.6,SWARM_ACTIVE,NORMAL,NORMAL,Clear,NORMAL,Clear,NORMAL,Clear,NORMAL,Clear,NORMAL,Clear,NORMAL,Clear,
12960097.26,7987717.79,4972379.47,2890409.9,-3.19,0.0,26230.181574488048,4143.305040026625,0.0,45520.20143821586,856.9032411376027,251064.23542714407,5833.568957373432,2024-01-24,49.7,SWARM_ACTIVE,NORMAL,NORMAL,Clear,NORMAL,Clear,NORMAL,Clear,NORMAL,Clear,NORMAL,Clear,NORMAL,Clear,
13105668.38,8035715.37,5069953.02,2881007.71,-3.19,0.0,26350.226549723506,4186.9214903181755,0.0,45100.80579296235,856.9032411376027,251064.23542714407,5833.568957373432,2024-01-25,49.2,SWARM_ACTIVE,NORMAL,NORMAL,Clear,NORMAL,Clear,NORMAL,Clear,NORMAL,Clear,NORMAL,Clear,NORMAL,Clear,
13105557.7,8022817.3,5082740.41,2893227.36,-3.19,0.0,26388.42833880106,4196.832723900332,0.0,44626.09548122207,856.9032411376027,251064.23542714407,5833.568957373432,2024-01-26,49.9,SWARM_ACTIVE,NORMAL,NORMAL,Clear,NORMAL,Clear,NORMAL,Clear,NORMAL,Clear,NORMAL,Clear,NORMAL,Clear,
13157296.82,8076119.09,5081177.73,2946610.88,-3.19,0.0,25800.964130808115,4153.1092247009565,0.0,44670.53314990531,856.9032411376027,251064.23542714407,5833.568957373432,2024-01-29,50.5,SWARM_ACTIVE,NORMAL,NORMAL,Clear,NORMAL,Clear,NORMAL,Clear,NORMAL,Clear,NORMAL,Clear,NORMAL,Clear,
13093033.46,8090523.06,5002510.4,2989318.19,-3.19,0.0,25498.520771092728,4156.505852607802,0.0,44037.2962364277,856.9032411376027,251064.23542714407,5833.568957373432,2024-01-30,49.7,SWARM_ACTIVE,NORMAL,NORMAL,Clear,NORMAL,Clear,NORMAL,Clear,NORMAL,Clear,NORMAL,Clear,NORMAL,Clear,
13013954.41,7991662.93,5022291.48,2923499.39,-3.19,0.0,25803.651347320065,4215.608366391705,0.0,44616.2534295762,856.9032411376027,251064.23542714407,5833.568957373432,2024-01-31,50.2,SWARM_ACTIVE,NORMAL,NORMAL,Clear,NORMAL,Clear,NORMAL,Clear,NORMAL,Clear,NORMAL,Clear,NORMAL,Clear,
13084400.22,8050544.16,5033856.06,2954035.67,-3.19,0.0,25447.25448625917,4183.9354350130225,0.0,44746.55809198186,856.9032411376027,251064.23542714407,5833.568957373432,2024-02-01,50.7,SWARM_ACTIVE,NORMAL,NORMAL,Clear,NORMAL,Clear,NORMAL,Clear,NORMAL,Clear,NORMAL,Clear,NORMAL,Clear,
13144043.3,8162205.44,4981837.87,3016278.89,-3.19,0.0,24587.568724253593,4146.731210200873,0.0,45010.04056374218,856.9032411376027,251064.23542714407,5833.568957373432,2024-02-02,49.3,SWARM_ACTIVE,NORMAL,NORMAL,Clear,NORMAL,Clear,NORMAL,Clear,NORMAL,Clear,NORMAL,Clear,NORMAL,Clear,
13306527.36,8233347.79,5073179.58,3003010.29,-3.19,0.0,23837.285857678056,4214.500472493977,0.0,45943.60025769468,856.9032411376027,251064.23542714407,5833.568957373432,2024-02-05,49.0,SWARM_ACTIVE,NORMAL,NORMAL,Clear,NORMAL,Clear,NORMAL,Clear,NORMAL,Clear,NORMAL,Clear,NORMAL,Clear,
13361474.95,8209034.61,5152440.34,2949550.84,-3.19,0.0,24155.125759749277,4260.556905790682,0.0,46256.72281496582,856.9032411376027,251064.23542714407,5833.568957373432,2024-02-06,49.5,SWARM_ACTIVE,NORMAL,NORMAL,Clear,NORMAL,Clear,NORMAL,Clear,NORMAL,Clear,NORMAL,Clear,NORMAL,Clear,
13478327.1,8276495.35,5201831.75,2984408.2,-3.19,0.0,23646.488785912632,4242.497346483415,0.0,46471.97253866874,856.9032411376027,251064.23542714407,5833.568957373432,2024-02-07,51.0,SWARM_ACTIVE,NORMAL,NORMAL,Clear,NORMAL,Clear,NORMAL,Clear,NORMAL,Clear,NORMAL,Clear,NORMAL,Clear,
13563778.83,8287692.25,5276086.58,2953235.37,-3.19,0.0,23850.05108876672,4274.184538337406,0.0,46558.01254491544,856.9032411376027,251064.23542714407,5833.568957373432,2024-02-08,50.2,SWARM_ACTIVE,NORMAL,NORMAL,Clear,NORMAL,Clear,NORMAL,Clear,NORMAL,Clear,NORMAL,Clear,NORMAL,Clear,
13612813.48,8336726.9,5276086.58,2991652.11,-3.19,0.0,23121.770383286836,4241.186901888255,0.0,47282.25586062885,856.9032411376027,251064.23542714407,5833.568957373432,2024-02-09,51.0,SWARM_ACTIVE,NORMAL,NORMAL,Clear,NORMAL,Clear,NORMAL,Clear,NORMAL,Clear,NORMAL,Clear,NORMAL,Clear,
13628574.5,8352487.92,5276086.58,2996035.97,-3.19,0.0,23048.30361219144,4269.567217462197,0.0,46995.07604485114,856.9032411376027,251064.23542714407,5833.568957373432,2024-02-12,50.2,SWARM_ACTIVE,NORMAL,NORMAL,Clear,NORMAL,Clear,NORMAL,Clear,NORMAL,Clear,NORMAL,Clear,NORMAL,Clear,
13578400.79,8302314.21,5276086.58,2978686.15,-3.19,0.0,22903.198384275296,4306.908248677865,0.0,47300.96557016406,856.9032411376027,251064.23542714407,5833.568957373432,2024-02-13,51.1,SWARM_ACTIVE,NORMAL,NORMAL,Clear,NORMAL,Clear,NORMAL,Clear,NORMAL,Clear,NORMAL,Clear,NORMAL,Clear,
13637045.8,8360959.22,5276086.58,3019079.36,-3.19,0.0,22475.393393185775,4270.756945902096,0.0,47471.19463185842,856.9032411376027,251064.23542714407,5833.568957373432,2024-02-14,51.2,SWARM_ACTIVE,NORMAL,NORMAL,Clear,NORMAL,Clear,NORMAL,Clear,NORMAL,Clear,NORMAL,Clear,NORMAL,Clear,
13666118.04,8390031.46,5276086.58,3032089.4,-3.19,0.0,22788.19086520609,4286.386159319141,0.0,46410.916850259106,856.9032411376027,251064.23542714407,5833.568957373432,2024-02-15,50.3,SWARM_ACTIVE,NORMAL,NORMAL,Clear,NORMAL,Clear,NORMAL,Clear,NORMAL,Clear,NORMAL,Clear,NORMAL,Clear,
13647230.88,8371144.3,5276086.58,3040964.7,-3.19,0.0,22695.574123669605,4306.5315733460975,0.0,46142.427830956716,856.9032411376027,251064.23542714407,5833.568957373432,2024-02-16,51.8,SWARM_ACTIVE,NORMAL,NORMAL,Clear,NORMAL,Clear,NORMAL,Clear,NORMAL,Clear,NORMAL,Clear,NORMAL,Clear,
13707978.55,8371118.24,5336860.32,3011049.11,-3.19,0.0,22832.94870563963,4333.987599144167,0.0,46347.639836417155,856.9032411376027,251064.23542714407,5833.568957373432,2024-02-19,51.0,SWARM_ACTIVE,NORMAL,NORMAL,Clear,NORMAL,Clear,NORMAL,Clear,NORMAL,Clear,NORMAL,Clear,NORMAL,Clear,
13635240.55,8268092.5,5367148.05,2937511.87,-3.19,0.0,23572.22843536836,4365.910794058645,0.0,46565.619473206854,856.9032411376027,251064.23542714407,5833.568957373432,2024-02-20,51.0,SWARM_ACTIVE,NORMAL,NORMAL,Clear,NORMAL,Clear,NORMAL,Clear,NORMAL,Clear,NORMAL,Clear,NORMAL,Clear,
13657622.87,8248660.66,5408962.21,2941040.98,-3.19,0.0,24051.437491270204,4375.227190808238,0.0,45580.70394062268,856.9032411376027,251064.23542714407,5833.568957373432,2024-02-21,52.7,SWARM_ACTIVE,NORMAL,NORMAL,Clear,NORMAL,Clear,NORMAL,Clear,NORMAL,Clear,NORMAL,Clear,NORMAL,Clear,
14027195.0,8571711.44,5455483.56,3146146.82,-3.19,0.0,20949.87527293927,4362.320027279155,0.0,46657.84999205844,856.9032411376027,251064.23542714407,5833.568957373432,2024-02-22,52.6,SWARM_ACTIVE,NORMAL,NORMAL,Clear,NORMAL,Clear,NORMAL,Clear,NORMAL,Clear,NORMAL,Clear,NORMAL,Clear,
14070021.43,8559239.95,5510781.49,3173290.71,-3.19,0.0,20332.478053071125,4374.078484662384,0.0,47063.770016961265,856.9032411376027,251064.23542714407,5833.568957373432,2024-02-23,53.8,SWARM_ACTIVE,NORMAL,NORMAL,Clear,NORMAL,Clear,NORMAL,Clear,NORMAL,Clear,NORMAL,Clear,NORMAL,Clear,
13956598.7,8570375.6,5386223.1,3311984.45,-3.19,0.0,19504.271491092917,4293.743758134608,0.0,46106.3167131117,856.9032411376027,251064.23542714407,5833.568957373432,2024-02-26,56.9,SWARM_ACTIVE,NORMAL,NORMAL,Clear,NORMAL,Clear,NORMAL,Clear,NORMAL,Clear,NORMAL,Clear,NORMAL,Clear,
13953480.6,8559084.7,5394395.9,3356618.09,-3.19,0.0,19170.36286378141,4257.792249270302,0.0,46035.37508063399,856.9032411376027,251064.23542714407,5833.568957373432,2024-02-27,57.0,SWARM_ACTIVE,NORMAL,NORMAL,Clear,NORMAL,Clear,NORMAL,Clear,NORMAL,Clear,NORMAL,Clear,NORMAL,Clear,
13873015.7,8525674.84,5347340.86,3392279.72,-3.19,0.0,18987.956133176027,4237.462444823684,0.0,45716.849656712635,856.9032411376027,251064.23542714407,5833.568957373432,2024-02-28,57.2,SWARM_ACTIVE,NORMAL,NORMAL,Clear,NORMAL,Clear,NORMAL,Clear,NORMAL,Clear,NORMAL,Clear,NORMAL,Clear,
13995920.47,8577762.59,5418157.88,3422521.0,-3.19,0.0,18653.64740087034,4225.4838994596785,0.0,45750.56235641716,856.9032411376027,251064.23542714407,5833.568957373432,2024-02-29,57.5,SWARM_ACTIVE,NORMAL,NORMAL,Clear,NORMAL,Clear,NORMAL,Clear,NORMAL,Clear,NORMAL,Clear,NORMAL,Clear,
14135581.47,8685823.18,5449758.29,3472492.59,-3.19,0.0,18133.584912695354,4208.690085131342,0.0,45754.14576962821,856.9032411376027,251064.23542714407,5833.568957373432,2024-03-01,56.5,SWARM_ACTIVE,NORMAL,NORMAL,Clear,NORMAL,Clear,NORMAL,Clear,NORMAL,Clear,NORMAL,Clear,NORMAL,Clear,
14202666.59,8712836.55,5489830.04,3464283.53,-3.19,0.0,17641.52946464288,4255.207133407825,0.0,46487.46610715094,856.9032411376027,251064.23542714407,5833.568957373432,2024-03-04,56.0,SWARM_ACTIVE,NORMAL,NORMAL,Clear,NORMAL,Clear,NORMAL,Clear,NORMAL,Clear,NORMAL,Clear,NORMAL,Clear,
14309057.08,8706023.71,5603033.37,3416519.27,-3.19,0.0,17577.822568974505,4364.19285882234,0.0,46639.29404177779,856.9032411376027,251064.23542714407,5833.568957373432,2024-03-05,56.0,SWARM_ACTIVE,NORMAL,NORMAL,Clear,NORMAL,Clear,NORMAL,Clear,NORMAL,Clear,NORMAL,Clear,NORMAL,Clear,
14442023.12,8771758.06,5670265.06,3440410.32,-3.19,0.0,17202.052839468808,4368.393588149371,0.0,46824.517542978974,856.9032411376027,251064.23542714407,5833.568957373432,2024-03-06,56.7,SWARM_ACTIVE,NORMAL,NORMAL,Clear,NORMAL,Clear,NORMAL,Clear,NORMAL,Clear,NORMAL,Clear,NORMAL,Clear,
14666196.15,8884957.72,5781238.43,3474621.59,-3.19,0.0,16772.896442405505,4361.518490024944,0.0,47031.483155537666,856.9032411376027,251064.23542714407,5833.568957373432,2024-03-07,55.9,SWARM_ACTIVE,NORMAL,NORMAL,Clear,NORMAL,Clear,NORMAL,Clear,NORMAL,Clear,NORMAL,Clear,NORMAL,Clear,
14576016.6,8777810.67,5798205.93,3417489.67,-3.19,0.0,17329.178961439615,4402.772695381785,0.0,46800.84443097126,856.9032411376027,251064.23542714407,5833.568957373432,2024-03-08,55.6,SWARM_ACTIVE,NORMAL,NORMAL,Clear,NORMAL,Clear,NORMAL,Clear,NORMAL,Clear,NORMAL,Clear,NORMAL,Clear,
14696022.1,8760200.95,5935821.15,3404309.34,-3.19,0.0,17529.964614290322,4425.986588462913,0.0,46462.44259497279,856.9032411376027,251064.23542714407,5833.568957373432,2024-03-11,59.0,SWARM_ACTIVE,NORMAL,NORMAL,Clear,NORMAL,Clear,NORMAL,Clear,NORMAL,Clear,NORMAL,Clear,NORMAL,Clear,
14775224.57,8892123.06,5883101.51,3499206.19,-3.19,0.0,16648.775990903214,4376.4507781144775,0.0,46646.858527620905,856.9032411376027,251064.23542714407,5833.568957373432,2024-03-12,58.5,SWARM_ACTIVE,NORMAL,NORMAL,Clear,NORMAL,Clear,NORMAL,Clear,NORMAL,Clear,NORMAL,Clear,NORMAL,Clear,
14836270.4,8891215.44,5945054.95,3433350.71,-3.19,0.0,16794.671505684124,4483.145682507393,0.0,46790.46724764112,856.9032411376027,251064.23542714407,5833.568957373432,2024-03-13,55.9,SWARM_ACTIVE,NORMAL,NORMAL,Clear,NORMAL,Clear,NORMAL,Clear,NORMAL,Clear,NORMAL,Clear,NORMAL,Clear,
14954874.93,8857188.15,6097686.78,3383961.08,-3.19,0.0,17254.339377113163,4523.897119024952,0.0,46585.05430736711,856.9032411376027,251064.23542714407,5833.568957373432,2024-03-14,58.8,SWARM_ACTIVE,NORMAL,NORMAL,Clear,NORMAL,Clear,NORMAL,Clear,NORMAL,Clear,NORMAL,Clear,NORMAL,Clear,
15058111.25,8837809.2,6220302.04,3349233.25,-3.19,0.0,17281.463710591364,4590.703283774243,0.0,46669.944997624756,856.9032411376027,251064.23542714407,5833.568957373432,2024-03-15,59.3,SWARM_ACTIVE,NORMAL,NORMAL,Clear,NORMAL,Clear,NORMAL,Clear,NORMAL,Clear,NORMAL,Clear,NORMAL,Clear,
15098815.03,8874158.83,6224656.19,3374959.26,-3.19,0.0,17183.51672274786,4557.853389122956,0.0,46603.49078037943,856.9032411376027,251064.23542714407,5833.568957373432,2024-03-18,58.6,SWARM_ACTIVE,NORMAL,NORMAL,Clear,NORMAL,Clear,NORMAL,Clear,NORMAL,Clear,NORMAL,Clear,NORMAL,Clear,
15061760.88,8918129.72,6143631.17,3413031.96,-3.19,0.0,17094.69149023822,4543.188547501675,0.0,46056.483999898286,856.9032411376027,251064.23542714407,5833.568957373432,2024-03-19,58.3,SWARM_ACTIVE,NORMAL,NORMAL,Clear,NORMAL,Clear,NORMAL,Clear,NORMAL,Clear,NORMAL,Clear,NORMAL,Clear,
15107713.24,8955304.11,6152409.14,3418667.09,-3.19,0.0,17101.984408702145,4508.007370166836,0.0,46266.882178273365,856.9032411376027,251064.23542714407,5833.568957373432,2024-03-20,57.6,SWARM_ACTIVE,NORMAL,NORMAL,Clear,NORMAL,Clear,NORMAL,Clear,NORMAL,Clear,NORMAL,Clear,NORMAL,Clear,
15171086.34,8994837.77,6176248.57,3377281.15,-3.19,0.0,17804.417909148648,4489.140941733466,0.0,45933.722639094645,856.9032411376027,251064.23542714407,5833.568957373432,2024-03-21,57.2,SWARM_ACTIVE,NORMAL,NORMAL,Clear,NORMAL,Clear,NORMAL,Clear,NORMAL,Clear,NORMAL,Clear,NORMAL,Clear,
15143920.62,9043469.42,6100451.2,3357461.09,-3.19,0.0,17887.39846509624,4501.974453393295,0.0,46078.297865704786,856.9032411376027,251064.23542714407,5833.568957373432,2024-03-22,54.7,SWARM_ACTIVE,NORMAL,NORMAL,Clear,NORMAL,Clear,NORMAL,Clear,NORMAL,Clear,NORMAL,Clear,NORMAL,Clear,
15233251.42,9067681.93,6165569.5,3313677.01,-3.19,0.0,18079.095284440235,4562.089831358165,0.0,46056.8643247291,856.9032411376027,251064.23542714407,5833.568957373432,2024-03-25,55.0,SWARM_ACTIVE,NORMAL,NORMAL,Clear,NORMAL,Clear,NORMAL,Clear,NORMAL,Clear,NORMAL,Clear,NORMAL,Clear,
15171193.25,9001366.2,6169827.05,3264263.19,-3.19,0.0,18471.742498388972,4573.2531320870685,0.0,46243.138731021405,856.9032411376027,251064.23542714407,5833.568957373432,2024-03-26,54.6,SWARM_ACTIVE,NORMAL,NORMAL,Clear,NORMAL,Clear,NORMAL,Clear,NORMAL,Clear,NORMAL,Clear,NORMAL,Clear,
15172278.65,8984264.25,6188014.39,3207487.33,-3.19,0.0,19045.32379774176,4589.684885439622,0.0,46191.7988377223,856.9032411376027,251064.23542714407,5833.568957373432,2024-03-27,53.7,SWARM_ACTIVE,NORMAL,NORMAL,Clear,NORMAL,Clear,NORMAL,Clear,NORMAL,Clear,NORMAL,Clear,NORMAL,Clear,
15289015.36,9004518.46,6284496.9,3185382.65,-3.19,0.0,19197.807634072313,4629.792269014827,0.0,45982.15847783594,856.9032411376027,251064.23542714407,5833.568957373432,2024-03-28,55.0,SWARM_ACTIVE,NORMAL,NORMAL,Clear,NORMAL,Clear,NORMAL,Clear,NORMAL,Clear,NORMAL,Clear,NORMAL,Clear,
15471279.42,9004477.71,6466801.71,3106546.5,-3.19,0.0,19497.236483720102,4689.910474080241,0.0,46549.34414171202,856.9032411376027,251064.23542714407,5833.568957373432,2024-03-29,54.2,SWARM_ACTIVE,NORMAL,NORMAL,Clear,NORMAL,Clear,NORMAL,Clear,NORMAL,Clear,NORMAL,Clear,NORMAL,Clear,
15560343.98,9024284.38,6536059.6,3081902.85,-3.19,0.0,19708.22160128229,4714.904869713061,0.0,46427.703977537225,856.9032411376027,251064.23542714407,5833.568957373432,2024-04-01,54.1,SWARM_ACTIVE,NORMAL,NORMAL,Clear,NORMAL,Clear,NORMAL,Clear,NORMAL,Clear,NORMAL,Clear,NORMAL,Clear,
15577322.92,9017523.75,6559799.18,3045460.29,-3.19,0.0,20087.858990774963,4764.797372706365,0.0,46002.234906544116,856.9032411376027,251064.23542714407,5833.568957373432,2024-04-02,53.6,SWARM_ACTIVE,NORMAL,NORMAL,Clear,NORMAL,Clear,NORMAL,Clear,NORMAL,Clear,NORMAL,Clear,NORMAL,Clear,
15711072.79,9026656.11,6684416.68,2995800.92,-3.19,0.0,20441.670128015758,4805.14175474703,0.0,46012.80664496082,856.9032411376027,251064.23542714407,5833.568957373432,2024-04-03,54.3,SWARM_ACTIVE,NORMAL,NORMAL,Clear,NORMAL,Clear,NORMAL,Clear,NORMAL,Clear,NORMAL,Clear,NORMAL,Clear,
15615050.24,8930633.56,6684416.68,2944824.46,-3.19,0.0,21058.709726856534,4841.347108431641,0.0,45626.45112578469,856.9032411376027,251064.23542714407,5833.568957373432,2024-04-04,54.7,SWARM_ACTIVE,NORMAL,NORMAL,Clear,NORMAL,Clear,NORMAL,Clear,NORMAL,Clear,NORMAL,Clear,NORMAL,Clear,
15706226.3,9021809.62,6684416.68,2993518.91,-3.19,0.0,20867.824015429727,4809.30671110102,0.0,45238.24211961351,856.9032411376027,251064.23542714407,5833.568957373432,2024-04-05,54.7,SWARM_ACTIVE,NORMAL,NORMAL,Clear,NORMAL,Clear,NORMAL,Clear,NORMAL,Clear,NORMAL,Clear,NORMAL,Clear,
15569153.62,8990888.88,6578264.74,2999222.05,-3.19,0.0,21155.45854101869,4771.6163673380215,0.0,44926.09346663722,856.9032411376027,251064.23542714407,5833.568957373432,2024-04-08,54.7,SWARM_ACTIVE,NORMAL,NORMAL,Clear,NORMAL,Clear,NORMAL,Clear,NORMAL,Clear,NORMAL,Clear,NORMAL,Clear,
15474082.59,8961555.43,6512527.16,3002076.3,-3.19,0.0,21595.57373551376,4724.414191795684,0.0,44495.772527740926,856.9032411376027,251064.23542714407,5833.568957373432,2024-04-09,54.7,SWARM_ACTIVE,NORMAL,NORMAL,Clear,NORMAL,Clear,NORMAL,Clear,NORMAL,Clear,NORMAL,Clear,NORMAL,Clear,
15705596.44,8986089.1,6719507.34,2953404.12,-3.19,0.0,21750.693783715196,4794.512728000314,0.0,44597.478268518054,856.9032411376027,251064.23542714407,5833.568957373432,2024-04-10,54.2,SWARM_ACTIVE,NORMAL,NORMAL,Clear,NORMAL,Clear,NORMAL,Clear,NORMAL,Clear,NORMAL,Clear,NORMAL,Clear,
15814316.7,9095568.3,6718748.4,2978078.41,-3.19,0.0,21368.441724862492,4769.196167531362,0.0,45053.6862874546,856.9032411376027,251064.23542714407,5833.568957373432,2024-04-11,49.9,SWARM_ACTIVE,NORMAL,NORMAL,Clear,NORMAL,Clear,NORMAL,Clear,NORMAL,Clear,NORMAL,Clear,NORMAL,Clear,
15757038.09,8976247.87,6780790.22,2848727.16,-3.19,0.0,22088.640999037572,4845.958838205329,0.0,45768.14338060828,856.9032411376027,251064.23542714407,5833.568957373432,2024-04-12,49.2,SWARM_ACTIVE,NORMAL,NORMAL,Clear,NORMAL,Clear,NORMAL,Clear,NORMAL,Clear,NORMAL,Clear,NORMAL,Clear,
15750980.39,8873830.27,6877150.12,2736440.12,-3.19,0.0,22726.2403686025,4928.501139020816,0.0,46260.389926263044,856.9032411376027,251064.23542714407,5833.568957373432,2024-04-15,49.4,SWARM_ACTIVE,NORMAL,NORMAL,Clear,NORMAL,Clear,NORMAL,Clear,NORMAL,Clear,NORMAL,Clear,NORMAL,Clear,
15637313.51,8887905.21,6749408.3,2764100.68,-3.19,0.0,22363.57549248812,4913.511600736885,0.0,46493.23849292218,856.9032411376027,251064.23542714407,5833.568957373432,2024-04-16,48.9,SWARM_ACTIVE,NORMAL,NORMAL,Clear,NORMAL,Clear,NORMAL,Clear,NORMAL,Clear,NORMAL,Clear,NORMAL,Clear,
15555147.25,8780783.77,6774363.47,2687534.68,-3.19,0.0,23129.769203341315,4945.371258719023,0.0,46463.8940812468,856.9032411376027,251064.23542714407,5833.568957373432,2024-04-17,49.5,SWARM_ACTIVE,NORMAL,NORMAL,Clear,NORMAL,Clear,NORMAL,Clear,NORMAL,Clear,NORMAL,Clear,NORMAL,Clear,
15646208.13,8777144.53,6869063.61,2636707.45,-3.19,0.0,23145.654912902264,5009.107036626004,0.0,46976.41396489573,856.9032411376027,251064.23542714407,5833.568957373432,2024-04-18,48.8,SWARM_ACTIVE,NORMAL,NORMAL,Clear,NORMAL,Clear,NORMAL,Clear,NORMAL,Clear,NORMAL,Clear,NORMAL,Clear,
15424797.25,8562729.44,6862067.81,2495177.75,-3.19,0.0,25292.15939255311,5054.989780577902,0.0,46061.58022445186,856.9032411376027,251064.23542714407,5833.568957373432,2024-04-19,48.5,SWARM_ACTIVE,NORMAL,NORMAL,Clear,NORMAL,Clear,NORMAL,Clear,NORMAL,Clear,NORMAL,Clear,NORMAL,Clear,
15364161.89,8680741.62,6683420.27,2651010.27,-3.19,0.0,23955.72550844665,4986.75263192398,0.0,45585.86209539232,856.9032411376027,251064.23542714407,5833.568957373432,2024-04-22,49.5,SWARM_ACTIVE,NORMAL,NORMAL,Clear,NORMAL,Clear,NORMAL,Clear,NORMAL,Clear,NORMAL,Clear,NORMAL,Clear,
15302542.16,8792414.65,6510127.51,2811138.96,-3.19,0.0,22823.099363485824,4883.729492652773,0.0,45065.533777074146,856.9032411376027,251064.23542714407,5833.568957373432,2024-04-23,50.3,SWARM_ACTIVE,NORMAL,NORMAL,Clear,NORMAL,Clear,NORMAL,Clear,NORMAL,Clear,NORMAL,Clear,NORMAL,Clear,
15368020.88,8738068.91,6629951.97,2747908.07,-3.19,0.0,23574.491219504875,4881.266871969226,0.0,45161.71743787129,856.9032411376027,251064.23542714407,5833.568957373432,2024-04-24,50.5,SWARM_ACTIVE,NORMAL,NORMAL,Clear,NORMAL,Clear,NORMAL,Clear,NORMAL,Clear,NORMAL,Clear,NORMAL,Clear,
15422715.69,8807052.79,6615662.9,2812204.43,-3.19,0.0,22685.193800379213,4912.645107471769,0.0,45071.17036944329,856.9032411376027,251064.23542714407,5833.568957373432,2024-04-25,50.3,SWARM_ACTIVE,NORMAL,NORMAL,Clear,NORMAL,Clear,NORMAL,Clear,NORMAL,Clear,NORMAL,Clear,NORMAL,Clear,
15803390.46,8935596.9,6867793.56,2815879.68,-3.19,0.0,21709.71168010348,4948.28595144391,0.0,46542.12372152817,856.9032411376027,251064.23542714407,5833.568957373432,2024-04-26,50.6,SWARM_ACTIVE,NORMAL,NORMAL,Clear,NORMAL,Clear,NORMAL,Clear,NORMAL,Clear,NORMAL,Clear,NORMAL,Clear,
15736812.07,8958765.15,6778046.92,2887970.89,-3.19,0.0,21416.68250118475,4895.482841238908,0.0,46018.43783624253,856.9032411376027,251064.23542714407,5833.568957373432,2024-04-29,51.3,SWARM_ACTIVE,NORMAL,NORMAL,Clear,NORMAL,Clear,NORMAL,Clear,NORMAL,Clear,NORMAL,Clear,NORMAL,Clear,
15583206.71,8827774.56,6755432.15,2836147.84,-3.19,0.0,21414.686611090896,4934.3375417646075,0.0,46824.88310455901,856.9032411376027,251064.23542714407,5833.568957373432,2024-04-30,51.7,SWARM_ACTIVE,NORMAL,NORMAL,Clear,NORMAL,Clear,NORMAL,Clear,NORMAL,Clear,NORMAL,Clear,NORMAL,Clear,
15463276.08,8707843.93,6755432.15,2779386.45,-3.19,0.0,21997.573399993926,4923.394793666796,0.0,47121.453279262896,856.9032411376027,251064.23542714407,5833.568957373432,2024-05-01,51.9,SWARM_ACTIVE,NORMAL,NORMAL,Clear,NORMAL,Clear,NORMAL,Clear,NORMAL,Clear,NORMAL,Clear,NORMAL,Clear,
15562267.95,8806835.8,6755432.15,2851191.71,-3.19,0.0,21334.93196761403,4888.834958722256,0.0,47111.64684040727,856.9032411376027,251064.23542714407,5833.568957373432,2024-05-02,52.1,SWARM_ACTIVE,NORMAL,NORMAL,Clear,NORMAL,Clear,NORMAL,Clear,NORMAL,Clear,NORMAL,Clear,NORMAL,Clear,
15667336.45,8911904.3,6755432.15,2917917.02,-3.19,0.0,20689.697539043802,4827.158172228378,0.0,47501.45037020954,856.9032411376027,251064.23542714407,5833.568957373432,2024-05-03,52.0,SWARM_ACTIVE,NORMAL,NORMAL,Clear,NORMAL,Clear,NORMAL,Clear,NORMAL,Clear,NORMAL,Clear,NORMAL,Clear,
15822834.7,9020273.74,6802560.96,2974324.57,-3.19,0.0,20031.415441663674,4817.005769839602,0.0,47695.98760317481,856.9032411376027,251064.23542714407,5833.568957373432,2024-05-06,52.1,SWARM_ACTIVE,NORMAL,NORMAL,Clear,NORMAL,Clear,NORMAL,Clear,NORMAL,Clear,NORMAL,Clear,NORMAL,Clear,
15779675.44,8986753.49,6792921.95,2965614.3,-3.19,0.0,20190.11361263159,4800.35585225621,0.0,47731.99433288297,856.9032411376027,251064.23542714407,5833.568957373432,2024-05-07,52.5,SWARM_ACTIVE,NORMAL,NORMAL,Clear,NORMAL,Clear,NORMAL,Clear,NORMAL,Clear,NORMAL,Clear,NORMAL,Clear,
15747567.19,8980150.04,6767417.15,2983378.73,-3.19,0.0,20068.903155620654,4786.900688574904,0.0,47710.04343456762,856.9032411376027,251064.23542714407,5833.568957373432,2024-05-08,53.1,SWARM_ACTIVE,NORMAL,NORMAL,Clear,NORMAL,Clear,NORMAL,Clear,NORMAL,Clear,NORMAL,Clear,NORMAL,Clear,
15838204.21,8979440.51,6858763.71,2959871.78,-3.19,0.0,20477.1092202963,4800.458254960261,0.0,47290.570584466564,856.9032411376027,251064.23542714407,5833.568957373432,2024-05-09,53.0,SWARM_ACTIVE,NORMAL,NORMAL,Clear,NORMAL,Clear,NORMAL,Clear,NORMAL,Clear,NORMAL,Clear,NORMAL,Clear,
15935437.63,8995862.6,6939575.03,2930557.98,-3.19,0.0,20377.872426139395,4829.785611284949,0.0,47862.66152902945,856.9032411376027,251064.23542714407,5833.568957373432,2024-05-10,52.9,SWARM_ACTIVE,NORMAL,NORMAL,Clear,NORMAL,Clear,NORMAL,Clear,NORMAL,Clear,NORMAL,Clear,NORMAL,Clear,
15880938.96,9005657.11,6875281.85,2944017.95,-3.19,0.0,20240.1403530837,4822.642583745681,0.0,47910.22636083,856.9032411376027,251064.23542714407,5833.568957373432,2024-05-13,52.5,SWARM_ACTIVE,NORMAL,NORMAL,Clear,NORMAL,Clear,NORMAL,Clear,NORMAL,Clear,NORMAL,Clear,NORMAL,Clear,
15986245.9,9041325.65,6944920.24,2934619.9,-3.19,0.0,20181.59508740862,4827.523688378168,0.0,48194.34539446423,856.9032411376027,251064.23542714407,5833.568957373432,2024-05-14,52.5,SWARM_ACTIVE,NORMAL,NORMAL,Clear,NORMAL,Clear,NORMAL,Clear,NORMAL,Clear,NORMAL,Clear,NORMAL,Clear,
16036611.13,9145448.46,6891162.68,3013753.96,-3.19,0.0,19621.284602198666,4768.417209010391,0.0,48200.95867316134,856.9032411376027,251064.23542714407,5833.568957373432,2024-05-15,52.4,SWARM_ACTIVE,NORMAL,NORMAL,Clear,NORMAL,Clear,NORMAL,Clear,NORMAL,Clear,NORMAL,Clear,NORMAL,Clear,
16027402.23,9129793.72,6897608.51,3010492.45,-3.19,0.0,19596.9153275768,4769.696913236777,0.0,48313.57898476863,856.9032411376027,251064.23542714407,5833.568957373432,2024-05-16,52.0,SWARM_ACTIVE,NORMAL,NORMAL,Clear,NORMAL,Clear,NORMAL,Clear,NORMAL,Clear,NORMAL,Clear,NORMAL,Clear,
16169674.36,9121801.84,7047872.52,2947438.23,-3.19,0.0,20371.433300060162,4796.840901454531,0.0,47849.93564463129,856.9032411376027,251064.23542714407,5833.568957373432,2024-05-17,52.8,SWARM_ACTIVE,NORMAL,NORMAL,Clear,NORMAL,Clear,NORMAL,Clear,NORMAL,Clear,NORMAL,Clear,NORMAL,Clear,
16381575.28,9169507.16,7212068.12,2866136.23,-3.19,0.0,20524.734559155426,4839.713538107024,0.0,48913.82532209314,856.9032411376027,251064.23542714407,5833.568957373432,2024-05-20,50.6,SWARM_ACTIVE,NORMAL,NORMAL,Clear,NORMAL,Clear,NORMAL,Clear,NORMAL,Clear,NORMAL,Clear,NORMAL,Clear,
16175880.37,9175501.05,7000379.32,2906370.55,-3.19,0.0,20375.65496983774,4791.250961491974,0.0,48819.400611283236,856.9032411376027,251064.23542714407,5833.568957373432,2024-05-21,49.8,SWARM_ACTIVE,NORMAL,NORMAL,Clear,NORMAL,Clear,NORMAL,Clear,NORMAL,Clear,NORMAL,Clear,NORMAL,Clear,
16085058.65,9124669.28,6960389.37,2873854.27,-3.19,0.0,20506.667248821093,4774.336422707431,0.0,49455.911062834006,856.9032411376027,251064.23542714407,5833.568957373432,2024-05-22,49.9,SWARM_ACTIVE,NORMAL,NORMAL,Clear,NORMAL,Clear,NORMAL,Clear,NORMAL,Clear,NORMAL,Clear,NORMAL,Clear,
16087108.48,9276687.89,6810420.59,3011667.01,-3.19,0.0,18846.067863320393,4804.982860596259,0.0,49931.65445666701,856.9032411376027,251064.23542714407,5833.568957373432,2024-05-23,49.7,SWARM_ACTIVE,NORMAL,NORMAL,Clear,NORMAL,Clear,NORMAL,Clear,NORMAL,Clear,NORMAL,Clear,NORMAL,Clear,
16124895.78,9350254.28,6774641.5,3053909.09,-3.19,0.0,18373.069845767648,4801.797144550565,0.0,50151.3244995708,856.9032411376027,251064.23542714407,5833.568957373432,2024-05-24,49.7,SWARM_ACTIVE,NORMAL,NORMAL,Clear,NORMAL,Clear,NORMAL,Clear,NORMAL,Clear,NORMAL,Clear,NORMAL,Clear,
16205441.23,9350193.03,6855248.21,3030623.14,-3.19,0.0,18399.714056239536,4826.486510656188,0.0,50365.293734670304,856.9032411376027,251064.23542714407,5833.568957373432,2024-05-27,50.7,SWARM_ACTIVE,NORMAL,NORMAL,Clear,NORMAL,Clear,NORMAL,Clear,NORMAL,Clear,NORMAL,Clear,NORMAL,Clear,
16319634.1,9517466.07,6802168.03,3158137.89,-3.19,0.0,17281.183370573122,4839.720538901313,0.0,50219.750901064195,856.9032411376027,251064.23542714407,5833.568957373432,2024-05-28,50.7,SWARM_ACTIVE,NORMAL,NORMAL,Clear,NORMAL,Clear,NORMAL,Clear,NORMAL,Clear,NORMAL,Clear,NORMAL,Clear,
16390834.25,9479111.85,6911722.4,3102521.91,-3.19,0.0,17017.58799376112,4907.229684810342,0.0,51509.99103477695,856.9032411376027,251064.23542714407,5833.568957373432,2024-05-29,50.7,SWARM_ACTIVE,NORMAL,NORMAL,Clear,NORMAL,Clear,NORMAL,Clear,NORMAL,Clear,NORMAL,Clear,NORMAL,Clear,
16087589.49,9387989.02,6699600.47,3194039.21,-3.19,0.0,16977.138016886238,4840.830428415886,0.0,50171.895973343824,856.9032411376027,251064.23542714407,5833.568957373432,2024-05-30,52.4,SWARM_ACTIVE,NORMAL,NORMAL,Clear,NORMAL,Clear,NORMAL,Clear,NORMAL,Clear,NORMAL,Clear,NORMAL,Clear,
16057358.81,9422688.7,6634670.11,3302458.91,-3.19,0.0,16797.749094596085,4805.3253057155025,0.0,48512.252132273876,856.9032411376027,251064.23542714407,5833.568957373432,2024-05-31,53.7,SWARM_ACTIVE,NORMAL,NORMAL,Clear,NORMAL,Clear,NORMAL,Clear,NORMAL,Clear,NORMAL,Clear,NORMAL,Clear,
16103354.73,9468322.94,6635031.79,3361455.11,-3.19,0.0,16003.57008141776,4779.671928732093,0.0,49531.082091799115,856.9032411376027,251064.23542714407,5833.568957373432,2024-06-03,53.2,SWARM_ACTIVE,NORMAL,NORMAL,Clear,NORMAL,Clear,NORMAL,Clear,NORMAL,Clear,NORMAL,Clear,NORMAL,Clear,
16164114.07,9476688.75,6687425.32,3354469.91,-3.19,0.0,15780.03780812222,4800.7577965211385,0.0,50083.71508078355,856.9032411376027,251064.23542714407,5833.568957373432,2024-06-04,51.9,SWARM_ACTIVE,NORMAL,NORMAL,Clear,NORMAL,Clear,NORMAL,Clear,NORMAL,Clear,NORMAL,Clear,NORMAL,Clear,
16194982.53,9614624.56,6580357.97,3494085.47,-3.19,0.0,15033.694590332612,4703.78624517681,0.0,49991.74005851784,856.9032411376027,251064.23542714407,5833.568957373432,2024-06-05,52.9,SWARM_ACTIVE,NORMAL,NORMAL,Clear,NORMAL,Clear,NORMAL,Clear,NORMAL,Clear,NORMAL,Clear,NORMAL,Clear,
16314228.73,9603163.83,6711064.9,3445705.48,-3.19,0.0,15172.138343014723,4749.475917383937,0.0,50240.74976094906,856.9032411376027,251064.23542714407,5833.568957373432,2024-06-06,52.0,SWARM_ACTIVE,NORMAL,NORMAL,Clear,NORMAL,Clear,NORMAL,Clear,NORMAL,Clear,NORMAL,Clear,NORMAL,Clear,
16260879.89,9590980.38,6669899.5,3489033.46,-3.19,0.0,15000.07182833708,4717.341460553953,0.0,50056.03679751487,856.9032411376027,251064.23542714407,5833.568957373432,2024-06-07,54.2,SWARM_ACTIVE,NORMAL,NORMAL,Clear,NORMAL,Clear,NORMAL,Clear,NORMAL,Clear,NORMAL,Clear,NORMAL,Clear,
16299165.71,9629266.21,6669899.5,3522707.14,-3.19,0.0,14876.535893813485,4704.110499604145,0.0,49762.17569883962,856.9032411376027,251064.23542714407,5833.568957373432,2024-06-10,53.7,SWARM_ACTIVE,NORMAL,NORMAL,Clear,NORMAL,Clear,NORMAL,Clear,NORMAL,Clear,NORMAL,Clear,NORMAL,Clear,
16095099.01,9626928.13,6468170.88,3597647.2,-3.19,0.0,14739.494005594459,4618.267026028382,0.0,49325.32004175359,856.9032411376027,251064.23542714407,5833.568957373432,2024-06-11,53.5,SWARM_ACTIVE,NORMAL,NORMAL,Clear,NORMAL,Clear,NORMAL,Clear,NORMAL,Clear,NORMAL,Clear,NORMAL,Clear,
16199067.7,9695509.06,6503558.63,3630169.15,-3.19,0.0,14383.710359425593,4575.4773321707125,0.0,50082.50990382955,856.9032411376027,251064.23542714407,5833.568957373432,2024-06-12,54.1,SWARM_ACTIVE,NORMAL,NORMAL,Clear,NORMAL,Clear,NORMAL,Clear,NORMAL,Clear,NORMAL,Clear,NORMAL,Clear,
16141387.43,9751075.64,6390311.8,3685674.29,-3.19,0.0,13931.562626783498,4542.871120689062,0.0,50521.3171413499,856.9032411376027,251064.23542714407,5833.568957373432,2024-06-13,52.8,SWARM_ACTIVE,NORMAL,NORMAL,Clear,NORMAL,Clear,NORMAL,Clear,NORMAL,Clear,NORMAL,Clear,NORMAL,Clear,
16234930.72,9777966.37,6456964.35,3672271.72,-3.19,0.0,13755.45806827603,4551.938195970656,0.0,51297.35490238823,856.9032411376027,251064.23542714407,5833.568957373432,2024-06-14,52.9,SWARM_ACTIVE,NORMAL,NORMAL,Clear,NORMAL,Clear,NORMAL,Clear,NORMAL,Clear,NORMAL,Clear,NORMAL,Clear,
16250341.26,9797564.42,6452776.84,3697547.47,-3.19,0.0,13784.318758205387,4498.246779104437,0.0,51218.30707057357,856.9032411376027,251064.23542714407,5833.568957373432,2024-06-17,53.4,SWARM_ACTIVE,NORMAL,NORMAL,Clear,NORMAL,Clear,NORMAL,Clear,NORMAL,Clear,NORMAL,Clear,NORMAL,Clear,
16290167.16,9870526.64,6419640.51,3770114.43,-3.19,0.0,13359.025640454929,4484.832407812204,0.0,51013.82452681139,856.9032411376027,251064.23542714407,5833.568957373432,2024-06-18,54.1,SWARM_ACTIVE,NORMAL,NORMAL,Clear,NORMAL,Clear,NORMAL,Clear,NORMAL,Clear,NORMAL,Clear,NORMAL,Clear,
16388628.09,9870454.0,6518174.08,3716386.53,-3.19,0.0,13518.920828780501,4510.989899433223,0.0,51478.26468404735,856.9032411376027,251064.23542714407,5833.568957373432,2024-06-19,52.8,SWARM_ACTIVE,NORMAL,NORMAL,Clear,NORMAL,Clear,NORMAL,Clear,NORMAL,Clear,NORMAL,Clear,NORMAL,Clear,
16398647.34,9828441.92,6570205.42,3679576.86,-3.19,0.0,13842.251000833907,4557.462376204734,0.0,50828.04883725468,856.9032411376027,251064.23542714407,5833.568957373432,2024-06-20,52.8,SWARM_ACTIVE,NORMAL,NORMAL,Clear,NORMAL,Clear,NORMAL,Clear,NORMAL,Clear,NORMAL,Clear,NORMAL,Clear,
16223732.19,9751798.58,6471933.61,3727747.12,-3.19,0.0,13911.017289464919,4492.930137542222,0.0,50208.586378518485,856.9032411376027,251064.23542714407,5833.568957373432,2024-06-21,55.5,SWARM_ACTIVE,NORMAL,NORMAL,Clear,NORMAL,Clear,NORMAL,Clear,NORMAL,Clear,NORMAL,Clear,NORMAL,Clear,
16186773.22,9663411.16,6523362.07,3686569.24,-3.19,0.0,14742.012623006416,4511.929832646096,0.0,48688.40221449971,856.9032411376027,251064.23542714407,5833.568957373432,2024-06-24,55.7,SWARM_ACTIVE,NORMAL,NORMAL,Clear,NORMAL,Clear,NORMAL,Clear,NORMAL,Clear,NORMAL,Clear,NORMAL,Clear,
16308516.45,9809952.82,6498563.64,3781130.53,-3.19,0.0,14066.740505273572,4484.713064938266,0.0,48766.221624917736,856.9032411376027,251064.23542714407,5833.568957373432,2024-06-25,55.2,SWARM_ACTIVE,NORMAL,NORMAL,Clear,NORMAL,Clear,NORMAL,Clear,NORMAL,Clear,NORMAL,Clear,NORMAL,Clear,
16271834.6,9797728.22,6474106.38,3751410.28,-3.19,0.0,14105.979038891655,4489.596898038287,0.0,49285.9527205679,856.9032411376027,251064.23542714407,5833.568957373432,2024-06-26,53.2,SWARM_ACTIVE,NORMAL,NORMAL,Clear,NORMAL,Clear,NORMAL,Clear,NORMAL,Clear,NORMAL,Clear,NORMAL,Clear,
16158592.21,9774165.36,6384426.84,3762587.28,-3.19,0.0,14279.717716385225,4455.664002995946,0.0,48902.87349105945,856.9032411376027,251064.23542714407,5833.568957373432,2024-06-27,53.9,SWARM_ACTIVE,NORMAL,NORMAL,Clear,NORMAL,Clear,NORMAL,Clear,NORMAL,Clear,NORMAL,Clear,NORMAL,Clear,
16265675.71,9764783.91,6500891.79,3708872.44,-3.19,0.0,14499.183354141627,4504.5813977978105,0.0,48979.21963109842,856.9032411376027,251064.23542714407,5833.568957373432,2024-06-28,54.1,SWARM_ACTIVE,NORMAL,NORMAL,Clear,NORMAL,Clear,NORMAL,Clear,NORMAL,Clear,NORMAL,Clear,NORMAL,Clear,
16360581.88,9789466.48,6571115.41,3676552.44,-3.19,0.0,14612.499787435478,4511.64286416398,0.0,49320.98496104189,856.9032411376027,251064.23542714407,5833.568957373432,2024-07-01,53.3,SWARM_ACTIVE,NORMAL,NORMAL,Clear,NORMAL,Clear,NORMAL,Clear,NORMAL,Clear,NORMAL,Clear,NORMAL,Clear,
16349950.78,9786628.19,6563322.58,3652009.8,-3.19,0.0,14900.765131345142,4465.886046412653,0.0,49579.96020171399,856.9032411376027,251064.23542714407,5833.568957373432,2024-07-02,52.9,SWARM_ACTIVE,NORMAL,NORMAL,Clear,NORMAL,Clear,NORMAL,Clear,NORMAL,Clear,NORMAL,Clear,NORMAL,Clear,
16500020.65,9897540.51,6602480.14,3683239.89,-3.19,0.0,14521.839022174661,4465.865318480765,0.0,49977.18006692528,856.9032411376027,251064.23542714407,5833.568957373432,2024-07-03,52.6,SWARM_ACTIVE,NORMAL,NORMAL,Clear,NORMAL,Clear,NORMAL,Clear,NORMAL,Clear,NORMAL,Clear,NORMAL,Clear,
16557225.0,9897474.61,6659750.39,3633554.72,-3.19,0.0,14684.483311767637,4489.6819319885735,0.0,50371.59087943916,856.9032411376027,251064.23542714407,5833.568957373432,2024-07-04,51.9,SWARM_ACTIVE,NORMAL,NORMAL,Clear,NORMAL,Clear,NORMAL,Clear,NORMAL,Clear,NORMAL,Clear,NORMAL,Clear,
16498509.21,9849987.04,6648522.17,3593605.15,-3.19,0.0,14935.677507869514,4449.030998489381,0.0,51031.21130394119,856.9032411376027,251064.23542714407,5833.568957373432,2024-07-05,51.9,SWARM_ACTIVE,NORMAL,NORMAL,Clear,NORMAL,Clear,NORMAL,Clear,NORMAL,Clear,NORMAL,Clear,NORMAL,Clear,
16530784.53,9877140.56,6653643.97,3607957.68,-3.19,0.0,14735.590507905532,4441.152854477468,0.0,51386.23823955668,856.9032411376027,251064.23542714407,5833.568957373432,2024-07-08,52.4,SWARM_ACTIVE,NORMAL,NORMAL,Clear,NORMAL,Clear,NORMAL,Clear,NORMAL,Clear,NORMAL,Clear,NORMAL,Clear,
16664289.84,9906510.91,6757778.92,3580899.92,-3.19,0.0,14550.456829013649,4471.5837246796655,0.0,52244.8877234953,856.9032411376027,251064.23542714407,5833.568957373432,2024-07-09,51.8,SWARM_ACTIVE,NORMAL,NORMAL,Clear,NORMAL,Clear,NORMAL,Clear,NORMAL,Clear,NORMAL,Clear,NORMAL,Clear,
16630375.14,9995714.96,6634660.18,3679647.96,-3.19,0.0,14149.974743936174,4416.862275383333,0.0,51832.4337416957,856.9032411376027,251064.23542714407,5833.568957373432,2024-07-10,51.7,SWARM_ACTIVE,NORMAL,NORMAL,Clear,NORMAL,Clear,NORMAL,Clear,NORMAL,Clear,NORMAL,Clear,NORMAL,Clear,
16660590.92,9864008.4,6796582.52,3550422.44,-3.19,0.0,14912.629972291084,4508.419144709092,0.0,51536.23101472294,856.9032411376027,251064.23542714407,5833.568957373432,2024-07-11,51.9,SWARM_ACTIVE,NORMAL,NORMAL,Clear,NORMAL,Clear,NORMAL,Clear,NORMAL,Clear,NORMAL,Clear,NORMAL,Clear,
16640724.46,9909846.83,6730877.63,3633034.87,-3.19,0.0,14613.301417783561,4453.46874677596,0.0,51140.32199498586,856.9032411376027,251064.23542714407,5833.568957373432,2024-07-12,53.3,SWARM_ACTIVE,NORMAL,NORMAL,Clear,NORMAL,Clear,NORMAL,Clear,NORMAL,Clear,NORMAL,Clear,NORMAL,Clear,
16738397.91,9937295.29,6801102.62,3625675.52,-3.19,0.0,14790.863755044815,4465.174446877613,0.0,50654.42206822632,856.9032411376027,251064.23542714407,5833.568957373432,2024-07-15,52.5,SWARM_ACTIVE,NORMAL,NORMAL,Clear,NORMAL,Clear,NORMAL,Clear,NORMAL,Clear,NORMAL,Clear,NORMAL,Clear,
16821045.84,9917218.72,6903827.11,3576032.6,-3.19,0.0,15115.120378640413,4483.070555210322,0.0,50650.46805434942,856.9032411376027,251064.23542714407,5833.568957373432,2024-07-16,52.4,SWARM_ACTIVE,NORMAL,NORMAL,Clear,NORMAL,Clear,NORMAL,Clear,NORMAL,Clear,NORMAL,Clear,NORMAL,Clear,
16501081.78,9748091.6,6752990.18,3532642.33,-3.19,0.0,15865.780574697837,4512.961857954368,0.0,49307.20672242126,856.9032411376027,251064.23542714407,5833.568957373432,2024-07-17,52.4,SWARM_ACTIVE,NORMAL,NORMAL,Clear,NORMAL,Clear,NORMAL,Clear,NORMAL,Clear,NORMAL,Clear,NORMAL,Clear,
16578125.21,9790874.45,6787250.76,3547976.42,-3.19,0.0,15590.523963128559,4543.661220651863,0.0,49382.12450584861,856.9032411376027,251064.23542714407,5833.568957373432,2024-07-18,52.8,SWARM_ACTIVE,NORMAL,NORMAL,Clear,NORMAL,Clear,NORMAL,Clear,NORMAL,Clear,NORMAL,Clear,NORMAL,Clear,
16390342.87,9698452.26,6691890.62,3516990.3,-3.19,0.0,15910.793418177343,4532.226471278777,0.0,49349.79519437134,856.9032411376027,251064.23542714407,5833.568957373432,2024-07-19,52.1,SWARM_ACTIVE,NORMAL,NORMAL,Clear,NORMAL,Clear,NORMAL,Clear,NORMAL,Clear,NORMAL,Clear,NORMAL,Clear,
16393582.94,9805838.33,6587744.61,3604278.25,-3.19,0.0,15306.051390137096,4474.566522097901,0.0,49689.979098498756,856.9032411376027,251064.23542714407,5833.568957373432,2024-07-22,52.1,SWARM_ACTIVE,NORMAL,NORMAL,Clear,NORMAL,Clear,NORMAL,Clear,NORMAL,Clear,NORMAL,Clear,NORMAL,Clear,
16018775.47,9749116.91,6269658.56,3657623.11,-3.19,0.0,15248.136602811239,4395.105571305476,0.0,49494.14775363343,856.9032411376027,251064.23542714407,5833.568957373432,2024-07-23,51.6,SWARM_ACTIVE,NORMAL,NORMAL,Clear,NORMAL,Clear,NORMAL,Clear,NORMAL,Clear,NORMAL,Clear,NORMAL,Clear,
15807612.71,9547021.76,6260590.96,3507182.59,-3.19,0.0,16356.883650491221,4485.647474106947,0.0,49075.835640377096,856.9032411376027,251064.23542714407,5833.568957373432,2024-07-24,51.0,SWARM_ACTIVE,NORMAL,NORMAL,Clear,NORMAL,Clear,NORMAL,Clear,NORMAL,Clear,NORMAL,Clear,NORMAL,Clear,
15520814.99,9528321.74,5992493.25,3574386.94,-3.19,0.0,16481.769694980594,4445.242429095828,0.0,47636.47921119064,856.9032411376027,251064.23542714407,5833.568957373432,2024-07-25,50.6,SWARM_ACTIVE,NORMAL,NORMAL,Clear,NORMAL,Clear,NORMAL,Clear,NORMAL,Clear,NORMAL,Clear,NORMAL,Clear,
15665759.7,9568375.41,6097384.29,3549762.01,-3.19,0.0,16604.25447519321,4436.421529316831,0.0,47973.849380500105,856.9032411376027,251064.23542714407,5833.568957373432,2024-07-26,50.5,SWARM_ACTIVE,NORMAL,NORMAL,Clear,NORMAL,Clear,NORMAL,Clear,NORMAL,Clear,NORMAL,Clear,NORMAL,Clear,
15643814.02,9530001.92,6113812.1,3506427.32,-3.19,0.0,16890.155188703913,4425.555663453177,0.0,48350.703272285595,856.9032411376027,251064.23542714407,5833.568957373432,2024-07-29,50.3,SWARM_ACTIVE,NORMAL,NORMAL,Clear,NORMAL,Clear,NORMAL,Clear,NORMAL,Clear,NORMAL,Clear,NORMAL,Clear,
15454352.99,9401957.72,6052395.27,3448843.15,-3.19,0.0,17998.06502632101,4427.704594926755,0.0,47027.68438856168,856.9032411376027,251064.23542714407,5833.568957373432,2024-07-30,50.2,SWARM_ACTIVE,NORMAL,NORMAL,Clear,NORMAL,Clear,NORMAL,Clear,NORMAL,Clear,NORMAL,Clear,NORMAL,Clear,
15966557.04,9709072.5,6257484.54,3568149.13,-3.19,0.0,16229.167487777228,4466.898714252995,0.0,48583.081597978344,856.9032411376027,251064.23542714407,5833.568957373432,2024-07-31,50.1,SWARM_ACTIVE,NORMAL,NORMAL,Clear,NORMAL,Clear,NORMAL,Clear,NORMAL,Clear,NORMAL,Clear,NORMAL,Clear,
15681446.04,9474419.24,6207026.8,3508995.81,-3.19,0.0,16812.971957643575,4463.124953855453,0.0,48515.35915280074,856.9032411376027,251064.23542714407,5833.568957373432,2024-08-01,53.3,SWARM_ACTIVE,NORMAL,NORMAL,Clear,NORMAL,Clear,NORMAL,Clear,NORMAL,Clear,NORMAL,Clear,NORMAL,Clear,
15364223.74,9339421.45,6024802.29,3529622.46,-3.19,0.0,16602.397281466834,4468.0153589263355,0.0,48509.4189487625,856.9032411376027,251064.23542714407,5833.568957373432,2024-08-02,53.0,SWARM_ACTIVE,NORMAL,NORMAL,Clear,NORMAL,Clear,NORMAL,Clear,NORMAL,Clear,NORMAL,Clear,NORMAL,Clear,
15085671.62,9121899.5,5963772.12,3448620.47,-3.19,0.0,17320.521443184396,4502.725327635763,0.0,48359.05096258069,856.9032411376027,251064.23542714407,5833.568957373432,2024-08-05,53.4,SWARM_ACTIVE,NORMAL,NORMAL,Clear,NORMAL,Clear,NORMAL,Clear,NORMAL,Clear,NORMAL,Clear,NORMAL,Clear,
15097896.43,9218374.43,5879522.0,3552478.02,-3.19,0.0,16609.75273977115,4465.418738574839,0.0,48029.761568267626,856.9032411376027,251064.23542714407,5833.568957373432,2024-08-06,52.8,SWARM_ACTIVE,NORMAL,NORMAL,Clear,NORMAL,Clear,NORMAL,Clear,NORMAL,Clear,NORMAL,Clear,NORMAL,Clear,
15029290.48,9116527.61,5912762.87,3490996.79,-3.19,0.0,17402.900067714734,4484.73974275647,0.0,47419.05790555053,856.9032411376027,251064.23542714407,5833.568957373432,2024-08-07,53.6,SWARM_ACTIVE,NORMAL,NORMAL,Clear,NORMAL,Clear,NORMAL,Clear,NORMAL,Clear,NORMAL,Clear,NORMAL,Clear,
15175477.21,9323423.04,5852054.17,3642344.76,-3.19,0.0,16471.368600776757,4402.65531656057,0.0,47012.150815971254,856.9032411376027,251064.23542714407,5833.568957373432,2024-08-08,52.6,SWARM_ACTIVE,NORMAL,NORMAL,Clear,NORMAL,Clear,NORMAL,Clear,NORMAL,Clear,NORMAL,Clear,NORMAL,Clear,
15234237.81,9334343.53,5899894.28,3654779.55,-3.19,0.0,16474.284234849318,4380.75414473135,0.0,46942.3966634072,856.9032411376027,251064.23542714407,5833.568957373432,2024-08-09,53.9,SWARM_ACTIVE,NORMAL,NORMAL,Clear,NORMAL,Clear,NORMAL,Clear,NORMAL,Clear,NORMAL,Clear,NORMAL,Clear,
15317254.42,9418689.44,5898564.98,3720071.94,-3.19,0.0,15805.935025698502,4391.261596402592,0.0,47006.8257954363,856.9032411376027,251064.23542714407,5833.568957373432,2024-08-12,53.6,SWARM_ACTIVE,NORMAL,NORMAL,Clear,NORMAL,Clear,NORMAL,Clear,NORMAL,Clear,NORMAL,Clear,NORMAL,Clear,
15519646.29,9560424.01,5959222.28,3812101.38,-3.19,0.0,14873.181215405686,4331.597664493054,0.0,48033.00189242092,856.9032411376027,251064.23542714407,5833.568957373432,2024-08-13,54.3,SWARM_ACTIVE,NORMAL,NORMAL,Clear,NORMAL,Clear,NORMAL,Clear,NORMAL,Clear,NORMAL,Clear,NORMAL,Clear,
15509658.34,9601617.48,5908040.86,3887162.6,-3.19,0.0,14480.7328175833,4313.973974348805,0.0,47546.36941142348,856.9032411376027,251064.23542714407,5833.568957373432,2024-08-14,55.1,SWARM_ACTIVE,NORMAL,NORMAL,Clear,NORMAL,Clear,NORMAL,Clear,NORMAL,Clear,NORMAL,Clear,NORMAL,Clear,
15715012.95,9744966.37,5970046.59,3979828.49,-3.19,0.0,13982.547745316939,4250.467573802431,0.0,47507.126682666254,856.9032411376027,251064.23542714407,5833.568957373432,2024-08-15,55.0,SWARM_ACTIVE,NORMAL,NORMAL,Clear,NORMAL,Clear,NORMAL,Clear,NORMAL,Clear,NORMAL,Clear,NORMAL,Clear,
15815237.03,9769224.18,6046012.84,3997454.16,-3.19,0.0,13739.486495277006,4254.3325822705465,0.0,47757.46458641568,856.9032411376027,251064.23542714407,5833.568957373432,2024-08-16,55.3,SWARM_ACTIVE,NORMAL,NORMAL,Clear,NORMAL,Clear,NORMAL,Clear,NORMAL,Clear,NORMAL,Clear,NORMAL,Clear,
16022315.06,9883814.68,6138500.38,4064897.67,-3.19,0.0,13237.109331102129,4237.542501538551,0.0,47890.68165312834,856.9032411376027,251064.23542714407,5833.568957373432,2024-08-19,55.8,SWARM_ACTIVE,NORMAL,NORMAL,Clear,NORMAL,Clear,NORMAL,Clear,NORMAL,Clear,NORMAL,Clear,NORMAL,Clear,
15878809.22,9788406.54,6090402.68,4050446.84,-3.19,0.0,13248.334359123814,4199.059582513843,0.0,48632.48678995583,856.9032411376027,251064.23542714407,5833.568957373432,2024-08-20,55.7,SWARM_ACTIVE,NORMAL,NORMAL,Clear,NORMAL,Clear,NORMAL,Clear,NORMAL,Clear,NORMAL,Clear,NORMAL,Clear,
15926066.08,9817710.55,6108355.53,4099166.72,-3.19,0.0,13042.549702027462,4174.456727303105,0.0,48382.65145357279,856.9032411376027,251064.23542714407,5833.568957373432,2024-08-21,57.0,SWARM_ACTIVE,NORMAL,NORMAL,Clear,NORMAL,Clear,NORMAL,Clear,NORMAL,Clear,NORMAL,Clear,NORMAL,Clear,
15861072.0,9729223.6,6131848.4,4042580.67,-3.19,0.0,13385.859111178357,4223.393624844553,0.0,48170.24582890188,856.9032411376027,251064.23542714407,5833.568957373432,2024-08-22,56.2,SWARM_ACTIVE,NORMAL,NORMAL,Clear,NORMAL,Clear,NORMAL,Clear,NORMAL,Clear,NORMAL,Clear,NORMAL,Clear,
15982410.9,9856542.68,6125868.23,4139425.67,-3.19,0.0,12866.274415364032,4200.898985102909,0.0,47727.57730849309,856.9032411376027,251064.23542714407,5833.568957373432,2024-08-23,56.9,SWARM_ACTIVE,NORMAL,NORMAL,Clear,NORMAL,Clear,NORMAL,Clear,NORMAL,Clear,NORMAL,Clear,NORMAL,Clear,
15990291.57,9817999.88,6172291.69,4101628.97,-3.19,0.0,13064.870233307662,4249.081072559502,0.0,47495.23963282624,856.9032411376027,251064.23542714407,5833.568957373432,2024-08-26,56.0,SWARM_ACTIVE,NORMAL,NORMAL,Clear,NORMAL,Clear,NORMAL,Clear,NORMAL,Clear,NORMAL,Clear,NORMAL,Clear,
15957823.73,9828744.18,6129079.55,4143341.61,-3.19,0.0,12839.956704830622,4212.119216622441,0.0,47601.31338508141,856.9032411376027,251064.23542714407,5833.568957373432,2024-08-27,57.5,SWARM_ACTIVE,NORMAL,NORMAL,Clear,NORMAL,Clear,NORMAL,Clear,NORMAL,Clear,NORMAL,Clear,NORMAL,Clear,
15809998.44,9758425.75,6051572.69,4098372.95,-3.19,0.0,13242.092066730884,4221.071386658929,0.0,47372.56672735945,856.9032411376027,251064.23542714407,5833.568957373432,2024-08-28,56.0,SWARM_ACTIVE,NORMAL,NORMAL,Clear,NORMAL,Clear,NORMAL,Clear,NORMAL,Clear,NORMAL,Clear,NORMAL,Clear,
15762592.4,9675692.44,6086899.96,3994657.89,-3.19,0.0,14280.873723339784,4237.725433682359,0.0,46764.51515718413,856.9032411376027,251064.23542714407,5833.568957373432,2024-08-29,54.5,SWARM_ACTIVE,NORMAL,NORMAL,Clear,NORMAL,Clear,NORMAL,Clear,NORMAL,Clear,NORMAL,Clear,NORMAL,Clear,
15880575.94,9732094.02,6148481.91,3971156.82,-3.19,0.0,14364.993567822088,4240.031421489772,0.0,47048.848668204424,856.9032411376027,251064.23542714407,5833.568957373432,2024-08-30,54.3,SWARM_ACTIVE,NORMAL,NORMAL,Clear,NORMAL,Clear,NORMAL,Clear,NORMAL,Clear,NORMAL,Clear,NORMAL,Clear,
15727713.92,9732070.55,5995643.37,3974450.33,-3.19,0.0,14405.986588673895,4234.222210075798,0.0,46923.307388220666,856.9032411376027,251064.23542714407,5833.568957373432,2024-09-02,53.5,SWARM_ACTIVE,NORMAL,NORMAL,Clear,NORMAL,Clear,NORMAL,Clear,NORMAL,Clear,NORMAL,Clear,NORMAL,Clear,
15460579.94,9456907.92,6003672.02,3776147.95,-3.19,0.0,15748.91581082048,4303.1705343173835,0.0,47431.94369940813,856.9032411376027,251064.23542714407,5833.568957373432,2024-09-03,53.5,SWARM_ACTIVE,NORMAL,NORMAL,Clear,NORMAL,Clear,NORMAL,Clear,NORMAL,Clear,NORMAL,Clear,NORMAL,Clear,
15200784.51,9395645.45,5805139.06,3795040.53,-3.19,0.0,15796.380892549538,4259.768923964005,0.0,47333.070420676224,856.9032411376027,251064.23542714407,5833.568957373432,2024-09-04,53.6,SWARM_ACTIVE,NORMAL,NORMAL,Clear,NORMAL,Clear,NORMAL,Clear,NORMAL,Clear,NORMAL,Clear,NORMAL,Clear,
15205030.77,9397906.04,5807124.73,3780851.24,-3.19,0.0,15791.93986651888,4260.236901176599,0.0,47681.3514222909,856.9032411376027,251064.23542714407,5833.568957373432,2024-09-05,53.6,SWARM_ACTIVE,NORMAL,NORMAL,Clear,NORMAL,Clear,NORMAL,Clear,NORMAL,Clear,NORMAL,Clear,NORMAL,Clear,
15068179.95,9251828.06,5816351.89,3656628.18,-3.19,0.0,16551.952178465777,4341.201671230763,0.0,47924.30813289954,856.9032411376027,251064.23542714407,5833.568957373432,2024-09-06,52.8,SWARM_ACTIVE,NORMAL,NORMAL,Clear,NORMAL,Clear,NORMAL,Clear,NORMAL,Clear,NORMAL,Clear,NORMAL,Clear,
14994225.42,9350914.64,5643310.78,3753668.94,-3.19,0.0,16011.631860684722,4283.849824667615,0.0,47590.04940798805,856.9032411376027,251064.23542714407,5833.568957373432,2024-09-09,52.0,SWARM_ACTIVE,NORMAL,NORMAL,Clear,NORMAL,Clear,NORMAL,Clear,NORMAL,Clear,NORMAL,Clear,NORMAL,Clear,
15001322.6,9361008.14,5640314.45,3747441.39,-3.19,0.0,15865.78332459151,4252.19698344658,0.0,48486.511287822694,856.9032411376027,251064.23542714407,5833.568957373432,2024-09-10,52.4,SWARM_ACTIVE,NORMAL,NORMAL,Clear,NORMAL,Clear,NORMAL,Clear,NORMAL,Clear,NORMAL,Clear,NORMAL,Clear,
15192095.45,9524442.46,5667652.99,3827017.69,-3.19,0.0,14856.375324339737,4232.693716015633,0.0,49664.23978240225,856.9032411376027,251064.23542714407,5833.568957373432,2024-09-11,52.0,SWARM_ACTIVE,NORMAL,NORMAL,Clear,NORMAL,Clear,NORMAL,Clear,NORMAL,Clear,NORMAL,Clear,NORMAL,Clear,
15241722.59,9594811.0,5646911.59,3871269.62,-3.19,0.0,14606.201846874475,4217.507785351195,0.0,49482.219442329755,856.9032411376027,251064.23542714407,5833.568957373432,2024-09-12,52.5,SWARM_ACTIVE,NORMAL,NORMAL,Clear,NORMAL,Clear,NORMAL,Clear,NORMAL,Clear,NORMAL,Clear,NORMAL,Clear,
15320795.69,9614354.46,5706441.23,3851005.75,-3.19,0.0,14681.806569026996,4237.476989050326,0.0,49527.059304561204,856.9032411376027,251064.23542714407,5833.568957373432,2024-09-13,52.7,SWARM_ACTIVE,NORMAL,NORMAL,Clear,NORMAL,Clear,NORMAL,Clear,NORMAL,Clear,NORMAL,Clear,NORMAL,Clear,
15300995.7,9594554.46,5706441.23,3833918.94,-3.19,0.0,14949.190171572756,4261.036369527149,0.0,48914.04055624574,856.9032411376027,251064.23542714407,5833.568957373432,2024-09-16,52.7,SWARM_ACTIVE,NORMAL,NORMAL,Clear,NORMAL,Clear,NORMAL,Clear,NORMAL,Clear,NORMAL,Clear,NORMAL,Clear,
15311436.44,9604995.2,5706441.23,3837444.59,-3.19,0.0,15133.960173606723,4263.64026792763,0.0,48287.81038847395,856.9032411376027,251064.23542714407,5833.568957373432,2024-09-17,52.8,SWARM_ACTIVE,NORMAL,NORMAL,Clear,NORMAL,Clear,NORMAL,Clear,NORMAL,Clear,NORMAL,Clear,NORMAL,Clear,
15347594.78,9566596.76,5780998.03,3776761.65,-3.19,0.0,15487.01370847035,4292.751918351598,0.0,48455.04665725049,856.9032411376027,251064.23542714407,5833.568957373432,2024-09-18,52.5,SWARM_ACTIVE,NORMAL,NORMAL,Clear,NORMAL,Clear,NORMAL,Clear,NORMAL,Clear,NORMAL,Clear,NORMAL,Clear,
15578608.29,9711173.99,5867434.3,3829744.82,-3.19,0.0,15132.232281062008,4251.725053020996,0.0,48653.98505434594,856.9032411376027,251064.23542714407,5833.568957373432,2024-09-19,52.5,SWARM_ACTIVE,NORMAL,NORMAL,Clear,NORMAL,Clear,NORMAL,Clear,NORMAL,Clear,NORMAL,Clear,NORMAL,Clear,
15654612.42,9674305.56,5980306.86,3763732.21,-3.19,0.0,15453.902386047219,4280.223639329403,0.0,49009.27893446463,856.9032411376027,251064.23542714407,5833.568957373432,2024-09-20,52.6,SWARM_ACTIVE,NORMAL,NORMAL,Clear,NORMAL,Clear,NORMAL,Clear,NORMAL,Clear,NORMAL,Clear,NORMAL,Clear,
15687628.05,9709247.13,5978380.93,3781844.33,-3.19,0.0,15508.62059979903,4274.083852014299,0.0,48505.16762490105,856.9032411376027,251064.23542714407,5833.568957373432,2024-09-23,52.7,SWARM_ACTIVE,NORMAL,NORMAL,Clear,NORMAL,Clear,NORMAL,Clear,NORMAL,Clear,NORMAL,Clear,NORMAL,Clear,
16076486.2,9785458.8,6291027.4,3671667.07,-3.19,0.0,15415.770944578733,4383.454825897206,0.0,50111.79090202529,856.9032411376027,251064.23542714407,5833.568957373432,2024-09-24,52.1,SWARM_ACTIVE,NORMAL,NORMAL,Clear,NORMAL,Clear,NORMAL,Clear,NORMAL,Clear,NORMAL,Clear,NORMAL,Clear,
16230960.78,9786132.38,6444828.4,3584914.33,-3.19,0.0,15291.6032842973,4448.776835674432,0.0,51796.18728692426,856.9032411376027,251064.23542714407,5833.568957373432,2024-09-25,52.1,SWARM_ACTIVE,NORMAL,NORMAL,Clear,NORMAL,Clear,NORMAL,Clear,NORMAL,Clear,NORMAL,Clear,NORMAL,Clear,
16442513.56,9767748.8,6674764.76,3455457.98,-3.19,0.0,15477.158306850533,4507.292417231807,0.0,53695.39076668638,856.9032411376027,251064.23542714407,5833.568957373432,2024-09-26,52.5,SWARM_ACTIVE,NORMAL,NORMAL,Clear,NORMAL,Clear,NORMAL,Clear,NORMAL,Clear,NORMAL,Clear,NORMAL,Clear,
16670878.38,9759424.54,6911453.84,3316858.13,-3.19,0.0,16172.792668213311,4620.572626488451,0.0,53677.85099972426,856.9032411376027,251064.23542714407,5833.568957373432,2024-09-27,52.7,SWARM_ACTIVE,NORMAL,NORMAL,Clear,NORMAL,Clear,NORMAL,Clear,NORMAL,Clear,NORMAL,Clear,NORMAL,Clear,
17086735.96,9781700.72,7305035.24,3107738.67,-3.19,0.0,16788.016792194183,4770.951047248806,0.0,55133.33379668817,856.9032411376027,251064.23542714407,5833.568957373432,2024-09-30,52.3,SWARM_ACTIVE,NORMAL,NORMAL,Clear,NORMAL,Clear,NORMAL,Clear,NORMAL,Clear,NORMAL,Clear,NORMAL,Clear,
17032694.06,9727658.81,7305035.24,3037256.75,-3.19,0.0,17661.872130705382,4830.668638328072,0.0,53730.02796807769,856.9032411376027,251064.23542714407,5833.568957373432,2024-10-01,52.9,SWARM_ACTIVE,NORMAL,NORMAL,Clear,NORMAL,Clear,NORMAL,Clear,NORMAL,Clear,NORMAL,Clear,NORMAL,Clear,
17092147.66,9787112.41,7305035.24,3045797.46,-3.19,0.0,17663.49850418858,4850.319450231452,0.0,53312.61450830105,856.9032411376027,251064.23542714407,5833.568957373432,2024-10-02,52.9,SWARM_ACTIVE,NORMAL,NORMAL,Clear,NORMAL,Clear,NORMAL,Clear,NORMAL,Clear,NORMAL,Clear,NORMAL,Clear,
17201942.88,9896907.63,7305035.24,3095793.17,-3.19,0.0,17319.704014156705,4893.278565063561,0.0,52671.08674684283,856.9032411376027,251064.23542714407,5833.568957373432,2024-10-03,52.9,SWARM_ACTIVE,NORMAL,NORMAL,Clear,NORMAL,Clear,NORMAL,Clear,NORMAL,Clear,NORMAL,Clear,NORMAL,Clear,
17287277.68,9982242.44,7305035.24,3128477.44,-3.19,0.0,17209.846372200074,4887.962845825433,0.0,52303.710438657516,856.9032411376027,251064.23542714407,5833.568957373432,2024-10-04,52.9,SWARM_ACTIVE,NORMAL,NORMAL,Clear,NORMAL,Clear,NORMAL,Clear,NORMAL,Clear,NORMAL,Clear,NORMAL,Clear,
17318352.32,10013317.08,7305035.24,3139200.15,-3.19,0.0,16942.792647371873,4955.260817929551,0.0,52104.67470343937,856.9032411376027,251064.23542714407,5833.568957373432,2024-10-07,52.9,SWARM_ACTIVE,NORMAL,NORMAL,Clear,NORMAL,Clear,NORMAL,Clear,NORMAL,Clear,NORMAL,Clear,NORMAL,Clear,
17582892.16,10075245.05,7507647.11,3016780.39,-3.19,0.0,16771.756122212137,5034.259077640306,0.0,54543.684224963086,856.9032411376027,251064.23542714407,5833.568957373432,2024-10-08,52.9,SWARM_ACTIVE,NORMAL,NORMAL,Clear,NORMAL,Clear,NORMAL,Clear,NORMAL,Clear,NORMAL,Clear,NORMAL,Clear,
17005887.07,10104700.57,6901186.5,3212158.91,-3.19,0.0,16465.009270070408,4875.66598647268,0.0,52787.385090513846,856.9032411376027,251064.23542714407,5833.568957373432,2024-10-09,56.0,SWARM_ACTIVE,NORMAL,NORMAL,Clear,NORMAL,Clear,NORMAL,Clear,NORMAL,Clear,NORMAL,Clear,NORMAL,Clear,
17210872.27,10153048.53,7057823.74,3336323.02,-3.19,0.0,16051.959432450936,4824.23400779434,0.0,51805.466096676675,856.9032411376027,251064.23542714407,5833.568957373432,2024-10-10,63.6,SWARM_ACTIVE,NORMAL,NORMAL,Clear,NORMAL,Clear,NORMAL,Clear,NORMAL,Clear,NORMAL,Clear,NORMAL,Clear,
17081026.29,10170622.1,6910404.19,3451378.63,-3.19,0.0,15818.099232601817,4750.030312159148,0.0,50743.48799075332,856.9032411376027,251064.23542714407,5833.568957373432,2024-10-11,62.8,SWARM_ACTIVE,NORMAL,NORMAL,Clear,NORMAL,Clear,NORMAL,Clear,NORMAL,Clear,NORMAL,Clear,NORMAL,Clear,
17299298.8,10240775.3,7058523.5,3495348.95,-3.19,0.0,15529.111116088532,4727.673788299633,0.0,50898.66312936069,856.9032411376027,251064.23542714407,5833.568957373432,2024-10-14,63.9,SWARM_ACTIVE,NORMAL,NORMAL,Clear,NORMAL,Clear,NORMAL,Clear,NORMAL,Clear,NORMAL,Clear,NORMAL,Clear,
16874905.3,10036027.15,6838878.15,3446868.7,-3.19,0.0,15842.967771741938,4698.352311641451,0.0,51395.68692712101,856.9032411376027,251064.23542714407,5833.568957373432,2024-10-15,62.3,SWARM_ACTIVE,NORMAL,NORMAL,Clear,NORMAL,Clear,NORMAL,Clear,NORMAL,Clear,NORMAL,Clear,NORMAL,Clear,
16961917.01,10112084.88,6849832.13,3512197.39,-3.19,0.0,15399.713019261973,4703.092930440325,0.0,51220.73754455206,856.9032411376027,251064.23542714407,5833.568957373432,2024-10-16,63.8,SWARM_ACTIVE,NORMAL,NORMAL,Clear,NORMAL,Clear,NORMAL,Clear,NORMAL,Clear,NORMAL,Clear,NORMAL,Clear,
16880480.69,10142798.21,6737682.49,3585132.13,-3.19,0.0,15146.178015189114,4677.936414699696,0.0,50622.279672038036,856.9032411376027,251064.23542714407,5833.568957373432,2024-10-17,63.7,SWARM_ACTIVE,NORMAL,NORMAL,Clear,NORMAL,Clear,NORMAL,Clear,NORMAL,Clear,NORMAL,Clear,NORMAL,Clear,
17166645.91,10166601.92,7000043.99,3523552.04,-3.19,0.0,15219.525236108393,4714.009201716727,0.0,51399.31855107107,856.9032411376027,251064.23542714407,5833.568957373432,2024-10-18,63.3,SWARM_ACTIVE,NORMAL,NORMAL,Clear,NORMAL,Clear,NORMAL,Clear,NORMAL,Clear,NORMAL,Clear,NORMAL,Clear,
17405879.76,10251204.03,7154675.73,3453604.41,-3.19,0.0,14984.143390977672,4816.965452929983,0.0,52624.717981444905,856.9032411376027,251064.23542714407,5833.568957373432,2024-10-21,60.9,SWARM_ACTIVE,NORMAL,NORMAL,Clear,NORMAL,Clear,NORMAL,Clear,NORMAL,Clear,NORMAL,Clear,NORMAL,Clear,
17365704.42,10257155.47,7108548.95,3485783.69,-3.19,0.0,14897.32987834813,4800.571716401379,0.0,52355.228568047765,856.9032411376027,251064.23542714407,5833.568957373432,2024-10-22,62.9,SWARM_ACTIVE,NORMAL,NORMAL,Clear,NORMAL,Clear,NORMAL,Clear,NORMAL,Clear,NORMAL,Clear,NORMAL,Clear,
17221340.7,10149058.72,7072281.97,3460737.18,-3.19,0.0,15068.450185661559,4821.2657890341425,0.0,52148.492928218744,856.9032411376027,251064.23542714407,5833.568957373432,2024-10-23,63.3,SWARM_ACTIVE,NORMAL,NORMAL,Clear,NORMAL,Clear,NORMAL,Clear,NORMAL,Clear,NORMAL,Clear,NORMAL,Clear,
17134161.05,10180535.29,6953625.76,3532419.93,-3.19,0.0,14869.3023013086,4752.955013679583,0.0,51907.24910474423,856.9032411376027,251064.23542714407,5833.568957373432,2024-10-24,63.2,SWARM_ACTIVE,NORMAL,NORMAL,Clear,NORMAL,Clear,NORMAL,Clear,NORMAL,Clear,NORMAL,Clear,NORMAL,Clear,
17178000.5,10210676.88,6967323.62,3560287.82,-3.19,0.0,14755.39683597316,4722.598702175923,0.0,51980.39725021801,856.9032411376027,251064.23542714407,5833.568957373432,2024-10-25,63.2,SWARM_ACTIVE,NORMAL,NORMAL,Clear,NORMAL,Clear,NORMAL,Clear,NORMAL,Clear,NORMAL,Clear,NORMAL,Clear,
17131746.26,10181756.44,6949989.82,3527143.96,-3.19,0.0,14836.720694207925,4719.03561703602,0.0,52527.99778951281,856.9032411376027,251064.23542714407,5833.568957373432,2024-10-28,62.0,SWARM_ACTIVE,NORMAL,NORMAL,Clear,NORMAL,Clear,NORMAL,Clear,NORMAL,Clear,NORMAL,Clear,NORMAL,Clear,
17083034.11,10180583.1,6902451.01,3550932.91,-3.19,0.0,14749.856349349122,4648.75279386914,0.0,53081.41809530859,856.9032411376027,251064.23542714407,5833.568957373432,2024-10-29,62.9,SWARM_ACTIVE,NORMAL,NORMAL,Clear,NORMAL,Clear,NORMAL,Clear,NORMAL,Clear,NORMAL,Clear,NORMAL,Clear,
16999382.39,10139988.56,6859393.83,3558929.9,-3.19,0.0,14851.508690670065,4643.417209183933,0.0,52618.33628561642,856.9032411376027,251064.23542714407,5833.568957373432,2024-10-30,63.1,SWARM_ACTIVE,NORMAL,NORMAL,Clear,NORMAL,Clear,NORMAL,Clear,NORMAL,Clear,NORMAL,Clear,NORMAL,Clear,
16766573.41,9998353.0,6768220.42,3538948.94,-3.19,0.0,15280.643406565936,4661.909575849273,0.0,51536.82774573772,856.9032411376027,251064.23542714407,5833.568957373432,2024-10-31,63.0,SWARM_ACTIVE,NORMAL,NORMAL,Clear,NORMAL,Clear,NORMAL,Clear,NORMAL,Clear,NORMAL,Clear,NORMAL,Clear,
16921206.93,10041299.39,6879907.55,3551028.57,-3.19,0.0,15077.235848355313,4636.584206405633,0.0,52191.384876283904,856.9032411376027,251064.23542714407,5833.568957373432,2024-11-01,62.9,SWARM_ACTIVE,NORMAL,NORMAL,Clear,NORMAL,Clear,NORMAL,Clear,NORMAL,Clear,NORMAL,Clear,NORMAL,Clear,
17027628.11,10083054.0,6944574.11,3586422.72,-3.19,0.0,15024.55409693684,4641.320368024838,0.0,51480.40314199636,856.9032411376027,251064.23542714407,5833.568957373432,2024-11-04,62.6,SWARM_ACTIVE,NORMAL,NORMAL,Clear,NORMAL,Clear,NORMAL,Clear,NORMAL,Clear,NORMAL,Clear,NORMAL,Clear,
17296122.95,10184393.75,7111729.2,3647793.36,-3.19,0.0,14720.961920759988,4598.611050754882,0.0,51524.48888967201,856.9032411376027,251064.23542714407,5833.568957373432,2024-11-05,61.9,SWARM_ACTIVE,NORMAL,NORMAL,Clear,NORMAL,Clear,NORMAL,Clear,NORMAL,Clear,NORMAL,Clear,NORMAL,Clear,
17396449.56,10413092.29,6983357.28,3843295.02,-3.19,0.0,14256.08898491699,4488.206320942447,0.0,49907.62863576325,856.9032411376027,251064.23542714407,5833.568957373432,2024-11-06,56.4,SWARM_ACTIVE,NORMAL,NORMAL,Clear,NORMAL,Clear,NORMAL,Clear,NORMAL,Clear,NORMAL,Clear,NORMAL,Clear,
17513324.36,10484689.41,7028634.95,3822117.74,-3.19,0.0,14151.904839026583,4479.298281491762,0.0,50828.87518813353,856.9032411376027,251064.23542714407,5833.568957373432,2024-11-07,53.5,SWARM_ACTIVE,NORMAL,NORMAL,Clear,NORMAL,Clear,NORMAL,Clear,NORMAL,Clear,NORMAL,Clear,NORMAL,Clear,
17451445.61,10484734.74,6966710.87,3787322.97,-3.19,0.0,14297.831292169225,4498.29974166233,0.0,50907.123319853716,856.9032411376027,251064.23542714407,5833.568957373432,2024-11-08,52.8,SWARM_ACTIVE,NORMAL,NORMAL,Clear,NORMAL,Clear,NORMAL,Clear,NORMAL,Clear,NORMAL,Clear,NORMAL,Clear,
17333694.71,10462430.86,6871263.86,3782864.7,-3.19,0.0,14467.374014503303,4490.1206227850425,0.0,50552.742105817364,856.9032411376027,251064.23542714407,5833.568957373432,2024-11-11,52.6,SWARM_ACTIVE,NORMAL,NORMAL,Clear,NORMAL,Clear,NORMAL,Clear,NORMAL,Clear,NORMAL,Clear,NORMAL,Clear,
17245419.95,10489931.04,6755488.9,3788150.98,-3.19,0.0,14302.9680811334,4492.5323659250125,0.0,50948.612064114,856.9032411376027,251064.23542714407,5833.568957373432,2024-11-12,51.6,SWARM_ACTIVE,NORMAL,NORMAL,Clear,NORMAL,Clear,NORMAL,Clear,NORMAL,Clear,NORMAL,Clear,NORMAL,Clear,
17288288.34,10475906.38,6812381.96,3738347.12,-3.19,0.0,14578.865062117771,4516.36645738934,0.0,50888.61234434745,856.9032411376027,251064.23542714407,5833.568957373432,2024-11-13,51.7,SWARM_ACTIVE,NORMAL,NORMAL,Clear,NORMAL,Clear,NORMAL,Clear,NORMAL,Clear,NORMAL,Clear,NORMAL,Clear,
17148905.07,10475811.02,6673094.04,3754177.13,-3.19,0.0,14537.161282647177,4526.905729280114,0.0,50557.68583014372,856.9032411376027,251064.23542714407,5833.568957373432,2024-11-14,51.2,SWARM_ACTIVE,NORMAL,NORMAL,Clear,NORMAL,Clear,NORMAL,Clear,NORMAL,Clear,NORMAL,Clear,NORMAL,Clear,
16958398.57,10348423.03,6609975.54,3720666.94,-3.19,0.0,14805.25698992489,4567.163875824177,0.0,50019.07151863815,856.9032411376027,251064.23542714407,5833.568957373432,2024-11-15,52.7,SWARM_ACTIVE,NORMAL,NORMAL,Clear,NORMAL,Clear,NORMAL,Clear,NORMAL,Clear,NORMAL,Clear,NORMAL,Clear,
16984253.16,10367147.78,6617105.38,3728477.81,-3.19,0.0,15062.76204345184,4534.912979721099,0.0,49412.240315639494,856.9032411376027,251064.23542714407,5833.568957373432,2024-11-18,51.6,SWARM_ACTIVE,NORMAL,NORMAL,Clear,NORMAL,Clear,NORMAL,Clear,NORMAL,Clear,NORMAL,Clear,NORMAL,Clear,
17230276.86,10471397.29,6758879.57,3733008.03,-3.19,0.0,14624.626435449636,4568.289211156961,0.0,50352.74966298904,856.9032411376027,251064.23542714407,5833.568957373432,2024-11-19,51.1,SWARM_ACTIVE,NORMAL,NORMAL,Clear,NORMAL,Clear,NORMAL,Clear,NORMAL,Clear,NORMAL,Clear,NORMAL,Clear,
17187172.07,10476776.84,6710395.23,3740277.87,-3.19,0.0,14700.894002490375,4580.417187388187,0.0,49822.816921836384,856.9032411376027,251064.23542714407,5833.568957373432,2024-11-20,50.5,SWARM_ACTIVE,NORMAL,NORMAL,Clear,NORMAL,Clear,NORMAL,Clear,NORMAL,Clear,NORMAL,Clear,NORMAL,Clear,
17261684.32,10515079.66,6746604.66,3748558.6,-3.19,0.0,14685.43811730649,4588.845372891744,0.0,49602.661748890656,856.9032411376027,251064.23542714407,5833.568957373432,2024-11-21,50.8,SWARM_ACTIVE,NORMAL,NORMAL,Clear,NORMAL,Clear,NORMAL,Clear,NORMAL,Clear,NORMAL,Clear,NORMAL,Clear,
17019114.52,10453033.65,6566080.87,3776657.44,-3.19,0.0,14924.607899321905,4535.073671998253,0.0,48850.23064135413,856.9032411376027,251064.23542714407,5833.568957373432,2024-11-22,50.5,SWARM_ACTIVE,NORMAL,NORMAL,Clear,NORMAL,Clear,NORMAL,Clear,NORMAL,Clear,NORMAL,Clear,NORMAL,Clear,
16858407.66,10323065.96,6535341.7,3717035.82,-3.19,0.0,15382.275776896475,4494.730175754213,0.0,49234.76590142274,856.9032411376027,251064.23542714407,5833.568957373432,2024-11-25,50.4,SWARM_ACTIVE,NORMAL,NORMAL,Clear,NORMAL,Clear,NORMAL,Clear,NORMAL,Clear,NORMAL,Clear,NORMAL,Clear,
16845399.77,10345878.63,6499521.14,3738336.58,-3.19,0.0,15273.994006361483,4472.781891019762,0.0,49335.31243836704,856.9032411376027,251064.23542714407,5833.568957373432,2024-11-26,50.1,SWARM_ACTIVE,NORMAL,NORMAL,Clear,NORMAL,Clear,NORMAL,Clear,NORMAL,Clear,NORMAL,Clear,NORMAL,Clear,
16861648.9,10301539.33,6560109.58,3685830.09,-3.19,0.0,15476.348208439951,4506.218912104017,0.0,49517.02626207602,856.9032411376027,251064.23542714407,5833.568957373432,2024-11-27,50.2,SWARM_ACTIVE,NORMAL,NORMAL,Clear,NORMAL,Clear,NORMAL,Clear,NORMAL,Clear,NORMAL,Clear,NORMAL,Clear,
16794419.88,10301486.87,6492933.01,3701349.89,-3.19,0.0,15448.074356045478,4488.705887787141,0.0,49453.05676823326,856.9032411376027,251064.23542714407,5833.568957373432,2024-11-28,49.7,SWARM_ACTIVE,NORMAL,NORMAL,Clear,NORMAL,Clear,NORMAL,Clear,NORMAL,Clear,NORMAL,Clear,NORMAL,Clear,
16953998.43,10375936.07,6578062.36,3700545.79,-3.19,0.0,15340.548345994895,4501.111449728624,0.0,49657.0950467441,856.9032411376027,251064.23542714407,5833.568957373432,2024-11-29,49.9,SWARM_ACTIVE,NORMAL,NORMAL,Clear,NORMAL,Clear,NORMAL,Clear,NORMAL,Clear,NORMAL,Clear,NORMAL,Clear,
16930952.82,10382483.31,6548469.51,3703571.0,-3.19,0.0,15347.02226760748,4459.3746541938235,0.0,50040.79485716911,856.9032411376027,251064.23542714407,5833.568957373432,2024-12-02,49.6,SWARM_ACTIVE,NORMAL,NORMAL,Clear,NORMAL,Clear,NORMAL,Clear,NORMAL,Clear,NORMAL,Clear,NORMAL,Clear,
16974388.58,10414210.52,6560178.05,3718454.13,-3.19,0.0,15212.269136146977,4456.299176952465,0.0,50163.49030472763,856.9032411376027,251064.23542714407,5833.568957373432,2024-12-03,49.7,SWARM_ACTIVE,NORMAL,NORMAL,Clear,NORMAL,Clear,NORMAL,Clear,NORMAL,Clear,NORMAL,Clear,NORMAL,Clear,
17046879.29,10461803.49,6585075.8,3734436.39,-3.19,0.0,14803.109486220794,4429.525787880348,0.0,51455.345214264235,856.9032411376027,251064.23542714407,5833.568957373432,2024-12-04,49.3,SWARM_ACTIVE,NORMAL,NORMAL,Clear,NORMAL,Clear,NORMAL,Clear,NORMAL,Clear,NORMAL,Clear,NORMAL,Clear,
16945476.77,10463144.92,6482331.85,3781967.43,-3.19,0.0,14692.244449015992,4409.232462734497,0.0,50983.0519834009,856.9032411376027,251064.23542714407,5833.568957373432,2024-12-05,49.0,SWARM_ACTIVE,NORMAL,NORMAL,Clear,NORMAL,Clear,NORMAL,Clear,NORMAL,Clear,NORMAL,Clear,NORMAL,Clear,
17008533.07,10406662.47,6601870.61,3704329.6,-3.19,0.0,14995.701480584163,4390.405361283398,0.0,51994.5369890552,856.9032411376027,251064.23542714407,5833.568957373432,2024-12-06,48.7,SWARM_ACTIVE,NORMAL,NORMAL,Clear,NORMAL,Clear,NORMAL,Clear,NORMAL,Clear,NORMAL,Clear,NORMAL,Clear,
16985757.82,10330522.45,6655235.37,3642834.92,-3.19,0.0,15350.920739137151,4415.626230045695,0.0,51972.73813193059,856.9032411376027,251064.23542714407,5833.568957373432,2024-12-09,48.6,SWARM_ACTIVE,NORMAL,NORMAL,Clear,NORMAL,Clear,NORMAL,Clear,NORMAL,Clear,NORMAL,Clear,NORMAL,Clear,
16986130.1,10249793.86,6736336.24,3568045.49,-3.19,0.0,15747.462297787391,4427.737464784083,0.0,52316.946153693716,856.9032411376027,251064.23542714407,5833.568957373432,2024-12-10,48.7,SWARM_ACTIVE,NORMAL,NORMAL,Clear,NORMAL,Clear,NORMAL,Clear,NORMAL,Clear,NORMAL,Clear,NORMAL,Clear,
17083678.28,10361227.36,6722450.92,3646391.87,-3.19,0.0,15348.720762497445,4372.473665410627,0.0,52459.58576435845,856.9032411376027,251064.23542714407,5833.568957373432,2024-12-11,48.8,SWARM_ACTIVE,NORMAL,NORMAL,Clear,NORMAL,Clear,NORMAL,Clear,NORMAL,Clear,NORMAL,Clear,NORMAL,Clear,
17111651.23,10297678.89,6813972.34,3582460.28,-3.19,0.0,15580.487952926349,4398.447369390918,0.0,52888.669582691226,856.9032411376027,251064.23542714407,5833.568957373432,2024-12-12,48.7,SWARM_ACTIVE,NORMAL,NORMAL,Clear,NORMAL,Clear,NORMAL,Clear,NORMAL,Clear,NORMAL,Clear,NORMAL,Clear,
16829162.96,10255672.77,6573490.19,3648167.83,-3.19,0.0,15694.180960957514,4295.304190397205,0.0,52264.823034471294,856.9032411376027,251064.23542714407,5833.568957373432,2024-12-13,48.8,SWARM_ACTIVE,NORMAL,NORMAL,Clear,NORMAL,Clear,NORMAL,Clear,NORMAL,Clear,NORMAL,Clear,NORMAL,Clear,
16730823.54,10203720.62,6527102.92,3628319.75,-3.19,0.0,15900.651225031796,4221.036955971458,0.0,53034.017112549074,856.9032411376027,251064.23542714407,5833.568957373432,2024-12-16,48.7,SWARM_ACTIVE,NORMAL,NORMAL,Clear,NORMAL,Clear,NORMAL,Clear,NORMAL,Clear,NORMAL,Clear,NORMAL,Clear,
16765695.54,10151550.65,6614144.89,3553478.04,-3.19,0.0,16189.615156372865,4247.689086964811,0.0,53585.4080562813,856.9032411376027,251064.23542714407,5833.568957373432,2024-12-17,48.3,SWARM_ACTIVE,NORMAL,NORMAL,Clear,NORMAL,Clear,NORMAL,Clear,NORMAL,Clear,NORMAL,Clear,NORMAL,Clear,
16601537.21,9980139.8,6621397.42,3430297.37,-3.19,0.0,16437.75664166195,4333.626865525375,0.0,54750.57507906632,856.9032411376027,251064.23542714407,5833.568957373432,2024-12-18,48.2,SWARM_ACTIVE,NORMAL,NORMAL,Clear,NORMAL,Clear,NORMAL,Clear,NORMAL,Clear,NORMAL,Clear,NORMAL,Clear,
16533820.2,9980025.31,6553794.89,3435594.03,-3.19,0.0,16292.0591661472,4329.71704343449,0.0,55143.24277024844,856.9032411376027,251064.23542714407,5833.568957373432,2024-12-19,47.5,SWARM_ACTIVE,NORMAL,NORMAL,Clear,NORMAL,Clear,NORMAL,Clear,NORMAL,Clear,NORMAL,Clear,NORMAL,Clear,
16522211.92,10086471.42,6435740.5,3538434.42,-3.19,0.0,15824.046671916742,4287.239568899541,0.0,54696.5317860723,856.9032411376027,251064.23542714407,5833.568957373432,2024-12-20,47.5,SWARM_ACTIVE,NORMAL,NORMAL,Clear,NORMAL,Clear,NORMAL,Clear,NORMAL,Clear,NORMAL,Clear,NORMAL,Clear,
16763702.15,10199480.56,6564221.59,3554699.77,-3.19,0.0,15470.639873543125,4305.420412366019,0.0,55276.23397985768,856.9032411376027,251064.23542714407,5833.568957373432,2024-12-23,47.5,SWARM_ACTIVE,NORMAL,NORMAL,Clear,NORMAL,Clear,NORMAL,Clear,NORMAL,Clear,NORMAL,Clear,NORMAL,Clear,
16887998.14,10257264.81,6630733.33,3565474.08,-3.19,0.0,15515.594401458096,4270.003085670599,0.0,55314.629934450626,856.9032411376027,251064.23542714407,5833.568957373432,2024-12-24,47.6,SWARM_ACTIVE,NORMAL,NORMAL,Clear,NORMAL,Clear,NORMAL,Clear,NORMAL,Clear,NORMAL,Clear,NORMAL,Clear,
16852197.83,10257238.26,6594959.57,3574990.51,-3.19,0.0,15491.70385226434,4257.802139368697,0.0,55320.879657494734,856.9032411376027,251064.23542714407,5833.568957373432,2024-12-25,47.4,SWARM_ACTIVE,NORMAL,NORMAL,Clear,NORMAL,Clear,NORMAL,Clear,NORMAL,Clear,NORMAL,Clear,NORMAL,Clear,
16828919.54,10249338.42,6579581.12,3571807.48,-3.19,0.0,15512.229840750542,4253.38744551339,0.0,55385.154381320666,856.9032411376027,251064.23542714407,5833.568957373432,2024-12-26,47.4,SWARM_ACTIVE,NORMAL,NORMAL,Clear,NORMAL,Clear,NORMAL,Clear,NORMAL,Clear,NORMAL,Clear,NORMAL,Clear,
16680216.77,10173986.66,6506230.11,3560326.48,-3.19,0.0,15687.21482657837,4263.465755420645,0.0,54950.72285729669,856.9032411376027,251064.23542714407,5833.568957373432,2024-12-27,47.5,SWARM_ACTIVE,NORMAL,NORMAL,Clear,NORMAL,Clear,NORMAL,Clear,NORMAL,Clear,NORMAL,Clear,NORMAL,Clear,
16739575.36,10151719.53,6587855.83,3517638.49,-3.19,0.0,15700.226565475014,4327.045209881473,0.0,55152.14950357376,856.9032411376027,251064.23542714407,5833.568957373432,2024-12-30,47.6,SWARM_ACTIVE,NORMAL,NORMAL,Clear,NORMAL,Clear,NORMAL,Clear,NORMAL,Clear,NORMAL,Clear,NORMAL,Clear,
16592819.5,10112213.71,6480605.79,3531617.17,-3.19,0.0,15934.150544484062,4325.401444480126,0.0,54075.449390544236,856.9032411376027,251064.23542714407,5833.568957373432,2024-12-31,47.4,SWARM_ACTIVE,NORMAL,NORMAL,Clear,NORMAL,Clear,NORMAL,Clear,NORMAL,Clear,NORMAL,Clear,NORMAL,Clear,
16622683.44,10198034.67,6424648.77,3596082.55,-3.19,0.0,15508.45221231764,4346.7609378772295,0.0,53681.15285584857,856.9032411376027,251064.23542714407,5833.568957373432,2025-01-02,47.5,SWARM_ACTIVE,NORMAL,NORMAL,Clear,NORMAL,Clear,NORMAL,Clear,NORMAL,Clear,NORMAL,Clear,NORMAL,Clear,
16853758.52,10350605.22,6503153.3,3655502.64,-3.19,0.0,15027.640894981698,4338.64012227699,0.0,54014.93247128568,856.9032411376027,251064.23542714407,5833.568957373432,2025-01-03,47.7,SWARM_ACTIVE,NORMAL,NORMAL,Clear,NORMAL,Clear,NORMAL,Clear,NORMAL,Clear,NORMAL,Clear,NORMAL,Clear,
16889905.02,10440307.89,6449597.13,3741285.66,-3.19,0.0,14497.421941733763,4295.750132975917,0.0,54387.432849115685,856.9032411376027,251064.23542714407,5833.568957373432,2025-01-06,47.8,SWARM_ACTIVE,NORMAL,NORMAL,Clear,NORMAL,Clear,NORMAL,Clear,NORMAL,Clear,NORMAL,Clear,NORMAL,Clear,
16826946.76,10288434.75,6538512.0,3631423.39,-3.19,0.0,15218.800428988185,4350.618032057069,0.0,53929.677291674074,856.9032411376027,251064.23542714407,5833.568957373432,2025-01-07,48.3,SWARM_ACTIVE,NORMAL,NORMAL,Clear,NORMAL,Clear,NORMAL,Clear,NORMAL,Clear,NORMAL,Clear,NORMAL,Clear,
16765928.39,10290567.97,6475360.42,3707271.64,-3.19,0.0,14993.84002113722,4307.075809807853,0.0,53411.02032826953,856.9032411376027,251064.23542714407,5833.568957373432,2025-01-08,50.1,SWARM_ACTIVE,NORMAL,NORMAL,Clear,NORMAL,Clear,NORMAL,Clear,NORMAL,Clear,NORMAL,Clear,NORMAL,Clear,
16795565.93,10290492.05,6505073.88,3715773.15,-3.19,0.0,14932.133694472097,4305.283696529565,0.0,53435.6716061465,856.9032411376027,251064.23542714407,5833.568957373432,2025-01-09,49.6,SWARM_ACTIVE,NORMAL,NORMAL,Clear,NORMAL,Clear,NORMAL,Clear,NORMAL,Clear,NORMAL,Clear,NORMAL,Clear,
16749879.63,10202479.95,6547399.68,3665669.02,-3.19,0.0,15262.485080641865,4352.202250722431,0.0,53002.03062841131,856.9032411376027,251064.23542714407,5833.568957373432,2025-01-10,49.6,SWARM_ACTIVE,NORMAL,NORMAL,Clear,NORMAL,Clear,NORMAL,Clear,NORMAL,Clear,NORMAL,Clear,NORMAL,Clear,
16822685.04,10202140.94,6620544.11,3655864.06,-3.19,0.0,15583.80417428029,4380.3811860159285,0.0,51919.47921341094,856.9032411376027,251064.23542714407,5833.568957373432,2025-01-13,49.8,SWARM_ACTIVE,NORMAL,NORMAL,Clear,NORMAL,Clear,NORMAL,Clear,NORMAL,Clear,NORMAL,Clear,NORMAL,Clear,
16900657.73,10201409.36,6699248.37,3628346.89,-3.19,0.0,15833.812060088403,4409.381004043207,0.0,51465.06910965954,856.9032411376027,251064.23542714407,5833.568957373432,2025-01-14,49.4,SWARM_ACTIVE,NORMAL,NORMAL,Clear,NORMAL,Clear,NORMAL,Clear,NORMAL,Clear,NORMAL,Clear,NORMAL,Clear,
16870156.43,10356852.52,6513303.91,3802410.89,-3.19,0.0,15287.717543409935,4302.679408612422,0.0,50460.26427396568,856.9032411376027,251064.23542714407,5833.568957373432,2025-01-15,49.3,SWARM_ACTIVE,NORMAL,NORMAL,Clear,NORMAL,Clear,NORMAL,Clear,NORMAL,Clear,NORMAL,Clear,NORMAL,Clear,
16899906.82,10316732.22,6583174.6,3756006.86,-3.19,0.0,15614.136100617075,4338.199685563732,0.0,50119.04039944028,856.9032411376027,251064.23542714407,5833.568957373432,2025-01-16,49.3,SWARM_ACTIVE,NORMAL,NORMAL,Clear,NORMAL,Clear,NORMAL,Clear,NORMAL,Clear,NORMAL,Clear,NORMAL,Clear,
17059668.87,10436118.86,6623550.02,3819154.84,-3.19,0.0,15282.382411887671,4303.669590163496,0.0,50127.534783141055,856.9032411376027,251064.23542714407,5833.568957373432,2025-01-17,49.4,SWARM_ACTIVE,NORMAL,NORMAL,Clear,NORMAL,Clear,NORMAL,Clear,NORMAL,Clear,NORMAL,Clear,NORMAL,Clear,
17160588.78,10436054.87,6724533.9,3777761.06,-3.19,0.0,15385.805284826454,4331.262000799934,0.0,50408.88373382614,856.9032411376027,251064.23542714407,5833.568957373432,2025-01-20,49.4,SWARM_ACTIVE,NORMAL,NORMAL,Clear,NORMAL,Clear,NORMAL,Clear,NORMAL,Clear,NORMAL,Clear,NORMAL,Clear,
17187100.72,10485483.43,6701617.29,3800936.83,-3.19,0.0,15050.00502418132,4336.682239650783,0.0,50877.619247784016,856.9032411376027,251064.23542714407,5833.568957373432,2025-01-21,49.4,SWARM_ACTIVE,NORMAL,NORMAL,Clear,NORMAL,Clear,NORMAL,Clear,NORMAL,Clear,NORMAL,Clear,NORMAL,Clear,
17198263.2,10566403.52,6631859.68,3871410.65,-3.19,0.0,14394.52448502994,4306.263364887953,0.0,51819.6709182608,856.9032411376027,251064.23542714407,5833.568957373432,2025-01-22,49.4,SWARM_ACTIVE,NORMAL,NORMAL,Clear,NORMAL,Clear,NORMAL,Clear,NORMAL,Clear,NORMAL,Clear,NORMAL,Clear,
17135876.12,10583778.79,6552097.34,3918749.38,-3.19,0.0,14266.431347119238,4285.329421421494,0.0,51428.739732273,856.9032411376027,251064.23542714407,5833.568957373432,2025-01-23,49.7,SWARM_ACTIVE,NORMAL,NORMAL,Clear,NORMAL,Clear,NORMAL,Clear,NORMAL,Clear,NORMAL,Clear,NORMAL,Clear,
17088621.96,10483143.87,6605478.09,3854623.04,-3.19,0.0,14603.341894543499,4294.29409932487,0.0,51684.54357655041,856.9032411376027,251064.23542714407,5833.568957373432,2025-01-24,50.1,SWARM_ACTIVE,NORMAL,NORMAL,Clear,NORMAL,Clear,NORMAL,Clear,NORMAL,Clear,NORMAL,Clear,NORMAL,Clear,
16678174.61,10040135.17,6638039.43,3610300.99,-3.19,0.0,16803.992841681495,4312.097594862591,0.0,51098.73034752833,856.9032411376027,251064.23542714407,5833.568957373432,2025-01-27,50.5,SWARM_ACTIVE,NORMAL,NORMAL,Clear,NORMAL,Clear,NORMAL,Clear,NORMAL,Clear,NORMAL,Clear,NORMAL,Clear,
16866793.62,10228754.19,6638039.43,3831291.57,-3.19,0.0,15066.733188146118,4262.524594477404,0.0,51756.786235482774,856.9032411376027,251064.23542714407,5833.568957373432,2025-01-28,53.8,SWARM_ACTIVE,NORMAL,NORMAL,Clear,NORMAL,Clear,NORMAL,Clear,NORMAL,Clear,NORMAL,Clear,NORMAL,Clear,
16787686.22,10149646.79,6638039.43,3882547.54,-3.19,0.0,15176.930671694186,4208.182241638033,0.0,50908.82154034311,856.9032411376027,251064.23542714407,5833.568957373432,2025-01-29,55.7,SWARM_ACTIVE,NORMAL,NORMAL,Clear,NORMAL,Clear,NORMAL,Clear,NORMAL,Clear,NORMAL,Clear,NORMAL,Clear,
16822647.14,10184607.7,6638039.43,3963306.86,-3.19,0.0,14783.158168501279,4180.341536820669,0.0,50512.67088356339,856.9032411376027,251064.23542714407,5833.568957373432,2025-01-30,55.8,SWARM_ACTIVE,NORMAL,NORMAL,Clear,NORMAL,Clear,NORMAL,Clear,NORMAL,Clear,NORMAL,Clear,NORMAL,Clear,
16690128.35,10052088.92,6638039.43,3919264.21,-3.19,0.0,15063.344989601595,4144.688780448061,0.0,51193.17666494883,856.9032411376027,251064.23542714407,5833.568957373432,2025-01-31,55.9,SWARM_ACTIVE,NORMAL,NORMAL,Clear,NORMAL,Clear,NORMAL,Clear,NORMAL,Clear,NORMAL,Clear,NORMAL,Clear,
16635081.36,9997041.92,6638039.43,3895648.59,-3.19,0.0,15401.735768512579,4163.467080889295,0.0,50593.099461256934,856.9032411376027,251064.23542714407,5833.568957373432,2025-02-03,55.4,SWARM_ACTIVE,NORMAL,NORMAL,Clear,NORMAL,Clear,NORMAL,Clear,NORMAL,Clear,NORMAL,Clear,NORMAL,Clear,
16737279.16,10099239.73,6638039.43,3960013.36,-3.19,0.0,15217.570819920838,4148.310050237663,0.0,49797.16591216746,856.9032411376027,251064.23542714407,5833.568957373432,2025-02-04,55.0,SWARM_ACTIVE,NORMAL,NORMAL,Clear,NORMAL,Clear,NORMAL,Clear,NORMAL,Clear,NORMAL,Clear,NORMAL,Clear,
16848534.2,10207595.6,6640938.6,4027557.4,-3.19,0.0,14522.74442338078,4169.651555524615,0.0,49977.54168672655,856.9032411376027,251064.23542714407,5833.568957373432,2025-02-05,54.9,SWARM_ACTIVE,NORMAL,NORMAL,Clear,NORMAL,Clear,NORMAL,Clear,NORMAL,Clear,NORMAL,Clear,NORMAL,Clear,
16849358.76,10234655.16,6614703.6,4063415.87,-3.19,0.0,14064.117220632537,4154.75145482616,0.0,50698.48631754507,856.9032411376027,251064.23542714407,5833.568957373432,2025-02-06,55.4,SWARM_ACTIVE,NORMAL,NORMAL,Clear,NORMAL,Clear,NORMAL,Clear,NORMAL,Clear,NORMAL,Clear,NORMAL,Clear,
16979582.36,10223007.75,6756574.61,4012507.29,-3.19,0.0,14027.27999197461,4238.43797934145,0.0,50980.62441169277,856.9032411376027,251064.23542714407,5833.568957373432,2025-02-07,55.2,SWARM_ACTIVE,NORMAL,NORMAL,Clear,NORMAL,Clear,NORMAL,Clear,NORMAL,Clear,NORMAL,Clear,NORMAL,Clear,
17148177.99,10350048.61,6798129.38,4079406.32,-3.19,0.0,13731.782893931028,4239.320778086699,0.0,50341.857638426794,856.9032411376027,251064.23542714407,5833.568957373432,2025-02-10,55.3,SWARM_ACTIVE,NORMAL,NORMAL,Clear,NORMAL,Clear,NORMAL,Clear,NORMAL,Clear,NORMAL,Clear,NORMAL,Clear,
17201629.37,10351876.61,6849752.77,4065480.4,-3.19,0.0,13809.764121953585,4259.732823247589,0.0,50179.25013383225,856.9032411376027,251064.23542714407,5833.568957373432,2025-02-11,55.6,SWARM_ACTIVE,NORMAL,NORMAL,Clear,NORMAL,Clear,NORMAL,Clear,NORMAL,Clear,NORMAL,Clear,NORMAL,Clear,
17093516.77,10276830.87,6816685.9,4041632.33,-3.19,0.0,13856.292444774535,4228.426935261709,0.0,50971.86768852679,856.9032411376027,251064.23542714407,5833.568957373432,2025-02-12,55.7,SWARM_ACTIVE,NORMAL,NORMAL,Clear,NORMAL,Clear,NORMAL,Clear,NORMAL,Clear,NORMAL,Clear,NORMAL,Clear,
17259742.25,10382759.73,6876982.52,4092095.65,-3.19,0.0,13508.340622644666,4215.569446712463,0.0,51050.11758224481,856.9032411376027,251064.23542714407,5833.568957373432,2025-02-13,55.8,SWARM_ACTIVE,NORMAL,NORMAL,Clear,NORMAL,Clear,NORMAL,Clear,NORMAL,Clear,NORMAL,Clear,NORMAL,Clear,
17418545.69,10449108.07,6969437.63,4101996.01,-3.19,0.0,13245.074652769468,4243.544569228018,0.0,51316.348008012385,856.9032411376027,251064.23542714407,5833.568957373432,2025-02-14,56.0,SWARM_ACTIVE,NORMAL,NORMAL,Clear,NORMAL,Clear,NORMAL,Clear,NORMAL,Clear,NORMAL,Clear,NORMAL,Clear,
17251853.53,10449044.94,6802808.59,4155890.49,-3.19,0.0,13104.034749782273,4212.862657174354,0.0,50904.63388754733,856.9032411376027,251064.23542714407,5833.568957373432,2025-02-17,56.0,SWARM_ACTIVE,NORMAL,NORMAL,Clear,NORMAL,Clear,NORMAL,Clear,NORMAL,Clear,NORMAL,Clear,NORMAL,Clear,
17282912.23,10491604.38,6791307.84,4181827.01,-3.19,0.0,13034.510119518754,4223.380266971837,0.0,50408.21680955226,856.9032411376027,251064.23542714407,5833.568957373432,2025-02-18,56.0,SWARM_ACTIVE,NORMAL,NORMAL,Clear,NORMAL,Clear,NORMAL,Clear,NORMAL,Clear,NORMAL,Clear,NORMAL,Clear,
17313178.65,10507542.9,6805635.75,4200008.21,-3.19,0.0,13015.33662187284,4225.528829302122,0.0,50033.43714309079,856.9032411376027,251064.23542714407,5833.568957373432,2025-02-19,56.4,SWARM_ACTIVE,NORMAL,NORMAL,Clear,NORMAL,Clear,NORMAL,Clear,NORMAL,Clear,NORMAL,Clear,NORMAL,Clear,
17324280.21,10529679.75,6794600.46,4221425.17,-3.19,0.0,12924.75083157396,4244.814480068367,0.0,49608.79015131026,856.9032411376027,251064.23542714407,5833.568957373432,2025-02-20,56.5,SWARM_ACTIVE,NORMAL,NORMAL,Clear,NORMAL,Clear,NORMAL,Clear,NORMAL,Clear,NORMAL,Clear,NORMAL,Clear,
17138266.26,10362829.2,6775437.06,4132132.3,-3.19,0.0,13284.620440261302,4283.020610771763,0.0,50082.51088990372,856.9032411376027,251064.23542714407,5833.568957373432,2025-02-21,56.2,SWARM_ACTIVE,NORMAL,NORMAL,Clear,NORMAL,Clear,NORMAL,Clear,NORMAL,Clear,NORMAL,Clear,NORMAL,Clear,
16999440.86,10281645.06,6717795.8,4110325.19,-3.19,0.0,13567.745154496099,4291.192040353298,0.0,49642.666792013915,856.9032411376027,251064.23542714407,5833.568957373432,2025-02-24,56.8,SWARM_ACTIVE,NORMAL,NORMAL,Clear,NORMAL,Clear,NORMAL,Clear,NORMAL,Clear,NORMAL,Clear,NORMAL,Clear,
16784547.47,10172645.41,6611902.06,4041522.09,-3.19,0.0,14374.78346350298,4259.523872340003,0.0,49243.185890981564,856.9032411376027,251064.23542714407,5833.568957373432,2025-02-25,56.6,SWARM_ACTIVE,NORMAL,NORMAL,Clear,NORMAL,Clear,NORMAL,Clear,NORMAL,Clear,NORMAL,Clear,NORMAL,Clear,
16864051.04,10232438.43,6631612.61,3945215.34,-3.19,0.0,14716.014421245816,4302.098626014105,0.0,49930.24857840958,856.9032411376027,251064.23542714407,5833.568957373432,2025-02-26,51.5,SWARM_ACTIVE,NORMAL,NORMAL,Clear,NORMAL,Clear,NORMAL,Clear,NORMAL,Clear,NORMAL,Clear,NORMAL,Clear,
16652603.85,10019026.9,6633576.95,3717038.49,-3.19,0.0,16305.747763563717,4398.665383049459,0.0,49674.39054319772,856.9032411376027,251064.23542714407,5833.568957373432,2025-02-27,49.4,SWARM_ACTIVE,NORMAL,NORMAL,Clear,NORMAL,Clear,NORMAL,Clear,NORMAL,Clear,NORMAL,Clear,NORMAL,Clear,
16679975.28,10164515.95,6515459.33,3805012.34,-3.19,0.0,15842.422247640272,4364.8405355233845,0.0,49376.928031102674,856.9032411376027,251064.23542714407,5833.568957373432,2025-02-28,50.3,SWARM_ACTIVE,NORMAL,NORMAL,Clear,NORMAL,Clear,NORMAL,Clear,NORMAL,Clear,NORMAL,Clear,NORMAL,Clear,
16496048.45,9868162.44,6627886.01,3567089.09,-3.19,0.0,17238.890765957105,4416.823700431092,0.0,50618.14182486314,856.9032411376027,251064.23542714407,5833.568957373432,2025-03-03,50.8,SWARM_ACTIVE,NORMAL,NORMAL,Clear,NORMAL,Clear,NORMAL,Clear,NORMAL,Clear,NORMAL,Clear,NORMAL,Clear,
16498901.9,9873777.34,6625124.56,3553991.68,-3.19,0.0,16968.071128041247,4449.3234753794,0.0,51293.08811261951,856.9032411376027,251064.23542714407,5833.568957373432,2025-03-04,50.9,SWARM_ACTIVE,NORMAL,NORMAL,Clear,NORMAL,Clear,NORMAL,Clear,NORMAL,Clear,NORMAL,Clear,NORMAL,Clear,
16523228.72,9893002.8,6630225.93,3563913.82,-3.19,0.0,16789.267729629235,4398.824684571417,0.0,52165.785347271776,856.9032411376027,251064.23542714407,5833.568957373432,2025-03-05,51.5,SWARM_ACTIVE,NORMAL,NORMAL,Clear,NORMAL,Clear,NORMAL,Clear,NORMAL,Clear,NORMAL,Clear,NORMAL,Clear,
16479167.01,9726080.96,6753086.06,3406045.12,-3.19,0.0,17881.911699245607,4498.279815269001,0.0,51891.65251292557,856.9032411376027,251064.23542714407,5833.568957373432,2025-03-06,51.2,SWARM_ACTIVE,NORMAL,NORMAL,Clear,NORMAL,Clear,NORMAL,Clear,NORMAL,Clear,NORMAL,Clear,NORMAL,Clear,
16593966.94,9816774.62,6777192.32,3440487.64,-3.19,0.0,17692.840984691957,4493.316023694073,0.0,51637.58396095526,856.9032411376027,251064.23542714407,5833.568957373432,2025-03-07,50.4,SWARM_ACTIVE,NORMAL,NORMAL,Clear,NORMAL,Clear,NORMAL,Clear,NORMAL,Clear,NORMAL,Clear,NORMAL,Clear,
16455282.93,9646770.97,6808511.96,3319119.07,-3.19,0.0,18594.540347496262,4621.012553587889,0.0,50808.74913227873,856.9032411376027,251064.23542714407,5833.568957373432,2025-03-10,51.0,SWARM_ACTIVE,NORMAL,NORMAL,Clear,NORMAL,Clear,NORMAL,Clear,NORMAL,Clear,NORMAL,Clear,NORMAL,Clear,
16437926.06,9657264.63,6780661.44,3330915.85,-3.19,0.0,18285.23737021841,4621.95321433901,0.0,51313.43510829432,856.9032411376027,251064.23542714407,5833.568957373432,2025-03-11,50.2,SWARM_ACTIVE,NORMAL,NORMAL,Clear,NORMAL,Clear,NORMAL,Clear,NORMAL,Clear,NORMAL,Clear,NORMAL,Clear,
16642595.52,9819395.61,6823199.91,3425342.96,-3.19,0.0,17272.38726111771,4625.724393764,0.0,51804.344214309946,856.9032411376027,251064.23542714407,5833.568957373432,2025-03-12,50.8,SWARM_ACTIVE,NORMAL,NORMAL,Clear,NORMAL,Clear,NORMAL,Clear,NORMAL,Clear,NORMAL,Clear,NORMAL,Clear,
16640198.51,9761965.58,6878232.93,3398417.44,-3.19,0.0,17165.74210772331,4690.086037784804,0.0,52022.61224295873,856.9032411376027,251064.23542714407,5833.568957373432,2025-03-13,52.0,SWARM_ACTIVE,NORMAL,NORMAL,Clear,NORMAL,Clear,NORMAL,Clear,NORMAL,Clear,NORMAL,Clear,NORMAL,Clear,
17114717.79,9984198.2,7130519.58,3449505.63,-3.19,0.0,16660.113455304327,4709.1136393328225,0.0,52051.80667809452,856.9032411376027,251064.23542714407,5833.568957373432,2025-03-14,51.6,SWARM_ACTIVE,NORMAL,NORMAL,Clear,NORMAL,Clear,NORMAL,Clear,NORMAL,Clear,NORMAL,Clear,NORMAL,Clear,
17037234.5,9999065.42,7038169.08,3505530.72,-3.19,0.0,16815.968950931594,4654.544885895833,0.0,50951.8092928543,856.9032411376027,251064.23542714407,5833.568957373432,2025-03-17,52.4,SWARM_ACTIVE,NORMAL,NORMAL,Clear,NORMAL,Clear,NORMAL,Clear,NORMAL,Clear,NORMAL,Clear,NORMAL,Clear,
17063095.94,9895623.35,7167472.59,3388726.51,-3.19,0.0,17419.710459311325,4750.5735779705365,0.0,50989.61487256479,856.9032411376027,251064.23542714407,5833.568957373432,2025-03-18,52.1,SWARM_ACTIVE,NORMAL,NORMAL,Clear,NORMAL,Clear,NORMAL,Clear,NORMAL,Clear,NORMAL,Clear,NORMAL,Clear,
17294848.43,9998680.71,7296167.72,3403781.8,-3.19,0.0,17296.117783566802,4758.153797968754,0.0,50896.49398149874,856.9032411376027,251064.23542714407,5833.568957373432,2025-03-19,52.1,SWARM_ACTIVE,NORMAL,NORMAL,Clear,NORMAL,Clear,NORMAL,Clear,NORMAL,Clear,NORMAL,Clear,NORMAL,Clear,
17297750.98,10016780.17,7280970.81,3427958.77,-3.19,0.0,17103.320758425027,4775.056996450658,0.0,50687.32070871873,856.9032411376027,251064.23542714407,5833.568957373432,2025-03-20,52.6,SWARM_ACTIVE,NORMAL,NORMAL,Clear,NORMAL,Clear,NORMAL,Clear,NORMAL,Clear,NORMAL,Clear,NORMAL,Clear,
17067707.46,9994112.04,7073595.42,3496428.65,-3.19,0.0,16975.478428402374,4696.514662932122,0.0,50331.719821645565,856.9032411376027,251064.23542714407,5833.568957373432,2025-03-21,52.8,SWARM_ACTIVE,NORMAL,NORMAL,Clear,NORMAL,Clear,NORMAL,Clear,NORMAL,Clear,NORMAL,Clear,NORMAL,Clear,
17343404.52,10131989.02,7211415.5,3533019.29,-3.19,0.0,16689.682457716604,4667.556588602726,0.0,50601.15146410722,856.9032411376027,251064.23542714407,5833.568957373432,2025-03-24,52.5,SWARM_ACTIVE,NORMAL,NORMAL,Clear,NORMAL,Clear,NORMAL,Clear,NORMAL,Clear,NORMAL,Clear,NORMAL,Clear,
17440997.87,10142312.21,7298685.66,3515945.95,-3.19,0.0,16841.492635787916,4659.564524018384,0.0,50659.653388594685,856.9032411376027,251064.23542714407,5833.568957373432,2025-03-25,52.8,SWARM_ACTIVE,NORMAL,NORMAL,Clear,NORMAL,Clear,NORMAL,Clear,NORMAL,Clear,NORMAL,Clear,NORMAL,Clear,
17232424.86,9997025.09,7235399.76,3456314.97,-3.19,0.0,17645.21882466043,4681.6112075968895,0.0,49728.72230702435,856.9032411376027,251064.23542714407,5833.568957373432,2025-03-26,52.8,SWARM_ACTIVE,NORMAL,NORMAL,Clear,NORMAL,Clear,NORMAL,Clear,NORMAL,Clear,NORMAL,Clear,NORMAL,Clear,
17094652.82,9920833.24,7173819.58,3427065.29,-3.19,0.0,18016.529492196263,4664.28774988967,0.0,49643.52997310824,856.9032411376027,251064.23542714407,5833.568957373432,2025-03-27,52.6,SWARM_ACTIVE,NORMAL,NORMAL,Clear,NORMAL,Clear,NORMAL,Clear,NORMAL,Clear,NORMAL,Clear,NORMAL,Clear,
17051997.23,9819493.04,7232504.19,3317686.67,-3.19,0.0,18482.459860080904,4782.353635099821,0.0,49710.34709541058,856.9032411376027,251064.23542714407,5833.568957373432,2025-03-28,51.6,SWARM_ACTIVE,NORMAL,NORMAL,Clear,NORMAL,Clear,NORMAL,Clear,NORMAL,Clear,NORMAL,Clear,NORMAL,Clear,
17000856.55,9820174.45,7180682.1,3295278.32,-3.19,0.0,18967.688338148873,4762.340885011568,0.0,49251.61855905974,856.9032411376027,251064.23542714407,5833.568957373432,2025-03-31,50.9,SWARM_ACTIVE,NORMAL,NORMAL,Clear,NORMAL,Clear,NORMAL,Clear,NORMAL,Clear,NORMAL,Clear,NORMAL,Clear,
16992606.76,9884804.5,7107802.25,3321669.47,-3.19,0.0,18846.364831901457,4734.250796522116,0.0,49255.42196121358,856.9032411376027,251064.23542714407,5833.568957373432,2025-04-01,49.5,SWARM_ACTIVE,NORMAL,NORMAL,Clear,NORMAL,Clear,NORMAL,Clear,NORMAL,Clear,NORMAL,Clear,NORMAL,Clear,
16906145.46,9909262.43,6996883.04,3355940.45,-3.19,0.0,18798.431676854896,4685.152624829433,0.0,49130.82966971563,856.9032411376027,251064.23542714407,5833.568957373432,2025-04-02,49.6,SWARM_ACTIVE,NORMAL,NORMAL,Clear,NORMAL,Clear,NORMAL,Clear,NORMAL,Clear,NORMAL,Clear,NORMAL,Clear,
16334170.99,9451175.43,6882995.56,3119259.1,-3.19,0.0,19943.17996405925,4786.288131558644,0.0,50892.608647843655,856.9032411376027,251064.23542714407,5833.568957373432,2025-04-03,49.5,SWARM_ACTIVE,NORMAL,NORMAL,Clear,NORMAL,Clear,NORMAL,Clear,NORMAL,Clear,NORMAL,Clear,NORMAL,Clear,
15853066.02,8970070.47,6882995.56,2833940.78,-3.19,0.0,21071.5641454708,4950.536715296793,0.0,53742.78200674207,856.9032411376027,251064.23542714407,5833.568957373432,2025-04-04,49.3,SWARM_ACTIVE,NORMAL,NORMAL,Clear,NORMAL,Clear,NORMAL,Clear,NORMAL,Clear,NORMAL,Clear,NORMAL,Clear,
15281487.31,9031607.32,6249879.99,3108832.01,-3.19,0.0,19682.316757005265,4794.512211886368,0.0,51811.892359985686,856.9032411376027,251064.23542714407,5833.568957373432,2025-04-07,49.5,SWARM_ACTIVE,NORMAL,NORMAL,Clear,NORMAL,Clear,NORMAL,Clear,NORMAL,Clear,NORMAL,Clear,NORMAL,Clear,
15364272.94,8922782.66,6441490.28,2966418.86,-3.19,0.0,20150.83299739345,4917.045481363656,0.0,53055.72219429381,856.9032411376027,251064.23542714407,5833.568957373432,2025-04-08,50.5,SWARM_ACTIVE,NORMAL,NORMAL,Clear,NORMAL,Clear,NORMAL,Clear,NORMAL,Clear,NORMAL,Clear,NORMAL,Clear,
16070935.15,9683730.94,6387204.22,3507276.25,-3.19,0.0,17432.576737300566,4552.500429769286,0.0,51526.72643190822,856.9032411376027,251064.23542714407,5833.568957373432,2025-04-09,49.9,SWARM_ACTIVE,NORMAL,NORMAL,Clear,NORMAL,Clear,NORMAL,Clear,NORMAL,Clear,NORMAL,Clear,NORMAL,Clear,
15975430.81,9340284.38,6635146.43,3321129.3,-3.19,0.0,17942.307942497308,4631.086442111312,0.0,54089.58747510836,856.9032411376027,251064.23542714407,5833.568957373432,2025-04-10,55.0,SWARM_ACTIVE,NORMAL,NORMAL,Clear,NORMAL,Clear,NORMAL,Clear,NORMAL,Clear,NORMAL,Clear,NORMAL,Clear,
16272863.53,9488681.39,6784182.15,3433307.97,-3.19,0.0,17408.341141891397,4577.707808104402,0.0,53338.310112856,856.9032411376027,251064.23542714407,5833.568957373432,2025-04-11,54.7,SWARM_ACTIVE,NORMAL,NORMAL,Clear,NORMAL,Clear,NORMAL,Clear,NORMAL,Clear,NORMAL,Clear,NORMAL,Clear,
16394082.67,9506071.41,6888011.26,3483401.79,-3.19,0.0,17268.751670466547,4521.344151914122,0.0,53105.19016200276,856.9032411376027,251064.23542714407,5833.568957373432,2025-04-14,55.5,SWARM_ACTIVE,NORMAL,NORMAL,Clear,NORMAL,Clear,NORMAL,Clear,NORMAL,Clear,NORMAL,Clear,NORMAL,Clear,
16452473.01,9530937.39,6921535.62,3537532.01,-3.19,0.0,16891.400730744328,4493.265710908333,0.0,53130.05930279939,856.9032411376027,251064.23542714407,5833.568957373432,2025-04-15,55.6,SWARM_ACTIVE,NORMAL,NORMAL,Clear,NORMAL,Clear,NORMAL,Clear,NORMAL,Clear,NORMAL,Clear,NORMAL,Clear,
16281708.36,9355680.77,6926027.59,3457448.08,-3.19,0.0,17817.00955681103,4557.979550949909,0.0,51961.11443227962,856.9032411376027,251064.23542714407,5833.568957373432,2025-04-16,55.7,SWARM_ACTIVE,NORMAL,NORMAL,Clear,NORMAL,Clear,NORMAL,Clear,NORMAL,Clear,NORMAL,Clear,NORMAL,Clear,
16308257.42,9347311.47,6960945.95,3461864.02,-3.19,0.0,18270.691742826297,4550.971637637345,0.0,50767.18485284275,856.9032411376027,251064.23542714407,5833.568957373432,2025-04-17,55.4,SWARM_ACTIVE,NORMAL,NORMAL,Clear,NORMAL,Clear,NORMAL,Clear,NORMAL,Clear,NORMAL,Clear,NORMAL,Clear,
16252617.45,9347214.89,6905402.56,3504240.78,-3.19,0.0,18115.607027862392,4519.566122410271,0.0,50445.47221405623,856.9032411376027,251064.23542714407,5833.568957373432,2025-04-18,55.7,SWARM_ACTIVE,NORMAL,NORMAL,Clear,NORMAL,Clear,NORMAL,Clear,NORMAL,Clear,NORMAL,Clear,NORMAL,Clear,
16329655.81,9162331.7,7167324.1,3301217.56,-3.19,0.0,19029.843672079453,4645.805336415183,0.0,51989.512238580595,856.9032411376027,251064.23542714407,5833.568957373432,2025-04-21,55.7,SWARM_ACTIVE,NORMAL,NORMAL,Clear,NORMAL,Clear,NORMAL,Clear,NORMAL,Clear,NORMAL,Clear,NORMAL,Clear,
16467164.02,9303644.36,7163519.66,3402188.37,-3.19,0.0,18784.65632222036,4559.323554994779,0.0,51018.729777846216,856.9032411376027,251064.23542714407,5833.568957373432,2025-04-22,55.3,SWARM_ACTIVE,NORMAL,NORMAL,Clear,NORMAL,Clear,NORMAL,Clear,NORMAL,Clear,NORMAL,Clear,NORMAL,Clear,
16424627.97,9417350.46,7007277.51,3545057.87,-3.19,0.0,17970.30795062013,4436.07174787322,0.0,50928.85652698886,856.9032411376027,251064.23542714407,5833.568957373432,2025-04-23,55.7,SWARM_ACTIVE,NORMAL,NORMAL,Clear,NORMAL,Clear,NORMAL,Clear,NORMAL,Clear,NORMAL,Clear,NORMAL,Clear,
16571340.05,9572863.35,6998476.7,3665888.79,-3.19,0.0,17438.757487338844,4338.133151346141,0.0,50462.22714703094,856.9032411376027,251064.23542714407,5833.568957373432,2025-04-24,56.2,SWARM_ACTIVE,NORMAL,NORMAL,Clear,NORMAL,Clear,NORMAL,Clear,NORMAL,Clear,NORMAL,Clear,NORMAL,Clear,
16661564.82,9671427.88,6990136.94,3750109.41,-3.19,0.0,16728.69449446706,4299.058402435517,0.0,50782.79142519207,856.9032411376027,251064.23542714407,5833.568957373432,2025-04-25,56.1,SWARM_ACTIVE,NORMAL,NORMAL,Clear,NORMAL,Clear,NORMAL,Clear,NORMAL,Clear,NORMAL,Clear,NORMAL,Clear,
16629323.6,9646902.84,6982420.76,3755492.03,-3.19,0.0,16947.2308668193,4281.401363475806,0.0,50266.66395344061,856.9032411376027,251064.23542714407,5833.568957373432,2025-04-28,56.5,SWARM_ACTIVE,NORMAL,NORMAL,Clear,NORMAL,Clear,NORMAL,Clear,NORMAL,Clear,NORMAL,Clear,NORMAL,Clear,
16612896.48,9659191.51,6953704.96,3794874.3,-3.19,0.0,16783.018628671947,4236.134155233625,0.0,50264.8471694638,856.9032411376027,251064.23542714407,5833.568957373432,2025-04-29,56.9,SWARM_ACTIVE,NORMAL,NORMAL,Clear,NORMAL,Clear,NORMAL,Clear,NORMAL,Clear,NORMAL,Clear,NORMAL,Clear,
16513921.76,9602563.73,6911358.03,3792750.22,-3.19,0.0,16615.949984288312,4196.695571265321,0.0,51256.55148335098,856.9032411376027,251064.23542714407,5833.568957373432,2025-04-30,57.1,SWARM_ACTIVE,NORMAL,NORMAL,Clear,NORMAL,Clear,NORMAL,Clear,NORMAL,Clear,NORMAL,Clear,NORMAL,Clear,
16592001.49,9680643.46,6911358.03,3859140.16,-3.19,0.0,16209.684259368478,4152.9744496308,0.0,51253.08078827616,856.9032411376027,251064.23542714407,5833.568957373432,2025-05-01,57.2,SWARM_ACTIVE,NORMAL,NORMAL,Clear,NORMAL,Clear,NORMAL,Clear,NORMAL,Clear,NORMAL,Clear,NORMAL,Clear,
16697851.08,9786493.05,6911358.03,3926651.98,-3.19,0.0,15857.598781802028,4112.4905129554545,0.0,51064.1184903738,856.9032411376027,251064.23542714407,5833.568957373432,2025-05-02,57.4,SWARM_ACTIVE,NORMAL,NORMAL,Clear,NORMAL,Clear,NORMAL,Clear,NORMAL,Clear,NORMAL,Clear,NORMAL,Clear,
16638266.94,9726908.91,6911358.03,3851972.49,-3.19,0.0,15882.494925124049,4129.716686363572,0.0,52680.07589009215,856.9032411376027,251064.23542714407,5833.568957373432,2025-05-05,56.8,SWARM_ACTIVE,NORMAL,NORMAL,Clear,NORMAL,Clear,NORMAL,Clear,NORMAL,Clear,NORMAL,Clear,NORMAL,Clear,
16692727.74,9704301.99,6988425.75,3771000.09,-3.19,0.0,16018.190489067587,4197.873214097847,0.0,53515.30147417874,856.9032411376027,251064.23542714407,5833.568957373432,2025-05-06,56.3,SWARM_ACTIVE,NORMAL,NORMAL,Clear,NORMAL,Clear,NORMAL,Clear,NORMAL,Clear,NORMAL,Clear,NORMAL,Clear,
16873458.7,9769283.51,7104175.19,3743311.27,-3.19,0.0,15759.522572299053,4244.06089286308,0.0,54422.49167645446,856.9032411376027,251064.23542714407,5833.568957373432,2025-05-07,56.1,SWARM_ACTIVE,NORMAL,NORMAL,Clear,NORMAL,Clear,NORMAL,Clear,NORMAL,Clear,NORMAL,Clear,NORMAL,Clear,
16910079.38,9823312.11,7086767.27,3731170.8,-3.19,0.0,16153.855846726376,4252.260458354938,0.0,53462.24704828065,856.9032411376027,251064.23542714407,5833.568957373432,2025-05-08,55.7,SWARM_ACTIVE,NORMAL,NORMAL,Clear,NORMAL,Clear,NORMAL,Clear,NORMAL,Clear,NORMAL,Clear,NORMAL,Clear,
16923610.69,9831614.94,7091995.75,3589851.83,-3.19,0.0,16755.775026459858,4353.07936741047,0.0,54008.48243153733,856.9032411376027,251064.23542714407,5833.568957373432,2025-05-09,50.7,SWARM_ACTIVE,NORMAL,NORMAL,Clear,NORMAL,Clear,NORMAL,Clear,NORMAL,Clear,NORMAL,Clear,NORMAL,Clear,
17249183.75,10080705.8,7168477.95,3624408.02,-3.19,0.0,16533.68877433901,4318.335359560251,0.0,54257.794173706454,856.9032411376027,251064.23542714407,5833.568957373432,2025-05-12,49.9,SWARM_ACTIVE,NORMAL,NORMAL,Clear,NORMAL,Clear,NORMAL,Clear,NORMAL,Clear,NORMAL,Clear,NORMAL,Clear,
17439306.69,10259996.3,7179310.39,3674082.37,-3.19,0.0,15970.656586410565,4333.003891833345,0.0,54636.409112700094,856.9032411376027,251064.23542714407,5833.568957373432,2025-05-13,49.6,SWARM_ACTIVE,NORMAL,NORMAL,Clear,NORMAL,Clear,NORMAL,Clear,NORMAL,Clear,NORMAL,Clear,NORMAL,Clear,
17618651.5,10345772.87,7272878.62,3678087.69,-3.19,0.0,15485.195908712267,4363.870946660121,0.0,55733.493893206774,856.9032411376027,251064.23542714407,5833.568957373432,2025-05-14,50.3,SWARM_ACTIVE,NORMAL,NORMAL,Clear,NORMAL,Clear,NORMAL,Clear,NORMAL,Clear,NORMAL,Clear,NORMAL,Clear,
17505682.56,10350012.1,7155670.45,3717420.87,-3.19,0.0,15430.79726595089,4346.3496001451,0.0,55183.15143221015,856.9032411376027,251064.23542714407,5833.568957373432,2025-05-15,51.2,SWARM_ACTIVE,NORMAL,NORMAL,Clear,NORMAL,Clear,NORMAL,Clear,NORMAL,Clear,NORMAL,Clear,NORMAL,Clear,
17483996.98,10365056.53,7118940.45,3729973.77,-3.19,0.0,15381.91195320982,4330.124246755183,0.0,55242.626395692765,856.9032411376027,251064.23542714407,5833.568957373432,2025-05-16,51.1,SWARM_ACTIVE,NORMAL,NORMAL,Clear,NORMAL,Clear,NORMAL,Clear,NORMAL,Clear,NORMAL,Clear,NORMAL,Clear,
17433525.9,10339910.58,7093615.32,3696563.8,-3.19,0.0,15438.41760098161,4330.812925969814,0.0,55859.04334606729,856.9032411376027,251064.23542714407,5833.568957373432,2025-05-19,50.7,SWARM_ACTIVE,NORMAL,NORMAL,Clear,NORMAL,Clear,NORMAL,Clear,NORMAL,Clear,NORMAL,Clear,NORMAL,Clear,
17419430.6,10292754.7,7126675.9,3628826.44,-3.19,0.0,15577.900464851926,4361.085362812504,0.0,56674.45177445006,856.9032411376027,251064.23542714407,5833.568957373432,2025-05-20,50.0,SWARM_ACTIVE,NORMAL,NORMAL,Clear,NORMAL,Clear,NORMAL,Clear,NORMAL,Clear,NORMAL,Clear,NORMAL,Clear,
17618374.27,10178526.79,7439847.47,3436945.97,-3.19,0.0,16038.73882251643,4475.280871984232,0.0,58488.641081185364,856.9032411376027,251064.23542714407,5833.568957373432,2025-05-21,50.5,SWARM_ACTIVE,NORMAL,NORMAL,Clear,NORMAL,Clear,NORMAL,Clear,NORMAL,Clear,NORMAL,Clear,NORMAL,Clear,
17629589.5,10190006.9,7439582.6,3431428.08,-3.19,0.0,15976.023335084055,4482.307155012923,0.0,58745.23880503251,856.9032411376027,251064.23542714407,5833.568957373432,2025-05-22,50.9,SWARM_ACTIVE,NORMAL,NORMAL,Clear,NORMAL,Clear,NORMAL,Clear,NORMAL,Clear,NORMAL,Clear,NORMAL,Clear,
17567851.4,10151573.84,7416277.56,3389469.9,-3.19,0.0,16161.360773059352,4522.8332017359035,0.0,58670.64527797131,856.9032411376027,251064.23542714407,5833.568957373432,2025-05-23,50.1,SWARM_ACTIVE,NORMAL,NORMAL,Clear,NORMAL,Clear,NORMAL,Clear,NORMAL,Clear,NORMAL,Clear,NORMAL,Clear,
17477714.76,10151525.97,7326188.79,3397249.78,-3.19,0.0,16137.564303751837,4515.777777714399,0.0,58643.53412272758,856.9032411376027,251064.23542714407,5833.568957373432,2025-05-26,50.3,SWARM_ACTIVE,NORMAL,NORMAL,Clear,NORMAL,Clear,NORMAL,Clear,NORMAL,Clear,NORMAL,Clear,NORMAL,Clear,
17436306.41,10293653.57,7142652.85,3535046.62,-3.19,0.0,15746.705342433072,4404.929264613946,0.0,57963.75724681376,856.9032411376027,251064.23542714407,5833.568957373432,2025-05-27,50.3,SWARM_ACTIVE,NORMAL,NORMAL,Clear,NORMAL,Clear,NORMAL,Clear,NORMAL,Clear,NORMAL,Clear,NORMAL,Clear,
17402076.68,10242836.39,7159240.29,3476587.17,-3.19,0.0,15832.749215226837,4428.7141774637,0.0,58830.43015345292,856.9032411376027,251064.23542714407,5833.568957373432,2025-05-28,49.2,SWARM_ACTIVE,NORMAL,NORMAL,Clear,NORMAL,Clear,NORMAL,Clear,NORMAL,Clear,NORMAL,Clear,NORMAL,Clear,
17446371.52,10334113.09,7112258.43,3545823.88,-3.19,0.0,15420.158769076226,4424.407242271922,0.0,58589.682170457105,856.9032411376027,251064.23542714407,5833.568957373432,2025-05-29,50.1,SWARM_ACTIVE,NORMAL,NORMAL,Clear,NORMAL,Clear,NORMAL,Clear,NORMAL,Clear,NORMAL,Clear,NORMAL,Clear,
17311509.95,10246978.51,7064531.44,3503037.51,-3.19,0.0,15664.46715906244,4415.426802215591,0.0,58951.200348931205,856.9032411376027,251064.23542714407,5833.568957373432,2025-05-30,49.4,SWARM_ACTIVE,NORMAL,NORMAL,Clear,NORMAL,Clear,NORMAL,Clear,NORMAL,Clear,NORMAL,Clear,NORMAL,Clear,
17395493.44,10330962.0,7064531.44,3582988.96,-3.19,0.0,15422.296977383847,4385.3351623568215,0.0,58179.53944583625,856.9032411376027,251064.23542714407,5833.568957373432,2025-06-02,51.2,SWARM_ACTIVE,NORMAL,NORMAL,Clear,NORMAL,Clear,NORMAL,Clear,NORMAL,Clear,NORMAL,Clear,NORMAL,Clear,
17577273.9,10435765.99,7141507.92,3612688.18,-3.19,0.0,15187.470664903487,4398.639335650562,0.0,58091.76801694315,856.9032411376027,251064.23542714407,5833.568957373432,2025-06-03,50.1,SWARM_ACTIVE,NORMAL,NORMAL,Clear,NORMAL,Clear,NORMAL,Clear,NORMAL,Clear,NORMAL,Clear,NORMAL,Clear,
17555709.49,10406622.65,7149086.84,3584172.3,-3.19,0.0,15091.390268276842,4397.697968450164,0.0,59157.5487997759,856.9032411376027,251064.23542714407,5833.568957373432,2025-06-04,50.0,SWARM_ACTIVE,NORMAL,NORMAL,Clear,NORMAL,Clear,NORMAL,Clear,NORMAL,Clear,NORMAL,Clear,NORMAL,Clear,
17461170.28,10357697.25,7103473.04,3586504.35,-3.19,0.0,15162.897576950842,4401.033111548999,0.0,58804.08879577909,856.9032411376027,251064.23542714407,5833.568957373432,2025-06-05,50.5,SWARM_ACTIVE,NORMAL,NORMAL,Clear,NORMAL,Clear,NORMAL,Clear,NORMAL,Clear,NORMAL,Clear,NORMAL,Clear,
17596353.81,10450552.18,7145801.62,3642594.9,-3.19,0.0,15064.350529190977,4382.8128202268945,0.0,58003.47774221976,856.9032411376027,251064.23542714407,5833.568957373432,2025-06-06,50.9,SWARM_ACTIVE,NORMAL,NORMAL,Clear,NORMAL,Clear,NORMAL,Clear,NORMAL,Clear,NORMAL,Clear,NORMAL,Clear,
17540251.74,10472134.09,7068117.65,3688394.63,-3.19,0.0,14917.092426857027,4359.738822340462,0.0,57693.18829909457,856.9032411376027,251064.23542714407,5833.568957373432,2025-06-09,50.4,SWARM_ACTIVE,NORMAL,NORMAL,Clear,NORMAL,Clear,NORMAL,Clear,NORMAL,Clear,NORMAL,Clear,NORMAL,Clear,
17667521.03,10549089.41,7118431.61,3707245.81,-3.19,0.0,14911.221502615497,4378.916435622073,0.0,57011.983868307616,856.9032411376027,251064.23542714407,5833.568957373432,2025-06-10,50.4,SWARM_ACTIVE,NORMAL,NORMAL,Clear,NORMAL,Clear,NORMAL,Clear,NORMAL,Clear,NORMAL,Clear,NORMAL,Clear,
17819793.39,10558690.84,7261102.55,3627535.84,-3.19,0.0,15288.134506559329,4451.642489716593,0.0,56707.63396803584,856.9032411376027,251064.23542714407,5833.568957373432,2025-06-11,49.7,SWARM_ACTIVE,NORMAL,NORMAL,Clear,NORMAL,Clear,NORMAL,Clear,NORMAL,Clear,NORMAL,Clear,NORMAL,Clear,
18041783.46,10605596.66,7436186.8,3562561.64,-3.19,0.0,15437.96492051957,4503.275342296052,0.0,57080.18762260385,856.9032411376027,251064.23542714407,5833.568957373432,2025-06-12,49.1,SWARM_ACTIVE,NORMAL,NORMAL,Clear,NORMAL,Clear,NORMAL,Clear,NORMAL,Clear,NORMAL,Clear,NORMAL,Clear,
17963595.08,10570723.95,7392871.14,3533964.88,-3.19,0.0,15766.89890015644,4559.926909884109,0.0,55963.58022926691,856.9032411376027,251064.23542714407,5833.568957373432,2025-06-13,48.1,SWARM_ACTIVE,NORMAL,NORMAL,Clear,NORMAL,Clear,NORMAL,Clear,NORMAL,Clear,NORMAL,Clear,NORMAL,Clear,
17937542.24,10639690.45,7297851.8,3608011.66,-3.19,0.0,15532.457329741037,4494.639535951022,0.0,55836.449991273716,856.9032411376027,251064.23542714407,5833.568957373432,2025-06-16,48.9,SWARM_ACTIVE,NORMAL,NORMAL,Clear,NORMAL,Clear,NORMAL,Clear,NORMAL,Clear,NORMAL,Clear,NORMAL,Clear,
17941632.11,10629756.15,7311875.96,3593420.03,-3.19,0.0,15626.401100479037,4540.445281497798,0.0,55300.83741634646,856.9032411376027,251064.23542714407,5833.568957373432,2025-06-17,48.2,SWARM_ACTIVE,NORMAL,NORMAL,Clear,NORMAL,Clear,NORMAL,Clear,NORMAL,Clear,NORMAL,Clear,NORMAL,Clear,
17918687.42,10634897.61,7283789.81,3610654.7,-3.19,0.0,15491.713144889374,4535.46309336866,0.0,55416.24197982637,856.9032411376027,251064.23542714407,5833.568957373432,2025-06-18,48.6,SWARM_ACTIVE,NORMAL,NORMAL,Clear,NORMAL,Clear,NORMAL,Clear,NORMAL,Clear,NORMAL,Clear,NORMAL,Clear,
17797168.42,10634870.44,7162297.98,3667128.65,-3.19,0.0,15387.02137909097,4501.251607265089,0.0,54874.46868709815,856.9032411376027,251064.23542714407,5833.568957373432,2025-06-19,48.3,SWARM_ACTIVE,NORMAL,NORMAL,Clear,NORMAL,Clear,NORMAL,Clear,NORMAL,Clear,NORMAL,Clear,NORMAL,Clear,
17787895.76,10624129.48,7163766.28,3663846.95,-3.19,0.0,15533.731337599844,4517.289181278134,0.0,54268.422830123556,856.9032411376027,251064.23542714407,5833.568957373432,2025-06-20,48.3,SWARM_ACTIVE,NORMAL,NORMAL,Clear,NORMAL,Clear,NORMAL,Clear,NORMAL,Clear,NORMAL,Clear,NORMAL,Clear,
17771631.34,10593884.04,7177747.3,3645787.02,-3.19,0.0,15513.432887859206,4474.506501029195,0.0,55299.5436628574,856.9032411376027,251064.23542714407,5833.568957373432,2025-06-23,48.4,SWARM_ACTIVE,NORMAL,NORMAL,Clear,NORMAL,Clear,NORMAL,Clear,NORMAL,Clear,NORMAL,Clear,NORMAL,Clear,
17893626.51,10657516.03,7236110.48,3667428.62,-3.19,0.0,15270.308342248287,4436.970731555297,0.0,56124.49503222491,856.9032411376027,251064.23542714407,5833.568957373432,2025-06-24,48.1,SWARM_ACTIVE,NORMAL,NORMAL,Clear,NORMAL,Clear,NORMAL,Clear,NORMAL,Clear,NORMAL,Clear,NORMAL,Clear,
18150510.34,10751196.86,7399313.48,3646799.24,-3.19,0.0,14896.586379062086,4506.001138815076,0.0,57108.44109504075,856.9032411376027,251064.23542714407,5833.568957373432,2025-06-25,47.8,SWARM_ACTIVE,NORMAL,NORMAL,Clear,NORMAL,Clear,NORMAL,Clear,NORMAL,Clear,NORMAL,Clear,NORMAL,Clear,
18212860.83,10818349.91,7394510.92,3680781.11,-3.19,0.0,14838.86610055608,4496.285285871321,0.0,56639.313956608166,856.9032411376027,251064.23542714407,5833.568957373432,2025-06-26,47.8,SWARM_ACTIVE,NORMAL,NORMAL,Clear,NORMAL,Clear,NORMAL,Clear,NORMAL,Clear,NORMAL,Clear,NORMAL,Clear,
18423796.69,10854679.86,7569116.83,3646178.97,-3.19,0.0,14733.14931431273,4527.289297498544,0.0,57456.30327577546,856.9032411376027,251064.23542714407,5833.568957373432,2025-06-27,48.5,SWARM_ACTIVE,NORMAL,NORMAL,Clear,NORMAL,Clear,NORMAL,Clear,NORMAL,Clear,NORMAL,Clear,NORMAL,Clear,
18372263.26,10860340.35,7511922.91,3671045.49,-3.19,0.0,14684.934289970899,4485.842740685382,0.0,57588.75187527533,856.9032411376027,251064.23542714407,5833.568957373432,2025-06-30,48.1,SWARM_ACTIVE,NORMAL,NORMAL,Clear,NORMAL,Clear,NORMAL,Clear,NORMAL,Clear,NORMAL,Clear,NORMAL,Clear,
18392704.43,10789032.66,7603671.77,3592415.27,-3.19,0.0,15090.927967875681,4529.40429896624,0.0,57411.06632312896,856.9032411376027,251064.23542714407,5833.568957373432,2025-07-01,47.9,SWARM_ACTIVE,NORMAL,NORMAL,Clear,NORMAL,Clear,NORMAL,Clear,NORMAL,Clear,NORMAL,Clear,NORMAL,Clear,
18575871.94,10907242.9,7668629.04,3659091.71,-3.19,0.0,14843.895604786667,4527.504956963569,0.0,56782.55626246929,856.9032411376027,251064.23542714407,5833.568957373432,2025-07-02,49.0,SWARM_ACTIVE,NORMAL,NORMAL,Clear,NORMAL,Clear,NORMAL,Clear,NORMAL,Clear,NORMAL,Clear,NORMAL,Clear,
18739611.46,10965466.69,7774144.76,3642839.27,-3.19,0.0,14799.4741961935,4528.1990902716225,0.0,57318.15926641207,856.9032411376027,251064.23542714407,5833.568957373432,2025-07-03,47.9,SWARM_ACTIVE,NORMAL,NORMAL,Clear,NORMAL,Clear,NORMAL,Clear,NORMAL,Clear,NORMAL,Clear,NORMAL,Clear,
18704021.51,10965436.32,7738585.19,3649911.7,-3.19,0.0,14785.007517642502,4523.18381279243,0.0,57271.600888966525,856.9032411376027,251064.23542714407,5833.568957373432,2025-07-04,48.2,SWARM_ACTIVE,NORMAL,NORMAL,Clear,NORMAL,Clear,NORMAL,Clear,NORMAL,Clear,NORMAL,Clear,NORMAL,Clear,
18544667.76,10906613.48,7638054.29,3648663.76,-3.19,0.0,14767.711492929182,4524.967272406849,0.0,57342.30622473287,856.9032411376027,251064.23542714407,5833.568957373432,2025-07-07,48.2,SWARM_ACTIVE,NORMAL,NORMAL,Clear,NORMAL,Clear,NORMAL,Clear,NORMAL,Clear,NORMAL,Clear,NORMAL,Clear,
18661052.68,10999391.0,7661661.68,3697747.97,-3.19,0.0,14707.814201707411,4548.002708159718,0.0,56140.9964454693,856.9032411376027,251064.23542714407,5833.568957373432,2025-07-08,48.6,SWARM_ACTIVE,NORMAL,NORMAL,Clear,NORMAL,Clear,NORMAL,Clear,NORMAL,Clear,NORMAL,Clear,NORMAL,Clear,
18525307.78,11046990.33,7478317.45,3793708.61,-3.19,0.0,14383.166806665911,4490.035115166503,0.0,55886.462900461964,856.9032411376027,251064.23542714407,5833.568957373432,2025-07-09,48.2,SWARM_ACTIVE,NORMAL,NORMAL,Clear,NORMAL,Clear,NORMAL,Clear,NORMAL,Clear,NORMAL,Clear,NORMAL,Clear,
18556027.41,11079263.4,7476764.02,3809819.05,-3.19,0.0,14298.630415380905,4507.832069012197,0.0,55608.21393825837,856.9032411376027,251064.23542714407,5833.568957373432,2025-07-10,48.1,SWARM_ACTIVE,NORMAL,NORMAL,Clear,NORMAL,Clear,NORMAL,Clear,NORMAL,Clear,NORMAL,Clear,NORMAL,Clear,
18582999.95,11096263.62,7486736.32,3822899.91,-3.19,0.0,14229.72875261356,4521.513834664022,0.0,55395.70360393993,856.9032411376027,251064.23542714407,5833.568957373432,2025-07-11,48.4,SWARM_ACTIVE,NORMAL,NORMAL,Clear,NORMAL,Clear,NORMAL,Clear,NORMAL,Clear,NORMAL,Clear,NORMAL,Clear,
18580292.96,11066521.28,7513771.69,3795548.25,-3.19,0.0,14279.90252236383,4511.408303468719,0.0,55965.460812035824,856.9032411376027,251064.23542714407,5833.568957373432,2025-07-14,48.4,SWARM_ACTIVE,NORMAL,NORMAL,Clear,NORMAL,Clear,NORMAL,Clear,NORMAL,Clear,NORMAL,Clear,NORMAL,Clear,
18637265.32,11128502.99,7508762.33,3831066.1,-3.19,0.0,13816.045747069764,4519.546246284747,0.0,56878.898421153666,856.9032411376027,251064.23542714407,5833.568957373432,2025-07-15,48.7,SWARM_ACTIVE,NORMAL,NORMAL,Clear,NORMAL,Clear,NORMAL,Clear,NORMAL,Clear,NORMAL,Clear,NORMAL,Clear,
18613534.34,11119235.72,7494298.62,3808784.56,-3.19,0.0,13726.24840416681,4534.491651989384,0.0,57571.081357789844,856.9032411376027,251064.23542714407,5833.568957373432,2025-07-16,47.8,SWARM_ACTIVE,NORMAL,NORMAL,Clear,NORMAL,Clear,NORMAL,Clear,NORMAL,Clear,NORMAL,Clear,NORMAL,Clear,
18664688.55,11176954.13,7487734.42,3856389.54,-3.19,0.0,13588.272824855374,4508.561627797457,0.0,57353.8610881702,856.9032411376027,251064.23542714407,5833.568957373432,2025-07-17,48.7,SWARM_ACTIVE,NORMAL,NORMAL,Clear,NORMAL,Clear,NORMAL,Clear,NORMAL,Clear,NORMAL,Clear,NORMAL,Clear,
18784647.98,11146725.85,7637922.12,3785292.42,-3.19,0.0,13672.998628157195,4541.9418851200335,0.0,58246.771160585406,856.9032411376027,251064.23542714407,5833.568957373432,2025-07-18,48.6,SWARM_ACTIVE,NORMAL,NORMAL,Clear,NORMAL,Clear,NORMAL,Clear,NORMAL,Clear,NORMAL,Clear,NORMAL,Clear,
18892151.96,11120274.91,7771877.05,3726596.66,-3.19,0.0,13786.176245242961,4542.1754027301195,0.0,59182.03633463222,856.9032411376027,251064.23542714407,5833.568957373432,2025-07-21,48.9,SWARM_ACTIVE,NORMAL,NORMAL,Clear,NORMAL,Clear,NORMAL,Clear,NORMAL,Clear,NORMAL,Clear,NORMAL,Clear,
19004349.17,11058659.52,7945689.65,3618963.03,-3.19,0.0,14141.897050445887,4591.506339187155,0.0,59669.8917717403,856.9032411376027,251064.23542714407,5833.568957373432,2025-07-22,48.9,SWARM_ACTIVE,NORMAL,NORMAL,Clear,NORMAL,Clear,NORMAL,Clear,NORMAL,Clear,NORMAL,Clear,NORMAL,Clear,
19109288.37,11162608.86,7946679.51,3690540.1,-3.19,0.0,13893.898287992437,4587.923614305611,0.0,59030.50446740153,856.9032411376027,251064.23542714407,5833.568957373432,2025-07-23,49.6,SWARM_ACTIVE,NORMAL,NORMAL,Clear,NORMAL,Clear,NORMAL,Clear,NORMAL,Clear,NORMAL,Clear,NORMAL,Clear,
19154301.85,11227142.19,7927159.67,3704440.05,-3.19,0.0,13796.017561929235,4598.4476999388235,0.0,58964.110381286446,856.9032411376027,251064.23542714407,5833.568957373432,2025-07-24,48.5,SWARM_ACTIVE,NORMAL,NORMAL,Clear,NORMAL,Clear,NORMAL,Clear,NORMAL,Clear,NORMAL,Clear,NORMAL,Clear,
19035665.8,11220478.76,7815187.04,3707227.7,-3.19,0.0,13778.88483449006,4584.024520859477,0.0,59158.287830923786,856.9032411376027,251064.23542714407,5833.568957373432,2025-07-25,48.1,SWARM_ACTIVE,NORMAL,NORMAL,Clear,NORMAL,Clear,NORMAL,Clear,NORMAL,Clear,NORMAL,Clear,NORMAL,Clear,
19111425.62,11302119.74,7809305.87,3744325.59,-3.19,0.0,13638.666673478972,4593.686014404983,0.0,58746.288858446336,856.9032411376027,251064.23542714407,5833.568957373432,2025-07-28,48.4,SWARM_ACTIVE,NORMAL,NORMAL,Clear,NORMAL,Clear,NORMAL,Clear,NORMAL,Clear,NORMAL,Clear,NORMAL,Clear,
19095321.33,11305964.48,7789356.85,3740491.03,-3.19,0.0,13716.78715915222,4610.1125926552195,0.0,58306.90607273566,856.9032411376027,251064.23542714407,5833.568957373432,2025-07-29,47.9,SWARM_ACTIVE,NORMAL,NORMAL,Clear,NORMAL,Clear,NORMAL,Clear,NORMAL,Clear,NORMAL,Clear,NORMAL,Clear,
19094425.28,11324586.04,7769839.24,3732258.37,-3.19,0.0,13556.972031991161,4618.53318106409,0.0,59050.32722719376,856.9032411376027,251064.23542714407,5833.568957373432,2025-07-30,48.5,SWARM_ACTIVE,NORMAL,NORMAL,Clear,NORMAL,Clear,NORMAL,Clear,NORMAL,Clear,NORMAL,Clear,NORMAL,Clear,
18785065.5,11278031.72,7507033.78,3832231.32,-3.19,0.0,13396.763289247288,4555.196444843171,0.0,58213.356827455485,856.9032411376027,251064.23542714407,5833.568957373432,2025-07-31,49.9,SWARM_ACTIVE,NORMAL,NORMAL,Clear,NORMAL,Clear,NORMAL,Clear,NORMAL,Clear,NORMAL,Clear,NORMAL,Clear,
18646902.43,11125406.65,7521495.78,3752777.85,-3.19,0.0,13575.836381087083,4597.155736042119,0.0,58809.57367259577,856.9032411376027,251064.23542714407,5833.568957373432,2025-08-01,49.6,SWARM_ACTIVE,NORMAL,NORMAL,Clear,NORMAL,Clear,NORMAL,Clear,NORMAL,Clear,NORMAL,Clear,NORMAL,Clear,
18949420.17,11251949.76,7697470.41,3757450.0,-3.19,0.0,13344.983054327748,4580.43600677989,0.0,59909.79474229114,856.9032411376027,251064.23542714407,5833.568957373432,2025-08-04,49.1,SWARM_ACTIVE,NORMAL,NORMAL,Clear,NORMAL,Clear,NORMAL,Clear,NORMAL,Clear,NORMAL,Clear,NORMAL,Clear,
18912183.7,11214374.07,7697809.63,3726482.06,-3.19,0.0,13405.41376273749,4594.10665273145,0.0,60207.76831770348,856.9032411376027,251064.23542714407,5833.568957373432,2025-08-05,48.7,SWARM_ACTIVE,NORMAL,NORMAL,Clear,NORMAL,Clear,NORMAL,Clear,NORMAL,Clear,NORMAL,Clear,NORMAL,Clear,
19001559.78,11238819.68,7762740.1,3714753.61,-3.19,0.0,13375.610376062252,4553.758458866416,0.0,61164.427187115536,856.9032411376027,251064.23542714407,5833.568957373432,2025-08-06,48.7,SWARM_ACTIVE,NORMAL,NORMAL,Clear,NORMAL,Clear,NORMAL,Clear,NORMAL,Clear,NORMAL,Clear,NORMAL,Clear,
19040603.18,11255606.34,7784996.84,3704562.42,-3.19,0.0,13318.397787105654,4545.821942579216,0.0,61767.04612373395,856.9032411376027,251064.23542714407,5833.568957373432,2025-08-07,48.2,SWARM_ACTIVE,NORMAL,NORMAL,Clear,NORMAL,Clear,NORMAL,Clear,NORMAL,Clear,NORMAL,Clear,NORMAL,Clear,
19167872.45,11321743.61,7846128.85,3709355.09,-3.19,0.0,13280.14162632452,4532.3548980741525,0.0,62003.931735652055,856.9032411376027,251064.23542714407,5833.568957373432,2025-08-08,48.2,SWARM_ACTIVE,NORMAL,NORMAL,Clear,NORMAL,Clear,NORMAL,Clear,NORMAL,Clear,NORMAL,Clear,NORMAL,Clear,
19079977.8,11284808.17,7795169.63,3700572.18,-3.19,0.0,13266.751940546306,4524.752726144024,0.0,62379.208937511576,856.9032411376027,251064.23542714407,5833.568957373432,2025-08-11,48.2,SWARM_ACTIVE,NORMAL,NORMAL,Clear,NORMAL,Clear,NORMAL,Clear,NORMAL,Clear,NORMAL,Clear,NORMAL,Clear,
19142985.62,11344448.97,7798536.65,3724359.72,-3.19,0.0,13306.221907790095,4479.431166665745,0.0,62263.155868626025,856.9032411376027,251064.23542714407,5833.568957373432,2025-08-12,48.3,SWARM_ACTIVE,NORMAL,NORMAL,Clear,NORMAL,Clear,NORMAL,Clear,NORMAL,Clear,NORMAL,Clear,NORMAL,Clear,
19378577.66,11354813.02,8023764.64,3631715.62,-3.19,0.0,13614.584962873763,4531.208840163203,0.0,62419.619649228225,856.9032411376027,251064.23542714407,5833.568957373432,2025-08-13,48.3,SWARM_ACTIVE,NORMAL,NORMAL,Clear,NORMAL,Clear,NORMAL,Clear,NORMAL,Clear,NORMAL,Clear,NORMAL,Clear,
19459628.87,11356085.48,8103543.39,3595366.12,-3.19,0.0,13676.581765140596,4549.781917782598,0.0,62759.27566463138,856.9032411376027,251064.23542714407,5833.568957373432,2025-08-14,48.4,SWARM_ACTIVE,NORMAL,NORMAL,Clear,NORMAL,Clear,NORMAL,Clear,NORMAL,Clear,NORMAL,Clear,NORMAL,Clear,
19456843.24,11323005.49,8133837.75,3571200.61,-3.19,0.0,13786.472518614692,4562.015707223973,0.0,62694.19007153158,856.9032411376027,251064.23542714407,5833.568957373432,2025-08-15,48.7,SWARM_ACTIVE,NORMAL,NORMAL,Clear,NORMAL,Clear,NORMAL,Clear,NORMAL,Clear,NORMAL,Clear,NORMAL,Clear,
19358424.68,11327715.72,8030708.96,3624169.68,-3.19,0.0,13615.363391625955,4533.048650102008,0.0,62569.67868448771,856.9032411376027,251064.23542714407,5833.568957373432,2025-08-18,48.9,SWARM_ACTIVE,NORMAL,NORMAL,Clear,NORMAL,Clear,NORMAL,Clear,NORMAL,Clear,NORMAL,Clear,NORMAL,Clear,
19097849.28,11206458.49,7891390.8,3614467.48,-3.19,0.0,13887.903594119176,4526.510337992997,0.0,61743.96002889464,856.9032411376027,251064.23542714407,5833.568957373432,2025-08-19,48.7,SWARM_ACTIVE,NORMAL,NORMAL,Clear,NORMAL,Clear,NORMAL,Clear,NORMAL,Clear,NORMAL,Clear,NORMAL,Clear,
19182173.65,11209327.57,7972846.08,3587098.16,-3.19,0.0,13969.059860258856,4562.446784338434,0.0,61573.41414938667,856.9032411376027,251064.23542714407,5833.568957373432,2025-08-20,48.6,SWARM_ACTIVE,NORMAL,NORMAL,Clear,NORMAL,Clear,NORMAL,Clear,NORMAL,Clear,NORMAL,Clear,NORMAL,Clear,
19189523.4,11209352.88,7980170.52,3571406.49,-3.19,0.0,14046.362918169632,4580.610783749347,0.0,61383.32846021375,856.9032411376027,251064.23542714407,5833.568957373432,2025-08-21,48.3,SWARM_ACTIVE,NORMAL,NORMAL,Clear,NORMAL,Clear,NORMAL,Clear,NORMAL,Clear,NORMAL,Clear,NORMAL,Clear,
19400477.96,11344411.96,8056065.99,3624787.71,-3.19,0.0,13970.672930676012,4555.270034962698,0.0,60794.66744757286,856.9032411376027,251064.23542714407,5833.568957373432,2025-08-22,48.4,SWARM_ACTIVE,NORMAL,NORMAL,Clear,NORMAL,Clear,NORMAL,Clear,NORMAL,Clear,NORMAL,Clear,NORMAL,Clear,
19851708.44,11369157.99,8482550.45,3464740.56,-3.19,0.0,14195.326130961323,4671.029615255114,0.0,62029.409059765014,856.9032411376027,251064.23542714407,5833.568957373432,2025-08-25,48.3,SWARM_ACTIVE,NORMAL,NORMAL,Clear,NORMAL,Clear,NORMAL,Clear,NORMAL,Clear,NORMAL,Clear,NORMAL,Clear,
19918718.82,11403219.71,8515499.1,3472933.71,-3.19,0.0,14104.44460817476,4664.477613775436,0.0,62306.88766818679,856.9032411376027,251064.23542714407,5833.568957373432,2025-08-26,48.7,SWARM_ACTIVE,NORMAL,NORMAL,Clear,NORMAL,Clear,NORMAL,Clear,NORMAL,Clear,NORMAL,Clear,NORMAL,Clear,
19891932.42,11435206.97,8456725.44,3513428.0,-3.19,0.0,14109.381498612127,4648.432408738131,0.0,61571.48528047454,856.9032411376027,251064.23542714407,5833.568957373432,2025-08-27,48.9,SWARM_ACTIVE,NORMAL,NORMAL,Clear,NORMAL,Clear,NORMAL,Clear,NORMAL,Clear,NORMAL,Clear,NORMAL,Clear,
19899660.33,11452219.16,8447441.17,3546539.28,-3.19,0.0,14189.984357778403,4611.330602367502,0.0,60975.56025005299,856.9032411376027,251064.23542714407,5833.568957373432,2025-08-28,48.8,SWARM_ACTIVE,NORMAL,NORMAL,Clear,NORMAL,Clear,NORMAL,Clear,NORMAL,Clear,NORMAL,Clear,NORMAL,Clear,
20134484.03,11351127.61,8783356.42,3309211.58,-3.19,0.0,14881.241421470384,4749.729528671863,0.0,61829.66353090397,856.9032411376027,251064.23542714407,5833.568957373432,2025-08-29,47.4,SWARM_ACTIVE,NORMAL,NORMAL,Clear,NORMAL,Clear,NORMAL,Clear,NORMAL,Clear,NORMAL,Clear,NORMAL,Clear,
20442131.28,11350890.52,9091240.76,3179804.98,-3.19,0.0,15098.219804524202,4827.760833261822,0.0,62889.39563382377,856.9032411376027,251064.23542714407,5833.568957373432,2025-09-01,49.1,SWARM_ACTIVE,NORMAL,NORMAL,Clear,NORMAL,Clear,NORMAL,Clear,NORMAL,Clear,NORMAL,Clear,NORMAL,Clear,
20385361.61,11280431.76,9104929.85,3179309.31,-3.19,0.0,15294.944153961695,4822.493648040609,0.0,62210.89000023471,856.9032411376027,251064.23542714407,5833.568957373432,2025-09-02,51.2,SWARM_ACTIVE,NORMAL,NORMAL,Clear,NORMAL,Clear,NORMAL,Clear,NORMAL,Clear,NORMAL,Clear,NORMAL,Clear,
20500924.61,11237245.38,9263679.23,3117349.48,-3.19,0.0,15393.573916623076,4801.486626819778,0.0,63521.1012187743,856.9032411376027,251064.23542714407,5833.568957373432,2025-09-03,51.3,SWARM_ACTIVE,NORMAL,NORMAL,Clear,NORMAL,Clear,NORMAL,Clear,NORMAL,Clear,NORMAL,Clear,NORMAL,Clear,
20257759.07,11296305.18,8961453.9,3265991.29,-3.19,0.0,15165.46977823423,4707.535449667527,0.0,62248.4973450253,856.9032411376027,251064.23542714407,5833.568957373432,2025-09-04,51.1,SWARM_ACTIVE,NORMAL,NORMAL,Clear,NORMAL,Clear,NORMAL,Clear,NORMAL,Clear,NORMAL,Clear,NORMAL,Clear,
20619001.74,11177061.94,9441939.8,3033604.08,-3.19,0.0,15829.56121545582,4775.14328898116,0.0,64167.25808513329,856.9032411376027,251064.23542714407,5833.568957373432,2025-09-05,52.0,SWARM_ACTIVE,NORMAL,NORMAL,Clear,NORMAL,Clear,NORMAL,Clear,NORMAL,Clear,NORMAL,Clear,NORMAL,Clear,
20506179.27,11204324.46,9301854.81,3084760.15,-3.19,0.0,15679.715779540942,4744.736219230219,0.0,63970.486626163976,856.9032411376027,251064.23542714407,5833.568957373432,2025-09-08,51.3,SWARM_ACTIVE,NORMAL,NORMAL,Clear,NORMAL,Clear,NORMAL,Clear,NORMAL,Clear,NORMAL,Clear,NORMAL,Clear,
20674389.1,11263654.34,9410734.75,3101979.19,-3.19,0.0,15550.769521144448,4755.990257701029,0.0,63929.837248832526,856.9032411376027,251064.23542714407,5833.568957373432,2025-09-09,53.0,SWARM_ACTIVE,NORMAL,NORMAL,Clear,NORMAL,Clear,NORMAL,Clear,NORMAL,Clear,NORMAL,Clear,NORMAL,Clear,
20814239.37,11414765.15,9399474.22,3230439.91,-3.19,0.0,15001.664502551714,4773.763593729225,0.0,62981.44849710462,856.9032411376027,251064.23542714407,5833.568957373432,2025-09-10,53.6,SWARM_ACTIVE,NORMAL,NORMAL,Clear,NORMAL,Clear,NORMAL,Clear,NORMAL,Clear,NORMAL,Clear,NORMAL,Clear,
20999833.1,11429080.41,9570752.7,3190929.75,-3.19,0.0,15092.566165303022,4785.776291805722,0.0,63355.00820487571,856.9032411376027,251064.23542714407,5833.568957373432,2025-09-11,53.4,SWARM_ACTIVE,NORMAL,NORMAL,Clear,NORMAL,Clear,NORMAL,Clear,NORMAL,Clear,NORMAL,Clear,NORMAL,Clear,
20998438.61,11434661.53,9563777.08,3189796.09,-3.19,0.0,15033.251374371006,4778.560332613492,0.0,63719.44751474517,856.9032411376027,251064.23542714407,5833.568957373432,2025-09-12,52.7,SWARM_ACTIVE,NORMAL,NORMAL,Clear,NORMAL,Clear,NORMAL,Clear,NORMAL,Clear,NORMAL,Clear,NORMAL,Clear,
21147015.95,11448111.43,9698904.52,3155962.78,-3.19,0.0,15113.167047551127,4770.753181164017,0.0,64276.83371605531,856.9032411376027,251064.23542714407,5833.568957373432,2025-09-15,53.0,SWARM_ACTIVE,NORMAL,NORMAL,Clear,NORMAL,Clear,NORMAL,Clear,NORMAL,Clear,NORMAL,Clear,NORMAL,Clear,
21082932.16,11449080.4,9633851.76,3146805.92,-3.19,0.0,15343.7451507477,4784.276028093357,0.0,63388.020775206285,856.9032411376027,251064.23542714407,5833.568957373432,2025-09-16,52.4,SWARM_ACTIVE,NORMAL,NORMAL,Clear,NORMAL,Clear,NORMAL,Clear,NORMAL,Clear,NORMAL,Clear,NORMAL,Clear,
21083304.29,11379480.96,9703823.33,3137281.21,-3.19,0.0,15647.502855580837,4763.289092286885,0.0,62711.18565157091,856.9032411376027,251064.23542714407,5833.568957373432,2025-09-17,54.8,SWARM_ACTIVE,NORMAL,NORMAL,Clear,NORMAL,Clear,NORMAL,Clear,NORMAL,Clear,NORMAL,Clear,NORMAL,Clear,
20950352.58,11489131.35,9461221.23,3255257.02,-3.19,0.0,15102.754473876314,4728.36418908238,0.0,62680.52550299163,856.9032411376027,251064.23542714407,5833.568957373432,2025-09-18,53.5,SWARM_ACTIVE,NORMAL,NORMAL,Clear,NORMAL,Clear,NORMAL,Clear,NORMAL,Clear,NORMAL,Clear,NORMAL,Clear,
21097898.94,11477848.71,9620050.23,3263162.5,-3.19,0.0,15034.95355025382,4692.324482293631,0.0,63267.93291727142,856.9032411376027,251064.23542714407,5833.568957373432,2025-09-19,56.6,SWARM_ACTIVE,NORMAL,NORMAL,Clear,NORMAL,Clear,NORMAL,Clear,NORMAL,Clear,NORMAL,Clear,NORMAL,Clear,
21299600.12,11595567.0,9704033.12,3324447.71,-3.19,0.0,14551.520089014452,4700.798524175955,0.0,63780.08536688764,856.9032411376027,251064.23542714407,5833.568957373432,2025-09-22,56.0,SWARM_ACTIVE,NORMAL,NORMAL,Clear,NORMAL,Clear,NORMAL,Clear,NORMAL,Clear,NORMAL,Clear,NORMAL,Clear,
21349114.08,11549046.3,9800067.78,3276904.02,-3.19,0.0,14909.012524276677,4737.666710356153,0.0,62911.77959386571,856.9032411376027,251064.23542714407,5833.568957373432,2025-09-23,56.0,SWARM_ACTIVE,NORMAL,NORMAL,Clear,NORMAL,Clear,NORMAL,Clear,NORMAL,Clear,NORMAL,Clear,NORMAL,Clear,
21445026.49,11553399.98,9891626.52,3284305.66,-3.19,0.0,14993.055955618487,4756.349395419209,0.0,62164.800577833346,856.9032411376027,251064.23542714407,5833.568957373432,2025-09-24,56.3,SWARM_ACTIVE,NORMAL,NORMAL,Clear,NORMAL,Clear,NORMAL,Clear,NORMAL,Clear,NORMAL,Clear,NORMAL,Clear,
21875213.25,11576891.39,10298321.85,3134590.71,-3.19,0.0,15229.302186655126,4875.978775915347,0.0,62976.419010751735,856.9032411376027,251064.23542714407,5833.568957373432,2025-09-25,54.7,SWARM_ACTIVE,NORMAL,NORMAL,Clear,NORMAL,Clear,NORMAL,Clear,NORMAL,Clear,NORMAL,Clear,NORMAL,Clear,
21877176.47,11622464.26,10254712.21,3165142.05,-3.19,0.0,15208.2268496015,4869.815481997371,0.0,62468.630842089886,856.9032411376027,251064.23542714407,5833.568957373432,2025-09-26,54.7,SWARM_ACTIVE,NORMAL,NORMAL,Clear,NORMAL,Clear,NORMAL,Clear,NORMAL,Clear,NORMAL,Clear,NORMAL,Clear,
22356001.33,11639176.59,10716824.74,3025133.88,-3.19,0.0,15211.460595282595,4944.87704014312,0.0,64577.183812907075,856.9032411376027,251064.23542714407,5833.568957373432,2025-09-29,55.2,SWARM_ACTIVE,NORMAL,NORMAL,Clear,NORMAL,Clear,NORMAL,Clear,NORMAL,Clear,NORMAL,Clear,NORMAL,Clear,
22641413.94,11688346.64,10953067.31,2915933.44,-3.19,0.0,15125.152463748509,5038.905002067096,0.0,66130.10633190353,856.9032411376027,251064.23542714407,5833.568957373432,2025-09-30,53.3,SWARM_ACTIVE,NORMAL,NORMAL,Clear,NORMAL,Clear,NORMAL,Clear,NORMAL,Clear,NORMAL,Clear,NORMAL,Clear,
22665748.19,11712680.88,10953067.31,2922759.65,-3.19,0.0,15070.51865247471,5031.229957030148,0.0,66310.81485786308,856.9032411376027,251064.23542714407,5833.568957373432,2025-10-01,54.2,SWARM_ACTIVE,NORMAL,NORMAL,Clear,NORMAL,Clear,NORMAL,Clear,NORMAL,Clear,NORMAL,Clear,NORMAL,Clear,
22673464.13,11720396.82,10953067.31,2923085.11,-3.19,0.0,14929.270799369293,5021.758740214101,0.0,67041.06099214536,856.9032411376027,251064.23542714407,5833.568957373432,2025-10-02,54.2,SWARM_ACTIVE,NORMAL,NORMAL,Clear,NORMAL,Clear,NORMAL,Clear,NORMAL,Clear,NORMAL,Clear,NORMAL,Clear,
22657272.95,11704205.64,10953067.31,2905542.46,-3.19,0.0,15007.031657223906,5036.062273897278,0.0,66911.94292765022,856.9032411376027,251064.23542714407,5833.568957373432,2025-10-03,54.2,SWARM_ACTIVE,NORMAL,NORMAL,Clear,NORMAL,Clear,NORMAL,Clear,NORMAL,Clear,NORMAL,Clear,NORMAL,Clear,
22663411.38,11710344.07,10953067.31,2905640.06,-3.19,0.0,15158.794786455042,5002.065784917462,0.0,66738.63233223636,856.9032411376027,251064.23542714407,5833.568957373432,2025-10-06,54.2,SWARM_ACTIVE,NORMAL,NORMAL,Clear,NORMAL,Clear,NORMAL,Clear,NORMAL,Clear,NORMAL,Clear,NORMAL,Clear,
22644422.29,11691354.98,10953067.31,2892355.18,-3.19,0.0,15189.823536526646,5019.377744010114,0.0,66672.65363092732,856.9032411376027,251064.23542714407,5833.568957373432,2025-10-07,54.2,SWARM_ACTIVE,NORMAL,NORMAL,Clear,NORMAL,Clear,NORMAL,Clear,NORMAL,Clear,NORMAL,Clear,NORMAL,Clear,
22723773.63,11770706.32,10953067.31,2931886.5,-3.19,0.0,14982.195041214143,4973.005780789772,0.0,67306.37400258514,856.9032411376027,251064.23542714407,5833.568957373432,2025-10-08,54.2,SWARM_ACTIVE,NORMAL,NORMAL,Clear,NORMAL,Clear,NORMAL,Clear,NORMAL,Clear,NORMAL,Clear,NORMAL,Clear,
23509542.96,11778394.62,11731148.35,2635862.46,-3.19,0.0,15237.344608537876,5143.239775941493,0.0,70587.72718641783,856.9032411376027,251064.23542714407,5833.568957373432,2025-10-09,54.2,SWARM_ACTIVE,NORMAL,NORMAL,Clear,NORMAL,Clear,NORMAL,Clear,NORMAL,Clear,NORMAL,Clear,NORMAL,Clear,
22620277.23,11436938.41,11183338.81,2633559.66,-3.19,0.0,15380.267903131542,5111.763313514153,0.0,70460.10114893228,856.9032411376027,251064.23542714407,5833.568957373432,2025-10-10,54.0,SWARM_ACTIVE,NORMAL,NORMAL,Clear,NORMAL,Clear,NORMAL,Clear,NORMAL,Clear,NORMAL,Clear,NORMAL,Clear,
22859369.46,11620633.27,11238736.19,2810582.74,-3.19,0.0,14979.483142583988,5003.325128433471,0.0,69607.05106243801,856.9032411376027,251064.23542714407,5833.568957373432,2025-10-13,56.8,SWARM_ACTIVE,NORMAL,NORMAL,Clear,NORMAL,Clear,NORMAL,Clear,NORMAL,Clear,NORMAL,Clear,NORMAL,Clear,
22193277.64,11475900.53,10717377.11,2939873.62,-3.19,0.0,15123.385520023014,4880.6919712564795,0.0,67688.8535219398,856.9032411376027,251064.23542714407,5833.568957373432,2025-10-14,55.4,SWARM_ACTIVE,NORMAL,NORMAL,Clear,NORMAL,Clear,NORMAL,Clear,NORMAL,Clear,NORMAL,Clear,NORMAL,Clear,
22655709.52,11491586.85,11164122.67,2809891.17,-3.19,0.0,15396.150571405942,4928.865588137732,0.0,68899.97549458712,856.9032411376027,251064.23542714407,5833.568957373432,2025-10-15,55.8,SWARM_ACTIVE,NORMAL,NORMAL,Clear,NORMAL,Clear,NORMAL,Clear,NORMAL,Clear,NORMAL,Clear,NORMAL,Clear,
22526153.39,11475437.29,11050716.09,2832055.17,-3.19,0.0,15222.786591255337,4917.889020899308,0.0,69275.49773385836,856.9032411376027,251064.23542714407,5833.568957373432,2025-10-16,54.4,SWARM_ACTIVE,NORMAL,NORMAL,Clear,NORMAL,Clear,NORMAL,Clear,NORMAL,Clear,NORMAL,Clear,NORMAL,Clear,
22429999.84,11540239.44,10889760.4,2919041.35,-3.19,0.0,15080.143906215822,4867.778680831244,0.0,68554.92688977502,856.9032411376027,251064.23542714407,5833.568957373432,2025-10-17,54.7,SWARM_ACTIVE,NORMAL,NORMAL,Clear,NORMAL,Clear,NORMAL,Clear,NORMAL,Clear,NORMAL,Clear,NORMAL,Clear,
22434881.63,11599330.95,10835550.67,2977318.67,-3.19,0.0,15156.276557422578,4800.024822212286,0.0,67837.92835468052,856.9032411376027,251064.23542714407,5833.568957373432,2025-10-20,54.9,SWARM_ACTIVE,NORMAL,NORMAL,Clear,NORMAL,Clear,NORMAL,Clear,NORMAL,Clear,NORMAL,Clear,NORMAL,Clear,
22538675.26,11569321.77,10969353.49,2912548.09,-3.19,0.0,15379.699210808887,4808.78310863841,0.0,68277.33569254514,856.9032411376027,251064.23542714407,5833.568957373432,2025-10-21,54.2,SWARM_ACTIVE,NORMAL,NORMAL,Clear,NORMAL,Clear,NORMAL,Clear,NORMAL,Clear,NORMAL,Clear,NORMAL,Clear,
22362991.38,11565009.73,10797981.65,2927969.99,-3.19,0.0,15447.995299394284,4822.0533552333345,0.0,67454.56245995978,856.9032411376027,251064.23542714407,5833.568957373432,2025-10-22,52.5,SWARM_ACTIVE,NORMAL,NORMAL,Clear,NORMAL,Clear,NORMAL,Clear,NORMAL,Clear,NORMAL,Clear,NORMAL,Clear,
22547143.8,11657634.5,10889509.3,2947329.74,-3.19,0.0,15438.047279832757,4818.480865617736,0.0,67105.68564132176,856.9032411376027,251064.23542714407,5833.568957373432,2025-10-23,52.9,SWARM_ACTIVE,NORMAL,NORMAL,Clear,NORMAL,Clear,NORMAL,Clear,NORMAL,Clear,NORMAL,Clear,NORMAL,Clear,
22733920.81,11722340.76,11011580.06,2911527.86,-3.19,0.0,15299.533875917443,4820.411090494961,0.0,68487.25110326376,856.9032411376027,251064.23542714407,5833.568957373432,2025-10-24,51.7,SWARM_ACTIVE,NORMAL,NORMAL,Clear,NORMAL,Clear,NORMAL,Clear,NORMAL,Clear,NORMAL,Clear,NORMAL,Clear,
23111728.56,11862304.6,11249423.96,2864620.67,-3.19,0.0,15197.26589196948,4831.140196844509,0.0,69850.6838621146,856.9032411376027,251064.23542714407,5833.568957373432,2025-10-27,51.2,SWARM_ACTIVE,NORMAL,NORMAL,Clear,NORMAL,Clear,NORMAL,Clear,NORMAL,Clear,NORMAL,Clear,NORMAL,Clear,
22962443.85,11998636.93,10963806.92,3052325.78,-3.19,0.0,14370.064582873783,4763.791952758641,0.0,70333.68897432293,856.9032411376027,251064.23542714407,5833.568957373432,2025-10-28,51.6,SWARM_ACTIVE,NORMAL,NORMAL,Clear,NORMAL,Clear,NORMAL,Clear,NORMAL,Clear,NORMAL,Clear,NORMAL,Clear,
23433822.15,12120991.21,11312830.94,2990999.25,-3.19,0.0,14179.779091029184,4839.181377046433,0.0,71541.77308923895,856.9032411376027,251064.23542714407,5833.568957373432,2025-10-29,51.6,SWARM_ACTIVE,NORMAL,NORMAL,Clear,NORMAL,Clear,NORMAL,Clear,NORMAL,Clear,NORMAL,Clear,NORMAL,Clear,
23332756.13,11996588.21,11336167.91,2906427.69,-3.19,0.0,14304.40014063624,4891.12888852842,0.0,72157.88997337138,856.9032411376027,251064.23542714407,5833.568957373432,2025-10-30,51.4,SWARM_ACTIVE,NORMAL,NORMAL,Clear,NORMAL,Clear,NORMAL,Clear,NORMAL,Clear,NORMAL,Clear,NORMAL,Clear,
23158667.93,12028429.81,11130238.11,3012475.63,-3.19,0.0,14155.863107176687,4833.378792031556,0.0,71247.06208666642,856.9032411376027,251064.23542714407,5833.568957373432,2025-10-31,51.7,SWARM_ACTIVE,NORMAL,NORMAL,Clear,NORMAL,Clear,NORMAL,Clear,NORMAL,Clear,NORMAL,Clear,NORMAL,Clear,
23103115.54,12105347.39,10997768.14,3121378.42,-3.19,0.0,13789.887356495932,4795.776992995638,0.0,71028.14355204048,856.9032411376027,251064.23542714407,5833.568957373432,2025-11-03,51.8,SWARM_ACTIVE,NORMAL,NORMAL,Clear,NORMAL,Clear,NORMAL,Clear,NORMAL,Clear,NORMAL,Clear,NORMAL,Clear,
22537673.2,11897401.96,10640271.24,3151316.6,-3.19,0.0,13888.473217144907,4771.867192431137,0.0,70222.91554788592,856.9032411376027,251064.23542714407,5833.568957373432,2025-11-04,51.2,SWARM_ACTIVE,NORMAL,NORMAL,Clear,NORMAL,Clear,NORMAL,Clear,NORMAL,Clear,NORMAL,Clear,NORMAL,Clear,
22623594.51,11876216.89,10747377.62,3100151.3,-3.19,0.0,14124.450482282318,4767.726829929531,0.0,70398.81929467099,856.9032411376027,251064.23542714407,5833.568957373432,2025-11-05,51.1,SWARM_ACTIVE,NORMAL,NORMAL,Clear,NORMAL,Clear,NORMAL,Clear,NORMAL,Clear,NORMAL,Clear,NORMAL,Clear,
22718020.3,11749843.06,10968177.24,2943225.7,-3.19,0.0,14665.32479775375,4872.396665494875,0.0,70195.17265906921,856.9032411376027,251064.23542714407,5833.568957373432,2025-11-06,50.7,SWARM_ACTIVE,NORMAL,NORMAL,Clear,NORMAL,Clear,NORMAL,Clear,NORMAL,Clear,NORMAL,Clear,NORMAL,Clear,
22874186.28,11785500.48,11088685.81,2921432.16,-3.19,0.0,14764.960822768093,4919.575795732053,0.0,69614.99198030368,856.9032411376027,251064.23542714407,5833.568957373432,2025-11-07,51.0,SWARM_ACTIVE,NORMAL,NORMAL,Clear,NORMAL,Clear,NORMAL,Clear,NORMAL,Clear,NORMAL,Clear,NORMAL,Clear,
23090334.18,12040591.98,11049742.21,3050899.09,-3.19,0.0,14169.090072085131,4889.236002118203,0.0,69790.76696616528,856.9032411376027,251064.23542714407,5833.568957373432,2025-11-10,49.7,SWARM_ACTIVE,NORMAL,NORMAL,Clear,NORMAL,Clear,NORMAL,Clear,NORMAL,Clear,NORMAL,Clear,NORMAL,Clear,
22904945.0,11989718.27,10915226.73,3075551.57,-3.19,0.0,14443.55055752656,4872.607250580581,0.0,68303.87423627247,856.9032411376027,251064.23542714407,5833.568957373432,2025-11-11,49.5,SWARM_ACTIVE,NORMAL,NORMAL,Clear,NORMAL,Clear,NORMAL,Clear,NORMAL,Clear,NORMAL,Clear,NORMAL,Clear,
22845429.92,11953101.36,10892328.56,3081727.67,-3.19,0.0,14346.831683062528,4860.656888960761,0.0,68749.37855850704,856.9032411376027,251064.23542714407,5833.568957373432,2025-11-12,50.3,SWARM_ACTIVE,NORMAL,NORMAL,Clear,NORMAL,Clear,NORMAL,Clear,NORMAL,Clear,NORMAL,Clear,NORMAL,Clear,
23175780.36,11799779.53,11376000.82,2804092.87,-3.19,0.0,15072.53128104614,5029.981510880325,0.0,69616.03650817428,856.9032411376027,251064.23542714407,5833.568957373432,2025-11-13,49.8,SWARM_ACTIVE,NORMAL,NORMAL,Clear,NORMAL,Clear,NORMAL,Clear,NORMAL,Clear,NORMAL,Clear,NORMAL,Clear,
23026527.3,11904851.04,11121676.26,2965667.23,-3.19,0.0,14734.996636919012,4990.899709213152,0.0,67998.67164333233,856.9032411376027,251064.23542714407,5833.568957373432,2025-11-14,50.4,SWARM_ACTIVE,NORMAL,NORMAL,Clear,NORMAL,Clear,NORMAL,Clear,NORMAL,Clear,NORMAL,Clear,NORMAL,Clear,
22564415.29,11769533.02,10794882.27,3003242.17,-3.19,0.0,14737.484085041482,4944.95015726982,0.0,67767.01702045734,856.9032411376027,251064.23542714407,5833.568957373432,2025-11-17,50.0,SWARM_ACTIVE,NORMAL,NORMAL,Clear,NORMAL,Clear,NORMAL,Clear,NORMAL,Clear,NORMAL,Clear,NORMAL,Clear,
22297414.82,11680165.64,10617249.18,3023252.89,-3.19,0.0,14973.402143268055,4943.071930866295,0.0,66398.50807377361,856.9032411376027,251064.23542714407,5833.568957373432,2025-11-18,50.3,SWARM_ACTIVE,NORMAL,NORMAL,Clear,NORMAL,Clear,NORMAL,Clear,NORMAL,Clear,NORMAL,Clear,NORMAL,Clear,
22623190.11,11736049.3,10887140.81,2959025.07,-3.19,0.0,14761.360780075936,4990.307344945849,0.0,68089.11591181313,856.9032411376027,251064.23542714407,5833.568957373432,2025-11-19,50.4,SWARM_ACTIVE,NORMAL,NORMAL,Clear,NORMAL,Clear,NORMAL,Clear,NORMAL,Clear,NORMAL,Clear,NORMAL,Clear,
22266560.82,11543911.02,10722649.81,2908344.86,-3.19,0.0,14991.712102393261,5028.963917968813,0.0,67780.02508761677,856.9032411376027,251064.23542714407,5833.568957373432,2025-11-20,50.3,SWARM_ACTIVE,NORMAL,NORMAL,Clear,NORMAL,Clear,NORMAL,Clear,NORMAL,Clear,NORMAL,Clear,NORMAL,Clear,
22017425.5,11558366.0,10459059.51,3029558.74,-3.19,0.0,14943.766405214616,4928.216592829049,0.0,66575.75789588188,856.9032411376027,251064.23542714407,5833.568957373432,2025-11-21,50.6,SWARM_ACTIVE,NORMAL,NORMAL,Clear,NORMAL,Clear,NORMAL,Clear,NORMAL,Clear,NORMAL,Clear,NORMAL,Clear,
22093922.35,11679104.64,10414817.71,3124906.66,-3.19,0.0,14687.345371863086,4822.136251681184,0.0,66925.1446715385,856.9032411376027,251064.23542714407,5833.568957373432,2025-11-24,50.5,SWARM_ACTIVE,NORMAL,NORMAL,Clear,NORMAL,Clear,NORMAL,Clear,NORMAL,Clear,NORMAL,Clear,NORMAL,Clear,
22156120.59,11608894.1,10547226.49,3020669.5,-3.19,0.0,15215.323887019787,4800.684425942627,0.0,67454.89124112896,856.9032411376027,251064.23542714407,5833.568957373432,2025-11-25,50.3,SWARM_ACTIVE,NORMAL,NORMAL,Clear,NORMAL,Clear,NORMAL,Clear,NORMAL,Clear,NORMAL,Clear,NORMAL,Clear,
22227704.21,11694087.75,10533616.46,3056340.95,-3.19,0.0,15175.879357055233,4775.63983514894,0.0,67155.92742356038,856.9032411376027,251064.23542714407,5833.568957373432,2025-11-26,49.5,SWARM_ACTIVE,NORMAL,NORMAL,Clear,NORMAL,Clear,NORMAL,Clear,NORMAL,Clear,NORMAL,Clear,NORMAL,Clear,
22259340.41,11694052.04,10565288.37,3021679.4,-3.19,0.0,15276.652512234605,4789.534011877451,0.0,67335.28340944834,856.9032411376027,251064.23542714407,5833.568957373432,2025-11-27,49.1,SWARM_ACTIVE,NORMAL,NORMAL,Clear,NORMAL,Clear,NORMAL,Clear,NORMAL,Clear,NORMAL,Clear,NORMAL,Clear,
22281727.92,11707097.68,10574630.24,3012609.5,-3.19,0.0,15627.75661399243,4761.948174280472,0.0,66529.64926413471,856.9032411376027,251064.23542714407,5833.568957373432,2025-11-28,49.1,SWARM_ACTIVE,NORMAL,NORMAL,Clear,NORMAL,Clear,NORMAL,Clear,NORMAL,Clear,NORMAL,Clear,NORMAL,Clear,
22772509.39,11771416.68,11001092.71,2879770.58,-3.19,0.0,15717.961218519886,4885.714465631611,0.0,67417.3748672909,856.9032411376027,251064.23542714407,5833.568957373432,2025-12-01,49.0,SWARM_ACTIVE,NORMAL,NORMAL,Clear,NORMAL,Clear,NORMAL,Clear,NORMAL,Clear,NORMAL,Clear,NORMAL,Clear,
22673423.8,11779616.12,10893807.68,2924702.69,-3.19,0.0,15559.230341763223,4828.6361937119445,0.0,67847.9746177869,856.9032411376027,251064.23542714407,5833.568957373432,2025-12-02,49.3,SWARM_ACTIVE,NORMAL,NORMAL,Clear,NORMAL,Clear,NORMAL,Clear,NORMAL,Clear,NORMAL,Clear,NORMAL,Clear,
22736994.56,11814615.4,10922379.16,2916629.59,-3.19,0.0,15836.68636418588,4839.222376844049,0.0,66783.7793453399,856.9032411376027,251064.23542714407,5833.568957373432,2025-12-03,49.0,SWARM_ACTIVE,NORMAL,NORMAL,Clear,NORMAL,Clear,NORMAL,Clear,NORMAL,Clear,NORMAL,Clear,NORMAL,Clear,
23026041.43,11884799.46,11141241.96,2861009.11,-3.19,0.0,15752.821875119524,4915.582823132314,0.0,67295.7293346415,856.9032411376027,251064.23542714407,5833.568957373432,2025-12-04,48.7,SWARM_ACTIVE,NORMAL,NORMAL,Clear,NORMAL,Clear,NORMAL,Clear,NORMAL,Clear,NORMAL,Clear,NORMAL,Clear,
23207201.7,11869224.21,11337977.5,2758981.89,-3.19,0.0,16015.595277401451,4950.510874549824,0.0,68002.35769891928,856.9032411376027,251064.23542714407,5833.568957373432,2025-12-05,48.7,SWARM_ACTIVE,NORMAL,NORMAL,Clear,NORMAL,Clear,NORMAL,Clear,NORMAL,Clear,NORMAL,Clear,NORMAL,Clear,
23272892.52,11879764.67,11393127.85,2734365.02,-3.19,0.0,15822.337071997817,4982.740227263548,0.0,68896.87231324535,856.9032411376027,251064.23542714407,5833.568957373432,2025-12-08,48.5,SWARM_ACTIVE,NORMAL,NORMAL,Clear,NORMAL,Clear,NORMAL,Clear,NORMAL,Clear,NORMAL,Clear,NORMAL,Clear,
22967265.28,11893451.44,11073813.84,2837873.6,-3.19,0.0,15811.784936679322,4920.78676119803,0.0,67506.87013612437,856.9032411376027,251064.23542714407,5833.568957373432,2025-12-09,48.5,SWARM_ACTIVE,NORMAL,NORMAL,Clear,NORMAL,Clear,NORMAL,Clear,NORMAL,Clear,NORMAL,Clear,NORMAL,Clear,
23052043.85,11919242.01,11132801.83,2817487.38,-3.19,0.0,16042.337366161308,4918.849369983731,0.0,67051.86019666928,856.9032411376027,251064.23542714407,5833.568957373432,2025-12-10,48.6,SWARM_ACTIVE,NORMAL,NORMAL,Clear,NORMAL,Clear,NORMAL,Clear,NORMAL,Clear,NORMAL,Clear,NORMAL,Clear,
23080685.85,11848857.97,11231827.88,2762453.43,-3.19,0.0,16286.201456396375,4922.715655852599,0.0,67237.08729409541,856.9032411376027,251064.23542714407,5833.568957373432,2025-12-11,48.6,SWARM_ACTIVE,NORMAL,NORMAL,Clear,NORMAL,Clear,NORMAL,Clear,NORMAL,Clear,NORMAL,Clear,NORMAL,Clear,
23105055.44,11663750.63,11441304.8,2562730.09,-89.72,0.0,16911.21834916743,5019.620886952026,0.0,67918.45342028013,856.9032411376027,248230.91776308694,6062.571440096249,2025-12-12,47.3,SWARM_ACTIVE,NORMAL,NORMAL,Clear,NORMAL,Clear,NORMAL,Clear,NORMAL,Clear,NORMAL,Clear,NORMAL,Clear,
22983488.95,11648037.38,11335451.58,2587989.57,-7.75,0.0,16734.47782977952,5016.6126198065895,0.0,68090.11309015512,856.9032411376027,247981.05249713964,6082.677008260654,2025-12-15,47.2,SWARM_ACTIVE,NORMAL,NORMAL,Clear,NORMAL,Clear,NORMAL,Clear,NORMAL,Clear,NORMAL,Clear,NORMAL,Clear,
22603459.39,11584819.25,11018640.14,2661631.28,-7.75,0.0,16397.17734389434,4932.331743564028,0.0,68956.75623134153,856.9032411376027,247981.05249713964,6082.677008260654,2025-12-16,47.0,SWARM_ACTIVE,NORMAL,NORMAL,Clear,NORMAL,Clear,NORMAL,Clear,NORMAL,Clear,NORMAL,Clear,NORMAL,Clear,
22678815.76,11483959.08,11194856.68,2529821.05,-29.37,0.0,17119.031683620997,5036.671087756421,0.0,67731.80519549079,856.9032411376027,247028.30638024525,6159.2878017232815,2025-12-17,46.8,SWARM_ACTIVE,NORMAL,NORMAL,Clear,NORMAL,Clear,NORMAL,Clear,NORMAL,Clear,NORMAL,Clear,NORMAL,Clear,
22686000.81,11538608.96,11147391.85,2575718.19,-30.41,0.0,16871.264031390278,4965.814185429639,0.0,68651.12684769295,856.9032411376027,246044.4984407591,6241.031588195566,2025-12-18,47.0,SWARM_ACTIVE,NORMAL,NORMAL,Clear,NORMAL,Clear,NORMAL,Clear,NORMAL,Clear,NORMAL,Clear,NORMAL,Clear,
22892682.38,11693428.41,11199253.97,2637769.76,-30.41,0.0,16376.748918738525,4969.548231678785,0.0,69223.21250819713,856.9032411376027,246044.4984407591,6241.031588195566,2025-12-19,46.7,SWARM_ACTIVE,NORMAL,NORMAL,Clear,NORMAL,Clear,NORMAL,Clear,NORMAL,Clear,NORMAL,Clear,NORMAL,Clear,
23314771.6,11783567.04,11531204.55,2560474.86,-199.84,0.0,16414.25991617626,5042.318800743173,0.0,69794.7354501784,856.9032411376027,239894.2179765295,6778.462043921927,2025-12-22,46.8,SWARM_ACTIVE,NORMAL,NORMAL,Clear,NORMAL,Clear,NORMAL,Clear,NORMAL,Clear,NORMAL,Clear,NORMAL,Clear,
23376301.67,11908959.69,11467341.98,2662000.85,-199.84,0.0,15943.111609679021,5047.983329244611,0.0,69434.90036122534,856.9032411376027,239894.2179765295,6778.462043921927,2025-12-23,46.9,SWARM_ACTIVE,NORMAL,NORMAL,Clear,NORMAL,Clear,NORMAL,Clear,NORMAL,Clear,NORMAL,Clear,NORMAL,Clear,
23396654.63,11899445.8,11497208.83,2645723.66,-199.84,0.0,15980.518515968826,5049.226276093571,0.0,69624.89575441471,856.9032411376027,239894.2179765295,6778.462043921927,2025-12-24,47.1,SWARM_ACTIVE,NORMAL,NORMAL,Clear,NORMAL,Clear,NORMAL,Clear,NORMAL,Clear,NORMAL,Clear,NORMAL,Clear,
23323282.29,11899429.53,11423852.76,2676585.3,-199.84,0.0,15911.909462504398,5039.497535043826,0.0,69357.09941342856,856.9032411376027,239894.2179765295,6778.462043921927,2025-12-25,47.1,SWARM_ACTIVE,NORMAL,NORMAL,Clear,NORMAL,Clear,NORMAL,Clear,NORMAL,Clear,NORMAL,Clear,NORMAL,Clear,
23711242.51,11917957.43,11793285.08,2543163.87,-93.38,0.0,16001.587015080162,5125.641833873155,0.0,70770.16067339656,856.9032411376027,237100.58212738138,7027.846707792298,2025-12-26,47.1,SWARM_ACTIVE,NORMAL,NORMAL,Clear,NORMAL,Clear,NORMAL,Clear,NORMAL,Clear,NORMAL,Clear,NORMAL,Clear,
23433177.7,11895104.31,11538073.39,2633410.93,-93.38,0.0,15973.514219037423,5088.561173262736,0.0,69379.94859944416,856.9032411376027,237100.58212738138,7027.846707792298,2025-12-29,47.1,SWARM_ACTIVE,NORMAL,NORMAL,Clear,NORMAL,Clear,NORMAL,Clear,NORMAL,Clear,NORMAL,Clear,NORMAL,Clear,
23609757.79,11900413.51,11709344.28,2579007.59,-93.38,0.0,16122.247355776122,5133.316205639742,0.0,69351.71088683301,856.9032411376027,237100.58212738138,7027.846707792298,2025-12-30,47.4,SWARM_ACTIVE,NORMAL,NORMAL,Clear,NORMAL,Clear,NORMAL,Clear,NORMAL,Clear,NORMAL,Clear,NORMAL,Clear,
23773890.2,11839969.12,11933921.08,2453421.27,-181.06,0.0,16321.01777952409,5210.927672614721,0.0,70262.30521865908,856.9032411376027,231839.9007954421,7520.851593511885,2025-12-31,47.3,SWARM_ACTIVE,NORMAL,NORMAL,Clear,NORMAL,Clear,NORMAL,Clear,NORMAL,Clear,NORMAL,Clear,NORMAL,Clear,
23871602.55,11938043.87,11933558.68,2508562.64,-181.06,0.0,16192.235775819836,5240.241730029423,0.0,69191.43772112572,856.9032411376027,231839.9007954421,7520.851593511885,2026-01-02,47.3,SWARM_ACTIVE,NORMAL,NORMAL,Clear,NORMAL,Clear,NORMAL,Clear,NORMAL,Clear,NORMAL,Clear,NORMAL,Clear,
24305466.65,12037449.37,12268017.28,2419059.93,-42.37,0.0,16587.14997081388,5314.457248237892,0.0,68534.49708358367,856.9032411376027,230636.638817803,7633.0948236826625,2026-01-05,47.1,SWARM_ACTIVE,NORMAL,NORMAL,Clear,NORMAL,Clear,NORMAL,Clear,NORMAL,Clear,NORMAL,Clear,NORMAL,Clear,
24716153.59,11965891.23,12750262.36,2176172.01,-377.26,0.0,16994.52862986796,5381.91206410803,0.0,71258.31417959648,856.9032411376027,220592.00166058246,8641.833831341652,2026-01-06,47.1,SWARM_ACTIVE,NORMAL,NORMAL,Clear,NORMAL,Clear,NORMAL,Clear,NORMAL,Clear,NORMAL,Clear,NORMAL,Clear,
24489965.95,11964315.99,12525649.95,2261377.59,-377.26,0.0,16718.03269458572,5332.199157514945,0.0,71214.42143918504,856.9032411376027,220592.00166058246,8641.833831341652,2026-01-07,47.1,SWARM_ACTIVE,NORMAL,NORMAL,Clear,NORMAL,Clear,NORMAL,Clear,NORMAL,Clear,NORMAL,Clear,NORMAL,Clear,
24386351.09,11978382.97,12407968.12,2312344.61,-377.26,0.0,17011.69609375381,5353.092271591664,0.0,68669.72102104637,856.9032411376027,220592.00166058246,8641.833831341652,2026-01-08,47.0,SWARM_ACTIVE,NORMAL,NORMAL,Clear,NORMAL,Clear,NORMAL,Clear,NORMAL,Clear,NORMAL,Clear,NORMAL,Clear,
24633371.0,12016457.92,12616913.08,2267196.82,-377.26,0.0,17199.539670659353,5351.495931186825,0.0,68913.48092494595,856.9032411376027,220592.00166058246,8641.833831341652,2026-01-09,47.4,SWARM_ACTIVE,NORMAL,NORMAL,Clear,NORMAL,Clear,NORMAL,Clear,NORMAL,Clear,NORMAL,Clear,NORMAL,Clear,
24561857.19,11997828.06,12564029.13,2276228.84,-377.26,0.0,17185.837523019,5332.879686724432,0.0,69024.79372517842,856.9032411376027,220592.00166058246,8641.833831341652,2026-01-12,47.1,SWARM_ACTIVE,NORMAL,NORMAL,Clear,NORMAL,Clear,NORMAL,Clear,NORMAL,Clear,NORMAL,Clear,NORMAL,Clear,
24804430.26,12057860.19,12746570.07,2240410.79,-108.4,0.0,17370.40820505193,5384.988063373863,0.0,68366.1372886531,856.9032411376027,217744.50285847564,8943.789854521045,2026-01-13,47.2,SWARM_ACTIVE,NORMAL,NORMAL,Clear,NORMAL,Clear,NORMAL,Clear,NORMAL,Clear,NORMAL,Clear,NORMAL,Clear,
