date,nav,pnl_pct,risk_prob,trauma_score,action,target_lev,real_lev,liquidity_cap,slippage,borrow_cost,event,pos_NVDA,pnl_NVDA,pos_QQQ,pnl_QQQ,pos_AMD,pnl_AMD,pos_TSLA,pnl_TSLA,pos_SMH,pnl_SMH,pos_XLE,pnl_XLE,pos_XOP,pnl_XOP,pos_XME,pnl_XME,pos_GLD,pnl_GLD,pos_SLV,pnl_SLV,pos_TLT,pnl_TLT
2023-01-03,9984218.51,-0.16,31.57,0.693,MULTI (GLD+TLT+QQQ),1.58,1.58,0.0,15781.49,0.0,NORMAL,0.0,-0.0,2230107.0,-2230.11,0.0,-0.0,0.0,-0.0,0.0,-0.0,1884719.0,-1884.72,1396348.0,-1396.35,1716959.0,-1716.96,4293789.0,-4293.79,1584666.0,-1584.67,2674905.0,-2674.9
2023-01-04,10105843.6,1.06,31.76,0.682,MULTI (GLD+TLT+QQQ),1.62,1.62,0.0,1527.91,0.0,NORMAL,0.0,0.0,2307063.0,10557.93,0.0,0.0,0.0,0.0,581454.0,-581.45,1907297.0,-246.08,1405362.0,4894.17,1800437.0,42253.74,4634700.0,40112.24,1241181.0,-11830.69,2532010.0,36465.24
2023-01-05,10028511.97,0.29,34.25,0.673,MULTI (GLD+TLT+QQQ),1.56,1.56,0.0,1862.67,0.0,NORMAL,0.0,-0.0,2403793.0,-36249.16,0.0,-0.0,0.0,-0.0,873811.0,-10721.06,1927781.0,34791.55,1419031.0,2062.67,1185964.0,9034.42,3985387.0,-58300.4,1364390.0,-28501.98,2508765.0,10552.32
2023-01-06,10404093.77,4.04,31.42,0.722,MULTI (GLD+TLT+QQQ),1.5,1.5,0.0,2332.95,0.0,NORMAL,0.0,0.0,2208439.0,66086.91,419324.0,-419.32,0.0,0.0,981822.0,38148.57,1907392.0,36510.88,884100.0,28494.5,1396526.0,53046.94,4002592.0,74499.26,947764.0,33356.37,2850964.0,45857.7
2023-01-09,10475249.58,4.75,31.76,0.725,MULTI (GLD+TLT+XLE),1.46,1.46,0.0,2547.22,0.0,NORMAL,296799.0,-296.8,1573543.0,13646.88,664267.0,21280.37,0.0,0.0,1364616.0,21021.85,1994298.0,-6847.04,693707.0,8805.73,1505764.0,-2224.34,3763681.0,8738.39,682686.0,-8040.05,2759361.0,15070.81
2023-01-10,10539820.29,5.4,35.61,0.685,MULTI (GLD+TLT+XLE),1.45,1.45,0.0,1557.03,0.0,NORMAL,190991.0,5225.46,1734396.0,13171.49,419736.0,7749.54,0.0,-0.0,1272267.0,17619.71,2010550.0,14169.49,478513.0,2131.38,1445267.0,37268.01,3747690.0,13805.63,999767.0,-631.43,2984726.0,-45938.57
2023-01-11,10646129.41,6.46,35.41,0.706,MULTI (GLD+TLT+XLE),1.47,1.47,0.0,1263.36,0.0,NORMAL,136653.0,1049.03,1916227.0,29853.54,306996.0,6110.73,0.0,0.0,1360982.0,14850.37,2131806.0,6062.74,351677.0,3601.27,1508329.0,7691.95,3835487.0,-2664.26,1275510.0,-8565.59,2845258.0,48319.35
2023-01-12,10886615.75,8.87,30.1,0.706,MULTI (GLD+TLT+QQQ),1.5,1.5,0.0,3495.88,0.0,NORMAL,431196.0,4065.33,2204724.0,10077.65,652529.0,7397.15,209153.0,-209.15,1027696.0,20030.82,1539161.0,39999.93,266788.0,10293.58,1056605.0,29745.61,4305351.0,43943.42,1532797.0,19294.41,3054433.0,55847.58
2023-01-13,10985832.8,9.86,32.96,0.707,MULTI (GLD+TLT+QQQ),1.44,1.44,0.0,1962.94,0.0,NORMAL,587397.0,9986.94,2179317.0,15129.42,446329.0,1635.23,383874.0,-2140.24,688824.0,3357.51,1743206.0,2026.16,176138.0,1315.62,763399.0,13786.05,4422305.0,51606.61,1673565.0,31415.42,2752510.0,-28901.67
2023-01-17,10977481.63,9.77,32.43,0.706,MULTI (GLD+QQQ+SLV),1.51,1.51,0.0,3048.21,0.0,NORMAL,748818.0,27778.1,2522826.0,4081.83,329942.0,3588.81,454863.0,28465.8,547983.0,3943.03,1916456.0,3512.91,128349.0,787.17,1141841.0,-8126.15,4804978.0,-29355.95,2078150.0,-24411.56,1911175.0,-18615.15
2023-01-18,10842267.11,8.42,29.35,0.717,MULTI (GLD+TLT+SLV),1.48,1.48,0.0,4666.32,0.0,BOOST,508593.0,-13974.32,1815637.0,-33471.28,228219.0,-4982.12,680230.0,-9609.46,1052617.0,-3933.95,2003955.0,-35203.24,600053.0,-2981.54,1485169.0,-20060.46,3248145.0,-15341.74,2089279.0,-41596.84,2327775.0,45940.43
2023-01-19,10869825.4,8.7,32.09,0.701,MULTI (GLD+TLT+QQQ),1.44,1.44,0.0,2226.3,0.0,BOOST,346381.0,-18056.55,2084001.0,-18123.45,154240.0,-9189.74,701792.0,-8534.26,1320614.0,-26036.85,1998100.0,24879.54,384133.0,11465.29,955726.0,-2971.17,3582147.0,51260.8,1858014.0,37506.47,2242942.0,-14641.77
2023-01-20,11033682.11,10.34,31.68,0.678,MULTI (GLD+TLT+SLV),1.48,1.48,0.0,3776.47,0.0,NORMAL,539459.0,22019.05,2258870.0,56914.55,104510.0,5320.86,384839.0,34139.37,794383.0,42373.86,1382614.0,19214.47,837408.0,5079.41,1249744.0,23184.9,3925068.0,-12302.78,2386883.0,4552.87,2486301.0,-36639.84
2023-01-23,11162841.88,11.63,29.97,0.71,MULTI (GLD+SLV+QQQ),1.35,1.35,0.0,4141.05,0.0,NORMAL,640294.0,40885.71,2261588.0,50135.82,441241.0,9308.04,493628.0,29717.07,1166573.0,37121.95,1010289.0,1459.43,1056343.0,11849.15,880847.0,2978.81,2769863.0,6280.98,2699611.0,-48054.77,1658082.0,-12522.41
2023-01-24,11181106.84,11.81,33.07,0.687,MULTI (GLD+QQQ+SLV),1.45,1.45,0.0,3986.03,0.0,NORMAL,475753.0,2234.97,2537742.0,-4898.32,706476.0,-10826.83,230408.0,217.05,1394177.0,-8517.14,1504983.0,-4401.43,1437946.0,-11783.73,639026.0,1483.94,3655770.0,9146.91,2491866.0,22287.39,1160265.0,23322.16
2023-01-25,11228122.67,12.28,32.73,0.694,MULTI (GLD+QQQ+SLV),1.52,1.52,0.0,3352.26,0.0,NORMAL,328360.0,1283.53,2672908.0,-5773.51,470575.0,1748.25,514738.0,581.21,1497810.0,1313.3,1952223.0,-280.48,948400.0,-2005.0,1070093.0,7536.38,4324252.0,16179.37,2416670.0,23948.99,833117.0,2483.77
2023-01-26,11421880.88,14.22,31.09,0.71,MULTI (GLD+QQQ+SLV),1.63,1.63,0.0,3024.0,0.0,NORMAL,282112.0,8085.38,2768050.0,52072.21,335140.0,1433.46,1935270.0,55088.62,1107808.0,26422.56,2037069.0,61619.38,1247060.0,22492.36,1395691.0,7769.27,4252553.0,-39189.8,2586450.0,2032.44,637308.0,-4067.67
2023-01-27,11552055.32,15.52,32.53,0.691,MULTI (GLD+QQQ+SLV),1.58,1.58,0.0,4385.87,0.0,NORMAL,590965.0,7719.97,3076085.0,27272.99,644666.0,761.7,404233.0,211139.3,1395275.0,-7561.8,2263324.0,-41397.94,956903.0,-17249.08,1150765.0,-5838.81,4624657.0,-6301.79,2667634.0,-36579.59,453814.0,-1790.5
2023-01-30,11256754.14,12.57,33.16,0.649,MULTI (GLD+QQQ+XLE),1.59,1.59,0.0,2537.88,0.0,NORMAL,686861.0,-35040.16,2948883.0,-62258.87,416967.0,-25424.86,266675.0,-25652.06,1591230.0,-33641.75,2166945.0,-51895.57,1392331.0,-31414.07,1536040.0,-13094.78,4617318.0,-11874.71,1911244.0,-3214.9,321290.0,-1789.47
2023-01-31,11452995.9,14.53,32.79,0.746,MULTI (GLD+QQQ+XLE),1.58,1.58,0.0,4321.79,0.0,NORMAL,778946.0,13363.26,2786906.0,43985.83,1462346.0,14509.31,168591.0,10388.17,1023111.0,23594.54,2141117.0,19159.36,832829.0,20881.93,1756640.0,17477.89,4692514.0,16731.14,1295957.0,14370.25,1112501.0,1780.09
2023-02-01,11861833.79,18.62,28.38,0.685,MULTI (GLD+QQQ+XLE),1.73,1.73,0.0,5849.83,0.0,NORMAL,571084.0,55793.63,3016721.0,59423.75,430482.0,183449.62,157988.0,7952.56,1707452.0,47606.81,2741706.0,-42784.4,1686537.0,-20191.93,1381917.0,31884.28,4951707.0,58910.64,1921871.0,14230.4,1936434.0,12562.54
2023-02-02,11823492.41,18.23,28.91,0.697,MULTI (GLD+QQQ+XLE),1.65,1.65,0.0,2658.5,0.0,NORMAL,390370.0,20686.07,2933818.0,108078.53,616914.0,18497.95,116830.0,5927.17,1659406.0,36432.9,2741169.0,-62571.26,2002175.0,-26552.48,1007801.0,6982.97,4532635.0,-103073.82,2168083.0,-44681.66,1364894.0,1932.22
2023-02-03,11453411.33,14.53,28.57,0.744,MULTI (GLD+QQQ+XLE),1.68,1.68,0.0,3463.79,0.0,NORMAL,264122.0,-11066.31,2828858.0,-52194.1,395730.0,-15714.1,1044510.0,134.51,1036444.0,-31085.92,2774610.0,-6084.75,2189333.0,-9205.54,1540586.0,-10020.54,4118955.0,-113425.01,2127049.0,-100573.31,911523.0,-20846.01
2023-02-06,11332210.94,13.32,33.75,0.683,MULTI (GLD+XLE+XOP),1.63,1.63,0.0,3970.38,0.0,NORMAL,179099.0,-222.55,1770664.0,-24963.78,244802.0,-11217.9,236091.0,25445.74,1282108.0,-17500.16,2652925.0,-12698.0,2068515.0,-43717.9,2013974.0,-27892.39,4307241.0,8368.78,2063071.0,-9361.18,1597087.0,-7441.05
2023-02-07,11585518.81,15.86,31.72,0.641,MULTI (GLD+XME+XLE),1.54,1.54,0.0,3255.12,0.0,NORMAL,470533.0,8923.64,2098516.0,36394.86,182590.0,6455.04,166785.0,2413.25,1501388.0,38315.52,2467041.0,85916.62,1901648.0,83266.17,2467405.0,11946.92,3995757.0,3649.05,1438722.0,-10687.9,1117083.0,-13285.3
2023-02-08,11429867.81,14.3,34.64,0.619,MULTI (GLD+XME+XLE),1.52,1.52,0.0,2406.66,0.0,NORMAL,640030.0,510.16,2108720.0,-37361.19,123670.0,-2649.28,121699.0,3747.65,1509668.0,-29453.48,2367519.0,-22136.7,1265962.0,-23692.84,2484395.0,-65592.52,3920619.0,9790.88,987304.0,6601.03,1853760.0,4585.31
2023-02-09,11292802.86,12.93,34.05,0.643,MULTI (GLD+TLT+XME),1.58,1.58,0.0,2115.22,0.0,NORMAL,435305.0,3596.26,2128343.0,-18675.02,62846.0,-2219.86,87278.0,3607.66,1599137.0,5901.48,2377157.0,-20309.09,845125.0,-20145.24,2481674.0,-24540.27,3855631.0,-31055.55,1457379.0,-14946.96,2553100.0,-18278.37
2023-02-10,11347373.93,13.47,34.13,0.633,MULTI (GLD+TLT+XME),1.55,1.55,0.0,1969.19,0.0,NORMAL,282533.0,-21023.07,2154574.0,-14009.35,0.0,-1368.15,0.0,-4473.71,1551523.0,-26889.95,2222079.0,92855.48,1132989.0,43904.34,2359423.0,3471.64,3847348.0,7337.8,973880.0,3845.27,3035251.0,-29079.24
2023-02-13,11406304.08,14.06,36.02,0.759,MULTI (GLD+TLT+QQQ),1.52,1.52,0.0,2375.3,0.0,NORMAL,188955.0,6848.11,2121497.0,34440.84,0.0,0.0,0.0,-0.0,1039347.0,22799.98,2082743.0,-5798.97,1242997.0,-8003.78,1890718.0,5503.13,4102117.0,-19804.09,1491593.0,-2444.25,3212285.0,25389.18
2023-02-14,11494757.15,14.95,33.83,0.749,MULTI (GLD+TLT+XME),1.63,1.63,0.0,3265.89,0.0,NORMAL,451357.0,10007.38,2327533.0,15485.24,0.0,0.0,0.0,0.0,1306667.0,22121.51,1476852.0,87.72,857957.0,6808.35,2793061.0,44875.41,4216896.0,2980.24,1836986.0,-6258.59,3464904.0,-7654.19
2023-02-15,11367062.01,13.67,34.77,0.734,MULTI (TLT+GLD+XME),1.72,1.72,0.0,2943.55,0.0,NORMAL,293130.0,-4221.46,2288231.0,17774.01,0.0,-0.0,0.0,0.0,887302.0,-470.91,1733406.0,-25385.21,1222460.0,-14471.04,2397156.0,-4330.11,4179207.0,-42024.3,2105304.0,-21288.79,4399674.0,-33277.33
2023-02-16,11206650.54,12.07,34.11,0.768,MULTI (GLD+TLT+XME),1.83,1.83,0.0,2659.03,0.0,NORMAL,202912.0,-9892.61,2321658.0,-43013.22,0.0,-0.0,221822.0,-221.82,596321.0,-24360.76,1787740.0,-17115.72,793327.0,-16498.48,3071403.0,22618.4,4506508.0,-3754.49,2490190.0,-5682.47,4494582.0,-62490.3
2023-02-17,11098562.86,10.99,32.69,0.804,MULTI (TLT+GLD+XME),1.87,1.87,0.0,1398.65,0.0,NORMAL,144862.0,-5714.93,2360849.0,-16436.88,0.0,-0.0,149895.0,6805.09,432111.0,-8296.65,1925231.0,-63866.67,1186441.0,-34601.44,3117315.0,-55398.21,4375866.0,13315.9,2456458.0,21282.25,4656521.0,34823.85
2023-02-21,10806393.96,8.06,34.23,0.761,MULTI (TLT+GLD+XME),1.81,1.81,0.0,1954.66,0.0,NORMAL,105447.0,-4999.12,2208376.0,-55989.5,0.0,-0.0,97281.0,-7916.9,849183.0,-13566.05,1849019.0,-9637.24,1245419.0,-17788.6,2755831.0,-81847.45,4311641.0,-16400.51,1712780.0,6614.58,4439490.0,-90638.11
2023-02-22,10784223.36,7.84,32.93,0.803,MULTI (TLT+GLD+XME),1.69,1.69,0.0,2886.14,0.0,NORMAL,75292.0,474.75,2162526.0,1604.79,0.0,-0.0,345619.0,1473.57,568536.0,-4425.14,1930617.0,-12410.49,1326723.0,-1437.87,2625404.0,5405.02,2981286.0,-25565.49,2045524.0,-27668.92,4174002.0,40379.18
2023-02-23,10902915.61,9.03,32.3,0.762,MULTI (TLT+GLD+XME),1.63,1.63,0.0,3827.91,0.0,NORMAL,294216.0,10348.62,2306045.0,18762.95,270373.0,-270.37,147545.0,1881.9,966258.0,19767.73,1266298.0,28435.39,865014.0,39342.38,2781874.0,-25084.44,3451984.0,-2053.71,1452613.0,-13009.07,3997120.0,40570.87
2023-02-24,10697478.85,6.97,32.06,0.773,MULTI (TLT+GLD+XME),1.8,1.8,0.0,2748.73,0.0,NORMAL,188939.0,-4800.24,2370875.0,-38716.07,169021.0,-5723.56,117075.0,-3816.24,606523.0,-17592.84,1613017.0,-1991.33,1239845.0,11463.3,2811504.0,-26184.05,3922086.0,-25330.84,2033290.0,-40580.38,4142276.0,-52164.5
2023-02-27,10816374.72,8.16,35.03,0.742,MULTI (GLD+TLT+SLV),1.67,1.67,0.0,2676.02,0.0,NORMAL,92689.0,1646.48,2151338.0,16741.52,87611.0,1388.93,121699.0,6390.72,851132.0,2482.54,1687939.0,4693.08,729890.0,6596.83,2358794.0,70038.66,3826382.0,15264.81,2412719.0,-17438.17,3756833.0,11090.48
2023-02-28,10891977.06,8.92,34.44,0.74,MULTI (GLD+TLT+XME),1.72,1.72,0.0,1749.6,0.0,NORMAL,91845.0,-1124.34,2256773.0,-2889.13,65110.0,-233.61,95365.0,-1150.58,620308.0,195.56,1948268.0,-24536.8,999824.0,-11096.31,2556710.0,45620.51,4196860.0,17079.83,2171279.0,36683.36,3760468.0,17053.84
2023-03-01,10974631.26,9.75,34.0,0.736,MULTI (GLD+TLT+XME),1.75,1.75,0.0,1126.67,0.0,NORMAL,64741.0,-2074.31,2385021.0,-18288.93,61194.0,-243.97,0.0,-1456.95,441455.0,235.28,1951598.0,38375.85,1161736.0,22568.59,2542351.0,52241.39,4274738.0,24171.26,2302409.0,7784.84,3980519.0,-40658.85
2023-03-02,10998624.16,9.99,32.82,0.775,MULTI (TLT+GLD+XME),1.84,1.84,0.0,3444.07,0.0,NORMAL,0.0,1690.5,2461906.0,19681.2,932882.0,810.51,0.0,-0.0,925063.0,3427.01,1993971.0,17125.82,795287.0,15507.48,2465639.0,10992.74,4489149.0,-2720.04,1633699.0,-6630.76,4540936.0,-35891.54
2023-03-03,11363967.88,13.64,30.44,0.804,MULTI (GLD+TLT+QQQ),1.79,1.79,0.0,4094.96,0.0,NORMAL,290842.0,-290.84,2813121.0,50596.05,418845.0,11998.38,0.0,0.0,654152.0,12271.22,2325566.0,26794.76,1187150.0,18607.65,2446322.0,62831.98,5205167.0,47469.64,1146090.0,25808.62,3898594.0,109256.24
2023-03-06,11185202.73,11.85,31.77,0.807,MULTI (GLD+TLT+QQQ),1.92,1.92,0.0,2390.25,0.0,NORMAL,533890.0,-4337.71,3006010.0,3002.26,309241.0,-1957.38,0.0,-0.0,495646.0,-5974.24,2222959.0,962.23,1361076.0,-23327.66,2456109.0,-75860.35,6284812.0,-27359.88,1116797.0,-13499.19,3683383.0,-30413.23
2023-03-07,10868014.44,8.68,29.31,0.842,MULTI (GLD+TLT+QQQ),1.92,1.92,0.0,3549.29,0.0,NORMAL,315295.0,-6152.3,2997386.0,-36899.01,734975.0,3197.63,340961.0,-340.96,346668.0,-5676.02,1510172.0,-39378.57,1431687.0,-22812.14,1521872.0,-70793.51,6325264.0,-110011.84,1616227.0,-50840.22,3776084.0,22518.68
2023-03-08,10879448.98,8.79,28.96,0.813,MULTI (GLD+TLT+QQQ),1.91,1.91,0.0,6078.19,0.0,BOOST,1652882.0,10764.76,2102049.0,14058.88,939315.0,29005.46,558314.0,-10599.51,249863.0,8962.62,1861093.0,-15858.71,2079310.0,-22763.85,1710300.0,3645.93,6096624.0,-3226.66,990494.0,-5001.47,2513889.0,2447.09
2023-03-09,10685123.14,6.85,28.48,0.83,MULTI (GLD+TLT+QQQ),1.86,1.86,0.0,6436.37,0.0,BOOST,2059670.0,-51381.85,2539803.0,-36893.78,1164134.0,-14983.46,1580901.0,-28904.78,176321.0,-4856.06,1279374.0,-26861.02,1603116.0,-51484.06,2012285.0,-44514.44,3961622.0,57852.53,682039.0,1842.69,2833423.0,5858.39
2023-03-10,10668695.01,6.69,25.14,0.831,MULTI (GLD+QQQ+TLT),1.71,1.71,0.0,4813.59,0.0,BOOST,947603.0,-42464.7,2788610.0,-35952.91,769850.0,-19216.61,1801156.0,4538.58,816831.0,-3496.55,1689705.0,-16781.92,1150904.0,-32926.48,1235873.0,-68131.18,3900326.0,85277.16,485449.0,15322.39,2621228.0,97404.08
2023-03-13,10734006.11,7.34,27.83,0.8,MULTI (GLD+QQQ+TLT),1.67,1.67,0.0,5026.66,0.0,NORMAL,454150.0,-452.22,2914406.0,20576.74,538066.0,-6371.73,520333.0,9508.6,559560.0,-806.51,2358414.0,-35057.26,1707160.0,-35646.88,1652962.0,-10313.85,3591143.0,89106.82,839231.0,29018.7,2836774.0,5748.69
2023-03-14,10873526.14,8.74,29.43,0.819,MULTI (GLD+TLT+QQQ),1.64,1.64,0.0,3035.4,0.0,NORMAL,319851.0,21537.1,2678919.0,66669.55,322672.0,35440.62,330999.0,25968.14,1035847.0,16287.65,2503152.0,23185.56,1720392.0,10999.3,954608.0,12301.6,3753447.0,-20979.64,1383067.0,-5164.25,2874355.0,-46725.59
2023-03-15,10669554.47,6.7,26.43,0.825,MULTI (GLD+TLT+XLE),1.7,1.7,0.0,4096.08,0.0,NORMAL,1344561.0,1170.74,1958673.0,13319.63,247430.0,8144.77,272432.0,-5128.83,1463103.0,-12081.34,2105274.0,-134682.83,1022586.0,-109507.6,1521495.0,-57365.38,3956402.0,29118.74,1422170.0,7617.52,2847552.0,55422.9
2023-03-16,10920673.04,9.21,26.7,0.7,MULTI (TLT+GLD+XLE),1.54,1.54,0.0,3311.16,0.0,NORMAL,1639523.0,72644.32,2092249.0,51550.06,516752.0,18842.27,181368.0,5459.23,1691473.0,58373.61,2121373.0,22852.95,1152940.0,28033.57,801219.0,14981.41,2777038.0,6804.94,969213.0,-6135.94,2836122.0,-22287.84
2023-03-17,11007086.95,10.07,28.2,0.693,MULTI (TLT+GLD+QQQ),1.46,1.46,0.0,3113.83,0.0,NORMAL,501196.0,10661.17,2405264.0,-10211.38,410876.0,6520.74,142321.0,-3975.09,1050312.0,-9237.82,2164605.0,-33443.4,1272853.0,-24977.26,1170996.0,-6640.63,2884190.0,80841.66,1205038.0,34343.93,2914357.0,42532.01
2023-03-20,11095603.25,10.96,33.25,0.616,MULTI (GLD+TLT+QQQ),1.39,1.39,0.0,2063.5,0.0,NORMAL,309412.0,3214.29,2389951.0,8512.31,741070.0,-4659.97,101868.0,2422.2,701134.0,10213.87,2128691.0,43255.34,1377330.0,29525.37,1203400.0,18006.04,3113599.0,870.18,743033.0,3039.29,2643776.0,-25882.63
2023-03-21,11186855.32,11.87,33.42,0.657,MULTI (GLD+TLT+QQQ),1.39,1.39,0.0,2486.56,0.0,NORMAL,237824.0,3496.84,2686616.0,33871.85,966828.0,-6968.78,0.0,7856.19,1324411.0,1597.38,2019209.0,73512.69,1267545.0,47821.65,792544.0,17353.05,2979552.0,-58844.82,524306.0,-5600.23,2748339.0,-22843.75
2023-03-22,11165770.87,11.66,31.89,0.643,MULTI (GLD+QQQ+TLT),1.4,1.4,0.0,2606.18,0.0,NORMAL,509091.0,2173.05,2814023.0,-36696.74,1204124.0,16408.83,0.0,-0.0,1543355.0,-8738.68,1326412.0,-43601.04,845426.0,-34441.01,582174.0,-17347.77,3101471.0,50642.59,934445.0,13898.75,2812096.0,36617.56
2023-03-23,11303556.01,13.04,32.83,0.667,MULTI (GLD+QQQ+TLT),1.43,1.43,0.0,1799.98,0.0,NORMAL,1019657.0,13409.59,2841774.0,33363.89,1248481.0,33306.57,0.0,0.0,1926446.0,40689.73,1517613.0,-18585.12,652498.0,-12693.78,398778.0,1805.12,3100124.0,38846.55,617903.0,7647.07,2816572.0,-4.48
2023-03-24,11228746.1,12.29,34.65,0.632,MULTI (GLD+QQQ+TLT),1.46,1.46,0.0,1375.06,0.0,NORMAL,1183239.0,-15629.0,3019647.0,10291.49,1251939.0,-29040.87,0.0,-0.0,2161946.0,-30721.34,1585979.0,5805.41,438049.0,6607.67,276937.0,2912.5,3029453.0,-34919.47,454393.0,-1904.02,2952469.0,11787.72
2023-03-27,11106428.78,11.06,35.55,0.622,MULTI (QQQ+GLD+TLT),1.39,1.39,0.0,933.59,0.0,NORMAL,1257894.0,-11043.2,2986551.0,-20701.26,1241146.0,-17133.38,0.0,0.0,2039830.0,-25314.86,1590704.0,33771.38,297836.0,12141.62,196503.0,3827.05,2883477.0,-28160.74,313097.0,-141.3,2675929.0,-69562.65
2023-03-28,11105175.1,11.05,36.11,0.571,MULTI (QQQ+GLD+TLT),1.37,1.37,0.0,1404.81,0.0,NORMAL,1327343.0,-5812.32,2958253.0,-15875.27,1212239.0,-26338.9,0.0,-0.0,2087165.0,-14246.74,1072123.0,24052.18,199184.0,3793.41,137414.0,2135.77,2840395.0,23546.37,722974.0,2691.75,2608183.0,4800.07
2023-03-29,11270383.66,12.7,35.61,0.584,MULTI (QQQ+GLD+TLT),1.36,1.36,0.0,1645.8,0.0,NORMAL,1456728.0,28748.05,2931004.0,53858.46,848471.0,19230.87,0.0,0.0,2074559.0,64901.17,1294805.0,14656.9,141053.0,2207.95,595253.0,876.32,2813788.0,-14103.06,510667.0,124.73,2656166.0,-5292.84
2023-03-30,11423138.02,14.23,35.94,0.554,MULTI (QQQ+GLD+TLT),1.36,1.36,0.0,1409.22,0.0,NORMAL,1538492.0,21479.93,3017349.0,27684.93,1001768.0,15668.16,0.0,0.0,2031619.0,29635.11,911707.0,5302.85,102537.0,-161.43,406919.0,4038.89,2866640.0,25408.04,878757.0,11553.04,2745294.0,12144.84
2023-03-31,11555753.2,15.56,34.87,0.628,MULTI (QQQ+TLT+GLD),1.39,1.39,0.0,1929.21,0.0,NORMAL,1633222.0,22063.99,3144111.0,50104.0,702179.0,1029.64,377134.0,-377.13,2056143.0,14136.47,658395.0,6057.78,0.0,1190.09,302856.0,5634.53,2936993.0,-15026.93,1181870.0,6913.6,3023564.0,40889.14
2023-04-03,11575469.46,15.75,33.6,0.615,MULTI (QQQ+TLT+GLD),1.39,1.39,0.0,2325.01,0.0,NORMAL,1178349.0,10588.0,3086475.0,-7691.79,491168.0,-10588.98,590866.0,-23305.47,2122049.0,-11796.2,1008244.0,29487.92,488648.0,-488.65,222477.0,1740.88,3011914.0,21105.54,851858.0,-3532.67,3015202.0,14197.68
2023-04-04,11569746.56,15.7,33.92,0.679,MULTI (GLD+QQQ+TLT),1.47,1.47,0.0,2121.97,0.0,NORMAL,1314435.0,-21731.62,3185814.0,-10521.28,335900.0,-3661.53,390294.0,-6837.65,2086850.0,-32600.61,1180610.0,-18473.68,298896.0,-11420.22,158811.0,-5674.07,3419760.0,55793.27,1583489.0,34443.62,2999327.0,14960.87
2023-04-05,11492305.48,14.92,34.25,0.671,MULTI (GLD+QQQ+TLT),1.45,1.45,0.0,1558.35,0.0,NORMAL,1515718.0,-27615.48,3165553.0,-31462.62,235014.0,-11686.57,591856.0,-14524.07,2207243.0,-36683.35,794551.0,17372.56,211674.0,2789.16,0.0,-1984.85,3292243.0,-2853.5,1652625.0,-2139.24,3021181.0,31346.87
2023-04-06,11478591.7,14.79,35.63,0.632,MULTI (QQQ+GLD+TLT),1.45,1.45,0.0,1211.07,0.0,NORMAL,1687467.0,8632.97,3342401.0,21186.75,163409.0,-299.88,762120.0,-1639.27,2183413.0,-6643.52,546993.0,-12297.9,145407.0,-3044.61,0.0,-0.0,3080029.0,-23675.89,1732198.0,-3685.32,2967379.0,7752.9
2023-04-10,11481195.08,14.81,35.33,0.674,MULTI (QQQ+TLT+GLD),1.53,1.53,0.0,1539.54,0.0,NORMAL,1842839.0,33706.54,3595265.0,-2146.47,114250.0,5264.66,914121.0,-2419.31,2189320.0,33018.31,382438.0,4207.99,101663.0,3080.19,0.0,0.0,3148459.0,-22883.09,1831562.0,-856.89,3439746.0,-48368.56
2023-04-11,11471194.92,14.71,35.5,0.662,MULTI (QQQ+TLT+GLD),1.6,1.6,0.0,2288.56,0.0,NORMAL,1814106.0,-27397.74,3507336.0,-23137.74,0.0,-1847.56,613362.0,10983.79,2192766.0,-11635.92,275800.0,3506.09,0.0,1303.39,590956.0,-590.96,3380417.0,19687.95,2580395.0,12072.24,3416463.0,7056.3
2023-04-12,11386236.61,13.86,33.72,0.694,MULTI (QQQ+TLT+GLD),1.73,1.73,0.0,1846.02,0.0,NORMAL,1980232.0,-45215.08,3828030.0,-31334.46,0.0,-0.0,848224.0,-20778.5,2312932.0,-39134.41,196638.0,111.99,0.0,-0.0,419975.0,-4666.4,3539965.0,16370.77,2798959.0,43503.6,3717883.0,-3815.82
2023-04-13,11565163.35,15.65,33.24,0.646,MULTI (TLT+GLD+QQQ),1.74,1.74,0.0,3478.85,0.0,NORMAL,1904617.0,-2464.72,3497270.0,74554.29,0.0,-0.0,535076.0,24844.34,1584585.0,17916.91,802853.0,622.19,529423.0,-529.42,423812.0,9098.34,3756917.0,47675.91,3127299.0,36741.38,4003136.0,-29532.47
2023-04-14,11406798.4,14.07,32.97,0.592,MULTI (QQQ+TLT+GLD),1.91,1.91,0.0,3181.11,0.0,NORMAL,2495859.0,20661.91,4054266.0,-7137.5,0.0,-0.0,374925.0,-2748.01,2131196.0,-2243.74,566600.0,1237.73,376420.0,-624.79,1143154.0,-7489.92,3511393.0,-66715.17,3081545.0,-56655.35,4001939.0,-36650.11
2023-04-17,11324686.74,13.25,32.78,0.605,MULTI (TLT+QQQ+GLD),1.95,1.95,0.0,2659.77,0.0,NORMAL,2435592.0,22676.3,3941900.0,3320.29,0.0,-0.0,274081.0,4029.32,1480167.0,-2171.33,399947.0,-6850.46,898869.0,-7277.98,1831695.0,6079.87,3642589.0,-15785.72,3089395.0,-38383.59,4096828.0,-47748.37
2023-04-18,11441472.84,14.41,33.09,0.576,MULTI (TLT+QQQ+GLD),1.94,1.94,0.0,1896.79,0.0,NORMAL,2585985.0,59893.06,3936850.0,241.3,0.0,-0.0,182539.0,-4087.96,1839471.0,6287.25,282005.0,1458.02,594694.0,-3365.54,2346543.0,10614.43,3601014.0,14080.38,2822457.0,17162.13,4015000.0,14503.05
2023-04-19,11388630.28,13.89,32.8,0.621,MULTI (TLT+QQQ+GLD),2.01,2.01,0.0,3706.91,0.0,NORMAL,1693386.0,23758.31,4098010.0,-2014.77,0.0,0.0,166514.0,-3696.6,1285693.0,-17983.76,996019.0,-1692.58,1185530.0,-7287.53,2469046.0,-32007.92,3948326.0,-17572.04,2955727.0,9630.11,4134187.0,-3975.79
2023-04-20,11266624.68,12.67,32.11,0.663,MULTI (QQQ+TLT+SLV),2.04,2.04,0.0,3783.98,0.0,NORMAL,1790820.0,-50286.71,4549988.0,-31728.41,0.0,0.0,513159.0,-16591.02,911731.0,1061.01,1508965.0,-9299.15,807950.0,-19133.23,2703306.0,-38024.91,2910876.0,14496.53,3077918.0,-7764.01,4249081.0,35264.29
2023-04-21,11103694.79,11.04,31.92,0.604,MULTI (QQQ+TLT+GLD),2.13,2.13,0.0,2392.58,0.0,NORMAL,1957469.0,825.58,4623959.0,4677.97,0.0,-0.0,310380.0,6370.8,697449.0,-9543.62,1914879.0,-9241.34,555331.0,-7250.94,2881414.0,-70034.22,3563970.0,-29463.65,2977379.0,-25315.09,4147226.0,-23955.37
2023-04-24,11206372.57,12.06,33.3,0.636,MULTI (QQQ+TLT+GLD),2.0,2.0,0.0,4014.92,0.0,NORMAL,2092796.0,-5698.85,4401784.0,-9851.23,716338.0,-716.34,566571.0,-5017.8,493816.0,-3935.09,1259943.0,28608.86,383110.0,10013.12,1720032.0,25794.07,3788003.0,10618.9,2902298.0,12868.41,4059284.0,39993.73
2023-04-25,10982990.65,9.83,30.52,0.618,MULTI (TLT+QQQ+SLV),2.08,2.08,0.0,5517.03,0.0,NORMAL,1389794.0,-62630.88,4145595.0,-83207.52,1135781.0,-31289.51,383589.0,-6729.22,1333861.0,-16509.21,884721.0,-24008.3,903257.0,-13042.12,2066376.0,-51665.82,2753691.0,18213.41,3071852.0,-11498.35,4823140.0,58985.6
2023-04-26,10924954.81,9.25,30.89,0.742,MULTI (TLT+QQQ+SLV),1.99,1.99,0.0,3981.71,0.0,NORMAL,899366.0,37339.86,4025765.0,24997.5,713351.0,28553.0,274602.0,-16613.52,1701300.0,8955.2,1451179.0,-12387.16,1266931.0,-16129.77,2160461.0,-23661.57,1895812.0,-15815.79,2915330.0,-21513.83,4418691.0,-51759.77
2023-04-27,11098425.4,10.98,31.81,0.712,MULTI (TLT+QQQ+GLD),1.96,1.96,0.0,4359.25,0.0,NORMAL,640355.0,8740.31,3755857.0,109084.1,1128251.0,12048.41,172616.0,11388.54,2312408.0,15863.69,1769767.0,4898.79,836424.0,9357.67,2212417.0,40005.11,2695225.0,-696.75,1975960.0,6714.74,4285533.0,-43934.04
2023-04-28,11326876.71,13.27,31.03,0.698,MULTI (TLT+QQQ+SMH),1.93,1.93,0.0,3010.5,0.0,NORMAL,438625.0,12087.01,3759617.0,25887.73,1379781.0,24676.45,118973.0,4381.51,2625602.0,38427.34,2032287.0,27209.37,1280253.0,22011.2,2470501.0,-4285.35,1923223.0,-43.26,1497274.0,9007.53,4319037.0,69091.79
2023-05-01,11157510.56,11.58,30.61,0.725,MULTI (TLT+QQQ+GLD),1.99,1.99,0.0,4898.31,0.0,NORMAL,957728.0,17851.02,3847146.0,-4403.72,1661511.0,4663.68,94439.0,-1818.44,1776555.0,19201.31,1364944.0,-23561.97,839543.0,-9395.67,2673900.0,-29739.17,2757286.0,-9480.57,2254773.0,-7925.58,3973867.0,-124757.03
2023-05-02,11177119.4,11.77,28.06,0.697,MULTI (TLT+GLD+XME),1.94,1.94,0.0,4892.08,0.0,NORMAL,584769.0,-23539.38,2696581.0,-34670.0,1859460.0,3881.66,0.0,-980.58,1262303.0,-15901.36,2029130.0,-60075.93,1363836.0,-39274.28,2827663.0,-6185.57,3291359.0,52725.49,2355376.0,45256.98,3416359.0,98371.82
2023-05-03,10923686.98,9.24,29.46,0.655,MULTI (GLD+TLT+QQQ),2.01,2.01,0.0,3934.27,0.0,NORMAL,410057.0,-8623.66,3033528.0,-18000.74,1395464.0,-171740.92,0.0,0.0,1957454.0,-13741.15,2345366.0,-38664.15,1639420.0,-26922.27,1928667.0,-29901.48,3823468.0,27403.48,2216047.0,7922.4,3201049.0,18836.08
2023-05-04,10939122.71,9.39,29.46,0.664,MULTI (GLD+TLT+SLV),1.97,1.97,0.0,3445.15,0.0,NORMAL,282950.0,-3663.39,2066885.0,-11663.97,1237859.0,85071.49,0.0,0.0,1326692.0,-7190.85,2582950.0,-26392.54,1863176.0,-24829.12,2146270.0,-38669.45,4178379.0,26562.25,2658864.0,47842.06,3161561.0,-31630.76
2023-05-05,11139536.61,11.4,31.75,0.576,MULTI (GLD+SLV+QQQ),1.74,1.74,0.0,3095.58,0.0,NORMAL,183088.0,11365.99,2340577.0,43700.63,1205373.0,46085.53,0.0,0.0,842673.0,27534.69,2284718.0,69736.56,1599868.0,64565.67,2052359.0,55733.45,4043202.0,-65452.86,2778492.0,-41254.37,2064127.0,-11601.39
2023-05-08,11204296.08,12.04,33.14,0.609,MULTI (GLD+SLV+QQQ),1.73,1.73,0.0,2181.18,0.0,NORMAL,130509.0,2951.16,2638615.0,5506.61,1225584.0,69718.34,0.0,0.0,610015.0,4437.38,2334823.0,-50.1,1778786.0,4213.18,1369789.0,12007.45,3978163.0,4890.63,2861467.0,-9523.0,2499354.0,-29392.17
2023-05-09,11185310.24,11.85,33.64,0.555,MULTI (GLD+SLV+QQQ),1.79,1.79,0.0,2784.35,0.0,NORMAL,0.0,-2724.58,2882984.0,-16972.3,1159331.0,191.36,0.0,-0.0,1340434.0,-10153.15,2586728.0,621.4,1252389.0,-10246.3,1016912.0,2733.68,4081205.0,28115.06,3050468.0,-1408.41,2690692.0,-9142.59
2023-05-10,11207487.25,12.07,31.84,0.622,MULTI (GLD+SLV+QQQ),1.86,1.86,0.0,2321.1,0.0,NORMAL,0.0,0.0,3269166.0,31017.55,1256758.0,23830.19,0.0,-0.0,980395.0,10514.4,2522072.0,-29363.81,868185.0,-7578.36,1490119.0,-3805.42,4248308.0,-6002.7,3364043.0,-22421.68,2841187.0,25986.84
2023-05-11,10958758.16,9.59,32.4,0.737,MULTI (GLD+QQQ+TLT),1.93,1.93,0.0,2907.22,0.0,NORMAL,0.0,-0.0,3492337.0,10445.18,768465.0,546.98,0.0,0.0,1632695.0,-9348.21,2593913.0,-30296.46,628578.0,-10344.18,1983725.0,-42437.36,4406809.0,-36657.15,2791411.0,-160604.77,2801272.0,29966.89
2023-05-12,10877371.75,8.77,33.23,0.703,MULTI (GLD+QQQ+SLV),1.88,1.88,0.0,3215.33,0.0,NORMAL,0.0,-0.0,3547484.0,-12593.55,518252.0,-14797.68,390187.0,-390.19,1089861.0,-2398.69,2544730.0,3916.79,1002193.0,5495.83,2016056.0,-5483.76,4863936.0,-8000.66,2612101.0,-22789.78,1877007.0,-24344.73
2023-05-15,10989201.38,9.89,33.78,0.62,MULTI (GLD+QQQ+XLE),1.85,1.85,0.0,2633.99,0.0,NORMAL,0.0,0.0,3467585.0,19110.45,354708.0,11467.26,243992.0,-3928.58,1568713.0,28104.22,2433050.0,12838.94,1348225.0,18618.75,2054367.0,26458.73,4833969.0,10374.58,1762438.0,8630.76,2261446.0,-19845.48
2023-05-16,10758471.22,7.58,31.65,0.714,MULTI (GLD+QQQ+TLT),1.89,1.89,0.0,3229.39,0.0,NORMAL,556866.0,-556.87,3540829.0,3856.15,633256.0,14594.73,170154.0,175.26,1085139.0,-856.32,2535755.0,-59971.41,858114.0,-38918.19,2167350.0,-57713.5,4813649.0,-60461.79,1276066.0,-23590.33,2748854.0,-7287.89
2023-05-17,10950314.48,9.5,32.64,0.655,MULTI (GLD+QQQ+TLT),1.74,1.74,0.0,3023.23,0.0,NORMAL,874981.0,18095.4,3464346.0,42738.96,714094.0,14098.57,116607.0,7439.13,1492158.0,28969.15,2373202.0,48540.21,572989.0,18488.51,1322388.0,38268.23,4598815.0,-16862.49,864323.0,172.77,2651894.0,-8105.18
2023-05-18,11074650.18,10.75,31.18,0.642,MULTI (GLD+QQQ+TLT),1.81,1.81,0.0,3532.36,0.0,NORMAL,1589732.0,42819.74,3618281.0,64255.0,494032.0,28521.42,113504.0,2027.07,1833179.0,52023.07,1559109.0,16410.04,386758.0,11320.04,1679335.0,-2593.92,4504784.0,-59694.4,1379657.0,-10824.63,2912807.0,-19927.74
2023-05-19,11071049.01,10.71,32.13,0.694,MULTI (GLD+QQQ+TLT),1.77,1.77,0.0,2979.43,0.0,NORMAL,1310917.0,-21034.26,3659159.0,-8201.92,339309.0,-9803.25,561534.0,1639.47,1171182.0,-10772.49,1752453.0,11852.58,278875.0,615.76,1196915.0,-10421.89,4482721.0,44525.43,1770488.0,18825.89,3121011.0,-20826.47
2023-05-22,11080415.67,10.8,33.86,0.66,MULTI (GLD+QQQ+TLT),1.7,1.7,0.0,2994.78,0.0,NORMAL,1336922.0,-3719.58,3513464.0,12129.34,237439.0,6881.25,818628.0,26983.32,1493976.0,-1290.09,1234954.0,-7771.78,771787.0,4362.32,831947.0,9561.01,4381529.0,-10586.98,1173348.0,-15970.3,3010947.0,-11211.86
2023-05-23,10992406.71,9.92,33.0,0.732,MULTI (GLD+QQQ+TLT),1.83,1.83,0.0,3039.19,0.0,NORMAL,973732.0,-21269.44,3794998.0,-44864.02,181703.0,207.83,1085547.0,-13716.8,1965694.0,-22029.82,1648926.0,12835.1,536047.0,1735.18,641929.0,-5453.45,4478378.0,5169.45,1584103.0,-9082.8,3226657.0,8459.8
2023-05-24,10833417.98,8.33,30.94,0.646,MULTI (QQQ+GLD+SMH),1.82,1.82,0.0,5665.24,0.0,NORMAL,1715094.0,-5505.46,3869799.0,-19560.31,122627.0,192.75,1279990.0,-16982.13,2247015.0,-29210.97,1114947.0,6658.3,1011623.0,2346.28,1191487.0,-16385.22,3088293.0,-37487.52,1877630.0,-26095.06,2219174.0,-16959.38
2023-05-25,11439126.41,14.39,31.94,0.688,MULTI (QQQ+GLD+TLT),1.57,1.57,0.0,5762.44,0.0,NORMAL,323408.0,416152.64,4029044.0,94098.08,370585.0,13447.63,866052.0,10562.47,1558120.0,192305.11,1436970.0,-20145.29,627014.0,-27620.39,1586784.0,-10007.34,3333400.0,-29978.09,1240709.0,-27230.7,2570899.0,-5875.7
2023-05-26,11745200.64,17.45,32.56,0.671,MULTI (QQQ+GLD+TLT),1.51,1.51,0.0,3072.41,0.0,NORMAL,431596.0,8125.75,3759119.0,102570.52,523708.0,20436.69,1217261.0,40534.5,1654211.0,76522.1,1062119.0,-6002.41,471510.0,-2298.53,1144760.0,2342.59,3700518.0,12965.02,830540.0,30487.32,2966490.0,20390.68
2023-05-30,11829979.04,18.3,31.37,0.631,MULTI (QQQ+TLT+GLD),1.59,1.59,0.0,4857.99,0.0,NORMAL,535003.0,12819.97,4002020.0,16822.75,376405.0,-7396.03,809470.0,49890.88,1759389.0,7873.03,1558252.0,-11428.97,961706.0,-9826.51,1689499.0,-21141.72,2620560.0,21805.39,588643.0,-3346.51,3928827.0,28706.13
2023-05-31,11711522.99,17.12,30.67,0.685,MULTI (TLT+QQQ+GLD),1.87,1.87,0.0,5048.28,0.0,NORMAL,368433.0,-30507.01,3974282.0,-22761.47,237932.0,-21330.77,1131713.0,10835.37,1692619.0,-44461.62,2320341.0,-28172.73,1533185.0,-15261.95,1170040.0,-11068.32,3903064.0,2752.47,453020.0,8422.95,5112298.0,33097.03
2023-06-01,11946892.17,19.47,32.67,0.671,MULTI (TLT+GLD+QQQ),1.87,1.87,0.0,3380.58,0.0,NORMAL,231005.0,18696.8,3812628.0,45704.02,193422.0,2489.07,1299241.0,19775.23,1079132.0,24809.44,2741406.0,28389.08,1033173.0,10913.88,1524735.0,27531.17,4281696.0,30479.1,1047185.0,6540.53,5150102.0,20040.86
2023-06-02,12064592.74,20.65,31.79,0.726,MULTI (TLT+GLD+QQQ),1.92,1.92,0.0,2258.53,0.0,NORMAL,117203.0,-2684.44,3935435.0,28499.36,138116.0,-2659.29,1465647.0,40256.12,762198.0,-2965.99,2741169.0,83353.02,1497058.0,42044.88,1816617.0,64669.56,4687046.0,-63612.6,767702.0,-12671.1,5186099.0,-56528.94
2023-06-05,12042792.96,20.43,34.15,0.698,MULTI (TLT+GLD+QQQ),2.0,2.0,0.0,1982.58,0.0,NORMAL,79782.0,-501.89,4165257.0,2547.68,99235.0,43.07,1672810.0,24750.96,532874.0,-9764.27,2909379.0,-18369.28,1754349.0,-21188.3,2050347.0,-15540.45,5012911.0,27920.32,542686.0,-1993.0,5219532.0,-9704.63
2023-06-06,12220022.98,22.2,34.59,0.675,MULTI (TLT+GLD+QQQ),1.98,1.98,0.0,1283.96,0.0,NORMAL,55747.0,-1075.97,4095824.0,-773.19,0.0,5196.73,1731001.0,28412.85,364064.0,3593.91,2898265.0,23425.22,1876720.0,33955.98,1990237.0,48626.48,5146742.0,5376.05,376731.0,84.58,5609412.0,30407.38
2023-06-07,12194651.52,21.95,30.33,0.69,MULTI (GLD+TLT+QQQ),2.07,2.07,0.0,1502.84,0.0,NORMAL,41120.0,-1707.7,4079766.0,-69540.81,0.0,-0.0,1976556.0,25278.48,279165.0,-2162.02,3074987.0,76694.14,1982142.0,69002.74,2300076.0,25294.94,5677528.0,-62407.77,285082.0,-2525.34,5557366.0,-83298.13
2023-06-08,12459832.51,24.6,32.91,0.677,MULTI (TLT+GLD+XLE),1.87,1.87,0.0,3714.95,0.0,NORMAL,0.0,1093.41,2667998.0,49180.02,0.0,0.0,1867461.0,90367.84,180641.0,3124.57,2963095.0,-13202.95,2060987.0,-10377.79,2285597.0,-3776.93,4899121.0,74153.77,958290.0,9807.5,5428288.0,64811.53
2023-06-09,12467993.86,24.68,33.95,0.697,MULTI (TLT+GLD+QQQ),1.95,1.95,0.0,1470.21,0.0,NORMAL,0.0,0.0,3126797.0,9750.79,0.0,0.0,1962056.0,75837.36,132134.0,778.66,2988947.0,-16346.74,2100138.0,-18032.73,2339950.0,-21160.24,5045436.0,-13311.26,788668.0,-1457.46,5871863.0,-7897.03
2023-06-12,12510835.89,25.11,32.87,0.734,MULTI (TLT+GLD+QQQ),1.98,1.98,0.0,1254.52,0.0,NORMAL,0.0,0.0,3238525.0,52774.84,0.0,0.0,2082430.0,43515.62,0.0,3769.33,2909017.0,-28716.88,2266005.0,-35343.84,2762856.0,1030.98,5074672.0,-4467.92,559006.0,-6951.6,5836674.0,17231.5
2023-06-13,12615321.12,26.15,31.41,0.753,MULTI (TLT+GLD+QQQ),1.92,1.92,0.0,3995.71,0.0,NORMAL,0.0,0.0,3466892.0,24681.34,357292.0,-357.29,1548035.0,73409.74,0.0,0.0,2942442.0,13704.21,2193023.0,23439.82,2730323.0,75875.85,3552434.0,-38872.79,1269119.0,-9326.61,6177220.0,-58069.05
2023-06-14,12612152.65,26.12,31.37,0.749,MULTI (TLT+GLD+QQQ),2.05,2.05,0.0,2668.3,0.0,NORMAL,0.0,0.0,3768463.0,24919.64,236674.0,7904.9,1714135.0,-11666.13,0.0,0.0,3341674.0,-30607.12,2271442.0,-30630.22,2979851.0,-26650.85,4402775.0,1119.42,869300.0,13013.47,6236473.0,49428.42
2023-06-15,12863676.78,28.64,32.15,0.719,MULTI (TLT+GLD+QQQ),2.0,2.0,0.0,1275.78,0.0,NORMAL,0.0,-0.0,3876263.0,44841.3,157484.0,-5816.96,1814904.0,-6047.77,0.0,-0.0,3446948.0,36644.55,2332577.0,45340.27,3001982.0,47812.63,4659798.0,30728.0,612067.0,-1443.03,5855816.0,59465.14
2023-06-16,12826940.87,28.27,31.28,0.745,MULTI (GLD+QQQ+TLT),1.99,1.99,0.0,4325.82,0.0,NORMAL,241605.0,-241.61,4201349.0,-24742.21,110499.0,-5314.84,1957598.0,32798.32,0.0,-0.0,3542733.0,-5209.04,2506120.0,9923.13,2714881.0,-17681.71,5753951.0,-8273.76,439640.0,6516.22,4064325.0,-24510.42
2023-06-20,12723622.99,27.24,33.51,0.684,MULTI (GLD+TLT+QQQ),1.98,1.98,0.0,3250.47,0.0,NORMAL,101969.0,6169.78,3910074.0,-6300.12,73069.0,-1094.61,1873802.0,104326.12,0.0,-0.0,3225337.0,-79531.45,1585673.0,-61642.57,2696587.0,-14086.18,5869814.0,-59733.07,1253334.0,-19067.66,4577698.0,27641.88
2023-06-21,12602332.04,26.02,33.43,0.684,MULTI (GLD+TLT+QQQ),1.96,1.96,0.0,2153.21,0.0,NORMAL,73526.0,-1802.64,3680415.0,-53461.81,0.0,-4258.99,1624287.0,-102491.23,0.0,-0.0,3047360.0,25316.24,1057339.0,15590.14,2683216.0,22941.23,5819484.0,-8532.07,1702029.0,-25233.59,5023287.0,10641.78
2023-06-22,12454716.56,24.55,34.03,0.71,MULTI (GLD+TLT+QQQ),1.97,1.97,0.0,1919.87,0.0,NORMAL,49090.0,-58.56,3773213.0,43375.29,0.0,-0.0,1612010.0,32195.78,0.0,0.0,2988274.0,-40917.27,1452355.0,-20447.76,1771758.0,-17627.48,5900980.0,-57850.91,1929953.0,-25571.29,5043824.0,-60713.28
2023-06-23,12377660.0,23.78,34.53,0.718,MULTI (GLD+TLT+QQQ),1.93,1.93,0.0,1931.34,0.0,NORMAL,32654.0,-946.53,3683559.0,-37457.53,0.0,-0.0,1567441.0,-48801.21,0.0,-0.0,2067290.0,-22375.17,1675296.0,-12543.54,2089151.0,-25807.65,5641458.0,15994.66,2011903.0,4623.0,5065408.0,50257.4
2023-06-26,12352824.28,23.53,34.09,0.738,MULTI (GLD+TLT+QQQ),1.87,1.87,0.0,3783.49,0.0,NORMAL,505812.0,-1694.39,3840070.0,-49585.51,0.0,-0.0,1302435.0,-95157.22,742602.0,-742.6,1421230.0,36461.62,1128453.0,25311.33,1414342.0,14327.64,5709668.0,9755.51,2118859.0,31207.53,4960025.0,5280.37
2023-06-27,12501447.06,25.01,34.36,0.711,MULTI (GLD+TLT+QQQ),1.94,1.94,0.0,2999.11,0.0,NORMAL,336121.0,15300.91,4099489.0,65833.13,0.0,0.0,1283176.0,49424.34,1404834.0,22926.3,1852534.0,2820.18,801256.0,5785.75,981239.0,18294.65,5860822.0,-26404.95,2417682.0,7819.74,5178884.0,-13177.26
2023-06-28,12534746.59,25.35,33.56,0.738,MULTI (GLD+TLT+QQQ),2.03,2.03,0.0,3970.87,0.0,NORMAL,692346.0,-6454.51,4168526.0,7938.95,0.0,-0.0,921151.0,30531.2,1843962.0,-13154.63,2228491.0,18419.43,1276140.0,8628.46,743404.0,-3394.32,6196067.0,-13872.09,1609975.0,-16924.75,5705720.0,21581.78
2023-06-29,12468079.15,24.68,33.31,0.7,MULTI (GLD+TLT+QQQ),2.12,2.12,0.0,2894.81,0.0,NORMAL,526916.0,-5127.79,4201948.0,-8389.11,0.0,0.0,638016.0,4241.91,2227101.0,-3087.98,2527713.0,25440.71,881897.0,24262.74,1304595.0,15665.0,6435507.0,-6886.81,2028214.0,-9698.06,5710814.0,-103088.04
2023-06-30,12748813.33,27.49,33.45,0.708,MULTI (GLD+TLT+QQQ),2.07,2.07,0.0,2182.55,0.0,NORMAL,897438.0,18751.93,4221951.0,64750.03,0.0,0.0,438313.0,10369.61,2429380.0,34444.99,2794805.0,16047.24,618842.0,4965.19,932107.0,5035.3,6418529.0,42822.0,2162882.0,16522.74,5444655.0,67025.15
2023-07-03,12815853.87,28.16,35.23,0.619,MULTI (GLD+TLT+QQQ),2.14,2.14,0.0,2725.34,0.0,NORMAL,622485.0,2077.33,4175915.0,9887.22,0.0,0.0,288290.0,30043.06,2596800.0,21395.7,3339909.0,6003.42,501316.0,746.22,1241672.0,9237.35,7116402.0,6510.13,2338140.0,12261.66,5158348.0,-31121.54
2023-07-05,12670667.69,26.71,33.58,0.613,MULTI (GLD+TLT+QQQ),2.3,2.3,0.0,2643.41,0.0,NORMAL,442691.0,-1587.21,4193325.0,-131.06,0.0,-0.0,205848.0,2655.34,2695618.0,-49176.06,3562284.0,-18713.99,367264.0,-2502.13,2268546.0,-23057.36,7410613.0,-25440.46,2543145.0,22074.53,5400315.0,-49307.77
2023-07-06,12324586.18,23.25,32.52,0.582,MULTI (GLD+TLT+QQQ),2.33,2.33,0.0,2579.65,0.0,NORMAL,309598.0,-2369.53,4122812.0,-31974.55,0.0,-0.0,138332.0,-4391.76,1819775.0,-32862.13,3418200.0,-80194.88,1164702.0,-10045.47,2565546.0,-39922.63,7252406.0,-22221.23,2464775.0,-45595.88,5451000.0,-76503.46
2023-07-07,12532047.62,25.32,32.94,0.568,MULTI (GLD+TLT+QQQ),2.29,2.29,0.0,2699.65,0.0,NORMAL,226170.0,2854.9,4352927.0,-13932.02,0.0,-0.0,92781.0,-1099.97,2040864.0,1491.58,3701008.0,73264.19,1690945.0,32539.51,2661965.0,50695.67,7029617.0,54123.09,1598842.0,40507.54,5245346.0,-32983.04
2023-07-10,12647685.06,26.48,33.9,0.596,MULTI (GLD+TLT+QQQ),2.25,2.25,0.0,2510.05,0.0,NORMAL,164110.0,-1779.09,4602258.0,1178.79,0.0,0.0,0.0,-1720.74,2396436.0,28564.36,3483650.0,28613.69,1921263.0,14102.79,1946933.0,30335.9,7153091.0,5391.12,1323665.0,4249.55,5430199.0,6701.09
2023-07-11,12861884.09,28.62,33.91,0.57,MULTI (GLD+TLT+QQQ),2.18,2.18,0.0,1374.96,0.0,NORMAL,0.0,710.4,4557000.0,22669.48,0.0,-0.0,0.0,0.0,2511414.0,2424.45,3435949.0,76462.72,2177632.0,47449.13,1916131.0,12905.22,7216862.0,26770.05,929413.0,-2884.47,5234051.0,27692.05
2023-07-12,13229566.34,32.3,30.69,0.612,MULTI (GLD+TLT+QQQ),2.32,2.32,0.0,3398.67,0.0,NORMAL,0.0,0.0,5025294.0,57143.97,0.0,0.0,0.0,0.0,2853181.0,52488.29,3568858.0,31694.75,1641944.0,7313.9,3313477.0,22084.71,7343768.0,97697.39,1512895.0,41106.34,5401696.0,58152.9
2023-07-13,13506790.26,35.07,30.54,0.632,MULTI (GLD+TLT+XLE),2.28,2.28,0.0,3553.08,0.0,NORMAL,0.0,0.0,3289333.0,83502.43,0.0,0.0,0.0,0.0,2873411.0,68465.0,3852157.0,-13895.53,2294241.0,3656.54,3593153.0,30920.43,7433965.0,5163.64,1915484.0,42670.94,5504088.0,56740.45
2023-07-14,13169826.07,31.7,29.28,0.702,MULTI (GLD+QQQ+TLT),2.1,2.1,0.0,9541.98,0.0,NORMAL,733033.0,-733.03,3864011.0,-1269.54,731691.0,-731.69,912933.0,-912.93,3148941.0,-24091.64,3425343.0,-102086.14,1356928.0,-82951.72,2452357.0,-70774.61,5312820.0,-25786.89,2077374.0,6571.73,3686029.0,-34197.72
2023-07-17,13326892.21,33.27,31.79,0.622,MULTI (GLD+TLT+QQQ),2.01,2.01,0.0,5666.61,0.0,NORMAL,1063239.0,15678.49,3989088.0,35995.56,1105086.0,14661.66,1557240.0,28585.26,3040353.0,58436.82,2246495.0,-7900.55,906858.0,5326.4,1682587.0,8732.97,5828160.0,3295.4,1305677.0,-7126.47,4126460.0,1380.6
2023-07-18,13570322.65,35.7,29.81,0.662,MULTI (GLD+QQQ+SMH),2.02,2.02,0.0,5183.88,0.0,NORMAL,1380743.0,23345.71,4444482.0,32210.03,810013.0,-3933.95,2006312.0,15440.55,3017604.0,8338.66,2658444.0,22271.77,1550037.0,24848.69,1210480.0,26157.58,6494712.0,66169.23,975453.0,11116.59,2880914.0,17465.57
2023-07-19,13552751.15,35.53,30.22,0.707,MULTI (QQQ+GLD+TLT),2.06,2.06,0.0,6290.86,0.0,NORMAL,949026.0,-12542.42,4666747.0,-1259.44,1297160.0,-10800.34,2395330.0,-14629.4,3340317.0,-31987.52,3075066.0,15139.54,1075185.0,7426.95,1932771.0,-4409.55,4629342.0,-805.48,829197.0,4516.34,3679213.0,31779.83
2023-07-20,12937078.99,29.37,29.15,0.748,MULTI (QQQ+TLT+GLD),1.96,1.96,0.0,6768.36,0.0,NORMAL,1261742.0,-31731.8,4609351.0,-107628.21,1718780.0,-69342.58,1172293.0,-234223.28,3184983.0,-118205.49,2104501.0,35109.48,746471.0,11058.7,1337258.0,-14592.29,3236343.0,-24809.72,1584241.0,-15846.44,4423201.0,-45460.53
2023-07-21,12894584.69,28.95,30.79,0.752,MULTI (QQQ+GLD+SMH),1.89,1.89,0.0,6276.44,0.0,NORMAL,2059961.0,-34399.04,4406354.0,-14014.05,1903284.0,10739.25,1142564.0,-12859.07,2878691.0,16749.55,1451591.0,17965.52,533431.0,3753.65,1894900.0,-10846.61,4304954.0,-10996.41,1033829.0,-8226.48,2760599.0,-360.61
2023-07-24,12959374.98,29.59,32.43,0.756,MULTI (GLD+QQQ+TLT),1.97,1.97,0.0,7660.07,0.0,NORMAL,948576.0,12961.44,4340263.0,6965.57,1197142.0,-6532.75,762508.0,39303.29,1904802.0,1457.03,2206445.0,22686.97,1287635.0,7917.44,2519596.0,21781.18,5195918.0,-19340.94,1685826.0,-11656.28,3463939.0,-10752.65
2023-07-25,13162864.26,31.63,33.54,0.696,MULTI (GLD+QQQ+TLT),2.06,2.06,0.0,4210.07,0.0,NORMAL,714525.0,22430.73,4697328.0,29089.52,856365.0,25500.54,568949.0,-10895.26,2176829.0,30325.63,2636526.0,11172.81,1739408.0,3835.92,2784333.0,49453.55,5898991.0,28256.0,1130196.0,21316.39,3959457.0,-6996.57
2023-07-26,13141060.54,31.41,32.21,0.659,MULTI (GLD+QQQ+TLT),2.22,2.22,0.0,4236.31,0.0,NORMAL,527192.0,-3734.5,5176923.0,-16121.91,618932.0,-22268.7,410297.0,-2151.22,2587984.0,-24237.16,2948999.0,606.69,1212921.0,4483.02,2848685.0,-3726.13,6512494.0,28197.13,2024194.0,13610.13,4338392.0,3538.94
2023-07-27,12830861.72,28.31,29.42,0.68,MULTI (GLD+QQQ+TLT),2.33,2.33,0.0,3800.71,0.0,NORMAL,391868.0,5055.77,5419597.0,-12595.19,1180113.0,5122.79,286732.0,-13520.27,2963194.0,46184.32,3082594.0,-18981.66,853179.0,-9154.7,1994653.0,-53802.38,6838042.0,-102752.01,2153811.0,-70883.56,4732258.0,-84871.91
2023-07-28,13164463.5,31.64,32.72,0.756,MULTI (GLD+QQQ+TLT),2.14,2.14,0.0,4429.52,0.0,NORMAL,258676.0,7116.35,4831003.0,98028.49,751165.0,19308.36,187694.0,11920.66,2690855.0,56879.53,3208754.0,9247.8,1413946.0,16626.25,2531106.0,16669.31,6262138.0,53946.6,1285739.0,19568.2,4770340.0,24290.22
2023-07-31,13364610.71,33.65,32.01,0.724,MULTI (GLD+TLT+QQQ),2.29,2.29,0.0,4920.41,0.0,NORMAL,197290.0,-177.47,5031877.0,2321.07,1225252.0,9111.27,130837.0,639.85,1871415.0,1190.26,4531748.0,59661.33,989119.0,20725.06,2628007.0,58590.09,6922209.0,16229.57,1694235.0,20926.65,5322361.0,10929.54
2023-08-01,13136156.7,31.36,30.98,0.651,MULTI (GLD+TLT+QQQ),2.27,2.27,0.0,3376.36,0.0,NORMAL,0.0,-1133.66,4984905.0,-11707.16,1744656.0,33787.62,105657.0,-3133.62,1338599.0,-1580.39,4843418.0,-21572.58,1563089.0,-3827.7,2091037.0,-29767.18,6758235.0,-71838.71,1135195.0,-30396.65,5301641.0,-87283.99
2023-08-02,12582713.55,25.83,28.41,0.756,MULTI (GLD+TLT+QQQ),2.27,2.27,0.0,4021.44,0.0,NORMAL,0.0,-0.0,4612913.0,-109651.53,1522111.0,-122493.12,0.0,-2919.61,1794273.0,-49619.25,3567810.0,-64626.58,2646288.0,-26545.49,1766299.0,-60692.09,6630174.0,-32302.92,781053.0,-27828.06,5288339.0,-56764.5
2023-08-03,12577015.95,25.77,31.31,0.709,MULTI (GLD+TLT+XLE),2.07,2.07,0.0,4569.38,0.0,NORMAL,0.0,0.0,2908155.0,-9090.42,1473821.0,52793.45,0.0,0.0,1117695.0,-5892.73,3721337.0,36004.72,2349128.0,54746.08,2160243.0,-4493.86,6094829.0,-2748.58,1248340.0,-4780.89,4939286.0,-122235.37
2023-08-04,12731146.3,27.31,31.91,0.68,MULTI (GLD+TLT+XLE),2.07,2.07,0.0,3290.47,0.0,NORMAL,0.0,0.0,3450420.0,-14171.44,1470414.0,34739.53,0.0,-0.0,1529693.0,23.33,3977778.0,4893.54,2589653.0,17499.43,1537849.0,1049.37,6390940.0,21791.76,847562.0,1328.93,4516653.0,86975.89
2023-08-07,12732271.43,27.32,33.6,0.62,MULTI (GLD+TLT+XLE),2.06,2.06,0.0,1836.8,0.0,NORMAL,0.0,0.0,3506973.0,29186.38,985278.0,12070.99,0.0,-0.0,1825608.0,16182.75,3862083.0,4455.89,2668465.0,14298.32,2053355.0,1868.09,6380553.0,-14546.08,577642.0,-17860.98,4394212.0,-44530.24
2023-08-08,12683128.63,26.83,33.02,0.669,MULTI (GLD+XLE+QQQ),2.1,2.1,0.0,4293.62,0.0,NORMAL,0.0,-0.0,3665671.0,-30005.87,650115.0,-30501.79,0.0,-0.0,2143183.0,-30440.82,4302728.0,18662.76,2917550.0,24614.07,2360493.0,-1101.79,6634734.0,-40754.24,1128198.0,-9001.66,2800149.0,49386.54
2023-08-09,12650958.65,26.51,32.27,0.698,MULTI (GLD+XLE+QQQ),2.18,2.18,0.0,3116.92,0.0,NORMAL,587520.0,-587.52,3876806.0,-40553.45,464380.0,-16016.55,0.0,-0.0,2338281.0,-42726.4,4528561.0,53950.27,3006283.0,38813.07,1697561.0,-1574.62,7083572.0,-32049.84,913771.0,-5607.13,3112079.0,14182.19
2023-08-10,12531557.06,25.32,31.46,0.654,MULTI (GLD+QQQ+XLE),2.29,2.29,0.0,4195.58,0.0,NORMAL,1048637.0,-2755.21,4625918.0,6422.96,324242.0,-1148.0,0.0,0.0,2569718.0,-5370.75,4300311.0,-739.13,2004187.0,-26714.06,2166888.0,-30701.64,7226825.0,-7720.36,735199.0,1138.08,3641034.0,-51813.47
2023-08-11,12475820.48,24.76,32.14,0.63,MULTI (GLD+XLE+QQQ),2.28,2.28,0.0,2793.76,0.0,NORMAL,1323345.0,-38237.55,4288703.0,-29801.33,222151.0,-7918.67,0.0,-0.0,2710841.0,-64632.52,4498549.0,65921.7,2682243.0,23056.93,1535347.0,5761.4,7130862.0,-95.96,495133.0,-1297.89,3518508.0,-8492.69
2023-08-14,12670871.47,26.71,31.49,0.607,MULTI (GLD+XLE+QQQ),2.17,2.17,0.0,3225.79,0.0,NORMAL,1293541.0,93746.07,4131452.0,47923.88,147353.0,9023.51,0.0,-0.0,2369811.0,82082.61,4416673.0,-19077.01,2889541.0,-18971.22,2235418.0,33090.96,7282637.0,-21855.48,347093.0,-2050.49,2396274.0,-8861.84
2023-08-15,12367555.24,23.68,31.32,0.605,MULTI (GLD+XLE+QQQ),2.25,2.25,0.0,2180.84,0.0,NORMAL,1475918.0,5351.59,4279145.0,-44033.09,103434.0,-872.1,0.0,-0.0,2351043.0,-28480.14,4490490.0,-91932.9,3095222.0,-54425.76,2636999.0,-53269.53,7424753.0,-19493.02,258376.0,-925.45,1751159.0,-15235.83
2023-08-16,12160207.14,21.6,32.33,0.636,MULTI (GLD+QQQ+XLE),2.21,2.21,0.0,2817.26,0.0,NORMAL,1422432.0,-15287.71,4258217.0,-45335.99,0.0,-3963.81,0.0,-0.0,1594523.0,-37837.08,4217257.0,-39167.03,3166823.0,-13960.43,2505414.0,7642.4,7266552.0,-43000.91,1136774.0,-2254.79,1256021.0,-14182.75
2023-08-17,12189819.78,21.9,31.01,0.629,MULTI (GLD+QQQ+XLE),2.27,2.27,0.0,5660.04,0.0,NORMAL,979009.0,-5083.44,4842503.0,-47143.9,0.0,-0.0,602893.0,-602.89,1977186.0,-11168.86,4146884.0,50350.91,2179611.0,43064.82,1734530.0,5120.5,7173626.0,-11256.78,1782971.0,12636.79,2201185.0,-6304.52
2023-08-18,12257875.05,22.58,30.16,0.708,MULTI (GLD+QQQ+XLE),2.2,2.2,0.0,4887.09,0.0,NORMAL,1284779.0,-1323.29,4844405.0,-6083.5,0.0,0.0,1069651.0,-10735.16,2246425.0,8164.17,2849516.0,39687.3,2584848.0,22402.59,2366810.0,2425.59,7067118.0,1119.87,1157951.0,5369.5,1463288.0,7028.21
2023-08-21,12592483.76,25.92,31.96,0.654,MULTI (GLD+QQQ+XME),1.99,1.99,0.0,4124.0,0.0,NORMAL,1176188.0,108620.28,4283769.0,77411.17,0.0,0.0,1108396.0,78338.83,2085084.0,75243.4,2056792.0,-18742.91,1819496.0,2028.82,2498951.0,-14016.47,7020294.0,19281.27,758878.0,26760.87,2253862.0,-20316.55
2023-08-22,12548050.08,25.48,31.68,0.632,MULTI (GLD+QQQ+XME),2.01,2.01,0.0,3898.47,0.0,NORMAL,1302878.0,-32689.84,4388920.0,-6233.18,0.0,-0.0,1300900.0,8970.23,2449159.0,-21230.1,1448497.0,-16440.69,1308414.0,-19050.11,2914073.0,11381.99,7183674.0,11428.57,1428191.0,2886.98,1517317.0,16542.47
2023-08-23,12878604.28,28.79,30.66,0.631,MULTI (GLD+QQQ+XLE),1.95,1.95,0.0,5265.22,0.0,NORMAL,1319924.0,41286.5,4085959.0,68835.71,0.0,0.0,830190.0,19982.68,1545661.0,52111.48,2299100.0,-4493.24,1959156.0,-13967.61,1978879.0,1911.02,7200012.0,72962.78,1867112.0,54854.01,2079258.0,37070.88
2023-08-24,12634933.09,26.35,30.45,0.682,MULTI (GLD+QQQ+XLE),2.01,2.01,0.0,4202.71,0.0,NORMAL,1414171.0,1223.66,4096175.0,-87438.07,447465.0,-447.47,603377.0,-24106.9,2127097.0,-40585.93,2879688.0,-16388.88,1407536.0,-13370.59,1452613.0,-31041.05,7307825.0,-1728.14,2243820.0,-15469.43,1457209.0,-14318.4
2023-08-25,12709678.88,27.1,30.14,0.698,MULTI (GLD+QQQ+XLE),2.03,2.03,0.0,3171.09,0.0,NORMAL,1396916.0,-34349.66,4374629.0,31504.56,283960.0,1812.49,423898.0,22224.09,2232210.0,3757.71,3190561.0,27601.15,966633.0,17709.08,2050160.0,-885.94,7123371.0,-9626.11,2727589.0,10690.55,1010804.0,4307.87
2023-08-28,12862458.54,28.62,33.83,0.63,MULTI (GLD+QQQ+XLE),1.96,1.96,0.0,4923.6,0.0,NORMAL,1312120.0,24691.15,3965946.0,32486.53,186253.0,901.06,781071.0,51.89,1367243.0,26656.47,3724212.0,20978.57,1759264.0,4842.09,2406680.0,22047.62,7226210.0,20371.33,1729608.0,-997.98,701126.0,750.92
2023-08-29,13291734.46,32.92,31.77,0.693,MULTI (GLD+QQQ+XME),1.91,1.91,0.0,4775.93,0.0,NORMAL,891325.0,54127.28,3739103.0,86302.57,130004.0,5945.9,911424.0,59976.83,1606048.0,34853.8,2638286.0,9041.09,1246288.0,8346.22,2851414.0,56317.33,7383972.0,70499.1,2375174.0,37534.22,1658636.0,6331.59
2023-08-30,13340311.6,33.4,33.0,0.649,MULTI (GLD+QQQ+XLE),1.99,1.99,0.0,4551.07,0.0,NORMAL,1136019.0,8534.11,4042237.0,20569.54,110883.0,802.4,1087842.0,-1169.7,1246075.0,7828.2,3320121.0,12459.97,2033073.0,7667.89,1981733.0,-9066.14,7693349.0,18182.87,2748477.0,-15030.08,1176941.0,-2201.91
2023-08-31,13336762.05,33.37,33.63,0.687,MULTI (GLD+QQQ+XLE),2.08,2.08,0.0,4517.85,0.0,NORMAL,724608.0,1685.04,4014238.0,12080.59,560982.0,-1356.04,744421.0,4648.25,868858.0,4663.29,3770033.0,1794.04,2573455.0,1240.75,1486257.0,2551.41,7723959.0,-12843.03,2864178.0,-22057.28,2398908.0,4043.43
2023-09-01,13408422.27,34.08,32.64,0.661,MULTI (GLD+XLE+TLT),2.12,2.12,0.0,4432.29,0.0,NORMAL,492393.0,-12640.42,2848785.0,-5408.63,374108.0,19585.8,949408.0,-37942.53,598826.0,-325.55,4059124.0,76951.84,2958063.0,63201.32,2168280.0,31039.15,7667143.0,3800.72,2982823.0,-28289.59,3302683.0,-38311.9
2023-09-05,13248271.56,32.48,30.32,0.738,MULTI (GLD+XLE+TLT),2.21,2.21,0.0,4116.48,0.0,NORMAL,341355.0,244.47,2014146.0,2782.42,1459038.0,3465.66,623613.0,44114.42,427914.0,1245.92,4289663.0,21263.94,3258948.0,-16820.87,2586936.0,-28993.83,7635577.0,-62607.82,3044120.0,-78174.4,3616163.0,-46670.62
2023-09-06,13088377.19,30.88,33.2,0.695,MULTI (GLD+XLE+TLT),2.18,2.18,0.0,3094.36,0.0,NORMAL,236094.0,-10523.11,2643032.0,-18386.5,544929.0,-20650.24,418992.0,-11304.68,302689.0,-5094.11,4413174.0,1759.69,3393550.0,-996.23,2028778.0,-19273.86,7596663.0,-34625.87,3067554.0,-49421.7,3896255.0,8622.24
2023-09-07,13010341.49,30.1,32.4,0.704,MULTI (GLD+XLE+XOP),2.2,2.2,0.0,5508.65,0.0,NORMAL,173167.0,-4172.56,3194717.0,-19472.78,381499.0,-13563.82,1593358.0,-1890.24,973447.0,-7386.01,4422233.0,-4366.66,3451263.0,-281.26,2376775.0,-15943.19,7436669.0,7948.54,2022703.0,-28457.94,2650827.0,9550.22
2023-09-08,13060952.29,30.61,32.73,0.723,MULTI (GLD+XLE+XOP),2.18,2.18,0.0,3240.11,0.0,NORMAL,120494.0,-2555.5,2145648.0,3411.88,262220.0,-1907.05,2067947.0,-19437.22,643239.0,-6434.98,4459696.0,42679.59,3503346.0,39638.88,2247680.0,-12531.48,7355062.0,2422.25,2304431.0,-4129.09,3358253.0,9453.53
2023-09-11,13173648.49,31.74,31.59,0.77,MULTI (GLD+XLE+TLT),2.18,2.18,0.0,2487.24,0.0,NORMAL,0.0,-1161.2,2661448.0,24790.71,191093.0,-1972.4,2452743.0,208532.51,486263.0,313.07,4547637.0,-58769.6,3591343.0,-68993.71,2264692.0,5233.93,7310520.0,13571.57,1570305.0,15701.77,3684654.0,-24550.44
2023-09-12,13266260.76,32.66,33.11,0.708,MULTI (GLD+XLE+TLT),2.08,2.08,0.0,3121.33,0.0,NORMAL,0.0,-0.0,3087742.0,-29966.71,141344.0,-67.88,1003976.0,-56082.55,379587.0,-3754.34,4617104.0,107096.15,3684437.0,86799.83,2110964.0,8186.36,7409513.0,-37834.49,1108698.0,-2685.76,4022485.0,20921.64
2023-09-13,13205870.59,32.06,33.51,0.633,MULTI (GLD+XLE+TLT),2.21,2.21,0.0,2837.43,0.0,NORMAL,0.0,0.0,3563046.0,11297.24,0.0,3076.64,671738.0,13991.56,270988.0,2963.44,4769896.0,-34947.51,3739902.0,-42736.21,2515431.0,15526.55,7486548.0,-17210.2,1705729.0,-11101.53,4416823.0,-1250.15
2023-09-14,13360994.08,33.61,31.0,0.663,MULTI (GLD+TLT+XLE),2.32,2.32,0.0,3030.97,0.0,NORMAL,0.0,0.0,3828803.0,28899.8,0.0,-0.0,484793.0,11537.6,0.0,1203.3,4681087.0,55679.11,3740889.0,18431.25,3688477.0,84819.88,7440080.0,3754.57,2403889.0,-17013.89,4694183.0,-32188.13
2023-09-15,13180546.76,31.81,28.84,0.765,MULTI (GLD+XLE+QQQ),2.24,2.24,0.0,6223.04,0.0,NORMAL,0.0,-0.0,4190263.0,-65987.4,528358.0,-528.36,372940.0,-3006.74,920200.0,-920.2,4737008.0,-67812.74,3816081.0,-63800.62,3750143.0,-39107.24,5269233.0,46912.94,2701186.0,43812.39,3263414.0,-30009.35
2023-09-18,13261172.23,32.61,33.75,0.688,MULTI (GLD+XLE+QQQ),2.07,2.07,0.0,5104.84,0.0,NORMAL,0.0,0.0,3843915.0,4017.24,334131.0,4382.51,233005.0,-12509.52,1417984.0,2576.51,4526076.0,39891.56,3777523.0,1032.42,2117629.0,-30666.29,5949374.0,30374.27,1633449.0,23219.73,3579743.0,18307.03
2023-09-19,13103347.43,31.03,33.54,0.704,MULTI (GLD+XLE+TLT),2.2,2.2,0.0,3223.39,0.0,NORMAL,0.0,-0.0,4151170.0,-8507.96,235323.0,-2576.94,181375.0,1018.87,2038669.0,-12858.5,4551468.0,-42326.63,3836883.0,-41806.3,1868801.0,-14686.55,6469860.0,-6164.02,1217207.0,-2714.48,4336168.0,-27202.28
2023-09-20,12913358.72,29.13,31.34,0.758,MULTI (GLD+TLT+XLE),2.36,2.36,0.0,2353.55,0.0,NORMAL,0.0,-0.0,4009266.0,-59902.18,173991.0,-2999.64,129434.0,-2710.36,2343746.0,-33844.0,4403616.0,-42501.99,3763041.0,-58943.25,2030908.0,-9802.89,6895340.0,4272.4,1906122.0,3320.92,4777131.0,13122.29
2023-09-21,12470263.22,24.7,29.18,0.743,MULTI (GLD+TLT+QQQ),2.54,2.54,0.0,2959.44,0.0,NORMAL,0.0,-0.0,4311284.0,-73843.82,0.0,-7501.51,86543.0,-3435.67,2853812.0,-47389.64,4229517.0,-60517.6,3723642.0,-43703.91,2605525.0,-41919.63,6972319.0,-50107.24,1604672.0,8621.81,5304130.0,-123298.28
2023-09-22,12585120.93,25.85,31.42,0.758,MULTI (GLD+TLT+QQQ),2.39,2.39,0.0,3147.81,0.0,NORMAL,0.0,0.0,4380717.0,533.38,605802.0,-605.8,0.0,-3744.96,2931692.0,24276.04,4127874.0,7007.47,3624020.0,-10962.0,1732568.0,24105.6,6793956.0,22119.82,1069662.0,9932.73,4851713.0,42195.42
2023-09-25,12592779.15,25.93,32.01,0.752,MULTI (GLD+TLT+QQQ),2.38,2.38,0.0,2615.29,0.0,NORMAL,0.0,0.0,4276278.0,20682.14,406020.0,7223.63,0.0,0.0,3133908.0,20469.42,3985170.0,51570.86,3401084.0,66419.6,1190157.0,15574.03,6957036.0,-35190.95,1899378.0,-19684.08,4720337.0,-119406.45
2023-09-26,12317656.81,23.18,31.44,0.74,MULTI (GLD+TLT+QQQ),2.46,2.46,0.0,1710.46,0.0,NORMAL,0.0,-0.0,4403687.0,-64404.78,284387.0,-6036.32,0.0,-0.0,3128102.0,-49586.27,3903113.0,-22974.72,3420890.0,-14704.35,814671.0,-22998.3,7094385.0,-55786.52,2568435.0,-22193.1,4733360.0,-16437.98
2023-09-27,12421106.96,24.21,27.3,0.814,MULTI (GLD+QQQ+TLT),2.5,2.5,0.0,5512.7,0.0,NORMAL,0.0,0.0,5044620.0,9688.83,208756.0,6171.32,864733.0,-864.73,3677743.0,28159.01,2515990.0,95756.9,3242451.0,100867.24,1593487.0,8647.81,7026104.0,-87753.22,1936100.0,-32460.63,4970095.0,-24762.37
2023-09-28,12583424.69,25.83,28.24,0.769,MULTI (GLD+TLT+QQQ),2.4,2.4,0.0,3362.03,0.0,NORMAL,0.0,0.0,4964880.0,42076.94,725174.0,9476.9,284852.0,20540.9,3689023.0,59524.64,1784482.0,1995.94,3190216.0,17471.48,2120883.0,28204.39,7152159.0,-35271.93,1326792.0,3128.11,4992692.0,15170.34
2023-09-29,12412777.33,24.13,28.34,0.789,MULTI (GLD+QQQ+TLT),2.49,2.49,0.0,4106.11,0.0,NORMAL,0.0,0.0,5211681.0,3362.31,486706.0,184.51,204888.0,4355.2,2446502.0,16380.98,2170148.0,-36401.32,3077200.0,-55791.99,2548411.0,-2851.01,7294038.0,-73706.31,2322538.0,-26610.35,5127133.0,430.62
2023-10-02,11995163.66,19.95,28.57,0.761,MULTI (GLD+TLT+QQQ),2.43,2.43,0.0,3294.18,0.0,NORMAL,0.0,0.0,3306916.0,41547.1,342415.0,1983.67,151440.0,1075.41,2689539.0,20871.4,2505667.0,-43594.61,3017934.0,-102609.1,2755889.0,-69204.85,7250710.0,-76611.2,2267853.0,-105101.26,4900384.0,-85970.23
2023-10-03,11685618.12,16.86,27.65,0.794,MULTI (GLD+TLT+QQQ),2.39,2.39,0.0,4301.72,0.0,NORMAL,985465.0,-985.47,3447541.0,-58234.2,231626.0,-10677.35,103789.0,-3096.27,2717486.0,-59863.49,1642804.0,-2558.02,2780746.0,-11623.72,1765583.0,-37641.49,6985748.0,-21185.82,2646306.0,1959.52,4570622.0,-105639.23
2023-10-04,11667803.58,16.68,28.85,0.766,MULTI (GLD+TLT+QQQ),2.24,2.24,0.0,2836.37,0.0,NORMAL,494363.0,11363.47,3309858.0,46732.44,144791.0,9138.42,0.0,6049.28,2766696.0,42377.27,1979389.0,-51975.43,2547806.0,-110618.87,1156930.0,-16006.79,6784293.0,-1026.74,2797997.0,-17866.02,4173019.0,64018.42
2023-10-05,11605964.76,16.06,30.08,0.776,MULTI (GLD+TLT+QQQ),2.14,2.14,0.0,5116.01,0.0,NORMAL,348226.0,7109.26,3400834.0,-9854.01,996947.0,-2467.66,816971.0,-816.97,1842137.0,-924.56,2123065.0,-12389.86,2285758.0,2901.53,789812.0,-1986.68,6671622.0,-12534.4,1787706.0,-9695.45,3774089.0,-21180.03
2023-10-06,11852513.29,18.53,26.41,0.781,MULTI (GLD+TLT+QQQ),2.11,2.11,0.0,4313.7,0.0,NORMAL,1241435.0,7484.11,3541720.0,56898.8,1520338.0,41465.63,273047.0,962.57,1289748.0,39241.71,1521748.0,12091.48,2311931.0,41710.69,536844.0,14297.12,6549413.0,34222.84,2109532.0,44299.28,4123266.0,-46125.7
2023-10-09,12248600.34,22.49,32.23,0.743,MULTI (GLD+QQQ+TLT),1.81,1.81,0.0,5822.8,0.0,NORMAL,1266182.0,-13303.77,3481801.0,17985.11,644861.0,-4699.38,276524.0,-905.68,1690724.0,-3708.14,1848310.0,50490.56,2187005.0,95771.16,1134298.0,5325.21,6194590.0,119938.65,1273457.0,34412.24,2228386.0,94781.09
2023-10-10,12320939.38,23.21,32.68,0.762,MULTI (GLD+QQQ+TLT),1.83,1.83,0.0,3978.61,0.0,NORMAL,894139.0,14296.55,3755312.0,19027.39,984745.0,11970.41,765842.0,3721.25,1201474.0,20399.81,2126656.0,2018.85,2145605.0,6577.42,810156.0,14234.66,5949478.0,-10629.83,921210.0,-5425.76,2995421.0,-3851.72
2023-10-11,12455012.47,24.55,32.04,0.709,MULTI (GLD+QQQ+TLT),1.84,1.84,0.0,2855.02,0.0,NORMAL,619356.0,19385.2,3726266.0,26740.45,686016.0,-6615.92,529176.0,-2065.06,1781598.0,12426.03,2353767.0,-27586.58,2274324.0,-3667.27,574115.0,1008.47,5820548.0,43276.93,1498613.0,8653.17,3012184.0,62517.66
2023-10-12,12312427.19,23.12,31.39,0.785,MULTI (GLD+QQQ+TLT),1.88,1.88,0.0,4553.73,0.0,NORMAL,1122083.0,1338.49,3955546.0,-13191.51,1027293.0,2702.02,385152.0,-8425.79,2148333.0,8702.25,1655091.0,1986.9,1522694.0,29.96,1449152.0,-19292.46,5756344.0,-17797.09,1033598.0,-16786.48,3067097.0,-81851.57
2023-10-13,12472433.97,24.72,30.72,0.781,MULTI (GLD+QQQ+SMH),1.75,1.75,0.0,5517.55,0.0,NORMAL,1473421.0,-35857.5,4104667.0,-49919.43,725380.0,-35205.73,254181.0,-11650.06,2515492.0,-54203.5,1933687.0,36197.4,1045117.0,31620.74,1797056.0,-347.9,4640576.0,183755.61,1512058.0,42026.53,1834021.0,53590.62
2023-10-16,12559193.35,25.59,33.8,0.685,MULTI (GLD+QQQ+SMH),1.69,1.69,0.0,2711.71,0.0,NORMAL,1636442.0,20405.75,3986757.0,46243.81,488647.0,9210.21,181989.0,2759.11,2744616.0,28789.68,2110587.0,12786.71,728940.0,10225.74,2066261.0,16849.03,4305388.0,-22888.68,942668.0,-7838.65,2070566.0,-29783.33
2023-10-17,12499241.71,24.99,31.56,0.702,MULTI (GLD+QQQ+SMH),1.77,1.77,0.0,2676.64,0.0,NORMAL,2277013.0,-77293.92,4072387.0,-13156.81,355309.0,-6186.02,0.0,483.9,3098616.0,-32753.18,2257304.0,21872.69,522371.0,8382.84,2238855.0,43290.16,4241218.0,7911.22,669530.0,10655.97,2386950.0,-23158.48
2023-10-18,12288487.5,22.88,30.0,0.761,MULTI (GLD+QQQ+SMH),1.76,1.76,0.0,2652.79,0.0,NORMAL,1830843.0,-90632.05,4113776.0,-53515.74,239951.0,-10142.1,525798.0,-525.8,3103796.0,-62114.93,1624989.0,19906.2,378829.0,3774.67,2267935.0,-58222.5,4451304.0,61225.18,480568.0,770.23,2643504.0,-21277.37
2023-10-19,12130017.55,21.3,28.65,0.778,MULTI (QQQ+GLD+SMH),1.82,1.82,0.0,3104.19,0.0,NORMAL,1811616.0,-4136.79,4610770.0,-39027.24,184255.0,483.94,738703.0,-49162.65,3367879.0,-21425.57,2089382.0,-3294.61,264814.0,-831.44,1571191.0,-44542.94,4252486.0,54381.92,328294.0,3514.26,2896943.0,-54428.84
2023-10-20,11912869.48,19.13,30.33,0.804,MULTI (QQQ+GLD+SMH),1.69,1.69,0.0,5305.61,0.0,NORMAL,1785831.0,-30728.66,4341051.0,-68984.88,689679.0,-1568.12,905557.0,-27445.33,2018414.0,-54022.04,1306210.0,-35798.56,173050.0,-4544.84,1853784.0,-24668.57,4110643.0,11459.65,1059001.0,3783.75,1833026.0,15369.55
2023-10-23,11940987.1,19.41,31.63,0.718,MULTI (QQQ+GLD+SMH),1.62,1.62,0.0,3449.09,0.0,NORMAL,1667791.0,68334.88,4123923.0,12869.42,448034.0,-12422.93,1068304.0,222.08,2328096.0,6799.65,1680174.0,-21523.53,0.0,-2695.23,1249099.0,-13105.19,3792906.0,-14185.76,634567.0,-17727.25,2324198.0,21551.47
2023-10-24,12086324.1,20.86,33.64,0.7,MULTI (QQQ+GLD+SMH),1.6,1.6,0.0,2465.63,0.0,NORMAL,1113949.0,26119.37,4126843.0,40080.67,839574.0,7052.49,686360.0,21961.17,2483080.0,27136.71,1871951.0,-23866.65,0.0,-0.0,1687723.0,17842.53,3791953.0,-415.22,445245.0,-1092.75,2247813.0,30518.69
2023-10-25,11728969.8,17.29,32.13,0.724,MULTI (GLD+QQQ+SMH),1.69,1.69,0.0,2246.84,0.0,NORMAL,733449.0,-48397.77,3967974.0,-101065.35,1004666.0,-46537.86,473502.0,-13196.72,2491826.0,-96316.68,2192801.0,-3745.6,0.0,-0.0,1994985.0,-11622.29,4155909.0,15611.66,327693.0,-1810.42,2431394.0,-50273.29
2023-10-26,11591466.21,15.91,31.39,0.816,MULTI (GLD+QQQ+SMH),1.69,1.69,0.0,1996.46,0.0,NORMAL,1001610.0,-25801.7,3788248.0,-75763.23,733842.0,-25242.19,334692.0,-14969.69,2708487.0,-22159.55,2271090.0,-17157.3,0.0,-0.0,2350499.0,1684.79,3952285.0,6349.72,217619.0,-1517.09,2246017.0,37072.64
2023-10-27,11655477.16,16.55,32.14,0.803,MULTI (GLD+QQQ+SMH),1.66,1.66,0.0,3472.61,0.0,NORMAL,649601.0,3965.39,3542059.0,17924.0,947053.0,21431.18,222517.0,2390.32,2547904.0,16570.76,2419446.0,-54682.2,660791.0,-660.79,2320911.0,18663.68,4498374.0,45464.16,0.0,3223.26,1501288.0,-10278.8
2023-10-30,11676266.51,16.76,32.9,0.756,MULTI (GLD+QQQ+XME),1.65,1.65,0.0,2516.68,0.0,NORMAL,462312.0,10404.27,3392455.0,39712.76,638823.0,-2761.06,569561.0,-11027.35,2475096.0,-6513.63,2491604.0,7940.65,1229901.0,-2867.54,2594313.0,18545.6,4349820.0,-25496.47,0.0,0.0,1108432.0,-7147.89
2023-10-31,11705113.21,17.05,32.34,0.799,MULTI (GLD+QQQ+XME),1.64,1.64,0.0,4314.43,0.0,NORMAL,859213.0,-4680.47,3458499.0,16173.97,1082379.0,14981.19,729658.0,9892.86,1781034.0,17049.13,1692972.0,7409.51,827264.0,15191.44,2735531.0,-16834.77,4375120.0,-23784.1,841555.0,-841.55,803196.0,-5710.5
2023-11-01,11968637.12,19.69,30.74,0.729,MULTI (QQQ+GLD+XME),1.63,1.63,0.0,4528.69,0.0,NORMAL,536612.0,32197.23,3458488.0,59969.18,995788.0,104639.97,574296.0,17338.37,2075173.0,44099.97,2268869.0,-4554.25,720498.0,-1643.17,2728292.0,11043.06,2999842.0,-15145.93,1613084.0,-1173.06,1483201.0,16752.55
2023-11-02,12310236.98,23.1,32.14,0.744,MULTI (QQQ+XME+XLE),1.51,1.51,0.0,3300.42,0.0,NORMAL,371139.0,14792.69,3332151.0,62593.44,1087798.0,-2029.47,356580.0,35629.37,2156621.0,53742.36,2260751.0,68531.03,1334575.0,18094.34,2668209.0,55922.56,2130390.0,9092.27,1031096.0,-8266.52,1830693.0,33497.79
2023-11-03,12487373.34,24.87,31.86,0.787,MULTI (QQQ+XME+GLD),1.64,1.64,0.0,4419.35,0.0,NORMAL,260998.0,12664.64,3443824.0,39076.84,763110.0,44220.02,253164.0,2260.45,1438091.0,49566.91,2469689.0,-22952.65,1856346.0,-10313.95,2959933.0,27112.78,2874118.0,7016.35,1831665.0,16508.62,2276260.0,11976.33
2023-11-06,12340670.49,23.41,33.15,0.78,MULTI (GLD+QQQ+XLE),1.69,1.69,0.0,5197.73,0.0,NORMAL,183121.0,4244.05,3381569.0,13971.9,506214.0,-3652.65,1301697.0,-1843.49,1006350.0,3796.24,2930007.0,-28410.61,2493412.0,-50106.46,2081125.0,-26868.57,3495997.0,-23041.02,1224109.0,-12679.92,2287341.0,-22112.32
2023-11-07,12224180.53,22.24,32.11,0.831,MULTI (GLD+QQQ+XLE),1.78,1.78,0.0,3706.49,0.0,NORMAL,125153.0,757.77,3370152.0,31921.22,355119.0,7541.99,1784704.0,16809.43,701288.0,5997.25,2890288.0,-64984.38,2782470.0,-70985.51,2848504.0,-40994.33,3663419.0,-14673.28,1707003.0,-20827.62,1530278.0,32947.51
2023-11-08,12095031.55,20.95,33.67,0.801,MULTI (GLD+QQQ+XLE),1.68,1.68,0.0,3465.26,0.0,NORMAL,0.0,1558.91,3279929.0,2078.42,239397.0,322.06,561000.0,-1785.37,493366.0,2299.2,2989565.0,-36350.62,2853833.0,-59918.12,2202611.0,-19514.18,3717456.0,-36606.21,2043256.0,-6930.4,1925594.0,25697.32
2023-11-09,11961257.03,19.61,32.37,0.86,MULTI (QQQ+XME+XOP),1.69,1.69,0.0,5264.01,0.0,NORMAL,463522.0,-463.52,3324129.0,-25311.13,177651.0,-272.29,354267.0,-30813.76,1123892.0,-1511.04,1978046.0,-10034.1,2608070.0,-20278.38,2650790.0,-17394.6,2585109.0,13659.36,2445929.0,3559.26,2504133.0,-44914.31
2023-11-10,12114136.51,21.14,31.45,0.809,MULTI (GLD+SLV+XME),1.84,1.84,0.0,7315.25,0.0,NORMAL,306616.0,13503.06,3168786.0,74504.44,521906.0,7646.98,1468051.0,6773.07,1430647.0,45241.69,1441387.0,21259.67,1860839.0,28253.5,3170567.0,14624.47,4176343.0,-29822.33,3194951.0,-42166.71,1556216.0,13061.64
2023-11-13,12202651.51,22.03,34.78,0.794,MULTI (GLD+SLV+QQQ),1.63,1.63,0.0,5170.09,0.0,NORMAL,214847.0,1714.34,3169619.0,-9892.87,332054.0,-8103.57,794422.0,61228.34,1627639.0,-8937.98,1924039.0,9896.07,1303531.0,14214.88,1362927.0,-4375.74,4705908.0,22758.94,3374424.0,13971.64,1131205.0,-3959.03
2023-11-14,12674798.45,26.75,30.36,0.774,MULTI (GLD+QQQ+SLV),1.78,1.78,0.0,5485.01,0.0,NORMAL,171096.0,4529.61,3205820.0,68198.44,244171.0,8688.73,2172791.0,47320.69,1138912.0,49127.78,1379533.0,16615.18,1810145.0,21105.46,2726984.0,67819.02,4867897.0,41852.81,3080519.0,121809.65,1718920.0,25079.58
2023-11-15,12724328.49,27.24,32.88,0.756,MULTI (GLD+QQQ+SLV),1.74,1.74,0.0,5463.05,0.0,NORMAL,729197.0,-3206.94,3328175.0,2292.96,179965.0,-3889.54,1003734.0,48476.88,1582730.0,405.48,1030746.0,-2949.99,1285521.0,1533.69,1919603.0,4451.79,5836215.0,-13810.98,3117182.0,40739.77,2084317.0,-24513.08
2023-11-16,12772599.83,27.73,32.26,0.772,MULTI (GLD+QQQ+SLV),1.84,1.84,0.0,3863.52,0.0,NORMAL,488709.0,8580.75,3351863.0,2827.19,123050.0,2731.28,1203749.0,-38471.4,1112240.0,5414.34,1857501.0,-20950.09,1937526.0,-37780.82,1411097.0,-10115.35,6323135.0,65446.92,3193110.0,45019.23,2442472.0,25569.31
2023-11-17,12895315.64,28.95,33.5,0.775,MULTI (GLD+QQQ+SLV),1.82,1.82,0.0,2033.15,0.0,NORMAL,353396.0,-1931.09,3609856.0,524.53,0.0,687.37,1316100.0,3550.15,804678.0,4911.2,2197423.0,38662.67,2060722.0,42597.01,991515.0,24694.9,6362246.0,-728.4,3111667.0,-1547.43,2605023.0,11294.9
2023-11-20,12937880.72,29.38,34.44,0.738,MULTI (GLD+QQQ+SLV),1.84,1.84,0.0,3323.52,0.0,NORMAL,902248.0,7423.33,3616752.0,43912.98,0.0,0.0,881804.0,6860.72,1340850.0,11008.28,2424113.0,2890.34,1371253.0,2553.55,705136.0,1598.1,6648795.0,-10688.91,3198565.0,-38753.18,2773255.0,15759.87
2023-11-21,13003900.15,30.04,33.37,0.779,MULTI (GLD+QQQ+SLV),1.84,1.84,0.0,3654.71,0.0,NORMAL,1366431.0,-8795.31,3567545.0,-21040.38,0.0,-0.0,619300.0,20676.18,1702464.0,-20140.42,2661278.0,-5673.28,976329.0,-12636.69,1461197.0,986.47,6438427.0,71510.87,3244828.0,43180.66,1947686.0,-2048.67
2023-11-22,12928739.13,29.29,32.41,0.808,MULTI (GLD+QQQ+XLE),2.0,2.0,0.0,5241.23,0.0,NORMAL,2123870.0,-34388.18,4292337.0,13891.92,0.0,0.0,429753.0,-18118.95,2450446.0,-4419.15,2900745.0,-1499.27,1570224.0,-100.24,1945060.0,6442.85,6325330.0,-27527.86,2231954.0,-15903.07,1532508.0,6460.92
2023-11-24,12981611.57,29.82,35.41,0.691,MULTI (GLD+QQQ+SMH),1.92,1.92,0.0,3720.66,0.0,NORMAL,2011638.0,-41052.15,4980029.0,-6745.89,0.0,-0.0,286627.0,2129.86,2598379.0,-5595.09,1939838.0,11031.31,1021843.0,6576.54,1504839.0,10550.23,6229796.0,32773.38,2303302.0,61788.93,2053721.0,-18584.68
2023-11-27,13094168.05,30.94,32.71,0.736,MULTI (GLD+QQQ+XME),2.07,2.07,0.0,4630.7,0.0,NORMAL,2168443.0,19484.14,4958387.0,-4364.45,0.0,0.0,216058.0,695.6,1837110.0,-2365.62,1514052.0,-7271.28,1567632.0,-9355.27,2901417.0,10746.88,6767388.0,41479.61,2776081.0,29550.72,2436877.0,33956.14
2023-11-28,13223329.2,32.23,32.25,0.775,MULTI (GLD+QQQ+XME),2.04,2.04,0.0,2687.36,0.0,NORMAL,2223891.0,-18998.45,5016498.0,12950.63,0.0,-0.0,645193.0,9318.2,1289497.0,-11105.8,1080220.0,-76.23,1099527.0,-4776.61,2883615.0,3216.5,7166068.0,89913.37,2801405.0,44280.27,2806652.0,4439.26
2023-11-29,13266835.69,32.67,31.59,0.708,MULTI (GLD+QQQ+TLT),2.12,2.12,0.0,4659.71,0.0,NORMAL,1595899.0,14192.28,5007737.0,-4890.24,0.0,0.0,439801.0,-6945.56,1876276.0,11299.02,1995484.0,-8962.89,1775139.0,-4830.33,2026726.0,3424.0,7071203.0,10496.3,3050833.0,-5143.44,3257364.0,34867.34
2023-11-30,13197860.27,31.98,29.85,0.67,MULTI (GLD+QQQ+TLT),2.19,2.19,0.0,4719.52,0.0,NORMAL,1955137.0,-45821.7,5416421.0,-13010.61,0.0,-0.0,301247.0,-7445.04,2374213.0,-20529.03,2730318.0,12578.36,2311194.0,9434.47,1439831.0,30960.99,6856983.0,-29657.17,2105879.0,32356.86,3435003.0,-37842.57
2023-12-01,13490381.93,34.9,30.01,0.745,MULTI (GLD+QQQ+TLT),2.21,2.21,0.0,4188.13,0.0,NORMAL,1332306.0,-831.82,5491132.0,15403.29,0.0,0.0,228364.0,-1639.79,1653308.0,8885.97,3479056.0,13469.51,2605545.0,18146.71,2137052.0,38789.91,6622007.0,118076.93,2657665.0,17675.56,3648901.0,64545.38
2023-12-04,13047129.5,30.47,30.73,0.723,MULTI (GLD+QQQ+XLE),2.19,2.19,0.0,4794.75,0.0,NORMAL,1787432.0,-36245.1,5646953.0,-51183.64,0.0,-0.0,155798.0,-3177.04,2291625.0,-24775.17,3808520.0,-16304.57,1800388.0,-32055.55,2268363.0,-20667.52,5712458.0,-143890.69,2649265.0,-99197.9,2397457.0,-15755.26
2023-12-05,12928187.42,29.28,30.88,0.816,MULTI (QQQ+GLD+XLE),2.06,2.06,0.0,4293.9,0.0,NORMAL,1150857.0,40957.89,5376722.0,13894.55,0.0,-0.0,578683.0,1655.8,1476763.0,-814.86,3756288.0,-66617.24,1240499.0,-40083.66,2441044.0,-56418.77,4986202.0,-22294.59,2682643.0,-40177.92,3002860.0,50956.7
2023-12-06,12773089.27,27.73,30.85,0.772,MULTI (QQQ+GLD+XLE),2.09,2.09,0.0,4550.4,0.0,NORMAL,768908.0,-26627.41,5299512.0,-31144.44,815434.0,-815.43,392158.0,1387.55,1024310.0,-12345.42,4287011.0,-56603.46,1919403.0,-34122.12,2580593.0,-28923.63,4805429.0,18184.45,1684079.0,-24018.18,3105342.0,39929.96
2023-12-07,12930229.91,29.3,31.93,0.731,MULTI (QQQ+XLE+GLD),1.97,1.97,0.0,4368.91,0.0,NORMAL,507422.0,18189.53,5122392.0,73796.03,909990.0,80607.99,261645.0,5221.35,1667792.0,22792.74,4340601.0,-29392.72,2327572.0,-1436.49,1684976.0,9667.76,3488981.0,6606.15,1966495.0,-11044.2,3139610.0,-17867.51
2023-12-08,12923524.78,29.24,31.35,0.716,MULTI (QQQ+XLE+GLD),2.02,2.02,0.0,3341.43,0.0,NORMAL,353812.0,9746.25,5336628.0,22636.16,1208143.0,3604.61,217059.0,1248.11,1114668.0,13719.0,4272165.0,46839.93,2578735.0,28623.06,1241125.0,2678.8,3808542.0,-46910.47,2320225.0,-62686.88,3626088.0,-26203.69
2023-12-11,12966806.27,29.67,30.94,0.721,MULTI (QQQ+GLD+XLE),2.0,2.0,0.0,5360.96,0.0,NORMAL,1029426.0,-7228.71,5421560.0,45548.01,1414592.0,51293.29,148699.0,-3714.4,2149882.0,25746.95,3050720.0,3968.06,2805677.0,-1591.85,868337.0,1463.68,4156211.0,-42447.06,2351125.0,-20944.87,2478219.0,-8811.59
2023-12-12,12961812.42,29.62,32.03,0.743,MULTI (QQQ+GLD+XLE),2.0,2.0,0.0,3461.67,0.0,NORMAL,654405.0,22342.56,5445140.0,43159.38,1582899.0,33543.6,0.0,-1840.3,2498780.0,22415.66,3591604.0,-42454.77,3041010.0,-60325.1,571272.0,-17777.9,4141253.0,-2276.34,1489633.0,-8724.4,2898091.0,6943.75
2023-12-13,13442162.7,34.42,28.68,0.74,MULTI (QQQ+GLD+XLE),2.0,2.0,0.0,5469.61,0.0,NORMAL,483757.0,5741.62,5447560.0,69179.63,1039091.0,6121.16,713601.0,-713.6,2041363.0,28938.47,3836933.0,49786.47,1920850.0,74453.92,1593251.0,20017.57,4237500.0,93434.34,2075083.0,65957.01,3527483.0,67433.67
2023-12-14,13899262.58,38.99,28.05,0.645,MULTI (QQQ+TLT+XLE),1.93,1.93,0.0,4943.61,0.0,NORMAL,348498.0,2497.76,5637842.0,-4917.07,779187.0,-1687.16,1138888.0,34680.02,2720254.0,37037.6,3684219.0,112517.08,2268216.0,66904.35,2003127.0,59668.69,2965434.0,23545.66,1305536.0,35415.17,3941837.0,91437.78
2023-12-15,13893020.69,38.93,31.11,0.684,MULTI (QQQ+XLE+TLT),1.94,1.94,0.0,5345.76,0.0,NORMAL,1052577.0,3192.09,5950937.0,26967.03,1090228.0,6188.64,1629474.0,10634.93,1873096.0,12014.34,4020160.0,-19918.35,1600699.0,-10734.03,1336326.0,8106.9,3490049.0,-27734.48,879532.0,-19268.15,4014430.0,4309.19
2023-12-18,14000529.19,40.01,32.97,0.647,MULTI (QQQ+XLE+TLT),1.92,1.92,0.0,4653.88,0.0,NORMAL,681919.0,25159.07,5988522.0,37482.96,704777.0,-2342.22,1831289.0,-9338.56,2523429.0,2632.63,4389851.0,32499.61,2153426.0,19715.83,1863346.0,20670.19,2348812.0,14706.87,615396.0,-1471.66,3761576.0,-32206.24
2023-12-19,14251380.02,42.51,32.44,0.691,MULTI (QQQ+XLE+SMH),1.86,1.86,0.0,5111.56,0.0,NORMAL,1294394.0,-7059.9,6016673.0,30596.51,1040845.0,6012.76,1250151.0,36722.15,3103944.0,7871.66,4241648.0,52469.12,2685186.0,25987.07,2147673.0,57521.89,1656892.0,15296.74,434111.0,6304.97,2640343.0,19127.85
2023-12-20,13838781.97,38.39,32.34,0.658,MULTI (QQQ+XLE+SMH),1.95,1.95,0.0,4408.7,0.0,NORMAL,852438.0,-39362.15,6179174.0,-89658.61,699980.0,-35062.77,1518095.0,-49308.15,3339187.0,-86700.92,4317991.0,-39450.29,1724202.0,-40891.58,2294201.0,-39639.39,2560577.0,-9936.11,314435.0,77.19,3212107.0,17334.73
2023-12-21,14163325.71,41.63,33.47,0.632,MULTI (QQQ+XLE+TLT),1.84,1.84,0.0,4331.7,0.0,NORMAL,574682.0,15280.98,6015336.0,71661.37,458807.0,22677.6,1668363.0,45104.85,3231900.0,82361.41,4041560.0,16589.35,1119070.0,19261.43,1436037.0,51390.51,3032005.0,17651.58,941835.0,3228.4,3529731.0,-20663.73
2023-12-22,14173271.82,41.73,34.32,0.607,MULTI (QQQ+XLE+TLT),1.9,1.9,0.0,3089.14,0.0,NORMAL,421919.0,-2027.79,6165351.0,8858.61,324639.0,-1149.73,1163227.0,-13341.02,3277882.0,327.78,4159629.0,11819.45,807137.0,2269.63,1806037.0,15171.52,3648416.0,12842.21,1512792.0,-8599.93,3682786.0,-16224.62
2023-12-26,14392230.98,43.92,34.62,0.578,MULTI (QQQ+XLE+TLT),1.9,1.9,0.0,2487.33,0.0,NORMAL,293167.0,3746.95,6174355.0,37714.21,227407.0,8754.04,807355.0,18372.21,3360090.0,45173.52,4167288.0,35704.3,1461141.0,12027.48,2040298.0,14640.16,3879445.0,27600.38,1043642.0,4996.59,3934847.0,10229.34
2023-12-27,14494746.22,44.95,34.26,0.6,MULTI (QQQ+GLD+XLE),1.94,1.94,0.0,2402.97,0.0,NORMAL,211776.0,738.77,6272992.0,12481.94,163665.0,4150.04,1384080.0,14634.83,3540129.0,3457.65,4196011.0,-18522.96,1017689.0,-6548.44,2230994.0,4142.7,4347999.0,17153.36,764661.0,1129.88,4031122.0,69697.47
2023-12-28,14280271.02,42.8,34.07,0.626,MULTI (QQQ+GLD+XLE),1.93,1.93,0.0,2533.0,0.0,NORMAL,0.0,237.77,6311471.0,-3089.89,625973.0,2554.71,1644487.0,-44033.15,3586642.0,-852.29,4112888.0,-63945.58,697800.0,-17399.52,1536242.0,-24652.11,4529308.0,-25492.11,531030.0,-8480.82,4045614.0,-29322.2
2023-12-29,14107844.67,41.08,33.65,0.582,MULTI (QQQ+GLD+TLT),1.96,1.96,0.0,2435.6,0.0,NORMAL,890271.0,-890.27,6237864.0,-27361.23,442100.0,-5858.87,1792595.0,-30706.65,3686338.0,-19498.55,4046051.0,-9357.51,477843.0,-6326.98,1025824.0,-23503.37,4514417.0,-7104.5,371769.0,-5225.39,4111495.0,-36593.03
2024-01-02,13825445.68,38.25,31.65,0.615,MULTI (QQQ+GLD+TLT),2.02,2.02,0.0,2981.81,0.0,NORMAL,1388786.0,-24864.2,6188027.0,-105614.13,266168.0,-26631.67,1250636.0,-974.36,3324356.0,-124612.22,4119381.0,43403.13,342170.0,3490.49,1630629.0,-9357.8,4932766.0,-11055.51,260934.0,-2327.64,4242103.0,-23855.09
2024-01-03,13631212.21,36.31,30.58,0.767,MULTI (GLD+QQQ+TLT),2.1,2.1,0.0,4064.66,0.0,NORMAL,959748.0,-17682.02,5826744.0,-65773.46,180121.0,-6341.19,812768.0,-50580.26,3267774.0,-59025.08,3834515.0,66732.45,241155.0,3021.24,1827836.0,-31840.85,6027745.0,-42259.63,1232513.0,-8089.58,4347277.0,17604.92
2024-01-04,13458187.82,34.58,32.98,0.755,MULTI (GLD+QQQ+TLT),2.05,2.05,0.0,3829.85,0.0,NORMAL,1474260.0,8149.67,5529645.0,-30255.0,122610.0,859.99,545363.0,-2038.09,3006422.0,-19537.36,3909993.0,-67375.23,1044379.0,-6230.79,1271140.0,3210.26,5565048.0,5586.8,757276.0,694.1,4314998.0,-66088.75
2024-01-05,13485872.0,34.86,32.02,0.786,MULTI (GLD+QQQ+TLT),2.09,2.09,0.0,2685.63,0.0,NORMAL,1974222.0,33289.5,5619561.0,6475.09,0.0,2191.88,373318.0,-1179.54,2967924.0,19803.61,3941460.0,3206.8,779529.0,3722.19,898469.0,-2986.95,5867031.0,580.71,1515337.0,3916.69,4213594.0,-41335.8
2024-01-08,13778982.65,37.79,31.01,0.765,MULTI (GLD+QQQ+XLE),1.99,1.99,0.0,3196.33,0.0,NORMAL,1952372.0,126755.89,5141378.0,115550.6,0.0,0.0,259343.0,4534.28,3071495.0,105076.66,4134500.0,-45853.94,1593558.0,-6926.43,630222.0,4978.02,5553199.0,-46126.28,962642.0,-6262.53,4069291.0,41384.37
2024-01-09,13695632.87,36.96,32.29,0.739,MULTI (GLD+QQQ+XLE),2.01,2.01,0.0,3985.0,0.0,NORMAL,2610314.0,32517.02,5231318.0,10077.26,0.0,0.0,183685.0,-5991.09,2858486.0,7995.03,3819285.0,-66439.42,1977369.0,-19921.7,1220304.0,-9754.74,5977738.0,1350.69,774557.0,-6104.68,2910415.0,-27078.16
2024-01-10,13685140.76,36.85,32.38,0.74,MULTI (GLD+QQQ+XLE),2.01,2.01,0.0,3442.94,0.0,NORMAL,2293799.0,59060.89,5163446.0,35352.45,0.0,-0.0,0.0,-980.3,2057417.0,1848.83,3705634.0,-37638.3,2333915.0,-26378.79,1649393.0,-11233.29,6347427.0,-14060.71,552217.0,-2433.13,3371909.0,-14029.77
2024-01-11,13753796.48,37.54,30.17,0.765,MULTI (GLD+QQQ+TLT),2.13,2.13,0.0,3988.23,0.0,NORMAL,2429848.0,19804.25,5560791.0,10357.2,0.0,-0.0,0.0,-0.0,2401791.0,11350.49,3907734.0,9349.31,1693707.0,-2405.13,1145145.0,-6270.63,6563449.0,12321.93,1523081.0,-4138.62,4036650.0,18286.93
2024-01-12,13898804.1,38.99,32.05,0.795,MULTI (GLD+QQQ+TLT),2.26,2.26,0.0,5817.64,0.0,NORMAL,1538484.0,-5850.39,5579518.0,2836.81,0.0,-0.0,602921.0,-602.92,1603589.0,-9231.37,3988230.0,43934.69,2285900.0,21754.73,913841.0,11419.47,7776956.0,63133.64,2834696.0,25782.76,4268271.0,-8169.8
2024-01-16,13599463.12,35.99,30.42,0.767,MULTI (GLD+QQQ+TLT),2.48,2.48,0.0,5289.47,0.0,NORMAL,1088293.0,46520.54,5697865.0,-664.49,541447.0,-541.45,485032.0,2688.85,2155462.0,24971.7,4290949.0,-95424.05,1672125.0,-70787.29,688961.0,-24027.99,7862930.0,-73948.93,3598292.0,-31562.85,5581488.0,-76565.01
2024-01-17,13331496.8,33.31,29.59,0.722,MULTI (GLD+QQQ+TLT),2.5,2.5,0.0,3069.62,0.0,NORMAL,745398.0,-6686.92,5774659.0,-32248.65,888230.0,4535.67,329346.0,-9762.47,1430192.0,-13716.36,4228098.0,-35648.26,2317743.0,-19753.98,471886.0,-5499.19,7777714.0,-86619.05,3956398.0,-53630.25,5465209.0,-8936.85
2024-01-18,13517936.22,35.18,29.66,0.749,MULTI (TLT+QQQ+GLD),2.25,2.25,0.0,6694.76,0.0,NORMAL,1171949.0,13603.71,5510275.0,81619.99,1134278.0,13631.67,227965.0,-5703.29,1916445.0,45994.08,4152253.0,-6935.2,2620034.0,-121.39,329808.0,5114.76,5083609.0,61274.86,2457368.0,29125.19,5776253.0,-51164.95
2024-01-19,13862484.85,38.62,29.59,0.714,MULTI (GLD+QQQ+XLE),2.14,2.14,0.0,5094.06,0.0,NORMAL,1466701.0,48678.32,5264157.0,108918.27,1190052.0,80581.64,167387.0,272.62,2094112.0,72913.73,4462600.0,13212.91,3091236.0,5258.35,273819.0,1057.53,5972003.0,14320.31,1843230.0,-17129.56,3782510.0,16464.51
2024-01-22,13824573.93,38.25,31.01,0.746,MULTI (QQQ+GLD+XOP),2.01,2.01,0.0,7298.0,0.0,NORMAL,1810152.0,3679.32,5340430.0,6805.78,1327539.0,-41502.44,918977.0,-3428.48,2317527.0,9519.67,3067701.0,15287.11,3397989.0,13905.92,0.0,1762.86,4254640.0,-24256.77,2742949.0,-41068.29,2677268.0,21384.39
2024-01-23,13912009.83,39.12,33.25,0.698,MULTI (GLD+QQQ+XOP),2.12,2.12,0.0,5241.53,0.0,NORMAL,1222211.0,6050.84,5341064.0,22139.15,831686.0,1396.75,1568538.0,848.34,1606359.0,11108.1,3416841.0,6138.48,3542152.0,4600.77,0.0,0.0,5405623.0,15455.01,3056352.0,41781.96,3524836.0,-22083.49
2024-01-24,14087803.67,40.88,29.55,0.671,MULTI (GLD+TLT+QQQ),2.12,2.12,0.0,7787.28,0.0,NORMAL,1665256.0,29982.8,3859935.0,28127.55,1059682.0,48560.41,2018060.0,-10284.25,2253605.0,27937.25,2352950.0,47614.43,2395381.0,44585.27,0.0,-0.0,6115296.0,-45333.84,3820009.0,26059.95,4314481.0,-21455.72
2024-01-25,14048540.3,40.49,30.0,0.609,MULTI (TLT+GLD+XOP),1.94,1.94,0.0,8065.14,0.0,NORMAL,1133936.0,6382.27,2726219.0,3575.61,1199886.0,11996.89,1428481.0,-245040.59,2458960.0,-205.36,2735933.0,52603.44,2973880.0,41371.98,1181005.0,-1181.01,4334799.0,22472.87,2400608.0,40962.49,4738580.0,27798.04
2024-01-26,13974159.79,39.74,32.47,0.635,MULTI (GLD+TLT+QQQ),1.99,1.99,0.0,5906.67,0.0,NORMAL,752615.0,-11154.83,3431447.0,-16963.14,1193205.0,-20507.63,919594.0,4335.69,2433720.0,-52435.0,3069675.0,19970.01,3205557.0,19661.96,2013906.0,6883.0,5432959.0,-4112.53,1604265.0,-9958.54,3708356.0,-10099.52
2024-01-29,14225316.34,42.25,33.2,0.567,MULTI (GLD+TLT+QQQ),1.99,1.99,0.0,5026.02,0.0,NORMAL,515006.0,17428.42,3898064.0,34707.64,794698.0,3502.02,1087081.0,38411.17,2407156.0,28512.77,3362528.0,-4669.55,2209117.0,1630.87,1402270.0,25480.11,6225771.0,37594.0,2267779.0,26280.49,4178714.0,42278.62
2024-01-30,14276811.07,42.77,32.71,0.693,MULTI (GLD+TLT+QQQ),2.09,2.09,0.0,5175.64,0.0,NORMAL,376641.0,2406.69,4304862.0,-26379.93,1021969.0,-26038.43,745217.0,3412.18,1663706.0,-24604.11,3621707.0,34547.39,2762764.0,38834.23,2199107.0,6731.65,6878022.0,7951.18,1599571.0,-2804.32,4662585.0,37438.19
2024-01-31,13956573.72,39.57,29.52,0.735,MULTI (GLD+TLT+QQQ),2.25,2.25,0.0,6550.8,0.0,NORMAL,275911.0,-7575.2,4852951.0,-84948.59,1247407.0,-26207.45,516651.0,-16937.32,2301217.0,-24656.87,2493738.0,-68807.5,1739803.0,-72766.39,2763158.0,-35794.4,7289267.0,-5522.24,2462480.0,-22020.47,5497770.0,44999.07
2024-02-01,14298862.79,42.99,29.15,0.689,MULTI (GLD+TLT+QQQ),2.26,2.26,0.0,5025.67,0.0,NORMAL,193448.0,6637.39,4736163.0,56971.52,797441.0,20283.4,344116.0,4154.1,1543843.0,20269.01,3187206.0,-992.58,2565043.0,-11692.27,3077271.0,29193.11,7430296.0,75748.06,3373073.0,34454.35,5024057.0,107262.99
2024-02-02,14145141.9,41.45,30.99,0.732,MULTI (GLD+QQQ+TLT),2.29,2.29,0.0,2863.16,0.0,NORMAL,0.0,9413.0,4997027.0,79863.36,547734.0,33302.08,260312.0,-1813.03,1129338.0,29597.82,3558582.0,4218.59,2996130.0,-28594.67,2965649.0,-24581.5,7632716.0,-70513.48,3592382.0,-73447.13,4721985.0,-111165.93
2024-02-05,13837741.6,38.38,31.41,0.757,MULTI (GLD+TLT+XME),2.16,2.16,0.0,6302.48,0.0,NORMAL,724301.0,-724.3,3262958.0,-8250.09,368136.0,-10743.9,671006.0,-9909.49,776927.0,21654.73,2407449.0,-10089.62,3163323.0,-18060.29,3631639.0,-84551.7,7202307.0,-42475.03,3444555.0,-48574.99,4304367.0,-95675.62
2024-02-06,13928726.86,39.29,33.04,0.715,MULTI (GLD+QQQ+XME),2.04,2.04,0.0,7171.58,0.0,NORMAL,1328446.0,-12201.38,3968914.0,-7262.58,248276.0,-13523.55,881522.0,14776.67,1512650.0,-9551.95,2919923.0,7298.05,2063595.0,22973.27,3266952.0,4845.31,7196163.0,37586.07,2227080.0,5506.88,2815990.0,40538.46
2024-02-07,14056786.48,40.57,33.64,0.689,MULTI (GLD+QQQ+XLE),2.08,2.08,0.0,4029.29,0.0,NORMAL,1589172.0,36305.46,4320248.0,40530.77,172244.0,4444.84,596605.0,11514.02,1921448.0,30151.0,3526785.0,5338.17,1429915.0,19359.71,3261753.0,16959.55,7547914.0,-2262.07,1586079.0,-20166.8,3289493.0,-14115.03
2024-02-08,14142657.19,41.43,33.62,0.672,MULTI (GLD+XLE+TLT),2.07,2.07,0.0,5293.32,0.0,NORMAL,1085226.0,-10876.68,3040373.0,6712.76,119778.0,-1652.99,386822.0,6081.36,2344495.0,26965.41,4054002.0,35724.31,2149794.0,16817.47,2829462.0,8283.19,7383463.0,-6964.71,2236779.0,24339.59,3701860.0,-19559.0
2024-02-09,14156803.3,41.57,34.15,0.65,MULTI (GLD+XLE+QQQ),2.03,2.03,0.0,3920.94,0.0,NORMAL,1418869.0,38538.7,3717274.0,29279.58,0.0,2091.8,272430.0,8060.37,2483318.0,51874.68,4107542.0,-62404.68,2563117.0,-16330.47,2683104.0,-2157.28,7442929.0,-28707.51,1516024.0,2525.63,2548147.0,-8624.71
2024-02-12,14228657.35,42.29,33.88,0.687,MULTI (GLD+QQQ+XLE),2.02,2.02,0.0,4826.84,0.0,NORMAL,1792758.0,1890.16,4104279.0,-14945.17,0.0,-0.0,199439.0,-7721.57,2760547.0,-9910.68,4056570.0,45264.47,1746364.0,41007.39,2066832.0,28959.83,8029242.0,-20046.46,2242873.0,5143.71,1777221.0,2212.36
2024-02-13,13751365.46,37.51,30.39,0.674,MULTI (GLD+XLE+QQQ),2.31,2.31,0.0,5021.5,0.0,NORMAL,1956499.0,-3144.04,4469250.0,-64443.95,0.0,-0.0,138311.0,-4413.83,2777285.0,-51184.05,4798690.0,-41719.81,1396204.0,-27484.64,3788264.0,-81840.89,8220873.0,-111015.08,2847057.0,-61166.02,1320157.0,-30879.6
2024-02-14,14007357.78,40.07,33.25,0.641,MULTI (GLD+XLE+QQQ),2.09,2.09,0.0,5683.76,0.0,NORMAL,1977925.0,48039.66,4232617.0,48417.06,0.0,0.0,0.0,3383.22,1766899.0,54674.73,4769516.0,-4628.68,2092934.0,2457.38,2585760.0,70176.27,8019079.0,-5097.46,1738418.0,32683.92,2159234.0,5886.22
2024-02-15,14359635.12,43.6,31.68,0.723,MULTI (GLD+XLE+QQQ),2.13,2.13,0.0,3780.86,0.0,NORMAL,1325944.0,-33861.17,4494814.0,12354.49,0.0,-0.0,0.0,0.0,1330832.0,-6340.21,4529777.0,132463.14,2476909.0,74000.2,2937829.0,67566.58,8104145.0,53887.63,2494585.0,41811.25,2941524.0,10395.41
2024-02-16,14352395.38,43.52,32.41,0.725,MULTI (GLD+QQQ+XLE),2.21,2.21,0.0,3621.98,0.0,NORMAL,1713504.0,-1209.74,5325043.0,-41628.99,0.0,-0.0,0.0,-0.0,1075979.0,-5963.43,4342085.0,-2830.24,1680841.0,1895.07,3352127.0,-23075.17,8317959.0,29497.86,2670841.0,53485.77,3310450.0,-17410.87
2024-02-20,14093018.55,40.93,32.28,0.724,MULTI (GLD+QQQ+XLE),2.16,2.16,0.0,4174.0,0.0,NORMAL,1794780.0,-74748.24,5342657.0,-40251.31,0.0,-0.0,0.0,-0.0,1832129.0,-21950.21,4204975.0,-39677.14,2204154.0,-26108.28,2726211.0,-68003.42,8249810.0,50323.26,1779130.0,-40808.19,2305522.0,1846.72
2024-02-21,14145748.65,41.46,33.31,0.722,MULTI (GLD+QQQ+XLE),2.08,2.08,0.0,3183.72,0.0,NORMAL,1784460.0,-51207.84,5202203.0,-21499.4,0.0,-0.0,0.0,0.0,2141128.0,-12085.31,3934001.0,78503.63,2320524.0,63478.45,1770706.0,22100.06,8105352.0,294.92,1238266.0,-9819.92,2934446.0,-17034.51
2024-02-22,14740030.44,47.4,31.49,0.735,MULTI (GLD+QQQ+XLE),1.78,1.78,0.0,7502.38,0.0,NORMAL,1092859.0,291682.7,4408163.0,151351.71,438611.0,-438.61,0.0,0.0,1943714.0,145877.59,4133126.0,6638.55,1651214.0,-8621.21,1500340.0,1941.16,5694975.0,1044.9,1950047.0,-8990.88,3478187.0,13795.89
2024-02-23,14762085.03,47.62,32.43,0.712,MULTI (GLD+XLE+QQQ),1.88,1.88,0.0,5189.92,0.0,NORMAL,1156949.0,3822.01,4363072.0,-13012.99,289249.0,-13015.52,0.0,-0.0,1303425.0,-12757.25,4532442.0,-27652.53,2200955.0,-8255.18,2240210.0,867.49,6736679.0,31175.7,2457036.0,15431.51,2414617.0,45451.35
2024-02-26,14741794.25,47.42,34.5,0.75,MULTI (GLD+XLE+QQQ),1.9,1.9,0.0,4431.25,0.0,NORMAL,727172.0,3602.92,4376060.0,-2313.01,193560.0,-930.56,595108.0,-595.11,1666648.0,10456.37,4539906.0,15810.19,1504399.0,9442.3,1426851.0,11150.06,7285501.0,-15564.32,2679949.0,-43577.35,2976751.0,-7772.26
2024-02-27,14709119.43,47.09,34.77,0.743,MULTI (GLD+XLE+QQQ),1.96,1.96,0.0,4278.19,0.0,NORMAL,371465.0,-3946.99,4439509.0,10472.92,133158.0,2125.84,1064100.0,516.88,1135177.0,-5359.79,4558503.0,-19511.48,2016245.0,5104.96,1980537.0,14888.62,7673056.0,-8137.48,1884950.0,-7287.07,3505316.0,-21541.24
2024-02-28,14636599.82,46.37,34.42,0.693,MULTI (GLD+XLE+QQQ),2.02,2.02,0.0,2978.42,0.0,NORMAL,259449.0,-5006.46,4442279.0,-23664.74,96004.0,-1128.26,1319684.0,12063.68,792862.0,-12940.33,4658631.0,-9132.17,2619035.0,-14448.2,2338071.0,-51458.71,7864114.0,13699.47,1308463.0,-2407.41,3877228.0,21903.52
2024-02-29,14868674.58,48.69,32.62,0.691,MULTI (GLD+XLE+QQQ),2.1,2.1,0.0,3509.77,0.0,NORMAL,247300.0,4823.75,4975755.0,37572.07,506358.0,8293.85,919224.0,-1444.43,561956.0,17106.67,5088077.0,22419.64,2947699.0,26078.7,2538614.0,38975.01,8045444.0,40361.46,928286.0,11069.37,4449857.0,26818.66
2024-03-01,15339319.63,53.39,31.08,0.709,MULTI (GLD+XLE+TLT),2.09,2.09,0.0,4872.79,0.0,NORMAL,172473.0,9815.09,4944593.0,74813.8,763471.0,26359.02,646779.0,3184.59,1130100.0,22229.81,5111958.0,59031.84,2143745.0,38839.48,1684051.0,38652.14,8458935.0,151884.37,1951344.0,18699.81,5070141.0,27135.11
2024-03-04,15412405.18,54.12,30.17,0.761,MULTI (GLD+XLE+TLT),2.04,2.04,0.0,5364.74,0.0,NORMAL,131879.0,6153.75,3661174.0,-18908.8,946021.0,10075.63,1003352.0,-46683.41,1581608.0,17757.76,5076118.0,-54575.72,2903310.0,-22628.29,1242398.0,3663.86,8415371.0,136642.86,2553867.0,63061.86,3971254.0,-21473.95
2024-03-05,15395139.7,53.95,30.47,0.721,MULTI (GLD+TLT+QQQ),2.11,2.11,0.0,5533.22,0.0,NORMAL,91038.0,1089.09,4143950.0,-66265.74,623784.0,-1380.69,1221287.0,-39721.62,1818085.0,-24469.29,3540211.0,36110.16,3506179.0,11572.5,923052.0,-17584.69,8572619.0,50555.14,2960787.0,-22626.56,5129240.0,55456.21
2024-03-06,15638556.18,56.39,30.68,0.663,MULTI (GLD+TLT+QQQ),2.02,2.02,0.0,4386.6,0.0,NORMAL,0.0,2803.54,4219851.0,25990.14,917289.0,16448.29,1353728.0,-28540.92,2041477.0,46705.15,2433416.0,9888.27,2279966.0,-730.8,636807.0,12559.5,8566954.0,70351.42,3260025.0,58510.75,5827843.0,29431.14
2024-03-07,15904380.99,59.04,31.64,0.65,MULTI (GLD+TLT+QQQ),1.97,1.97,0.0,3920.25,0.0,NORMAL,0.0,0.0,4356618.0,63976.33,593844.0,2939.52,1469597.0,16080.02,2256751.0,70384.7,1700491.0,19915.6,1577629.0,13951.86,1567958.0,15587.03,8273523.0,48351.1,3256542.0,20627.52,6347254.0,-5988.87
2024-03-08,15768871.28,57.69,28.69,0.636,MULTI (GLD+QQQ+TLT),1.96,1.96,0.0,6080.26,0.0,NORMAL,384267.0,-384.27,4793974.0,-63387.45,955326.0,-11582.07,994539.0,-27676.27,2241685.0,-88543.08,1242434.0,5535.88,1160342.0,7886.79,2114479.0,-11721.51,8852140.0,69423.67,3728535.0,-1937.76,4463664.0,-13123.63
2024-03-11,15704275.24,57.04,32.95,0.643,MULTI (GLD+TLT+QQQ),1.97,1.97,0.0,6404.93,0.0,NORMAL,234508.0,-7842.5,4537948.0,-18037.24,558840.0,-41812.85,690246.0,13465.08,2159661.0,-39995.93,2578188.0,11500.28,2122053.0,5531.3,2315484.0,-18631.24,8250642.0,15626.11,2323082.0,18701.61,5229909.0,-3100.65
2024-03-12,15656225.3,56.56,33.11,0.66,MULTI (GLD+TLT+QQQ),1.99,1.99,0.0,3674.87,0.0,NORMAL,153866.0,16686.72,4614926.0,65039.71,382983.0,12121.57,499941.0,-1082.5,1995050.0,68081.31,3459898.0,-4937.7,1463942.0,-1246.98,2557982.0,-40562.47,7823515.0,-90604.06,2611855.0,-27340.49,5662474.0,-44205.04
2024-03-13,15731711.96,57.32,31.5,0.695,MULTI (GLD+TLT+XLE),2.21,2.21,0.0,7763.08,0.0,NORMAL,107377.0,-1760.66,3190182.0,-36860.14,258051.0,-15163.99,865980.0,-23085.15,1377291.0,-40047.05,4151331.0,54603.93,2408582.0,30021.75,3320660.0,583.94,8601967.0,54098.9,3286667.0,82173.93,7260246.0,-29078.8
2024-03-14,15478949.89,54.79,30.71,0.728,MULTI (GLD+TLT+XLE),2.28,2.28,0.0,4429.06,0.0,NORMAL,72379.0,-3509.63,3858208.0,-8719.2,187989.0,-10300.27,1185624.0,-36020.51,989812.0,-25016.68,4587975.0,42332.43,3044466.0,9868.39,3532361.0,-63686.61,8347202.0,-36133.26,2073979.0,-9857.15,7374962.0,-111719.57
2024-03-15,15496001.46,54.96,30.66,0.76,MULTI (TLT+GLD+XLE),2.16,2.16,0.0,6249.75,0.0,NORMAL,0.0,-160.34,4336424.0,-46385.7,507187.0,3704.69,885472.0,7498.97,674484.0,-7614.64,4822605.0,13348.25,3405906.0,19053.74,3602878.0,33400.02,5518580.0,-29466.31,2912246.0,26562.45,6863393.0,-2889.55
2024-03-18,15565589.82,55.66,33.74,0.712,MULTI (TLT+GLD+XLE),2.1,2.1,0.0,4150.51,0.0,NORMAL,0.0,0.0,4218106.0,41198.23,319277.0,-1275.21,1049955.0,55270.1,447247.0,1133.77,5065617.0,16445.56,3697359.0,632.62,2686811.0,-14759.89,6384777.0,7984.97,1861405.0,-16210.31,6996931.0,-20831.48
2024-03-19,15659613.29,56.6,33.59,0.727,MULTI (TLT+GLD+XLE),2.15,2.15,0.0,3241.47,0.0,NORMAL,0.0,0.0,4404295.0,10333.41,245677.0,-15515.41,700409.0,-15316.63,955578.0,-1492.81,5254978.0,57672.55,3954718.0,47583.92,1920351.0,9263.11,6750666.0,-7714.49,2497484.0,-10395.57,7043645.0,19605.38
2024-03-20,15941391.35,59.41,32.39,0.758,MULTI (TLT+GLD+XLE),2.3,2.3,0.0,3944.45,0.0,NORMAL,0.0,0.0,4419877.0,52184.12,170030.0,-2361.94,486582.0,17511.67,651468.0,14992.64,5367003.0,-7529.85,4084495.0,30815.51,2915977.0,45348.76,7366918.0,79877.15,3313329.0,54032.36,7860320.0,-3092.35
2024-03-21,15971235.47,59.71,32.43,0.746,MULTI (TLT+GLD+XLE),2.35,2.35,0.0,3195.19,0.0,NORMAL,0.0,0.0,5391833.0,19964.59,148796.0,-1013.57,341987.0,-8003.58,1363377.0,14081.54,5500120.0,31966.45,4274445.0,20410.56,2029589.0,34411.28,7359532.0,-7651.81,3349294.0,-91176.17,7806611.0,16854.85
2024-03-22,15924984.9,59.25,34.2,0.732,MULTI (TLT+GLD+XLE),2.3,2.3,0.0,1970.28,0.0,NORMAL,0.0,0.0,5425865.0,6139.49,0.0,658.17,246501.0,-4029.49,897950.0,7538.88,5584093.0,-11975.05,4382694.0,-27485.22,1718750.0,-18689.55,7100067.0,-59231.01,3109366.0,-13535.09,8158127.0,74358.31
2024-03-25,15994414.98,59.94,33.45,0.787,MULTI (TLT+GLD+XLE),2.36,2.36,0.0,2108.68,0.0,NORMAL,0.0,0.0,5392229.0,-19705.2,0.0,-0.0,179026.0,2527.26,620941.0,-2483.73,5665905.0,51942.69,4427228.0,48295.11,3139934.0,4517.31,7125302.0,22677.95,3259896.0,2608.82,7966652.0,-40950.12
2024-03-26,15861035.23,58.61,32.93,0.762,MULTI (TLT+GLD+XLE),2.4,2.4,0.0,2891.69,0.0,NORMAL,0.0,-0.0,5452821.0,-17536.78,0.0,-0.0,708165.0,4702.82,436554.0,-5948.34,5744474.0,-43864.89,4516771.0,-55670.83,2045401.0,-24832.9,7311902.0,22879.4,3357382.0,-34781.13,8466074.0,21672.91
2024-03-27,16238116.01,62.38,33.2,0.715,MULTI (TLT+GLD+XLE),2.37,2.37,0.0,1707.94,0.0,NORMAL,0.0,-0.0,5571727.0,18472.66,0.0,0.0,450123.0,8342.79,308704.0,-282.92,5718103.0,53305.6,4476863.0,69873.35,2599575.0,65446.51,7261748.0,52839.9,3258541.0,25424.19,8857930.0,83658.7
2024-03-28,16495048.98,64.95,32.07,0.686,MULTI (TLT+GLD+XLE),2.42,2.42,0.0,2098.19,0.0,NORMAL,0.0,0.0,5685749.0,-10395.07,0.0,0.0,318333.0,-10234.01,221230.0,49.67,5818759.0,61795.69,4611840.0,65011.71,3412879.0,30643.43,7472535.0,93559.63,3807534.0,34228.05,8607799.0,-7726.12
2024-04-01,16546437.3,65.46,31.41,0.752,MULTI (GLD+TLT+QQQ),2.51,2.51,0.0,2882.88,0.0,NORMAL,0.0,0.0,6161471.0,11573.55,0.0,0.0,229377.0,-1120.1,0.0,2676.57,5944450.0,43059.81,4652195.0,31842.65,3510712.0,31072.72,9112980.0,74716.07,3779993.0,18364.21,8108056.0,-160797.15
2024-04-02,16848285.62,68.48,30.55,0.787,MULTI (GLD+TLT+XLE),2.4,2.4,0.0,3118.73,0.0,NORMAL,0.0,-0.0,4310501.0,-54972.77,0.0,-0.0,829140.0,-11855.99,0.0,-0.0,5923659.0,83022.79,4655744.0,33668.22,3639773.0,448.48,9416496.0,134451.33,3936233.0,162041.08,7790696.0,-44954.82
2024-04-03,17269506.59,72.7,31.67,0.703,MULTI (GLD+TLT+XLE),2.47,2.47,0.0,3500.18,0.0,NORMAL,0.0,-0.0,5492679.0,8501.61,0.0,0.0,558514.0,8428.56,0.0,0.0,5970892.0,40532.63,4717100.0,58368.04,3967455.0,79319.59,9188535.0,82294.46,3803135.0,146668.16,8988944.0,-2892.07
2024-04-04,17096574.15,70.97,29.29,0.73,MULTI (GLD+TLT+QQQ),2.45,2.45,0.0,5273.38,0.0,NORMAL,0.0,-0.0,6016507.0,-84594.25,666347.0,-666.35,1149462.0,8473.47,0.0,-0.0,4284118.0,-5373.92,4864368.0,1040.06,2624008.0,-66370.99,9225223.0,-52782.92,3910661.0,-37053.11,9129407.0,64395.57
2024-04-05,17384525.81,73.85,30.84,0.665,MULTI (GLD+TLT+QQQ),2.31,2.31,0.0,4284.0,0.0,NORMAL,0.0,0.0,6434457.0,70551.07,407154.0,18166.14,1502463.0,-42111.56,0.0,0.0,4730567.0,45514.28,4781008.0,44193.83,1851474.0,36523.05,8512421.0,157011.6,3759625.0,85992.23,8183772.0,-127888.97
2024-04-08,17510835.36,75.11,32.26,0.572,MULTI (GLD+TLT+XLE),2.25,2.25,0.0,4040.3,0.0,NORMAL,0.0,-0.0,4579981.0,42.74,275671.0,-1372.59,1496188.0,73539.89,0.0,0.0,5216960.0,-30420.42,4861434.0,-26604.07,2805898.0,3826.75,8302382.0,52756.43,3763062.0,55523.45,8097150.0,-982.64
2024-04-09,17765502.85,77.66,32.07,0.633,MULTI (GLD+TLT+XLE),2.27,2.27,0.0,3270.07,0.0,NORMAL,0.0,-0.0,5439978.0,16100.19,201848.0,1352.6,1041917.0,33245.07,0.0,0.0,5554595.0,1269.98,4903645.0,5137.71,3171290.0,30350.55,8794707.0,45191.96,3745038.0,47343.17,7528597.0,74676.25
2024-04-10,17394570.55,73.95,29.31,0.666,MULTI (GLD+TLT+QQQ),2.43,2.43,0.0,3232.69,0.0,NORMAL,0.0,0.0,6151438.0,-48241.65,0.0,-4499.72,684453.0,-30486.88,0.0,-0.0,5766763.0,16897.35,4968394.0,16515.63,4109122.0,-33763.2,9005149.0,-83525.51,3935293.0,-39543.52,7576293.0,-164284.8
2024-04-11,17719025.24,77.19,31.2,0.672,MULTI (GLD+TLT+QQQ),2.25,2.25,0.0,5929.81,0.0,NORMAL,0.0,0.0,6400432.0,98077.62,0.0,0.0,513489.0,11134.99,1348748.0,-1348.75,5803694.0,-4169.05,5008359.0,-16782.72,2979336.0,13387.42,7697692.0,173516.83,2500705.0,85070.64,7539548.0,-34432.29
2024-04-12,17262510.25,72.63,29.2,0.693,MULTI (GLD+TLT+QQQ),2.42,2.42,0.0,3752.17,0.0,NORMAL,0.0,-0.0,6577314.0,-102314.37,0.0,-0.0,361627.0,-10581.79,921240.0,-39727.44,6014395.0,-94737.25,5135283.0,-59395.22,4531077.0,-50755.32,7698607.0,-102015.08,3082802.0,-37153.44,7449801.0,40164.92
2024-04-15,17090392.62,70.9,29.83,0.816,MULTI (TLT+QQQ+GLD),2.31,2.31,0.0,2621.18,0.0,NORMAL,0.0,-0.0,6682007.0,-108416.39,0.0,-0.0,243534.0,-20330.35,590282.0,-14176.58,5979065.0,-56329.42,4948489.0,-82344.59,4327623.0,-11262.15,6668240.0,142936.94,2983528.0,93626.18,7026451.0,-115821.27
2024-04-16,16894652.48,68.95,31.44,0.758,MULTI (TLT+QQQ+GLD),2.27,2.27,0.0,1219.84,0.0,NORMAL,0.0,0.0,6569685.0,508.01,0.0,0.0,188001.0,-6639.49,406685.0,4699.8,5957003.0,-52141.73,4883277.0,-41724.62,4370649.0,7736.91,6347304.0,7819.61,2972544.0,-68969.48,6586169.0,-47029.15
2024-04-17,16765487.86,67.65,29.98,0.8,MULTI (QQQ+TLT+GLD),2.2,2.2,0.0,5730.15,0.0,NORMAL,0.0,-0.0,6612767.0,-80283.04,658235.0,-658.24,0.0,-2172.41,1575640.0,-13725.75,4122143.0,-18855.78,4774948.0,-37454.18,4641030.0,-6687.45,6035921.0,-47033.16,1979620.0,4762.19,6506964.0,72943.19
2024-04-18,16609364.09,66.09,32.25,0.773,MULTI (QQQ+TLT+XOP),2.07,2.07,0.0,6594.97,0.0,NORMAL,0.0,0.0,6734052.0,-37893.64,417482.0,4284.83,621674.0,-621.67,2371471.0,-28790.61,4621225.0,-13211.72,4731984.0,-41519.83,3329054.0,-24013.86,4143125.0,18702.01,1321424.0,106.87,6103830.0,-33166.14
2024-04-19,16478219.04,64.78,30.06,0.768,MULTI (QQQ+TLT+XLE),2.07,2.07,0.0,4175.55,0.0,NORMAL,630568.0,-630.57,6791144.0,-139518.6,882150.0,-23208.22,416422.0,-12134.98,2718301.0,-107529.96,4911163.0,55413.67,4660941.0,49809.78,3221484.0,-3925.54,2919151.0,11737.39,1005786.0,17040.7,5940820.0,21801.29
2024-04-22,16525409.17,65.25,31.99,0.78,MULTI (QQQ+XLE+XOP),1.89,1.89,0.0,6123.14,0.0,NORMAL,964580.0,27150.44,5917099.0,67354.18,547763.0,11685.09,920366.0,-14677.31,2807069.0,51952.15,5134972.0,31870.25,4609493.0,35502.42,2226047.0,-30060.42,3387056.0,-72650.32,574315.0,-49136.48,4125739.0,-11799.89
2024-04-23,16764490.25,67.64,32.86,0.704,MULTI (QQQ+XLE+XOP),1.81,1.81,0.0,4771.38,0.0,NORMAL,591426.0,34830.23,5369263.0,87664.16,369353.0,13185.37,1305421.0,16672.13,2579656.0,65797.61,5347813.0,28286.65,4614676.0,32215.16,3075500.0,-32233.39,3764490.0,-8713.39,399540.0,1206.06,2907736.0,170.48
2024-04-24,16903318.16,69.03,33.14,0.643,MULTI (XLE+QQQ+XOP),1.8,1.8,0.0,5006.48,0.0,NORMAL,948104.0,-20080.34,5506683.0,18070.42,258695.0,-1394.96,1120488.0,157105.82,1802806.0,2199.25,5562744.0,3683.12,4686773.0,21616.76,3548691.0,-10821.62,2598315.0,-8161.47,278565.0,-1558.46,4142738.0,-21830.62
2024-04-25,17098206.56,70.98,32.53,0.633,MULTI (QQQ+XLE+TLT),1.85,1.85,0.0,3620.11,0.0,NORMAL,613405.0,34792.87,5775314.0,-26891.95,180050.0,3361.7,1135535.0,55593.23,2201020.0,35687.06,5686336.0,25348.01,4728056.0,19480.44,4093621.0,61155.15,1842699.0,14723.86,200251.0,1709.87,5129432.0,-30071.84
2024-04-26,17287011.27,72.87,34.2,0.757,MULTI (XLE+TLT+QQQ),1.72,1.72,0.0,5505.24,0.0,NORMAL,893580.0,37639.01,5171755.0,88429.78,125692.0,4203.75,776314.0,-12957.73,1385313.0,55553.69,5900905.0,-52640.33,4813162.0,4741.78,2529490.0,33684.67,2871723.0,4950.85,0.0,-1557.34,5280632.0,26756.6
2024-04-29,17562526.07,75.63,34.75,0.687,MULTI (TLT+XLE+QQQ),1.74,1.74,0.0,2789.96,0.0,NORMAL,583006.0,-86.82,5103459.0,20909.5,0.0,2108.03,775396.0,118709.96,971674.0,4291.98,6041297.0,39961.47,4892984.0,30296.97,2499273.0,22394.55,3634433.0,-6601.64,0.0,-0.0,6077744.0,43530.8
2024-04-30,16795708.59,67.96,32.6,0.747,MULTI (TLT+XLE+XOP),2.0,2.0,0.0,5145.7,0.0,NORMAL,407581.0,-9168.24,5013297.0,-96237.42,572128.0,-572.13,514666.0,-43253.07,691012.0,-19349.8,6171322.0,-180188.69,5053680.0,-204122.77,4802203.0,-88697.33,4094727.0,-72992.73,0.0,-0.0,6351292.0,-52235.31
2024-05-01,16534925.65,65.35,29.82,0.762,MULTI (TLT+XLE+QQQ),1.96,1.96,0.0,3414.18,0.0,NORMAL,296371.0,-15950.17,4851046.0,-36374.88,865116.0,-51314.54,237894.0,-9506.11,1441201.0,-20910.98,5961054.0,-98436.23,4838880.0,-112235.62,4701887.0,1518.34,2702186.0,35677.39,0.0,0.0,6462908.0,46749.86
2024-05-02,16794032.59,67.94,34.59,0.671,MULTI (TLT+XLE+XOP),1.84,1.84,0.0,3367.69,0.0,NORMAL,181545.0,9782.78,4548093.0,61551.14,596178.0,11053.12,163940.0,-47.56,1589102.0,28864.61,5650284.0,33985.21,4601332.0,32083.29,3705318.0,63175.01,3237439.0,-8885.48,0.0,0.0,6676153.0,27544.83
2024-05-03,17096919.68,70.97,34.31,0.705,MULTI (TLT+XLE+XME),1.96,1.96,0.0,4038.61,0.0,NORMAL,129073.0,6228.48,4584696.0,91354.54,417977.0,17914.2,116556.0,1026.21,1098419.0,42186.28,6047237.0,213.83,4654034.0,36100.12,4776232.0,44597.41,4039769.0,-3387.18,874231.0,-874.23,6714201.0,67527.45
2024-05-06,17414563.9,74.15,35.59,0.713,MULTI (TLT+XLE+XOP),1.87,1.87,0.0,2830.31,0.0,NORMAL,0.0,4737.43,4401236.0,49984.03,281080.0,14225.35,85925.0,2263.59,745487.0,24543.84,5992523.0,47586.71,4555701.0,57775.08,4178385.0,18224.54,4359492.0,42214.52,1395504.0,30190.54,6482902.0,25898.58
2024-05-07,17432157.78,74.32,35.99,0.721,MULTI (TLT+XLE+GLD),1.88,1.88,0.0,2165.93,0.0,NORMAL,0.0,-0.0,4525270.0,576.56,194429.0,-2520.09,59223.0,-3255.66,531536.0,-6702.46,5914383.0,-5853.94,4530157.0,8053.45,3688800.0,17278.99,4732763.0,-20448.41,1835437.0,-8797.91,6794925.0,39263.35
2024-05-08,17311671.98,73.12,36.45,0.716,MULTI (TLT+XLE+GLD),1.96,1.96,0.0,3040.46,0.0,NORMAL,0.0,-0.0,4562522.0,-2711.76,102702.0,-1110.5,0.0,-1087.37,372451.0,1452.69,5963075.0,-7034.81,4497071.0,-23200.13,3097585.0,-31831.24,4970080.0,-14170.59,2148880.0,1898.41,8256698.0,-42690.48
2024-05-09,17702278.58,77.02,35.92,0.71,MULTI (TLT+XLE+GLD),1.95,1.95,0.0,1864.75,0.0,NORMAL,0.0,-0.0,4719171.0,9806.61,0.0,-924.19,0.0,-0.0,264092.0,-2494.74,5575491.0,79594.5,4404310.0,43769.25,3574971.0,64268.82,5332233.0,78137.2,2298064.0,78305.17,8435626.0,40143.99
2024-05-10,17574542.12,75.75,35.52,0.706,MULTI (TLT+XLE+GLD),2.03,2.03,0.0,2356.71,0.0,NORMAL,0.0,0.0,5100273.0,10758.29,0.0,-0.0,0.0,-0.0,202009.0,3919.67,5991006.0,-31174.4,4544971.0,-68978.33,3098731.0,-29236.06,5895165.0,42738.14,2515968.0,-8223.82,8316190.0,-47539.96
2024-05-13,17514527.8,75.15,35.91,0.696,MULTI (TLT+GLD+XLE),2.14,2.14,0.0,3049.84,0.0,NORMAL,0.0,0.0,5383972.0,11496.35,0.0,-0.0,0.0,0.0,0.0,-238.16,6065335.0,-16053.7,4979727.0,-21870.35,2723496.0,10179.89,6098118.0,-66307.24,2696697.0,2751.03,9534297.0,20027.86
2024-05-14,17765006.54,77.65,35.22,0.728,MULTI (TLT+XLE+GLD),2.21,2.21,0.0,2546.75,0.0,NORMAL,0.0,0.0,5457829.0,34591.9,0.0,0.0,0.0,0.0,0.0,0.0,6227151.0,7623.31,4757655.0,42237.25,4246432.0,26709.59,5920532.0,51373.36,2871544.0,34352.27,9812754.0,53591.06
2024-05-15,18233186.89,82.33,29.39,0.72,MULTI (TLT+XLE+GLD),2.21,2.21,0.0,5427.47,0.0,NORMAL,1201940.0,-1201.94,3998417.0,83763.02,0.0,0.0,0.0,-0.0,876081.0,-876.08,6366341.0,13832.22,4808692.0,1837.24,3373338.0,52799.73,6224141.0,75784.63,3074430.0,108701.68,10328511.0,133539.86
2024-05-16,18103902.21,81.04,34.01,0.733,MULTI (TLT+XLE+GLD),2.17,2.17,0.0,4243.79,0.0,NORMAL,339656.0,-4300.9,4604150.0,-8736.41,729905.0,-729.91,0.0,0.0,613683.0,-6623.41,6448935.0,-17725.79,4874809.0,-27105.77,3249497.0,-21442.56,5961459.0,-24471.17,1969101.0,-7900.52,10470749.0,-10248.24
2024-05-17,18457926.5,84.58,30.59,0.71,MULTI (TLT+XLE+GLD),2.03,2.03,0.0,8669.17,0.0,NORMAL,324100.0,-6776.04,5753234.0,-3392.18,1320985.0,7720.81,377581.0,-377.58,514026.0,-5248.19,6370252.0,90039.57,3370052.0,62581.41,4192045.0,59628.78,6180948.0,98229.67,2207752.0,125775.91,6799734.0,-74157.86
2024-05-20,18574398.12,85.74,33.44,0.685,MULTI (TLT+GLD+XLE),2.13,2.13,0.0,5190.05,0.0,NORMAL,234162.0,7966.05,6060303.0,39848.93,1516317.0,14758.7,172464.0,-5540.31,364253.0,10443.85,6278332.0,-41641.68,2314651.0,14183.43,4608230.0,59904.76,6963256.0,24114.31,3452364.0,13339.94,7599812.0,-20906.35
2024-05-21,18609486.81,86.09,32.95,0.76,MULTI (TLT+GLD+QQQ),2.11,2.11,0.0,6008.14,0.0,NORMAL,172994.0,1434.51,6572157.0,11356.12,1006734.0,-15718.59,1915182.0,9753.23,0.0,-875.25,6390685.0,-30756.08,1648697.0,-17880.35,3761097.0,15463.24,6926770.0,-10259.1,2789297.0,33849.96,8116141.0,38721.01
2024-05-22,18083030.64,80.83,30.21,0.751,MULTI (TLT+GLD+XLE),2.16,2.16,0.0,9262.03,0.0,NORMAL,970393.0,-1588.94,4609200.0,-3259.47,766317.0,5012.38,438765.0,-68020.41,1239795.0,-1239.79,6336376.0,-122599.41,2902294.0,-26010.72,2936211.0,-89640.03,6664636.0,-127407.12,2904549.0,-100275.63,9300092.0,8572.97
2024-05-23,17737437.63,77.37,29.69,0.696,MULTI (TLT+GLD+QQQ),2.05,2.05,0.0,7978.01,0.0,NORMAL,1208604.0,90289.47,5496633.0,-21642.09,1305647.0,-24128.4,225358.0,-15715.82,2220520.0,15962.3,4114077.0,-59968.0,1755887.0,-32132.76,2032447.0,-35488.72,5970729.0,-133484.29,2600261.0,-69195.23,9492402.0,-60089.48
2024-05-24,17988817.42,79.89,34.71,0.673,MULTI (TLT+QQQ+GLD),1.93,1.93,0.0,4525.07,0.0,NORMAL,1419850.0,30908.36,5971108.0,51555.99,1459797.0,48155.0,146372.0,7047.92,2474712.0,40897.33,4467830.0,5514.16,1185196.0,3100.49,1347123.0,14495.98,5357243.0,4916.52,1600120.0,16914.81,9263077.0,27873.22
2024-05-28,18299748.12,83.0,31.99,0.661,MULTI (TLT+QQQ+XLE),1.92,1.92,0.0,5503.43,0.0,NORMAL,1662847.0,98968.02,6336064.0,22214.07,1742369.0,45831.87,228607.0,-2117.67,3019460.0,55943.9,5000134.0,45477.27,2098065.0,17392.24,944897.0,19572.94,3714357.0,54622.42,1088128.0,85925.62,9237472.0,-132899.97
2024-05-29,17860854.0,78.61,32.07,0.651,MULTI (TLT+QQQ+XLE),2.07,2.07,0.0,4853.18,0.0,NORMAL,1780033.0,13385.63,7065525.0,-45432.52,1754913.0,-65768.63,179704.0,-772.47,3380783.0,-50931.62,5818993.0,-89198.31,3312196.0,-34797.76,803355.0,-15269.48,2872789.0,-35364.69,800400.0,-2890.07,9189423.0,-111854.18
2024-05-30,17800994.07,78.01,32.79,0.737,MULTI (TLT+QQQ+XLE),2.04,2.04,0.0,4430.08,0.0,NORMAL,1777028.0,-67110.5,7151993.0,-75857.72,1648593.0,16985.75,813695.0,2020.51,3886254.0,-47069.35,5876328.0,16642.88,3803725.0,14710.39,537717.0,8237.07,1980015.0,4550.77,523572.0,-20835.61,8326736.0,87865.86
2024-05-31,18000464.1,80.0,29.6,0.695,MULTI (TLT+QQQ+XLE),2.07,2.07,0.0,3106.62,0.0,NORMAL,1940835.0,-14120.77,7387173.0,-13552.83,2143513.0,989.49,548963.0,-3492.76,4367399.0,-29223.37,5929020.0,145942.57,4120603.0,76866.64,382915.0,4215.87,1411526.0,-12168.03,369331.0,-12301.05,8607614.0,56314.27
2024-06-03,18013007.26,80.13,30.34,0.709,MULTI (TLT+QQQ+XLE),2.09,2.09,0.0,6823.08,0.0,NORMAL,1224841.0,94200.98,7459128.0,39631.68,2349458.0,-43273.23,388580.0,-5672.88,2939399.0,53001.24,5629091.0,-155367.98,4529610.0,-119266.72,1879128.0,-2329.01,2703475.0,11308.32,244192.0,1602.7,8229105.0,138708.07
2024-06-04,17832396.03,78.32,30.94,0.673,MULTI (TLT+QQQ+XLE),2.13,2.13,0.0,4153.43,0.0,NORMAL,857986.0,14923.07,7436226.0,20368.44,1603204.0,-51835.83,272196.0,-3463.41,3403805.0,-11098.76,5543679.0,-53990.42,4802352.0,-69994.17,2462601.0,-88358.13,3578984.0,-25169.04,179103.0,-7674.77,7882708.0,95681.77
2024-06-05,18388743.46,83.89,32.09,0.63,MULTI (TLT+QQQ+GLD),1.93,1.93,0.0,5408.26,0.0,NORMAL,1186829.0,43949.58,7446353.0,149772.1,1941988.0,61650.68,199344.0,285.0,3488799.0,165619.62,3525913.0,-2633.09,3178183.0,14548.08,2637847.0,21140.97,4085157.0,41931.44,0.0,2337.21,7844317.0,57745.85
2024-06-06,18431321.51,84.31,32.7,0.703,MULTI (QQQ+TLT+GLD),1.94,1.94,0.0,5290.0,0.0,NORMAL,1542952.0,-14347.66,7707489.0,-2833.29,1326029.0,6505.84,880131.0,2671.54,3708423.0,-27673.67,4177765.0,17804.14,2234081.0,14948.82,1827426.0,27750.19,4651144.0,29659.06,0.0,0.0,7692166.0,-11906.92
2024-06-07,18025321.56,80.25,32.0,0.714,MULTI (QQQ+TLT+GLD),1.93,1.93,0.0,4720.48,0.0,NORMAL,1001375.0,-1942.92,7715979.0,-6835.22,921509.0,8253.12,604654.0,-2548.5,3452003.0,-3191.69,4551116.0,-17036.61,1618041.0,-14016.0,2472496.0,-60068.98,4771103.0,-166254.1,680451.0,-680.45,6989363.0,-141678.6
2024-06-10,18127644.66,81.28,33.57,0.701,MULTI (QQQ+TLT+XLE),1.85,1.85,0.0,5426.19,0.0,NORMAL,666994.0,7129.82,7569166.0,30988.13,1436844.0,-41892.01,409531.0,-12753.96,3488459.0,49943.88,4666512.0,34309.36,2567697.0,33624.85,2929099.0,-4959.43,2851954.0,41779.45,387251.0,11176.51,6513927.0,-47023.47
2024-06-11,18160777.11,81.61,34.61,0.706,MULTI (QQQ+TLT+XLE),1.84,1.84,0.0,3445.27,0.0,NORMAL,463025.0,-4964.11,7682682.0,51884.15,902417.0,-12888.46,1043322.0,-8016.89,3549584.0,-5247.35,4802847.0,-9410.03,1731482.0,7438.12,3058857.0,-54543.45,3429203.0,7577.82,205448.0,-6030.43,6545591.0,67333.06
2024-06-12,18428198.23,84.28,32.24,0.779,MULTI (QQQ+TLT+XLE),1.9,1.9,0.0,4367.76,0.0,NORMAL,320136.0,16269.17,7735028.0,100577.26,653709.0,7010.58,1595239.0,40020.73,3562724.0,105639.09,5308561.0,-52041.15,2670436.0,-21953.87,2099147.0,11938.4,3976197.0,8589.71,202262.0,2455.75,6861700.0,48915.46
2024-06-13,18527637.43,85.28,32.04,0.698,MULTI (QQQ+TLT+XLE),1.94,1.94,0.0,4128.02,0.0,NORMAL,227395.0,11172.37,7798733.0,41903.84,498913.0,-1540.51,2053202.0,46197.89,2619114.0,54792.8,5318656.0,-48683.98,3341284.0,-41998.79,2878614.0,-25508.5,4407680.0,-32870.49,141700.0,-4545.79,6619488.0,100520.35
2024-06-14,18517187.54,85.17,33.45,0.667,MULTI (QQQ+TLT+XLE),1.91,1.91,0.0,2539.05,0.0,NORMAL,164608.0,3915.85,7867624.0,40379.28,351123.0,-989.35,2055014.0,-50237.21,2992942.0,6298.57,5295892.0,-39592.38,3559950.0,-56657.82,1838071.0,-28926.77,4712862.0,56873.46,0.0,2964.76,6494863.0,55521.72
2024-06-17,18694679.41,86.95,32.71,0.638,MULTI (QQQ+TLT+XLE),1.93,1.93,0.0,2173.28,0.0,NORMAL,0.0,-1286.83,7957618.0,96370.95,252944.0,-2801.02,2157548.0,108857.23,3349659.0,50975.0,5799344.0,13345.19,4137591.0,-1326.82,1342242.0,2343.09,4705488.0,-24484.64,0.0,-0.0,6417977.0,-64500.29
2024-06-18,18823456.33,88.23,33.78,0.717,MULTI (QQQ+TLT+XLE),1.94,1.94,0.0,2746.92,0.0,NORMAL,0.0,0.0,8042479.0,2377.43,1023848.0,-6797.11,1375599.0,-30449.63,3673997.0,52343.27,5828646.0,24304.68,4272762.0,5379.58,981742.0,4239.62,4933511.0,18647.0,0.0,0.0,6322167.0,58732.08
2024-06-20,18864150.59,88.64,30.84,0.735,MULTI (QQQ+TLT+XLE),1.93,1.93,0.0,4029.67,0.0,NORMAL,0.0,-0.0,8048982.0,-62058.99,1613088.0,46800.18,1109728.0,-24723.21,3838666.0,-104344.91,5581116.0,106827.37,2928345.0,46447.23,1888470.0,12532.14,5215883.0,61370.89,0.0,0.0,6231961.0,-42156.43
2024-06-21,18638527.28,86.39,30.44,0.716,MULTI (QQQ+XLE+GLD),1.93,1.93,0.0,6547.7,0.0,NORMAL,585626.0,-585.63,8066801.0,-21606.4,1035523.0,-6056.09,827657.0,8510.11,3664322.0,-57642.33,6174292.0,-32774.73,3550843.0,-23341.98,1324787.0,-8199.0,5686474.0,-81362.32,649454.0,-649.45,4316464.0,-1915.5
2024-06-24,18666767.18,86.67,32.31,0.652,MULTI (QQQ+TLT+GLD),1.85,1.85,0.0,4990.61,0.0,NORMAL,919988.0,-39517.03,8031837.0,-91893.71,708813.0,-6614.58,623439.0,-2146.9,3239146.0,-126321.45,5169640.0,154523.38,3480825.0,103834.09,904123.0,-2081.66,5339648.0,22135.27,411749.0,243.26,5711433.0,16079.24
2024-06-25,18876877.7,88.77,34.68,0.683,MULTI (QQQ+TLT+GLD),1.79,1.79,0.0,2562.74,0.0,NORMAL,571257.0,61747.36,8102169.0,91827.43,527979.0,-180.83,1329703.0,15597.72,2961239.0,75502.36,5094616.0,11805.75,3621904.0,-5125.44,621083.0,-14700.2,5269724.0,-26540.03,284912.0,-9267.66,5478056.0,9444.07
2024-06-26,18733856.8,87.34,34.03,0.781,MULTI (QQQ+TLT+GLD),1.87,1.87,0.0,2445.44,0.0,NORMAL,436992.0,1268.8,8107378.0,16720.06,392066.0,-9055.69,1879984.0,63532.47,3059862.0,-9836.96,5034788.0,-50126.17,3881806.0,-34643.74,439652.0,8062.94,5477919.0,-48886.72,228220.0,-1027.01,6170258.0,-79028.88
2024-06-27,18831564.54,88.32,35.0,0.703,MULTI (QQQ+TLT+GLD),1.86,1.86,0.0,3307.49,0.0,NORMAL,289984.0,-8470.58,8143539.0,20912.4,287640.0,4693.93,2062990.0,9879.45,3096297.0,-24102.7,5132325.0,11586.13,2729969.0,-349.52,1504419.0,-3762.9,5429955.0,61992.69,0.0,984.98,6360215.0,24343.86
2024-06-28,18745834.02,87.46,32.22,0.684,MULTI (QQQ+TLT+XLE),1.91,1.91,0.0,6009.92,0.0,NORMAL,219989.0,-1121.39,8170693.0,-42341.8,1166225.0,4068.57,2457214.0,4417.54,2270255.0,21161.13,5271175.0,19664.35,3330781.0,4291.63,2355753.0,24178.49,3764605.0,-1161.0,0.0,0.0,6795141.0,-118888.04
2024-07-01,18849811.26,88.5,32.84,0.686,MULTI (QQQ+TLT+XLE),1.9,1.9,0.0,4181.09,0.0,NORMAL,151069.0,1283.08,8071162.0,47774.73,1650710.0,-33014.02,2504367.0,148662.35,1569186.0,1996.1,5890965.0,2274.35,3806705.0,8691.72,1526509.0,34473.58,4188435.0,9391.23,0.0,0.0,6399139.0,-117555.9
2024-07-02,19338935.21,93.39,33.07,0.699,MULTI (QQQ+XLE+TLT),1.88,1.88,0.0,4431.53,0.0,NORMAL,0.0,-2130.13,8088267.0,84677.03,1965407.0,69053.18,2039389.0,254656.75,1086563.0,15252.97,6650737.0,-5286.13,4585950.0,13849.65,1059764.0,10169.2,4701364.0,-707.61,0.0,0.0,6217729.0,49589.04
2024-07-03,19777913.81,97.78,33.87,0.565,MULTI (QQQ+XLE+TLT),1.85,1.85,0.0,3046.63,0.0,NORMAL,0.0,0.0,8278588.0,67309.67,1319145.0,-5545.65,2099691.0,133352.33,767433.0,24344.24,6811013.0,29061.23,4026334.0,38236.45,1785929.0,17992.14,5077974.0,52674.87,0.0,0.0,6404222.0,81553.32
2024-07-05,19865413.68,98.65,31.32,0.703,MULTI (QQQ+GLD+XOP),1.88,1.88,0.0,8396.78,0.0,NORMAL,0.0,-0.0,8437271.0,86246.71,1920839.0,63850.47,2176923.0,43683.45,664816.0,181.63,4875932.0,-108239.43,5220204.0,-102177.53,3275329.0,-14525.68,5454009.0,68178.06,824840.0,-824.84,4564782.0,51127.03
2024-07-08,19884586.38,98.85,32.75,0.705,MULTI (QQQ+XLE+GLD),1.82,1.82,0.0,4394.59,0.0,NORMAL,0.0,0.0,8466741.0,20057.56,2121764.0,75747.63,2189946.0,12289.45,464184.0,10855.45,5508628.0,-30426.11,5126930.0,-818.23,2240814.0,1636.31,5506794.0,-67761.45,1444470.0,-10766.51,3069332.0,8358.6
2024-07-09,19826076.57,98.26,33.11,0.636,MULTI (QQQ+GLD+XLE),1.98,1.98,0.0,6972.96,0.0,NORMAL,0.0,0.0,8509616.0,7283.77,1382602.0,-19599.89,2183840.0,81210.75,1509853.0,-28.99,5835193.0,-48971.41,5286886.0,-46863.8,1345228.0,-23168.19,7546890.0,7307.37,1262626.0,-694.74,4473677.0,-14984.69
2024-07-10,20126798.46,101.27,32.68,0.639,MULTI (QQQ+GLD+XLE),2.03,2.03,0.0,3545.14,0.0,NORMAL,0.0,0.0,8496493.0,88624.06,2236556.0,52754.92,2118281.0,7668.94,1031680.0,34978.78,6121642.0,39197.21,5464802.0,23938.38,1226864.0,11615.75,8096997.0,27101.67,888232.0,1419.82,5114040.0,13422.36
2024-07-11,20091894.18,100.92,28.96,0.732,MULTI (QQQ+GLD+TLT),2.01,2.01,0.0,7648.88,0.0,NORMAL,0.0,-0.0,8714980.0,-186734.12,2291911.0,-24638.8,1913314.0,-178896.47,1953563.0,-38555.85,4279413.0,61803.81,3863968.0,91362.78,871831.0,33273.32,8297526.0,143530.37,1808134.0,15498.52,6393324.0,48452.17
2024-07-12,20229034.94,102.29,32.25,0.717,MULTI (QQQ+GLD+TLT),1.94,1.94,0.0,6373.45,0.0,NORMAL,0.0,0.0,8696338.0,51129.11,1539957.0,-4904.85,1784102.0,56967.73,2460808.0,24241.75,3052179.0,9663.21,4439808.0,6590.17,2368185.0,8214.29,7536290.0,-5959.39,1171273.0,-35906.8,6184800.0,27105.53
2024-07-15,20345746.79,103.46,31.88,0.646,MULTI (QQQ+GLD+TLT),2.02,2.02,0.0,5045.68,0.0,NORMAL,0.0,-0.0,8442373.0,23097.1,1052768.0,-15565.55,1237115.0,31117.31,2855921.0,-5960.13,4382423.0,44910.13,5008942.0,65486.22,2359027.0,25653.74,7952123.0,23928.95,851487.0,-4064.78,6900990.0,-71891.14
2024-07-16,20682192.09,106.82,32.42,0.708,MULTI (GLD+QQQ+TLT),2.01,2.01,0.0,4536.94,0.0,NORMAL,0.0,-0.0,8259308.0,3046.77,725907.0,-13661.18,870977.0,18809.92,1935653.0,-2170.35,5224501.0,18731.03,5290374.0,6147.64,2173148.0,33533.18,8404303.0,158158.68,1802575.0,16685.59,6809925.0,97164.01
2024-07-17,20100884.84,101.01,28.65,0.71,MULTI (GLD+QQQ+XLE),2.08,2.08,0.0,6279.14,0.0,NORMAL,0.0,-0.0,7525186.0,-242943.46,1070094.0,-74501.33,599446.0,-27606.47,2954644.0,-138988.34,5834851.0,51517.39,5540846.0,-4177.91,2289616.0,-44810.25,8391534.0,-39049.17,2765226.0,-60246.69,4865081.0,-501.03
2024-07-18,19855689.33,98.56,30.97,0.697,MULTI (QQQ+XLE+TLT),1.93,1.93,0.0,7283.48,0.0,NORMAL,0.0,0.0,7314270.0,-35788.02,1337446.0,-24857.76,407818.0,1567.55,2528179.0,14899.64,6156476.0,10328.95,5420632.0,-27002.42,2888696.0,-41500.34,5138076.0,-56747.85,1492461.0,-48195.6,5539023.0,-37899.65
2024-07-19,19371644.05,93.72,32.06,0.638,MULTI (QQQ+XLE+TLT),1.99,1.99,0.0,4204.27,0.0,NORMAL,0.0,-0.0,6933763.0,-65146.76,874803.0,-36402.16,262872.0,-16540.74,2465475.0,-73222.29,6348745.0,-67499.65,5495655.0,-38693.26,2017565.0,-31688.54,5857824.0,-92977.84,2368327.0,-28887.51,5900154.0,-32986.54
2024-07-22,19518418.27,95.18,33.08,0.735,MULTI (QQQ+XLE+TLT),1.92,1.92,0.0,2499.45,0.0,NORMAL,0.0,0.0,6413135.0,102674.0,571830.0,24430.82,176261.0,13428.11,2557218.0,95181.83,6371921.0,-39927.42,5420140.0,-27061.24,2132732.0,-115.17,6030841.0,1678.34,1652575.0,-6034.63,6218918.0,-17480.43
2024-07-23,19299657.37,93.0,33.28,0.747,MULTI (XLE+TLT+GLD),2.04,2.04,0.0,4897.12,0.0,NORMAL,0.0,-0.0,6087738.0,-22906.88,385255.0,-7040.04,124317.0,-3643.5,1663529.0,-29243.56,6694304.0,-101775.26,5581300.0,-81678.41,4179863.0,12742.44,6190487.0,21070.08,2242087.0,2516.51,6287613.0,-8802.27
2024-07-24,18714462.88,87.14,30.07,0.786,MULTI (TLT+XLE+GLD),2.04,2.04,0.0,5447.67,0.0,NORMAL,606286.0,-606.29,5662405.0,-218576.02,266656.0,-23535.65,0.0,-15443.04,2050211.0,-91075.14,6679561.0,725.91,5484659.0,-38545.31,2085352.0,-85608.13,6647267.0,-22172.12,1640549.0,-21589.59,7029101.0,-68769.13
2024-07-25,18679770.28,86.8,28.95,0.682,MULTI (TLT+GLD+XLE),1.97,1.97,0.0,4504.44,0.0,NORMAL,1065501.0,-10923.77,5439284.0,-62604.19,186656.0,-11702.18,0.0,0.0,2189717.0,-37781.7,6536312.0,115084.74,3722849.0,67794.97,1737937.0,16318.66,6745076.0,-104196.5,2357868.0,-64093.56,6894648.0,57410.93
2024-07-26,18973557.27,89.74,34.1,0.675,MULTI (XLE+TLT+GLD),1.84,1.84,0.0,4398.19,0.0,NORMAL,1253827.0,7221.14,4952052.0,55243.14,122513.0,2187.18,0.0,-0.0,1315766.0,33803.13,6578950.0,20603.71,4178270.0,19159.16,2206927.0,26017.6,6334704.0,70574.75,1416805.0,5547.92,6578614.0,53429.27
2024-07-29,18848728.27,88.49,33.83,0.732,MULTI (TLT+XLE+GLD),1.9,1.9,0.0,3545.7,0.0,NORMAL,854846.0,-16684.92,4712210.0,9697.02,0.0,-332.34,0.0,0.0,924644.0,-9744.42,6754201.0,-56608.08,4710815.0,-52686.69,2109176.0,-21202.21,6280199.0,-8946.22,2141740.0,-2951.29,7357500.0,34630.15
2024-07-30,18962260.46,89.62,32.08,0.736,MULTI (TLT+XLE+QQQ),1.82,1.82,0.0,7611.08,0.0,NORMAL,1231067.0,-60648.74,4892750.0,-64950.65,555924.0,-555.92,0.0,-0.0,1520934.0,-36013.08,6629308.0,104704.16,3275876.0,59631.26,2200189.0,-8593.13,4294125.0,60661.9,1434193.0,32092.84,8513074.0,27203.54
2024-07-31,19706699.83,97.07,30.08,0.698,MULTI (TLT+XLE+XOP),1.74,1.74,0.0,7461.05,0.0,NORMAL,617544.0,156954.19,3140975.0,142898.03,959013.0,23875.55,0.0,0.0,1516057.0,116002.15,6768677.0,27741.86,3915992.0,26234.85,3099142.0,57518.03,2972521.0,76370.35,2176816.0,30382.06,9217272.0,86462.31
2024-08-01,19023448.5,90.23,28.64,0.71,MULTI (TLT+XLE+XOP),1.9,1.9,0.0,5409.12,0.0,NORMAL,449252.0,-41342.38,3693720.0,-76707.76,1137528.0,-79511.73,0.0,-0.0,1659437.0,-98328.94,6493530.0,-179460.17,4571798.0,-118207.09,3927972.0,-126932.53,2181176.0,-11015.33,1652948.0,-30189.17,10351645.0,78443.79
2024-08-02,18553009.1,85.53,28.01,0.718,MULTI (TLT+XLE+XOP),1.78,1.78,0.0,8084.46,0.0,NORMAL,297735.0,-8124.06,3851517.0,-87915.92,805265.0,-675.16,0.0,-0.0,1060719.0,-90875.44,5836069.0,-167944.94,4008222.0,-233749.88,3271797.0,-194635.08,3753776.0,-5731.08,2541947.0,-253.33,7566319.0,319465.49
2024-08-05,17944204.14,79.44,27.75,0.655,MULTI (TLT+XLE+GLD),1.83,1.83,0.0,2836.49,0.0,NORMAL,199275.0,-19008.87,3769967.0,-114870.7,558075.0,13838.48,0.0,-0.0,734487.0,-25164.68,5351058.0,-129093.37,3868106.0,-111574.87,3730565.0,-98914.42,4337112.0,-48273.66,2817744.0,-115579.08,7409270.0,39836.21
2024-08-06,17837115.0,78.37,31.32,0.631,MULTI (TLT+GLD+XLE),1.63,1.63,0.0,5589.27,0.0,NORMAL,126820.0,7458.52,3622493.0,35839.24,360916.0,-19384.87,0.0,0.0,982512.0,14055.93,4701837.0,32124.02,3624768.0,13621.21,2895364.0,37668.02,5090320.0,-35487.9,1653337.0,-26075.39,6069810.0,-166907.91
2024-08-07,17699963.84,77.0,34.36,0.619,MULTI (TLT+GLD+XLE),1.56,1.56,0.0,1968.34,0.0,NORMAL,88244.0,-6528.19,3672107.0,-39319.95,258981.0,-4284.11,0.0,-0.0,1160069.0,-27268.19,4543321.0,18742.57,3413096.0,24852.59,2790291.0,-35292.08,4851935.0,-3694.45,1097333.0,-21336.09,5736214.0,-43023.26
2024-08-08,18238994.19,82.39,35.8,0.675,MULTI (TLT+GLD+XLE),1.46,1.46,0.0,3278.09,0.0,NORMAL,0.0,5312.89,3256510.0,111805.42,152636.0,15275.85,0.0,0.0,695922.0,73190.44,4201246.0,97366.22,3152067.0,103024.01,2764929.0,62659.99,5244471.0,75800.81,1692012.0,30105.39,5476867.0,-35510.67
2024-08-09,18332995.81,83.33,37.65,0.664,MULTI (GLD+TLT+XLE),1.44,1.44,0.0,2135.7,0.0,NORMAL,0.0,-0.0,3208706.0,16942.09,82574.0,-2363.14,0.0,0.0,361074.0,-520.33,4358442.0,9271.0,3164072.0,1144.75,2075676.0,4132.1,5534623.0,12599.27,2189848.0,-1175.06,5490915.0,53970.93
2024-08-12,18564951.61,85.65,37.24,0.679,MULTI (TLT+GLD+XLE),1.48,1.48,0.0,1643.98,0.0,NORMAL,0.0,0.0,3159344.0,6853.68,0.0,1453.36,0.0,-0.0,247858.0,3271.73,4690579.0,21138.25,3372481.0,42735.96,2471908.0,-758.13,5413837.0,94673.58,2354164.0,42799.61,5688014.0,19787.77
2024-08-13,18623138.7,86.23,36.81,0.677,MULTI (GLD+TLT+XLE),1.52,1.52,0.0,2923.39,0.0,NORMAL,0.0,0.0,3098467.0,78252.61,0.0,0.0,0.0,0.0,171303.0,9993.24,4841959.0,-45614.55,3645038.0,-34937.57,1653057.0,27154.63,6254330.0,-9144.73,2644336.0,-6761.55,5928683.0,39245.01
2024-08-14,18590666.83,85.91,35.9,0.707,MULTI (GLD+TLT+XLE),1.52,1.52,0.0,3244.48,0.0,NORMAL,421173.0,-421.17,3257395.0,847.5,0.0,-0.0,0.0,-0.0,129541.0,103.15,4686016.0,28111.78,2336957.0,13059.59,2234457.0,-29666.43,6176811.0,-51035.27,3032018.0,-30585.43,5903900.0,37114.41
2024-08-15,18896655.66,88.97,35.46,0.718,MULTI (GLD+TLT+XLE),1.47,1.47,0.0,1914.52,0.0,NORMAL,674333.0,16813.38,3120007.0,82072.14,0.0,0.0,0.0,0.0,90521.0,5424.52,4478421.0,55759.35,2591588.0,41965.2,1601477.0,44395.19,6222738.0,19361.51,3013212.0,87970.23,5982946.0,-47772.69
2024-08-16,19127480.68,91.27,32.89,0.723,MULTI (GLD+TLT+XLE),1.45,1.45,0.0,4480.7,0.0,NORMAL,855938.0,9268.35,3155445.0,3980.07,578732.0,-578.73,472073.0,-472.07,0.0,34.28,3243058.0,-6175.52,1814467.0,-11511.21,1391721.0,10518.39,7148505.0,138526.59,3180075.0,66316.03,5972422.0,20918.84
2024-08-19,19353591.09,93.54,32.95,0.723,MULTI (GLD+TLT+XLE),1.43,1.43,0.0,5268.48,0.0,NORMAL,1011822.0,37119.96,2161882.0,40414.95,2263009.0,24520.43,795459.0,14107.5,0.0,0.0,3652121.0,21479.77,1296094.0,12623.42,1004198.0,12672.93,6317567.0,-12528.64,3221652.0,48121.67,5997345.0,27578.43
2024-08-20,19269439.85,92.69,32.45,0.712,MULTI (GLD+TLT+XLE),1.39,1.39,0.0,6368.56,0.0,BOOST,1355955.0,-21769.47,1557381.0,-5136.98,1307861.0,15351.04,1286085.0,-6282.33,0.0,-0.0,4046523.0,-96726.35,2061021.0,-34050.36,704841.0,-8956.4,6835885.0,22690.27,3289629.0,4740.0,4247769.0,45989.35
2024-08-21,19333553.0,93.34,34.57,0.709,MULTI (GLD+TLT+XLE),1.36,1.36,0.0,3955.46,0.0,NORMAL,1194206.0,13144.57,2240671.0,6587.91,871891.0,11343.09,1570684.0,12350.38,0.0,0.0,3956007.0,6747.78,1293894.0,287.3,495709.0,11688.67,6390150.0,-9553.08,3254271.0,9749.04,5066623.0,1767.48
2024-08-22,18928291.52,89.28,32.58,0.727,MULTI (GLD+TLT+XLE),1.56,1.56,0.0,5012.86,0.0,NORMAL,1375730.0,-44462.51,2670510.0,-35991.12,630910.0,-33964.61,3700646.0,-90928.85,0.0,-0.0,4190550.0,10018.12,924142.0,-4622.29,345014.0,-9709.16,6584087.0,-76792.58,3839072.0,-68273.81,5258366.0,-50534.67
2024-08-23,19519038.38,95.19,33.75,0.787,MULTI (GLD+TLT+XLE),1.46,1.46,0.0,2130.55,0.0,NORMAL,1277671.0,62433.22,2857141.0,28805.42,419663.0,13416.41,3893361.0,169673.42,0.0,0.0,4055085.0,62382.79,617506.0,18653.54,225700.0,7962.1,6335260.0,75743.86,3461411.0,117339.06,5385662.0,34337.05
2024-08-26,19381188.06,93.81,34.22,0.781,MULTI (GLD+TLT+XLE),1.38,1.38,0.0,5203.88,0.0,NORMAL,1381784.0,-28872.35,3015274.0,-27923.96,302932.0,-13615.37,1829438.0,-127581.88,0.0,-0.0,4229991.0,36199.92,1487573.0,3350.16,0.0,415.29,6467318.0,20093.43,2285549.0,14079.66,5681893.0,-13995.22
2024-08-27,19326899.38,93.27,35.98,0.764,MULTI (GLD+TLT+XLE),1.41,1.41,0.0,2474.92,0.0,NORMAL,653084.0,19356.37,3210732.0,8821.31,153131.0,879.2,1968866.0,-34495.55,0.0,0.0,4377015.0,-39610.52,1953718.0,-19704.89,0.0,0.0,6628052.0,17361.68,2574661.0,3060.65,5786322.0,-9956.91
2024-08-28,19082102.92,90.82,32.98,0.788,MULTI (GLD+TLT+XLE),1.6,1.6,0.0,4609.88,0.0,NORMAL,3473368.0,-16526.86,3616804.0,-36876.2,144749.0,-4216.54,2076213.0,-32701.88,0.0,-0.0,4357855.0,-28107.49,1363772.0,-9058.97,0.0,-0.0,6943655.0,-46936.59,2672024.0,-63209.5,5855559.0,-7162.44
2024-08-29,18958656.15,89.59,33.14,0.771,MULTI (GLD+TLT+TSLA),1.69,1.69,0.0,7979.67,0.0,BOOST,1502263.0,-223518.67,3981966.0,-5664.77,0.0,-1004.31,5417806.0,2011.95,669199.0,-669.2,4762891.0,56448.83,1005914.0,21115.45,0.0,0.0,6910082.0,35884.58,1878026.0,11207.48,5943821.0,-19258.12
2024-08-30,19112371.55,91.12,31.3,0.785,MULTI (TLT+GLD+XLE),1.91,1.91,0.0,8481.3,0.0,BOOST,960524.0,22175.95,2892818.0,46326.11,0.0,0.0,5383424.0,205409.74,2206553.0,14089.45,5639116.0,16949.16,2191209.0,-3417.47,0.0,0.0,6724964.0,-49377.18,2236187.0,-32613.08,8326672.0,-65827.28
2024-09-03,18489455.12,84.89,28.6,0.801,MULTI (TLT+XLE+GLD),1.79,1.79,0.0,10413.16,0.0,NORMAL,1140926.0,-91761.96,3566691.0,-88590.35,0.0,-0.0,1479058.0,-92068.83,1620339.0,-166007.36,6029835.0,-140767.29,3058487.0,-81818.87,1266481.0,-1266.48,5080629.0,-30691.16,1799728.0,-65717.04,8051987.0,135772.91
2024-09-04,18483566.22,84.84,30.18,0.793,MULTI (TLT+GLD+XLE),1.84,1.84,0.0,6540.48,0.0,NORMAL,732655.0,-19299.19,2291095.0,-10534.42,0.0,0.0,3394265.0,60019.88,1605767.0,-3896.22,5417334.0,-83853.76,3179554.0,-49782.97,1888797.0,-10769.85,5503460.0,2668.91,1148098.0,6377.05,8765831.0,103181.69
2024-09-05,18691251.69,86.91,32.86,0.779,MULTI (TLT+GLD+XLE),1.79,1.79,0.0,5873.09,0.0,NORMAL,512695.0,6671.32,3002015.0,1430.07,0.0,-0.0,1883524.0,164779.55,1095587.0,-3295.02,5197592.0,-42144.4,3269725.0,-25127.74,1186669.0,-12882.24,5927246.0,45478.59,1833728.0,23928.24,9546402.0,48847.1
2024-09-06,18138483.76,81.38,27.75,0.734,MULTI (TLT+XLE+GLD),2.01,2.01,0.0,7761.91,0.0,NORMAL,409109.0,-21028.52,3829948.0,-81324.03,0.0,-0.0,1128161.0,-159677.46,1719916.0,-45907.82,6044493.0,-65955.74,4097140.0,-51979.31,2115568.0,-26868.26,4487700.0,-45272.88,2557838.0,-53208.72,10133036.0,-1545.19
2024-09-09,18397328.87,83.97,34.09,0.625,MULTI (TLT+XLE+GLD),1.82,1.82,0.0,4274.21,0.0,NORMAL,237566.0,14295.72,3617842.0,48990.22,0.0,0.0,661855.0,29162.95,1683498.0,38802.7,5777149.0,43259.47,3867675.0,-25588.82,2082718.0,12834.99,5031565.0,18349.72,1472079.0,36020.04,9129855.0,42718.12
2024-09-10,18417773.95,84.18,32.56,0.689,MULTI (TLT+GLD+XLE),1.93,1.93,0.0,3324.21,0.0,NORMAL,175034.0,3570.82,3740577.0,33346.13,0.0,0.0,478154.0,30083.12,1810857.0,15815.48,5998571.0,-99684.04,4682537.0,-43054.6,2080878.0,-9173.85,6310118.0,20903.11,1079428.0,4727.46,9197741.0,63911.45
2024-09-11,18579695.39,85.8,30.04,0.783,MULTI (TLT+XLE+QQQ),1.89,1.89,0.0,4490.62,0.0,NORMAL,131581.0,14207.33,4556928.0,80493.2,571543.0,-571.54,358189.0,4019.61,2049028.0,93359.96,6070560.0,-55788.25,4531755.0,-1993.14,2200479.0,40549.55,4436302.0,-11900.37,762443.0,7165.78,9504077.0,-7620.68
2024-09-12,18841036.05,88.41,30.89,0.672,MULTI (TLT+GLD+XLE),1.93,1.93,0.0,4930.52,0.0,NORMAL,0.0,2387.22,4291813.0,44421.02,355166.0,3250.77,248857.0,2525.8,1333126.0,3669.2,5576314.0,54147.28,4869744.0,13248.84,2515587.0,72908.46,5946130.0,76501.88,1600265.0,32764.22,9542674.0,-44484.03
2024-09-13,19153137.1,91.53,32.99,0.723,MULTI (TLT+GLD+XLE),1.97,1.97,0.0,2717.29,0.0,NORMAL,0.0,-0.0,4518901.0,19019.08,263573.0,3532.51,182442.0,452.84,946314.0,16751.72,5473743.0,31315.06,5293966.0,49375.58,2534533.0,64175.28,6413366.0,58718.33,2604179.0,43051.8,9589928.0,25708.85
2024-09-16,19321317.19,93.21,34.94,0.686,MULTI (TLT+GLD+XLE),1.98,1.98,0.0,3126.72,0.0,NORMAL,0.0,-0.0,4569793.0,-20034.74,190275.0,-470.91,127764.0,-2832.61,665181.0,-12691.3,5400416.0,62538.52,4784619.0,53385.18,2295772.0,-1965.77,7997385.0,-2121.66,2470587.0,4508.69,9681026.0,87864.69
2024-09-17,19380318.32,93.8,34.25,0.688,MULTI (TLT+GLD+XLE),1.98,1.98,0.0,2285.99,0.0,NORMAL,0.0,-0.0,4871395.0,2114.87,0.0,-1765.14,0.0,485.71,469715.0,-422.86,5190794.0,72703.66,5028102.0,85689.84,2025575.0,1686.5,8392991.0,-44672.66,2774667.0,-9995.49,9642700.0,-46823.3
2024-09-18,19114933.64,91.15,31.19,0.738,MULTI (TLT+GLD+XLE),2.17,2.17,0.0,3628.39,0.0,NORMAL,0.0,-0.0,5126221.0,-21366.82,0.0,-0.0,0.0,-0.0,350163.0,-5460.13,5909021.0,9349.93,5111513.0,18193.17,2205470.0,-8129.89,9419868.0,-65805.46,3692219.0,-72439.58,9719682.0,-119725.91
2024-09-19,19708072.54,97.08,29.87,0.755,MULTI (TLT+XLE+GLD),1.89,1.89,0.0,9221.57,0.0,NORMAL,0.0,0.0,4957837.0,129314.07,0.0,0.0,515639.0,-515.64,965279.0,14600.2,5995836.0,70561.04,4969752.0,82611.26,3303616.0,73712.44,5538091.0,142363.71,1937363.0,113342.4,9041943.0,-32850.58
2024-09-20,19707258.95,97.07,29.56,0.764,MULTI (TLT+GLD+XOP),1.91,1.91,0.0,8973.73,0.0,NORMAL,1401778.0,-1401.78,3404102.0,-10980.09,0.0,-0.0,958278.0,-12440.82,664996.0,-13059.69,4072773.0,-15388.89,5286342.0,-687.59,2774405.0,-2167.95,7064458.0,68936.82,2513646.0,21516.11,9528541.0,-35139.72
2024-09-23,19837942.01,98.38,34.23,0.708,MULTI (TLT+GLD+XOP),1.88,1.88,0.0,4938.12,0.0,NORMAL,281279.0,2018.36,3767789.0,8668.4,0.0,0.0,1181931.0,47083.9,437771.0,2704.89,4602804.0,49809.0,5238013.0,48301.52,1517241.0,17871.89,7563830.0,13222.26,3023766.0,-38593.52,9674957.0,-20403.65
2024-09-24,20165577.44,101.66,31.51,0.741,MULTI (TLT+GLD+XOP),1.92,1.92,0.0,4331.96,0.0,NORMAL,276559.0,11137.5,2700716.0,17089.15,0.0,0.0,1400202.0,19989.32,316281.0,8023.03,5285004.0,-12056.11,5542831.0,-33671.53,2578205.0,63002.74,8173688.0,105155.5,2954304.0,151075.58,9523515.0,-2109.77
2024-09-25,19814489.25,98.14,33.43,0.693,MULTI (TLT+GLD+XOP),1.94,1.94,0.0,3505.64,0.0,NORMAL,186949.0,5944.86,3390136.0,1816.89,647751.0,-647.75,952373.0,14680.52,225053.0,2686.77,5149073.0,-103473.25,5283635.0,-131392.74,1613139.0,-17660.69,8355062.0,-11486.81,3014878.0,-32270.3,9568495.0,-79285.7
2024-09-26,19748281.94,97.48,30.74,0.674,MULTI (TLT+GLD+XLE),1.95,1.95,0.0,4176.76,0.0,NORMAL,130842.0,745.31,2423997.0,24478.92,456956.0,21656.24,665132.0,-10652.07,917135.0,5803.68,5522972.0,-101495.46,5295209.0,-127091.33,2341494.0,35246.32,8561412.0,42337.38,2987429.0,20701.21,9155789.0,22062.49
2024-09-27,19900343.74,99.0,33.45,0.698,MULTI (TLT+GLD+XLE),1.86,1.86,0.0,3585.95,0.0,NORMAL,0.0,-2912.82,3106500.0,-14166.13,294890.0,-8720.22,464037.0,16108.67,582974.0,-18033.2,4912270.0,111740.67,4618039.0,131209.66,2292552.0,-1505.68,8651370.0,-68099.82,3091840.0,-40984.98,9011838.0,47425.65
2024-09-30,19771605.18,97.72,34.94,0.656,MULTI (TLT+GLD+XLE),1.89,1.89,0.0,3599.24,0.0,NORMAL,0.0,0.0,3851416.0,7687.68,202391.0,-576.48,914333.0,1636.29,411224.0,-5555.12,4847786.0,34268.48,4417034.0,13167.31,1540137.0,-17875.58,8551311.0,-69236.4,2831068.0,-48422.21,9833100.0,-43832.52
2024-10-01,20047384.04,100.47,29.95,0.739,MULTI (TLT+GLD+XLE),2.17,2.17,0.0,6794.99,0.0,NORMAL,0.0,-0.0,5159299.0,-55021.09,0.0,-5538.05,645109.0,-12872.73,1232569.0,-11839.63,5714160.0,109671.8,5625229.0,73087.64,1488859.0,2846.27,9215885.0,89139.08,3176171.0,16612.41,11204406.0,69693.17
2024-10-02,20120419.5,101.2,33.24,0.691,MULTI (TLT+GLD+XLE),2.1,2.1,0.0,2808.18,0.0,NORMAL,0.0,0.0,5205278.0,7251.32,0.0,0.0,1066869.0,-22946.27,826231.0,17325.5,5709836.0,58478.75,5324928.0,68195.95,1056738.0,-8353.59,8594115.0,1252.59,3116143.0,46569.01,11424858.0,-94737.81
2024-10-03,20262827.04,102.63,32.65,0.699,MULTI (TLT+GLD+XLE),2.09,2.09,0.0,2570.23,0.0,NORMAL,0.0,0.0,5431170.0,-4118.59,797966.0,-797.97,728415.0,-36119.13,586160.0,7355.88,5734484.0,100625.85,5282154.0,174839.57,737070.0,-10128.4,8485595.0,-6049.75,3082912.0,24656.24,11545143.0,-107856.18
2024-10-04,20352851.78,103.53,31.27,0.686,MULTI (TLT+GLD+QQQ),2.26,2.26,0.0,5201.3,0.0,NORMAL,0.0,0.0,7062226.0,63054.65,1595259.0,38687.16,640014.0,28394.97,473393.0,7717.26,5670591.0,53301.86,4958928.0,36665.31,564784.0,9425.5,8794277.0,-17263.12,4324551.0,12483.39,11829624.0,-142442.23
2024-10-07,20119571.32,101.2,31.66,0.717,MULTI (TLT+GLD+QQQ),2.21,2.21,0.0,4986.16,0.0,NORMAL,1546738.0,-1546.74,6848816.0,-75786.34,1980760.0,268.63,408140.0,-23881.14,332847.0,622.76,5575080.0,19967.73,4886373.0,30540.63,397105.0,983.23,8457010.0,-30100.4,2412237.0,-65185.43,11717256.0,-89163.38
2024-10-08,19908380.0,99.08,31.99,0.667,MULTI (TLT+GLD+QQQ),2.15,2.15,0.0,3241.98,0.0,NORMAL,599372.0,61600.49,6696764.0,102029.89,2266089.0,20937.22,289665.0,6094.93,0.0,5427.41,5332337.0,-145571.03,4755415.0,-134183.53,0.0,-7478.94,8465662.0,-62415.45,2855801.0,-77231.59,11568567.0,19599.28
2024-10-09,19834055.34,98.34,33.82,0.632,MULTI (TLT+GLD+QQQ),2.14,2.14,0.0,4232.12,0.0,NORMAL,1379235.0,-1863.4,7451116.0,51991.42,2671259.0,-23771.31,203145.0,-4169.72,0.0,0.0,5243016.0,32082.06,4269531.0,202.92,0.0,0.0,7930465.0,-46594.66,1720766.0,-16413.17,11524439.0,-65788.8
2024-10-10,19855827.17,98.56,32.37,0.657,MULTI (TLT+GLD+QQQ),2.23,2.23,0.0,6607.22,0.0,NORMAL,961860.0,22018.99,7609370.0,-8627.38,3836441.0,-108110.07,851320.0,-2571.57,0.0,-0.0,5110014.0,35312.01,2957795.0,41097.26,1289187.0,-1289.19,8613760.0,57607.49,1300977.0,31665.67,11669025.0,-45331.41
2024-10-11,20024744.41,100.25,33.14,0.718,MULTI (TLT+GLD+QQQ),2.13,2.13,0.0,4903.56,0.0,NORMAL,661079.0,-372.04,7607122.0,11880.27,2766675.0,85536.33,1229377.0,-75220.06,1140487.0,-1140.49,5099540.0,31534.69,2058911.0,32012.46,926293.0,19043.59,8684510.0,93982.22,935262.0,18868.4,11547377.0,-47208.12
2024-10-14,20041901.89,100.42,34.07,0.661,MULTI (TLT+GLD+QQQ),2.12,2.12,0.0,2775.86,0.0,NORMAL,484994.0,15844.48,7871100.0,63634.23,2613345.0,-43285.31,1355478.0,7558.13,2032919.0,19521.71,5129614.0,-2230.02,1414479.0,-28710.79,653921.0,-844.83,8670294.0,-14151.49,654704.0,-8715.39,11646396.0,8536.76
2024-10-15,19614989.75,96.15,30.74,0.632,MULTI (TLT+QQQ+GLD),2.08,2.08,0.0,6646.95,0.0,NORMAL,1212885.0,-23477.57,7584849.0,-105391.96,2635376.0,-136621.12,879821.0,2057.63,2848448.0,-110787.87,4656616.0,-165636.05,2173415.0,-55133.7,452481.0,-4648.81,6273567.0,27644.9,462573.0,3703.71,11575517.0,141378.7
2024-10-16,19777294.68,97.77,34.76,0.539,MULTI (TLT+GLD+QQQ),1.98,1.98,0.0,8421.46,0.0,NORMAL,1555956.0,37666.55,7235740.0,576.63,1615419.0,-9591.74,449675.0,6615.13,2410428.0,1404.07,2978799.0,20602.89,1320020.0,15578.42,1533402.0,8303.73,7317020.0,30365.85,1384416.0,2303.77,11318625.0,48479.62
2024-10-17,19725705.08,97.26,33.58,0.604,MULTI (TLT+GLD+QQQ),2.14,2.14,0.0,6163.07,0.0,NORMAL,2062449.0,13379.3,8465006.0,3787.13,1301112.0,926.0,492947.0,-938.12,3043805.0,40926.89,3405440.0,13786.34,946567.0,11492.5,2177972.0,3572.06,8625063.0,42552.37,1038660.0,-1302.56,10691835.0,-179771.5
2024-10-18,19965431.49,99.65,33.59,0.65,MULTI (TLT+GLD+QQQ),2.12,2.12,0.0,5323.37,0.0,NORMAL,1384028.0,15421.99,8449233.0,55414.63,889673.0,-2740.69,348878.0,-567.66,3005589.0,-884.45,3678026.0,-11555.15,660868.0,-5930.95,1815693.0,31099.18,9864933.0,90434.23,2200945.0,61817.04,9937701.0,7218.26
2024-10-21,19874211.84,98.74,32.62,0.567,MULTI (GLD+TLT+QQQ),2.16,2.16,0.0,3570.61,0.0,NORMAL,1765832.0,56942.23,8564749.0,16133.98,630340.0,10738.58,273905.0,-2996.47,2129481.0,15001.9,3899631.0,-11225.26,471917.0,-3468.67,2147334.0,-10694.02,10693378.0,-2793.54,2402463.0,14898.44,9899381.0,-173756.82
2024-10-22,20042731.9,100.43,33.37,0.679,MULTI (GLD+TLT+QQQ),2.06,2.06,0.0,4992.78,0.0,NORMAL,2089856.0,-1800.06,8539984.0,9300.76,1269901.0,-15864.35,193185.0,-1181.0,1507953.0,-10297.42,2717270.0,7900.32,328832.0,1051.3,1895009.0,-13200.32,10529697.0,115073.9,3078250.0,68702.78,9082702.0,8834.13
2024-10-23,19517343.62,95.17,31.93,0.671,MULTI (GLD+TLT+QQQ),2.06,2.06,0.0,3781.48,0.0,NORMAL,2291502.0,-58914.33,8725439.0,-131180.81,878173.0,-10106.67,936475.0,-4575.9,1081550.0,-16467.15,2026796.0,-14822.34,0.0,-3332.09,1726549.0,-34081.75,10233534.0,-127057.98,3170658.0,-100085.17,9225259.0,-24764.08
2024-10-24,19938425.26,99.38,34.08,0.678,MULTI (GLD+TLT+QQQ),1.86,1.86,0.0,5384.16,0.0,NORMAL,1452664.0,13103.88,8068734.0,70025.33,629785.0,2792.39,615435.0,204739.94,766264.0,4240.82,2929636.0,-1128.6,0.0,0.0,1368753.0,-7023.56,9514901.0,77931.87,3071555.0,-2161.79,8726642.0,58561.38
2024-10-25,19989083.13,99.89,32.97,0.625,MULTI (GLD+TLT+QQQ),1.95,1.95,0.0,5597.58,0.0,NORMAL,1105823.0,11332.25,8785252.0,48500.02,459278.0,11269.39,802469.0,20412.59,1954303.0,7707.39,3790880.0,-1841.1,0.0,0.0,985645.0,-9507.57,10020194.0,19086.23,2104956.0,-6965.73,9039289.0,-49335.61
2024-10-28,19937933.54,99.38,33.81,0.68,MULTI (GLD+TLT+QQQ),2.01,2.01,0.0,5784.4,0.0,NORMAL,760365.0,-8306.56,8355058.0,987.3,1203909.0,10113.93,536339.0,-20159.61,1261769.0,-14199.09,4322707.0,-24626.41,1343875.0,-1343.88,1016094.0,25093.92,10650511.0,-234.58,1490058.0,6250.46,9214235.0,-24725.07
2024-10-29,20161402.68,101.61,32.03,0.729,MULTI (GLD+TLT+QQQ),2.16,2.16,0.0,5821.0,0.0,NORMAL,591098.0,3776.88,8616999.0,80097.16,1916275.0,46988.79,262133.0,-6377.06,2196976.0,27773.49,4876360.0,-66526.66,926198.0,-22190.87,1442137.0,38.77,11546290.0,115256.07,1049340.0,31529.83,10161574.0,13102.74
2024-10-30,19895978.34,98.96,33.38,0.6,MULTI (GLD+TLT+QQQ),2.13,2.13,0.0,2893.67,0.0,NORMAL,410658.0,-8165.35,8715697.0,-65287.69,1644250.0,-203510.61,172296.0,-2077.69,2682847.0,-53899.0,5170804.0,10820.35,642751.0,8797.64,1036914.0,-25195.7,11165118.0,63127.87,717377.0,-19701.47,10043253.0,29667.31
2024-10-31,19330934.52,93.31,30.16,0.717,MULTI (TLT+GLD+QQQ),2.24,2.24,0.0,6383.16,0.0,NORMAL,1082955.0,-20083.98,7558498.0,-220945.64,1032566.0,-50685.71,123597.0,-5194.7,3286618.0,-97020.47,6089916.0,31415.51,535763.0,-4836.19,1554093.0,-15795.27,10217644.0,-173779.84,1463766.0,-24053.59,10443004.0,15936.04
2024-11-01,19188878.27,91.89,32.84,0.622,MULTI (TLT+GLD+QQQ),2.15,2.15,0.0,4998.48,0.0,NORMAL,692784.0,21123.3,7181808.0,55492.81,742398.0,-16113.69,84061.0,-469.49,2938517.0,41359.36,6056330.0,-38500.87,1838572.0,-7005.14,1267570.0,6305.41,9049777.0,-43042.57,917625.0,-13790.68,10481277.0,-147414.7
2024-11-04,19465995.04,94.66,34.27,0.696,MULTI (TLT+GLD+QQQ),2.0,2.0,0.0,4389.75,0.0,NORMAL,486453.0,3116.13,6942578.0,-21140.52,481004.0,-6273.66,60574.0,-2094.41,3053958.0,-5884.12,5664445.0,105452.09,2599096.0,34243.35,1297596.0,-6388.0,8762398.0,12603.92,619572.0,2494.84,8941079.0,160987.14
2024-11-05,19774791.56,97.75,34.81,0.708,MULTI (GLD+TLT+QQQ),2.07,2.07,0.0,3125.18,0.0,NORMAL,356229.0,13657.55,7172166.0,88424.58,341566.0,3104.79,0.0,2082.46,3090388.0,50495.47,6472569.0,37174.02,3345402.0,22152.49,1424547.0,22972.6,9490308.0,19046.22,474135.0,2361.31,8821512.0,47325.05
2024-11-06,20047289.84,100.47,27.08,0.79,MULTI (TLT+GLD+QQQ),1.93,1.93,0.0,8447.81,0.0,NORMAL,250757.0,14392.95,6753526.0,194205.68,242889.0,8187.44,1284247.0,-1284.25,2322654.0,80048.18,5686984.0,242311.6,3287519.0,174886.46,3149264.0,113376.1,7543698.0,-290037.65,343235.0,-21147.12,7745141.0,-242441.12
2024-11-07,20425461.49,104.25,32.72,0.675,MULTI (TLT+GLD+QQQ),1.66,1.66,0.0,5383.95,0.0,NORMAL,0.0,5374.98,6202816.0,105672.75,169867.0,7820.08,206575.0,36184.42,2446468.0,56538.46,5304836.0,-26493.53,3394331.0,-20803.41,1777057.0,-11275.41,7065212.0,120676.53,217709.0,8075.89,7214041.0,96400.91
2024-11-08,20518084.86,105.18,33.84,0.643,MULTI (TLT+GLD+QQQ),1.6,1.6,0.0,2039.23,0.0,NORMAL,0.0,-0.0,6072179.0,7108.84,0.0,-2287.98,488481.0,16648.68,1685180.0,-16491.62,5308886.0,35285.07,3445585.0,24141.26,1839423.0,-10275.34,6843430.0,-48001.39,0.0,-4924.67,7100473.0,91420.53
2024-11-11,20384357.52,103.84,32.56,0.658,MULTI (GLD+QQQ+XLE),1.57,1.57,0.0,5185.54,0.0,NORMAL,0.0,-0.0,6111080.0,-3585.17,0.0,-0.0,334448.0,43568.08,2453716.0,-38559.41,5240850.0,29915.07,3796009.0,51374.27,1703374.0,-17644.58,6901063.0,-160844.21,860941.0,-860.94,4521440.0,-37090.46
2024-11-12,20099852.01,101.0,32.4,0.684,MULTI (GLD+QQQ+XLE),1.76,1.76,0.0,4846.9,0.0,NORMAL,0.0,0.0,6391994.0,-11352.56,0.0,-0.0,220015.0,-20648.1,3430295.0,-17155.32,6351128.0,-28932.1,4229455.0,-37327.4,1918216.0,-43208.36,6675049.0,-59731.97,563163.0,2777.24,5588486.0,-68926.95
2024-11-13,19940798.17,99.41,32.66,0.743,MULTI (XLE+QQQ+GLD),1.77,1.77,0.0,1905.82,0.0,NORMAL,0.0,-0.0,6219714.0,-8389.07,0.0,-0.0,143183.0,1094.11,3439360.0,-57678.65,6364028.0,49401.46,4486156.0,17489.65,2520695.0,-30748.09,6190812.0,-67709.62,384620.0,-9398.18,5638197.0,-53115.43
2024-11-14,19938020.53,99.38,33.71,0.667,MULTI (QQQ+XLE+GLD),1.75,1.75,0.0,1795.14,0.0,NORMAL,0.0,0.0,6215077.0,-43264.09,0.0,-0.0,72317.0,-8326.52,3579767.0,7505.93,6177133.0,24031.35,4328172.0,27111.65,1935104.0,-28510.11,6146883.0,-16180.48,267104.0,2665.78,6129888.0,32188.85
2024-11-15,19585695.49,95.86,30.77,0.737,MULTI (TLT+XLE+QQQ),1.76,1.76,0.0,6574.65,0.0,NORMAL,885042.0,-885.04,6215304.0,-148227.77,652807.0,-652.81,48506.0,2191.02,3969979.0,-119218.96,6533008.0,-9481.01,3029299.0,-42348.25,2011206.0,-1563.62,4363679.0,-12665.02,0.0,-2569.9,6729671.0,-16903.69
2024-11-18,19944071.75,99.44,33.11,0.721,MULTI (XLE+QQQ+TLT),1.59,1.59,0.0,5521.84,0.0,NORMAL,1581047.0,-12114.87,5384417.0,42307.34,420479.0,19250.1,0.0,2674.11,3866819.0,26177.22,6169361.0,86444.15,3324651.0,59769.55,2335418.0,41456.65,4264858.0,82816.44,0.0,0.0,4383971.0,9595.57
2024-11-19,20118961.66,101.19,35.52,0.703,MULTI (XLE+QQQ+TLT),1.55,1.55,0.0,4007.87,0.0,NORMAL,1865690.0,77181.32,5398759.0,37020.75,271369.0,1241.73,0.0,0.0,2447904.0,40802.57,6215633.0,-39291.26,3594132.0,-21584.5,1602163.0,19997.53,4734386.0,37778.93,0.0,0.0,5010980.0,21742.84
2024-11-20,20212501.8,102.13,34.11,0.711,MULTI (XLE+QQQ+GLD),1.59,1.59,0.0,4211.72,0.0,NORMAL,2528876.0,-14891.17,5843394.0,-3557.33,200204.0,-3552.5,0.0,-0.0,3189128.0,-17198.69,6109285.0,62390.95,3832737.0,58748.81,1766857.0,2708.06,5055361.0,26369.97,0.0,-0.0,3538445.0,-17477.96
2024-11-21,20463781.65,104.64,32.65,0.696,MULTI (XLE+QQQ+GLD),1.73,1.73,0.0,3743.67,0.0,NORMAL,3746877.0,12316.25,6067055.0,20816.9,0.0,-360.09,0.0,-0.0,3514116.0,46531.99,6729787.0,48892.96,3990247.0,48772.16,1693613.0,35959.85,5291491.0,41965.22,0.0,-0.0,4411078.0,-3615.39
2024-11-22,20462075.34,104.62,35.02,0.655,MULTI (XLE+QQQ+GLD),1.67,1.67,0.0,2787.95,0.0,NORMAL,2634300.0,-121570.56,5887505.0,9542.92,0.0,0.0,0.0,0.0,3329361.0,-21296.92,6391670.0,10044.95,4121676.0,47719.34,1452677.0,3959.13,5309702.0,68169.01,0.0,0.0,5129286.0,1725.83
2024-11-25,20127516.21,101.28,31.97,0.733,MULTI (XLE+QQQ+TLT),1.69,1.69,0.0,3125.66,0.0,NORMAL,2801895.0,-110326.39,5863625.0,9278.58,0.0,0.0,0.0,-0.0,2312009.0,-14070.08,6267468.0,-126166.32,4239312.0,-73103.5,1046405.0,4667.04,5183610.0,-156448.07,1126335.0,-1126.34,5212056.0,132735.95
2024-11-26,20101006.08,101.01,35.25,0.572,MULTI (XLE+QQQ+TLT),1.63,1.63,0.0,3731.67,0.0,NORMAL,1661836.0,17380.56,5884275.0,31472.54,659857.0,-659.86,0.0,-0.0,2838445.0,-21802.38,6267888.0,-8553.27,4185412.0,-30503.24,713710.0,-9588.99,4702175.0,9555.96,727448.0,6524.23,5090250.0,-20335.66
2024-11-27,20015813.37,100.16,34.1,0.565,MULTI (QQQ+TLT+GLD),1.63,1.63,0.0,7159.84,0.0,NORMAL,1980471.0,-19514.82,5841063.0,-46333.0,1790565.0,-8228.9,0.0,-0.0,3450878.0,-37920.34,4239082.0,-8605.27,2848422.0,-1048.51,494187.0,1346.82,4880610.0,10283.61,1829291.0,-10269.48,5297345.0,35097.17
2024-11-29,20331814.16,103.32,36.29,0.52,MULTI (QQQ+TLT+XLE),1.6,1.6,0.0,4562.38,0.0,NORMAL,1395624.0,41955.82,6680039.0,50537.4,1217888.0,11768.96,0.0,0.0,3895204.0,55811.0,4758233.0,17771.06,1919784.0,8490.72,351089.0,2165.55,4731091.0,41901.44,2195819.0,30985.93,5289051.0,54612.9
2024-12-02,20425244.62,104.25,33.92,0.623,MULTI (QQQ+TLT+XLE),1.75,1.75,0.0,5286.74,0.0,NORMAL,1035506.0,3472.09,6863341.0,72621.29,1967845.0,42618.18,0.0,0.0,4326033.0,92002.04,5211664.0,-50810.61,3780294.0,-23655.61,254353.0,-2596.47,4834145.0,-41562.35,1586321.0,-10823.29,5844855.0,12165.19
2024-12-03,20453386.55,104.53,35.6,0.533,MULTI (QQQ+TLT+XLE),1.72,1.72,0.0,3918.22,0.0,NORMAL,720600.0,11848.3,6900024.0,21028.05,2302787.0,-1444.25,0.0,-0.0,2716879.0,7980.46,5652900.0,-993.26,3820116.0,2853.96,0.0,490.12,4815177.0,9701.35,2229062.0,27355.61,6037831.0,-50678.41
2024-12-04,20478955.56,104.79,32.65,0.593,MULTI (QQQ+TLT+XLE),1.71,1.71,0.0,6047.42,0.0,NORMAL,1346065.0,24471.16,7004845.0,85285.64,1628087.0,31893.23,0.0,0.0,1971493.0,45251.97,5698188.0,-136554.25,4201076.0,-120725.71,947061.0,-947.06,3395240.0,13173.16,2952337.0,19001.72,5941946.0,64719.15
2024-12-05,20381151.7,103.81,33.59,0.537,MULTI (QQQ+TLT+XLE),1.99,1.99,0.0,8574.58,0.0,NORMAL,972303.0,-1022.46,8258714.0,-20685.26,2261589.0,-30400.55,0.0,0.0,1409970.0,-34318.59,7070497.0,20890.66,5533573.0,-14303.55,1301590.0,-5272.24,2729586.0,-25757.54,3638907.0,2420.86,7312201.0,10644.8
2024-12-06,20083766.93,100.84,31.08,0.607,MULTI (QQQ+TLT+XLE),2.03,2.03,0.0,5270.56,0.0,NORMAL,697482.0,-17818.47,8599860.0,73646.43,2885476.0,-44984.92,576511.0,-576.51,1060846.0,1409.38,7095895.0,-120035.45,5759664.0,-126168.57,1924397.0,-33233.92,1989351.0,270.25,2617915.0,-40479.36,7598205.0,10586.38
2024-12-09,19899382.04,98.99,30.5,0.603,MULTI (QQQ+TLT+XLE),2.05,2.05,0.0,4560.46,0.0,NORMAL,471861.0,-17982.86,8167603.0,-67338.46,3579738.0,-161587.24,372815.0,639.75,736274.0,-11152.14,6961887.0,-11816.25,5545300.0,54434.87,2559109.0,14671.98,1365500.0,19090.28,3569117.0,66765.18,7452048.0,-70109.99
2024-12-10,19627831.12,96.28,31.33,0.608,MULTI (QQQ+TLT+XLE),1.97,1.97,0.0,5742.69,0.0,NORMAL,324062.0,-12848.55,8155042.0,-27845.6,2900800.0,-86209.37,301670.0,10630.38,1969511.0,-19773.06,6921137.0,-47506.8,3567083.0,-35513.38,1911541.0,-35530.68,1035717.0,17628.11,4260831.0,541.13,7353884.0,-35123.1
2024-12-11,19910000.54,99.1,30.7,0.64,MULTI (TLT+QQQ+XLE),1.98,1.98,0.0,6162.56,0.0,NORMAL,210456.0,10048.86,7667597.0,145360.8,3051748.0,54631.48,226141.0,17796.61,2443997.0,47768.66,6809151.0,11379.77,2449125.0,50394.56,1170693.0,-153.72,3088104.0,7831.82,4319791.0,7297.35,7945194.0,-70186.77
2024-12-12,19466325.29,94.66,30.94,0.567,MULTI (TLT+QQQ+XLE),2.04,2.04,0.0,4922.49,0.0,NORMAL,0.0,-3183.55,7273631.0,-49828.96,3022973.0,10512.53,154236.0,-3619.35,1701365.0,-24388.23,6876861.0,-55107.77,1729264.0,-21426.06,1860307.0,-27879.45,4345625.0,-46585.91,4526637.0,-125284.46,8219358.0,-96884.05
2024-12-13,19178482.13,91.78,30.35,0.628,MULTI (TLT+QQQ+XLE),1.93,1.93,0.0,5166.35,0.0,NORMAL,0.0,-0.0,7374078.0,55630.29,3225555.0,-85699.76,0.0,6527.18,2612501.0,41915.82,4706532.0,-36647.82,1190197.0,-14653.43,1717702.0,-45164.09,4430738.0,-52683.13,4028558.0,-72659.54,7652923.0,-84408.68
2024-12-16,19189887.43,91.9,31.62,0.664,MULTI (QQQ+XLE+TLT),1.77,1.77,0.0,10519.25,0.0,NORMAL,828103.0,-828.1,8132277.0,105538.43,3199172.0,-5612.36,675519.0,-675.52,1813041.0,38533.34,5083741.0,-103873.57,2275717.0,-32281.23,1407181.0,-24654.51,2902175.0,9161.9,2596705.0,5819.44,5033663.0,20277.49
2024-12-17,19018146.68,90.18,29.77,0.704,MULTI (QQQ+XLE+TLT),1.86,1.86,0.0,8117.82,0.0,NORMAL,1439467.0,-10721.8,8090256.0,-35818.36,3426321.0,-42440.25,1214969.0,24053.68,1222263.0,-24120.53,5789937.0,-38613.73,3387664.0,-16080.49,2950408.0,-27342.36,2198867.0,-11832.53,2111304.0,447.75,3525659.0,10727.88
2024-12-18,17906810.16,79.07,25.7,0.718,MULTI (QQQ+XLE+TLT),1.9,1.9,0.0,7919.62,0.0,NORMAL,1177605.0,-16584.16,6316662.0,-293352.71,2376960.0,-99886.55,680041.0,-101027.66,2116068.0,-39904.75,5912836.0,-171431.07,3646010.0,-114728.53,2445499.0,-112452.15,1566110.0,-42776.01,2723393.0,-73567.03,5021283.0,-45625.9
2024-12-19,17574042.76,75.74,27.41,0.601,MULTI (XLE+QQQ+TLT),1.9,1.9,0.0,5254.66,0.0,NORMAL,714061.0,15689.12,5955047.0,-28463.76,2421809.0,-49626.74,429273.0,-6363.19,1332506.0,-28038.99,5958313.0,-51452.43,4025716.0,-46039.98,1510959.0,-29278.33,2770245.0,1023.68,3093957.0,-33875.89,5257135.0,-76340.89
2024-12-20,17836082.86,78.36,27.39,0.667,MULTI (XLE+QQQ+XOP),1.82,1.82,0.0,6842.82,0.0,NORMAL,1377048.0,21325.17,5846047.0,51841.48,2616560.0,6534.73,290570.0,-14994.91,915421.0,20982.4,5952170.0,58575.11,4258258.0,24170.72,2344219.0,-7722.56,3738634.0,27965.41,1816356.0,45341.71,3373480.0,28020.86
2024-12-23,18143567.09,81.44,32.15,0.561,MULTI (XLE+QQQ+XOP),1.65,1.65,0.0,5365.59,0.0,NORMAL,829073.0,50209.77,5302123.0,56355.12,2413156.0,117984.27,181783.0,6468.11,1634299.0,28029.54,6013467.0,34928.04,4275111.0,46065.76,1475605.0,13367.14,4203233.0,-18086.66,1308711.0,4210.68,2236870.0,-32047.54
2024-12-24,18397020.48,83.97,35.92,0.485,MULTI (GLD+XLE+QQQ),1.65,1.65,0.0,7704.33,0.0,NORMAL,637585.0,3070.11,5072600.0,71594.56,1523802.0,31808.57,127248.0,13306.2,1980517.0,13766.81,5533976.0,50339.49,3559375.0,50476.49,811406.0,3724.56,5716833.0,6867.67,977508.0,1122.04,4328551.0,7376.9
2024-12-26,18404663.88,84.05,35.35,0.514,MULTI (GLD+XLE+TLT),1.7,1.7,0.0,4914.57,0.0,NORMAL,456734.0,-1498.22,5178992.0,-3555.36,1104574.0,-15245.48,0.0,-2368.39,1428586.0,-4015.13,5639654.0,-4686.78,2886055.0,-396.4,1055359.0,1457.87,6289655.0,38061.14,1880966.0,3442.11,5413982.0,-3551.97
2024-12-27,18184602.11,81.85,33.67,0.544,MULTI (GLD+TLT+XLE),1.88,1.88,0.0,5451.82,0.0,NORMAL,1179212.0,-10262.91,5452997.0,-69187.85,805753.0,848.28,0.0,-0.0,1024436.0,-14793.48,5744752.0,-772.97,4165910.0,3222.19,1585505.0,-13415.45,6506109.0,-43472.77,1317224.0,-26873.65,6335629.0,-45353.17
2024-12-30,18148752.37,81.49,32.93,0.61,MULTI (TLT+GLD+XLE),1.95,1.95,0.0,3564.52,0.0,NORMAL,830274.0,3778.09,5257784.0,-72646.91,546138.0,-17941.58,0.0,-0.0,702995.0,-15730.27,5814408.0,-749.52,4297976.0,67671.48,1473754.0,-11846.47,6600221.0,-20867.28,2274585.0,-17217.39,7604240.0,49700.11
2024-12-31,18205394.25,82.05,34.43,0.619,MULTI (TLT+GLD+XLE),1.86,1.86,0.0,2841.99,0.0,NORMAL,1383109.0,-19896.23,5092561.0,-44784.78,416582.0,-7481.95,0.0,-0.0,506595.0,-7343.93,5387100.0,75830.18,4059249.0,56953.38,1284045.0,12369.26,6684309.0,41100.43,1493917.0,-9378.17,7584455.0,-40726.33
2025-01-02,18543411.34,85.43,32.2,0.712,MULTI (TLT+GLD+XLE),1.86,1.86,0.0,1998.66,0.0,NORMAL,1782027.0,41046.21,5328026.0,-10206.31,297985.0,-669.87,0.0,-0.0,363870.0,5332.58,5707804.0,62631.3,3990057.0,74987.58,1399267.0,19815.88,6844071.0,90755.55,1028961.0,33543.94,7669381.0,20780.24
2025-01-03,18720153.03,87.2,33.08,0.733,MULTI (TLT+GLD+XLE),1.9,1.9,0.0,5108.94,0.0,NORMAL,2118599.0,79109.98,5053392.0,86832.17,194920.0,11594.19,0.0,0.0,1281516.0,9631.9,5631540.0,53220.15,2955023.0,21139.68,2239736.0,-6916.57,6681202.0,-53931.1,738410.0,1617.95,8677990.0,-25556.65
2025-01-06,18853016.6,88.53,31.11,0.708,MULTI (TLT+QQQ+GLD),1.87,1.87,0.0,7059.64,0.0,NORMAL,2311427.0,72616.31,5109326.0,58076.16,922150.0,5778.15,0.0,0.0,2314307.0,41492.84,4035702.0,-27323.01,3534925.0,-7998.78,2742377.0,32708.73,4721417.0,-10183.43,521813.0,6892.18,9063461.0,-39195.56
2025-01-07,18539878.35,85.4,32.07,0.69,MULTI (TLT+GLD+QQQ),1.91,1.91,0.0,6305.03,0.0,NORMAL,2287955.0,-143820.68,4976799.0,-91213.57,624083.0,-16084.46,0.0,-0.0,2487254.0,-55277.82,4664194.0,39736.48,2492009.0,38910.96,1174882.0,-9095.06,5415418.0,25930.4,1629575.0,618.02,9589958.0,-102842.51
2025-01-08,18550295.6,85.5,32.22,0.722,MULTI (TLT+GLD+XLE),1.93,1.93,0.0,5454.6,0.0,NORMAL,2160551.0,-616.57,4715978.0,608.26,1317757.0,-27628.77,0.0,0.0,1566162.0,-18624.69,5076170.0,4366.17,1725524.0,15799.55,2302795.0,-7608.67,6096668.0,28134.17,1212333.0,3752.38,9645739.0,12235.4
2025-01-10,18331265.43,83.31,29.32,0.722,MULTI (TLT+GLD+XLE),2.04,2.04,0.0,6474.05,0.0,NORMAL,1479230.0,-65381.97,3358090.0,-75236.09,1733685.0,-63208.34,0.0,-0.0,2180395.0,-32002.33,5510836.0,20345.28,1286288.0,20095.25,2422356.0,-24867.05,7227062.0,57201.73,2489875.0,8023.4,9672791.0,-64000.03
2025-01-13,18345015.45,83.45,31.22,0.671,MULTI (TLT+GLD+XLE),1.98,1.98,0.0,5018.39,0.0,NORMAL,1034996.0,-29583.99,2348295.0,-11791.12,1095469.0,18466.36,0.0,0.0,2461628.0,-22709.17,5529906.0,115868.28,2376324.0,22940.6,2131790.0,55622.65,7329279.0,-72092.48,2825106.0,-59011.11,9103496.0,-3960.0
2025-01-14,18461988.39,84.62,33.16,0.707,MULTI (TLT+GLD+XLE),1.98,1.98,0.0,5081.08,0.0,NORMAL,716802.0,-11726.63,3127570.0,-3011.18,759325.0,-11809.75,0.0,-0.0,1629385.0,7209.63,5211923.0,59057.9,3191414.0,15611.36,1635726.0,14077.92,7279394.0,38386.13,3374315.0,24625.43,9617252.0,-15447.88
2025-01-15,19095860.41,90.96,31.99,0.711,MULTI (TLT+GLD+XLE),1.93,1.93,0.0,4636.93,0.0,NORMAL,487548.0,24118.67,3385638.0,71767.61,523536.0,25051.95,0.0,0.0,2160628.0,37811.97,5286397.0,77130.23,2052736.0,59551.58,2098795.0,25690.39,8007405.0,53841.84,3852501.0,93898.21,9036293.0,165009.57
2025-01-16,19195228.99,91.95,30.72,0.726,MULTI (GLD+TLT+SLV),2.05,2.05,0.0,7954.91,0.0,NORMAL,1986666.0,-11063.57,2465404.0,-24616.37,362577.0,-6787.98,0.0,-0.0,2618115.0,8840.58,4124814.0,37061.53,3339370.0,2523.61,2758833.0,-308.87,8873975.0,54527.68,4271346.0,10615.32,8479670.0,28576.66
2025-01-17,19312815.43,93.13,30.86,0.765,MULTI (GLD+TLT+XLE),2.06,2.06,0.0,5170.83,0.0,NORMAL,2767609.0,60857.36,3412028.0,40707.37,258024.0,9131.23,0.0,0.0,1771362.0,60940.72,4732600.0,31276.09,3825749.0,-10339.65,1633278.0,23301.36,8713996.0,-47209.46,4247850.0,-65544.15,8347285.0,14465.57
2025-01-21,19649861.88,96.5,29.64,0.76,MULTI (GLD+TLT+XLE),2.25,2.25,0.0,7035.09,0.0,BOOST,4117205.0,61416.78,2623872.0,19202.92,183765.0,1665.97,1311576.0,-1311.58,1337373.0,27934.35,5815199.0,-25283.53,4371865.0,-44779.01,1530410.0,23696.93,9652227.0,134134.84,4767954.0,65702.39,8412905.0,74666.39
2025-01-22,19697952.25,96.98,30.59,0.795,MULTI (GLD+TLT+XLE),2.15,2.15,0.0,8687.34,0.0,NORMAL,3788748.0,181917.82,3537725.0,32668.4,0.0,2023.17,242873.0,-28752.81,2233386.0,23491.61,6236150.0,-106280.11,3113714.0,-41053.77,1824261.0,-20065.69,9220013.0,49088.7,5633785.0,836.0,6575916.0,-45782.96
2025-01-23,19622913.36,96.23,32.67,0.698,MULTI (GLD+TLT+XLE),2.16,2.16,0.0,7326.39,0.0,NORMAL,1382480.0,1453.82,2434030.0,6410.26,0.0,-0.0,170427.0,-1668.11,2582483.0,-3026.98,6461290.0,28340.55,3842769.0,4521.17,2290356.0,11321.05,9774846.0,-13613.0,5942957.0,-56602.59,7599212.0,-52175.05
2025-01-24,19510647.9,95.11,32.76,0.768,MULTI (GLD+XLE+SLV),2.06,2.06,0.0,6642.53,0.0,NORMAL,1767637.0,-43624.95,1697330.0,-14478.16,0.0,-0.0,121892.0,-2443.15,3044067.0,-51998.2,6620787.0,-62591.96,4373742.0,-53363.95,1565239.0,-5240.47,10281684.0,60340.84,5332310.0,29320.15,5314196.0,31814.39
2025-01-27,18514429.26,85.14,29.21,0.708,MULTI (TLT+XLE+GLD),2.07,2.07,0.0,9534.92,0.0,NORMAL,752634.0,-300650.7,2987187.0,-50756.39,840085.0,-840.09,125133.0,-2833.16,2131077.0,-299980.55,6602754.0,-68933.36,4741267.0,-84669.83,1593514.0,-51919.38,6337060.0,-110816.57,5556922.0,-86284.91,6666812.0,61466.27
2025-01-28,18660226.8,86.6,32.11,0.624,MULTI (GLD+XLE+SLV),1.88,1.88,0.0,4824.58,0.0,NORMAL,442257.0,66801.45,3118409.0,44063.39,1220315.0,-6522.14,0.0,170.74,2216075.0,41889.87,6425775.0,-62956.07,4735795.0,-24406.67,1445096.0,5548.65,6603663.0,54644.49,4804259.0,33614.87,4143173.0,-7051.04
2025-01-29,18748538.83,87.49,32.35,0.635,MULTI (GLD+XLE+TLT),1.92,1.92,0.0,6628.73,0.0,NORMAL,671835.0,-18385.11,2200076.0,-6768.62,1502809.0,33741.18,0.0,-0.0,2195790.0,-8490.85,6176850.0,14095.38,3341162.0,26511.87,1109208.0,20256.21,7388918.0,-26171.39,5624971.0,63578.76,5733603.0,-10055.42
2025-01-30,19127354.37,91.27,29.41,0.724,MULTI (GLD+TLT+XLE),2.01,2.01,0.0,6054.79,0.0,NORMAL,451966.0,4934.64,1599208.0,8767.17,996201.0,18811.46,1371047.0,-1371.05,2095648.0,51550.55,6501082.0,31383.99,3918058.0,-17526.21,961638.0,6345.57,8322219.0,111087.6,5458972.0,144331.32,6753299.0,20500.5
2025-01-31,18724634.02,87.25,29.67,0.682,MULTI (TLT+GLD+XLE),2.13,2.13,0.0,5723.12,0.0,NORMAL,322769.0,-16719.14,2783655.0,-3510.63,754810.0,-24606.6,443870.0,13855.0,2171112.0,-13337.74,5968326.0,-182058.74,4518341.0,-93919.27,686747.0,-12747.09,8358678.0,16428.01,5346652.0,-39988.11,8485653.0,-46116.04
2025-02-03,18779176.65,87.79,29.85,0.753,MULTI (GLD+TLT+XLE),2.19,2.19,0.0,4293.32,0.0,NORMAL,221181.0,-9259.08,3448990.0,-22965.96,493461.0,-11186.86,891035.0,-23420.58,1435270.0,-43826.17,5761085.0,37210.85,4642181.0,-8552.08,473159.0,-5651.14,9214278.0,43801.55,5688841.0,29693.55,8946525.0,68698.55
2025-02-04,19352180.73,93.52,31.63,0.686,MULTI (GLD+TLT+SLV),2.09,2.09,0.0,5338.49,0.0,NORMAL,109400.0,3657.36,2298416.0,41145.01,1141442.0,21959.75,651249.0,19549.96,946176.0,15663.92,5435862.0,120406.96,4943671.0,112477.7,1600386.0,11754.13,9406871.0,90644.21,5570469.0,108906.02,8412764.0,26839.06
2025-02-05,19533076.58,95.33,32.75,0.685,MULTI (GLD+TLT+SLV),2.08,2.08,0.0,3513.34,0.0,NORMAL,76371.0,5659.49,1675715.0,9796.84,1505144.0,-71978.34,457421.0,-23483.32,709125.0,21958.03,5148327.0,11171.26,4796458.0,-7348.96,1382789.0,14333.73,10467709.0,57409.94,5751723.0,24626.79,8698043.0,138750.39
2025-02-06,19277873.84,92.78,33.12,0.641,MULTI (GLD+TLT+XLE),2.01,2.01,0.0,5635.92,0.0,NORMAL,0.0,2276.71,1259138.0,8321.67,1678410.0,-25057.65,1047343.0,-5251.41,513553.0,3272.86,5428754.0,-95090.78,5186785.0,-106961.01,1466920.0,-7801.78,9641800.0,-28540.28,3637138.0,3758.4,8951883.0,-4129.47
2025-02-07,19052125.18,90.52,31.76,0.617,MULTI (GLD+TLT+SLV),1.97,1.97,0.0,7884.71,0.0,NORMAL,380588.0,-380.59,2481607.0,-17120.39,1834460.0,-39809.64,688691.0,-35857.6,376424.0,-7057.54,3483947.0,-2557.44,3341950.0,-27766.91,2590259.0,-10567.11,9562546.0,17106.06,4072266.0,-43807.01,8748079.0,-57930.49
2025-02-10,19578690.93,95.79,32.47,0.704,MULTI (GLD+TLT+XME),1.9,1.9,0.0,6480.98,0.0,NORMAL,619869.0,10705.1,3283820.0,29267.82,1222655.0,49139.75,1120750.0,-21192.34,239458.0,6954.21,2265329.0,75417.89,3356860.0,121281.7,3989123.0,97150.76,9675927.0,161924.11,2646934.0,22398.07,8743619.0,-26481.3
2025-02-11,19405494.91,94.05,34.24,0.804,MULTI (GLD+TLT+QQQ),1.89,1.89,0.0,5629.1,0.0,NORMAL,281111.0,-3908.59,4012710.0,-8554.33,890646.0,6522.46,1541022.0,-71526.8,172254.0,172.38,3211176.0,17343.05,3798312.0,28514.85,2249365.0,-31688.39,9612115.0,-35361.11,2104491.0,-18654.07,8744529.0,-56055.47
2025-02-12,19141830.99,91.42,33.12,0.717,MULTI (GLD+TLT+QQQ),1.9,1.9,0.0,3281.03,0.0,NORMAL,195037.0,-3596.45,4449158.0,1921.71,594764.0,4669.47,1664807.0,37489.44,0.0,-1108.86,3746098.0,-78041.27,3985236.0,-122756.09,1876440.0,-17388.35,9623467.0,10064.09,1452387.0,23996.58,8876186.0,-118914.19
2025-02-13,19633782.47,96.34,33.69,0.667,MULTI (GLD+TLT+QQQ),1.89,1.89,0.0,4934.57,0.0,NORMAL,134671.0,6105.5,5087446.0,63430.23,464013.0,347.88,1877932.0,96008.5,0.0,0.0,3994144.0,27968.53,2562578.0,21911.91,2136793.0,29926.85,9220595.0,94416.85,2820496.0,4578.01,8734238.0,147257.23
2025-02-14,19536249.53,95.36,34.03,0.55,MULTI (GLD+TLT+QQQ),1.94,1.94,0.0,4073.97,0.0,NORMAL,96692.0,3502.2,5386784.0,21083.07,314010.0,5198.16,1281752.0,-1123.28,0.0,0.0,4248262.0,15790.22,3020433.0,20164.72,2149172.0,-54690.15,8777943.0,-137432.12,4313739.0,-15868.55,8332544.0,45842.78
2025-02-18,19802029.17,98.02,34.0,0.692,MULTI (GLD+TLT+QQQ),1.93,1.93,0.0,3820.43,0.0,NORMAL,69671.0,355.61,5862338.0,11747.64,224049.0,3182.91,904364.0,-6602.74,0.0,0.0,4350057.0,57970.84,3378320.0,34373.89,3179197.0,30715.84,7938864.0,144386.24,4508573.0,88199.35,7825376.0,-98549.95
2025-02-19,19848278.14,98.48,34.94,0.706,MULTI (GLD+TLT+QQQ),1.95,1.95,0.0,3341.47,0.0,NORMAL,0.0,-154.55,6123163.0,1371.67,0.0,578.97,658120.0,16210.01,0.0,0.0,4453809.0,34235.69,3690172.0,41274.44,2239005.0,-45072.97,8597819.0,3744.34,4999731.0,-15580.09,7963711.0,9641.46
2025-02-20,19907343.74,99.07,35.77,0.528,MULTI (GLD+TLT+QQQ),1.93,1.93,0.0,3186.59,0.0,NORMAL,0.0,0.0,6677652.0,-26571.0,0.0,-0.0,432900.0,-11457.66,0.0,0.0,4805509.0,40345.05,3653223.0,-6622.87,943584.0,6401.15,8417185.0,4258.56,5349590.0,23154.63,8229660.0,29557.74
2025-02-21,19516059.58,95.16,31.28,0.644,MULTI (TLT+GLD+QQQ),2.06,2.06,0.0,5471.81,0.0,NORMAL,0.0,-0.0,6847611.0,-138900.8,0.0,-0.0,320141.0,-20369.4,757142.0,-757.14,4645764.0,-99937.72,3840145.0,-114848.74,2741263.0,-41744.22,8427528.0,-7783.33,3720919.0,-65866.73,8861351.0,98923.92
2025-02-24,19447149.31,94.47,34.05,0.693,MULTI (GLD+TLT+QQQ),1.91,1.91,0.0,6154.26,0.0,NORMAL,0.0,-0.0,6506415.0,-81091.36,0.0,-0.0,872219.0,-7448.92,1265777.0,-20427.08,4545094.0,920.26,2435349.0,-15296.98,1268948.0,3663.83,8063574.0,45348.12,4212230.0,-19372.5,7970591.0,24794.35
2025-02-25,19066607.3,90.67,30.58,0.723,MULTI (TLT+GLD+QQQ),2.13,2.13,0.0,6487.36,0.0,NORMAL,0.0,-0.0,7982755.0,-83534.09,0.0,-0.0,1211738.0,-73588.05,2878468.0,-28523.42,3133034.0,-66811.79,2788991.0,-57853.75,1601501.0,-13302.68,8047838.0,-106435.71,4563018.0,-87716.01,8352968.0,137223.5
2025-02-26,19138946.25,91.39,32.46,0.786,MULTI (QQQ+GLD+TLT),1.97,1.97,0.0,5689.6,0.0,NORMAL,740274.0,-740.27,7906960.0,19188.3,0.0,0.0,1390716.0,-48248.32,3157437.0,67083.6,2150209.0,-18789.87,2996125.0,-24171.87,1188405.0,1787.53,7691608.0,11915.17,3025710.0,15855.44,7521344.0,48459.23
2025-02-27,18363408.81,83.63,29.94,0.797,MULTI (TLT+GLD+QQQ),1.94,1.94,0.0,6354.4,0.0,NORMAL,1133607.0,-63216.97,7022923.0,-220251.04,760360.0,-760.36,1521974.0,-42497.53,3470143.0,-195144.11,1546829.0,10964.57,2074285.0,-22250.57,849232.0,-13589.45,7098546.0,-117695.62,2051622.0,-57375.35,8025923.0,-53721.01
2025-02-28,18736576.83,87.37,30.02,0.726,MULTI (GLD+TLT+QQQ),1.76,1.76,0.0,5590.87,0.0,NORMAL,1323459.0,44859.67,6340478.0,110108.54,505365.0,2416.68,1544697.0,59503.43,2927347.0,59763.17,996624.0,23419.8,1372369.0,20567.05,1664446.0,6712.86,7384439.0,-44808.58,1556431.0,-6990.32,7293506.0,97615.73
2025-03-03,18301064.37,83.01,29.03,0.704,MULTI (TLT+QQQ+GLD),1.7,1.7,0.0,6920.53,0.0,NORMAL,1362210.0,-115209.53,5894532.0,-139052.15,353345.0,-8392.75,1668242.0,-44086.35,2934100.0,-122872.53,2213561.0,-36078.87,2355799.0,-67514.0,1111817.0,-54643.09,4777976.0,94626.0,1075947.0,23685.73,7337726.0,34025.08
2025-03-04,18178126.5,81.78,27.63,0.686,MULTI (TLT+QQQ+GLD),1.69,1.69,0.0,5400.77,0.0,NORMAL,931383.0,22596.0,5891537.0,-17803.35,971610.0,8455.53,1172756.0,-74324.66,2930365.0,29175.05,2896489.0,-22129.34,2801052.0,-13696.38,1848736.0,-13804.54,3254277.0,39991.84,725197.0,8995.95,7217169.0,-90393.96
2025-03-05,18292864.93,82.93,30.34,0.661,MULTI (TLT+QQQ+GLD),1.72,1.72,0.0,6399.21,0.0,NORMAL,608927.0,10186.11,5668361.0,76502.54,654447.0,8546.22,759564.0,29991.81,2601473.0,53870.75,3566775.0,-43008.99,3167793.0,-44506.15,1135300.0,57469.29,4192740.0,5841.47,2195566.0,17804.12,6823997.0,-57958.74
2025-03-06,17834109.65,78.34,30.72,0.65,MULTI (TLT+QQQ+XLE),1.72,1.72,0.0,4168.52,0.0,NORMAL,936675.0,-35299.38,5410194.0,-156035.29,550231.0,-18238.32,527183.0,-42780.9,2777804.0,-109379.33,3915343.0,10482.88,2899724.0,-37126.38,786507.0,-18360.78,2930897.0,-22544.72,2940496.0,-6650.9,7052699.0,-22822.16
2025-03-07,18040110.49,80.4,30.1,0.755,MULTI (QQQ+TLT+GLD),1.65,1.65,0.0,5652.12,0.0,NORMAL,1135970.0,17777.92,5194367.0,39528.31,378885.0,7947.35,359773.0,-1726.68,2637388.0,66905.74,3983668.0,66955.53,3156497.0,49364.93,536748.0,-5544.58,4186230.0,276.0,3527001.0,-10500.44,4670997.0,-24983.24
2025-03-10,17544216.84,75.44,29.52,0.781,MULTI (TLT+QQQ+XLE),1.59,1.59,0.0,6763.47,0.0,NORMAL,1280745.0,-57761.97,4645025.0,-201663.02,1115388.0,-14650.3,197717.0,-55605.93,2534034.0,-123752.4,3979563.0,29582.57,2054293.0,-1616.69,1694653.0,-22261.72,2770188.0,-38033.75,2398998.0,-58284.67,5290917.0,48154.25
2025-03-11,17652270.77,76.52,30.93,0.79,MULTI (TLT+QQQ+GLD),1.58,1.58,0.0,4565.39,0.0,NORMAL,1348904.0,21262.95,4711006.0,-11180.72,779468.0,1163.21,124244.0,7421.85,2315996.0,-3876.08,2725246.0,-32849.63,1532730.0,9861.77,1969261.0,53317.32,3987079.0,31303.09,2950583.0,69568.1,5420173.0,-37937.94
2025-03-12,17945162.03,79.45,32.9,0.788,MULTI (TLT+GLD+QQQ),1.55,1.55,0.0,4089.54,0.0,NORMAL,833119.0,86099.58,4224103.0,52603.89,487464.0,32139.93,80214.0,9381.46,2307453.0,68034.68,3221561.0,11991.74,1055880.0,15436.88,1836156.0,8018.43,4779678.0,16555.74,3326028.0,25256.04,5637224.0,-32627.11
2025-03-13,17999940.29,80.0,32.88,0.756,MULTI (TLT+GLD+SLV),1.69,1.69,0.0,5914.81,0.0,NORMAL,572058.0,-1411.58,4159772.0,-76005.2,1032075.0,-13519.2,0.0,-2473.67,1463537.0,-10983.59,3820662.0,-22641.58,1816791.0,-15964.31,1382896.0,8431.87,5728060.0,84005.14,4161046.0,56453.72,6360185.0,48886.65
2025-03-14,18386934.38,83.87,34.47,0.707,MULTI (TLT+GLD+SLV),1.66,1.66,0.0,3317.9,0.0,NORMAL,379754.0,29919.69,3844693.0,100128.31,665502.0,29689.31,0.0,0.0,990008.0,46275.57,3657070.0,112791.67,1992436.0,63286.45,1690462.0,41460.64,6387437.0,1632.75,4164914.0,-4068.9,6769590.0,-34121.4
2025-03-17,18627924.72,86.28,32.4,0.741,MULTI (TLT+GLD+SLV),1.67,1.67,0.0,4552.22,0.0,NORMAL,836926.0,-7143.17,3807698.0,24865.84,1276349.0,23272.71,0.0,-0.0,707905.0,10150.66,2519317.0,57066.24,1447857.0,39913.63,2431203.0,11576.39,6711934.0,34288.68,4354275.0,13386.33,6975040.0,33613.03
2025-03-18,18619261.28,86.19,34.5,0.754,MULTI (TLT+GLD+SLV),1.74,1.74,0.0,4214.7,0.0,NORMAL,507369.0,-29008.26,3758987.0,-64927.56,820296.0,-13622.43,0.0,-0.0,508383.0,-11133.66,3120751.0,3546.71,1930612.0,8133.89,1929914.0,9110.31,7422531.0,77709.14,4722726.0,5290.4,7670765.0,6238.03
2025-03-19,18865533.64,88.66,34.89,0.771,MULTI (TLT+GLD+SLV),1.7,1.7,0.0,2640.7,0.0,NORMAL,341597.0,9011.55,3609304.0,50100.73,1247401.0,21149.92,0.0,0.0,351256.0,4326.37,3386947.0,50692.58,1317584.0,44983.79,1504242.0,11469.16,7469510.0,30473.1,4956187.0,-15557.5,7832306.0,39622.65
2025-03-20,18820086.63,88.2,35.03,0.731,MULTI (TLT+GLD+SLV),1.68,1.68,0.0,2445.31,0.0,NORMAL,180523.0,2771.78,3610319.0,-12247.31,844053.0,10271.56,395791.0,-395.79,242825.0,-663.94,3733783.0,12070.91,918802.0,-1681.84,1531825.0,-10286.29,7442143.0,-9583.15,4640653.0,-40569.44,8125013.0,4866.5
2025-03-21,18595155.36,85.95,31.77,0.756,MULTI (TLT+GLD+SLV),1.8,1.8,0.0,4592.79,0.0,NORMAL,169188.0,-1274.17,2613824.0,10893.88,624921.0,-5728.22,685472.0,20587.84,184983.0,-2493.8,4149966.0,-26491.57,2007468.0,-13997.78,2827348.0,-25225.6,7440919.0,-59967.2,4603255.0,-73068.79,8155856.0,-48165.87
2025-03-24,18791276.63,87.91,33.31,0.748,MULTI (TLT+GLD+SLV),1.61,1.61,0.0,4403.26,0.0,NORMAL,87189.0,5245.63,1666775.0,56354.25,1144928.0,43028.38,771000.0,81797.67,0.0,4632.89,3931816.0,47019.13,1195595.0,28379.65,2005868.0,56279.07,7175318.0,-33363.52,4547720.0,-9246.92,7694714.0,-84004.95
2025-03-25,18988393.61,89.88,35.11,0.735,MULTI (TLT+GLD+SLV),1.68,1.68,0.0,4219.39,0.0,NORMAL,0.0,-603.73,2156287.0,9031.55,753397.0,9253.01,961081.0,26839.5,0.0,-0.0,4180628.0,15859.26,859384.0,24.17,1429719.0,13812.92,7702282.0,31078.63,4833613.0,93920.05,8935295.0,-2098.39
2025-03-26,18803331.93,88.03,32.91,0.747,MULTI (TLT+GLD+SLV),1.74,1.74,0.0,2979.36,0.0,NORMAL,0.0,-0.0,1525234.0,-40268.45,1193276.0,-30787.17,1069348.0,-53796.24,788764.0,-788.76,4340463.0,24527.43,622353.0,3714.32,1610556.0,-14271.16,7689688.0,-6368.17,4685523.0,-8043.29,9126199.0,-58980.17
2025-03-27,18892396.74,88.92,33.68,0.819,MULTI (TLT+GLD+SLV),1.84,1.84,0.0,4296.32,0.0,NORMAL,0.0,-0.0,2156119.0,-9330.51,1451969.0,-38632.61,623322.0,3755.5,1483987.0,-15845.39,4191919.0,-42224.22,428057.0,-6404.53,1248727.0,1568.92,8575391.0,102303.29,5468751.0,120581.33,9195843.0,-26706.94
2025-03-28,18798751.23,87.99,33.61,0.804,MULTI (TLT+GLD+SLV),1.91,1.91,0.0,3571.48,0.0,NORMAL,0.0,-0.0,2683881.0,-57350.26,970763.0,-47131.69,319908.0,-22144.54,1888493.0,-38470.82,4324926.0,-20013.42,301059.0,-3825.22,1630468.0,-38480.33,9179677.0,63021.13,5069396.0,-56218.28,9571247.0,126967.92
2025-03-31,19032664.25,90.33,30.83,0.821,MULTI (GLD+TLT+XLE),1.93,1.93,0.0,6574.33,0.0,NORMAL,0.0,-0.0,3180117.0,-610.99,684947.0,-4795.64,704894.0,-5719.06,2372623.0,-6720.97,3832396.0,47186.89,1639850.0,1036.52,1919128.0,-18448.65,9815068.0,131346.21,3415846.0,-3287.24,9088683.0,93925.95
2025-04-01,19140496.68,91.4,32.56,0.805,MULTI (GLD+TLT+XLE),1.96,1.96,0.0,3495.8,0.0,NORMAL,0.0,0.0,3211978.0,25628.98,472982.0,54.45,884698.0,25140.7,2324101.0,11384.21,4594957.0,21815.71,1122332.0,8686.44,1373176.0,-3285.36,10116969.0,-19737.78,3831848.0,-40136.44,9643365.0,78281.54
2025-04-02,19284891.4,92.85,31.93,0.809,MULTI (TLT+GLD+XLE),2.18,2.18,0.0,6567.42,0.0,NORMAL,0.0,0.0,3582888.0,23095.38,328582.0,683.11,3454335.0,44602.54,2565149.0,17276.34,5631134.0,5324.44,846184.0,10728.54,1283873.0,13896.14,9502903.0,20121.77,4447421.0,15663.97,10311285.0,-6997.53
2025-04-03,17737082.67,77.37,26.21,0.778,MULTI (TLT+GLD+SLV),2.08,2.08,0.0,6718.11,0.0,NORMAL,0.0,-0.0,3438544.0,-191852.63,228653.0,-29303.53,682157.0,-191694.5,2365168.0,-221921.72,3622925.0,-443657.73,306642.0,-90856.37,1656180.0,-96622.58,10037659.0,-57973.31,3702667.0,-270847.61,10803385.0,46921.27
2025-04-04,16411898.18,64.12,26.79,0.748,MULTI (TLT+GLD+QQQ),1.72,1.72,0.0,7624.63,0.0,NORMAL,0.0,-0.0,2717107.0,-214071.62,129307.0,-19678.57,738736.0,-71207.0,1330392.0,-179480.47,2041911.0,-334553.63,148597.0,-32853.28,1595363.0,-119557.12,7292291.0,-237314.12,2642215.0,-232805.85,9638550.0,116337.16
2025-04-07,15997485.97,59.97,26.91,0.751,MULTI (TLT+GLD+TSLA),1.57,1.57,0.0,7213.68,0.0,NORMAL,0.0,0.0,2634350.0,6467.44,0.0,-3322.6,2847656.0,-21072.19,861696.0,29670.4,1927552.0,-13323.15,0.0,-788.51,1717357.0,33477.24,6041663.0,-157774.7,2517748.0,5723.87,6538157.0,-293470.0
2025-04-08,15617892.82,56.18,29.62,0.615,MULTI (TLT+GLD+QQQ),1.3,1.3,0.0,8067.9,0.0,NORMAL,463617.0,-463.62,2675888.0,-47529.5,411015.0,-411.02,531094.0,-141697.31,1168822.0,-23398.86,1928751.0,-44632.06,461060.0,-461.06,1134791.0,-26923.61,3925289.0,30740.3,1582296.0,-935.45,5965434.0,-123880.96
2025-04-09,16986933.11,69.87,30.06,0.7,MULTI (TLT+GLD+SLV),1.02,1.02,0.0,4908.12,0.0,NORMAL,197446.0,86448.8,1545345.0,319737.23,149503.0,97546.4,518674.0,120372.15,456435.0,199660.73,1559104.0,148855.95,242021.0,53248.55,1097549.0,109979.09,3727372.0,144858.23,1908508.0,53364.57,5857077.0,34968.6
2025-04-10,16613400.44,66.13,32.31,0.664,MULTI (TLT+GLD+SLV),1.06,1.06,0.0,2077.63,0.0,NORMAL,143335.0,-11716.82,1704860.0,-65952.24,106927.0,-12596.63,243908.0,-37965.75,653884.0,-31880.57,1633392.0,-102021.39,524453.0,-20197.65,744055.0,-35213.53,4230743.0,90623.42,2007759.0,14879.15,5675483.0,-161490.67
2025-04-11,16932164.68,69.32,36.59,0.733,MULTI (TLT+GLD+SLV),1.01,1.01,0.0,1599.33,0.0,NORMAL,69408.0,4398.74,1403713.0,31076.24,54312.0,5607.53,151078.0,-179.71,311411.0,16636.6,1368478.0,40221.52,597815.0,15918.82,860452.0,29088.54,4344203.0,80718.06,2243534.0,64434.92,5682400.0,30842.96
2025-04-14,16985749.11,69.86,39.55,0.62,MULTI (TLT+GLD+SLV),0.91,0.91,0.0,2729.65,0.0,NORMAL,47810.0,-159.11,1041318.0,9142.7,0.0,584.7,102111.0,-25.03,421209.0,354.75,1009223.0,4492.97,300488.0,-741.46,1302320.0,10604.72,4050630.0,-25056.71,2273345.0,14588.03,4975764.0,39798.89
2025-04-15,17024527.02,70.25,42.76,0.492,MULTI (TLT+GLD+SLV),0.88,0.88,0.0,993.13,0.0,NORMAL,210025.0,481.89,1023201.0,1141.58,0.0,0.0,71704.0,681.05,267156.0,2580.1,987682.0,-1549.72,211007.0,-1597.54,897552.0,-3986.24,4108918.0,21157.34,2256755.0,2302.46,4934185.0,17567.01
2025-04-16,17169393.27,71.69,38.21,0.496,MULTI (TLT+GLD+SLV),0.92,0.92,0.0,2002.96,0.0,NORMAL,505409.0,-14742.03,1394107.0,-31254.85,0.0,-0.0,53102.0,-3559.19,597893.0,-11624.9,709071.0,7834.62,392326.0,3650.05,629721.0,6662.47,4354838.0,133595.31,2219754.0,26793.17,4942465.0,27511.6
2025-04-17,17095023.63,70.95,40.23,0.704,MULTI (TLT+GLD+SLV),0.93,0.93,0.0,2152.77,0.0,NORMAL,249758.0,-14751.94,1048632.0,-596.3,0.0,-0.0,35515.0,-57.12,274847.0,-5916.47,1163794.0,15575.48,730150.0,10626.09,991504.0,-707.07,4284658.0,-19171.81,2158348.0,-15709.41,4905708.0,-43661.11
2025-04-21,17034274.28,70.34,40.09,0.648,MULTI (TLT+GLD+SLV),0.9,0.9,0.0,1096.68,0.0,NORMAL,167856.0,-11341.57,1042205.0,-25969.8,0.0,-0.0,0.0,-2074.28,205242.0,-6772.41,875973.0,-30673.06,585696.0,-22171.08,1204645.0,-25782.66,4211241.0,132342.43,2202567.0,17503.17,4760951.0,-85810.09
2025-04-22,17066534.02,70.67,40.38,0.767,MULTI (TLT+GLD+SLV),0.92,0.92,0.0,1067.99,0.0,NORMAL,112746.0,3370.97,1368018.0,27061.67,0.0,0.0,0.0,0.0,133615.0,4371.23,837248.0,22232.79,608868.0,14397.64,1197460.0,16017.61,4376081.0,-60006.0,2362010.0,-21622.53,4651115.0,26436.38
2025-04-23,17160233.04,71.6,38.1,0.833,MULTI (TLT+GLD+SLV),0.93,0.93,0.0,1416.65,0.0,NORMAL,76030.0,4314.16,1363996.0,30989.05,0.0,0.0,0.0,0.0,103748.0,4846.15,1253300.0,-1960.65,888439.0,1747.88,1383732.0,29097.96,3968662.0,-105234.92,2369445.0,84794.76,4622595.0,45104.66
2025-04-24,17385257.5,73.85,40.91,0.792,MULTI (TLT+GLD+SLV),0.79,0.79,0.0,3526.57,0.0,NORMAL,388419.0,2444.06,1001464.0,37978.01,163834.0,-163.83,0.0,0.0,65956.0,5204.08,613003.0,19394.91,426356.0,8923.33,957771.0,45777.21,3421575.0,57164.09,2151383.0,-218.06,4489103.0,48520.67
2025-04-25,17365645.0,73.66,37.5,0.795,MULTI (TLT+GLD+SLV),0.84,0.84,0.0,2429.6,0.0,BOOST,713905.0,16406.11,1612399.0,10564.51,145235.0,3758.28,261225.0,-261.23,484103.0,529.67,434729.0,-1291.13,302363.0,2179.95,679231.0,-11318.58,3332858.0,-37147.24,2246955.0,-36034.8,4455965.0,33001.99
2025-04-28,17442876.35,74.43,38.92,0.793,MULTI (TLT+GLD+SLV),0.79,0.79,0.0,2194.06,0.0,BOOST,849901.0,-14813.33,717440.0,-1406.29,301922.0,-547.78,450383.0,664.26,576584.0,-3110.18,303967.0,2926.48,204368.0,3418.68,474925.0,4356.09,3223508.0,47310.09,2212403.0,10423.42,4546065.0,28009.9
2025-04-29,17434123.76,74.34,40.32,0.754,MULTI (TLT+GLD+SLV),0.8,0.8,0.0,1148.37,0.0,BOOST,938440.0,2180.43,795878.0,4664.59,203055.0,-1131.49,518332.0,9630.6,260617.0,-1300.37,213723.0,-968.57,153604.0,-1456.94,655303.0,-514.47,3196755.0,-31398.14,2336533.0,-26532.31,4626920.0,38074.09
2025-04-30,17321747.55,73.22,38.13,0.757,MULTI (TLT+GLD+SLV),0.85,0.85,0.0,2288.24,0.0,BOOST,1065973.0,-989.14,583351.0,-312.84,148525.0,2669.6,245666.0,-17773.66,182340.0,1147.44,605128.0,-6158.13,534547.0,-4700.35,1181661.0,-6638.46,3145157.0,-23946.51,2293935.0,-18040.05,4777833.0,-37634.1
2025-05-01,17261804.97,72.62,39.22,0.741,MULTI (TLT+GLD+SLV),0.83,0.83,0.0,819.32,0.0,BOOST,1119502.0,26299.17,396493.0,7424.52,103297.0,-1112.13,162722.0,-1509.42,126815.0,823.89,617481.0,2245.08,683225.0,9469.35,1223802.0,2476.82,3110554.0,-65362.84,2186153.0,-16366.12,4649079.0,-24330.9
2025-05-02,17285635.57,72.86,38.33,0.762,MULTI (TLT+GLD+SLV),0.86,0.86,0.0,1686.83,0.0,BOOST,947408.0,28787.06,295881.0,5779.01,100254.0,2292.53,432518.0,3614.77,98293.0,3987.56,480827.0,8872.0,895036.0,13442.05,1339481.0,22662.44,2976644.0,5298.52,2645420.0,-20562.99,4618743.0,-50342.34
2025-05-05,17335869.96,73.36,37.45,0.741,MULTI (TLT+SLV+GLD),0.95,0.95,0.0,3335.72,0.0,BOOST,1038837.0,-5723.66,229947.0,-1819.51,440839.0,1477.58,577955.0,-10622.07,75790.0,-659.12,1133346.0,-9341.69,727773.0,-15646.46,793782.0,-1941.69,2951466.0,88791.6,3756899.0,31625.47,4700765.0,-25906.06
2025-05-06,17512302.2,75.12,36.01,0.824,MULTI (TLT+SLV+GLD),1.01,1.01,0.0,2613.37,0.0,NORMAL,1076155.0,-2595.33,212075.0,-2154.63,612765.0,-8814.13,394151.0,-10299.13,0.0,-778.62,785702.0,-66.29,975211.0,913.4,1498265.0,8422.23,3028705.0,82706.41,3718547.0,94172.11,5417135.0,14926.21
2025-05-07,17427756.44,74.28,36.44,0.713,MULTI (TLT+SLV+GLD),0.99,0.99,0.0,2259.86,0.0,NORMAL,1165700.0,33307.04,156678.0,776.36,669425.0,10765.45,286911.0,1136.87,356379.0,-356.38,569654.0,76.34,497413.0,813.78,1308548.0,-17959.23,2920940.0,-45471.91,3413032.0,-90041.55,5931370.0,22407.48
2025-05-08,17351615.02,73.52,31.4,0.74,MULTI (TLT+XME+NVDA),1.28,1.28,0.0,8527.21,0.0,BOOST,2645384.0,1610.51,0.0,1459.39,1460768.0,8155.69,1111365.0,8117.36,420524.0,3065.11,1364206.0,6709.38,1360590.0,15442.33,3270199.0,8073.72,2156527.0,-58232.69,2603199.0,-4278.5,5730689.0,-66263.72
2025-05-09,17515259.55,75.15,34.1,0.691,MULTI (TLT+SLV+TSLA),1.37,1.37,0.0,11006.47,0.0,NORMAL,1334472.0,-17522.87,1139676.0,-1139.68,1143585.0,16040.82,2746427.0,50860.12,377827.0,2701.83,2468892.0,12616.25,2329563.0,20449.63,950597.0,27600.55,1502973.0,14975.7,2815248.0,29861.72,7110443.0,7200.46
2025-05-12,17931299.51,79.31,30.4,0.682,MULTI (TLT+XLE+NVDA),1.45,1.45,0.0,9234.45,0.0,NORMAL,3097034.0,70953.84,1828181.0,45788.53,1570485.0,58345.73,763314.0,183099.8,1027989.0,23068.08,3122700.0,63806.04,1671014.0,86093.86,2092971.0,10751.99,1087697.0,-42742.58,2273439.0,-16585.9,7419756.0,-66539.44
2025-05-13,18378489.19,83.78,30.59,0.621,MULTI (TLT+XLE+QQQ),1.39,1.39,0.0,5942.59,0.0,NORMAL,1777703.0,172997.61,2514765.0,27204.21,1804961.0,62868.71,556283.0,37372.05,1451224.0,34901.62,3371107.0,43730.04,1126002.0,54707.04,2041384.0,17982.36,742648.0,4282.81,1609813.0,22331.73,8464903.0,-31188.5
2025-05-14,18431151.68,84.31,31.18,0.653,MULTI (TLT+QQQ+XLE),1.36,1.36,0.0,4755.18,0.0,NORMAL,1733932.0,73901.79,2902051.0,14698.74,2043555.0,84267.84,392458.0,22476.44,999544.0,13894.95,2315392.0,-21473.13,1888475.0,-6249.83,1721612.0,-19126.6,1497495.0,-16394.17,1092353.0,-37055.33,8511667.0,-56278.22
2025-05-15,18471307.05,84.71,31.82,0.564,MULTI (TLT+QQQ+XLE),1.47,1.47,0.0,4528.14,0.0,NORMAL,1417323.0,-6843.97,3749937.0,2344.97,2372882.0,-47768.09,275508.0,-5597.37,789396.0,-3672.97,2969271.0,9133.53,2517918.0,-17932.59,1408064.0,-604.64,2089914.0,23337.43,747301.0,13085.87,8733891.0,74673.21
2025-05-16,18530066.49,85.3,33.66,0.696,MULTI (TLT+QQQ+XLE),1.45,1.45,0.0,3945.45,0.0,NORMAL,1750532.0,5664.62,4036742.0,16050.89,2499065.0,44904.32,193275.0,5666.16,548654.0,-2506.38,3373165.0,-4917.23,1560090.0,-3361.77,1697581.0,8298.97,2525175.0,-25721.42,520824.0,-8042.51,8141070.0,22723.79
2025-05-19,18425719.6,84.26,33.13,0.635,MULTI (TLT+QQQ+XLE),1.64,1.64,0.0,5975.12,0.0,NORMAL,2216908.0,1733.66,5049384.0,2861.08,2516840.0,-51897.95,149526.0,-4396.63,417686.0,-1042.94,4048101.0,-44520.84,1222293.0,-16364.03,1054753.0,783.77,2893110.0,32190.54,370549.0,1980.67,10208036.0,-25674.22
2025-05-20,18304812.85,83.05,33.37,0.748,MULTI (TLT+QQQ+XLE),1.6,1.6,0.0,5344.6,0.0,NORMAL,1483747.0,-20173.0,5125625.0,-16923.67,1665991.0,-27804.02,657233.0,249.23,285721.0,-929.17,4474558.0,-37888.84,863391.0,-6751.42,796536.0,2044.29,3149590.0,53673.6,1421851.0,7900.17,9380518.0,-74303.92
2025-05-21,17922393.8,79.22,28.78,0.697,MULTI (TLT+QQQ+GLD),1.79,1.79,0.0,7756.0,0.0,NORMAL,1886113.0,-28917.87,5501680.0,-71676.59,1242147.0,-21684.34,430927.0,-17795.1,0.0,-5016.99,2998193.0,-83829.48,1628848.0,-19728.46,1686033.0,-11722.03,4768275.0,21644.38,2620751.0,16751.49,9350734.0,-160444.06
2025-05-22,17871846.84,78.72,32.11,0.651,MULTI (TLT+QQQ+XLE),1.76,1.76,0.0,4560.17,0.0,NORMAL,1231720.0,14070.64,5726721.0,10080.25,851338.0,-15340.12,295347.0,8123.92,0.0,-0.0,3525953.0,-12232.62,2150090.0,-1466.13,1550176.0,-17320.1,3420349.0,-43559.71,2942014.0,-41593.54,9707870.0,48690.46
2025-05-23,17983348.09,79.83,31.4,0.698,MULTI (TLT+QQQ+XME),1.91,1.91,0.0,5927.56,0.0,NORMAL,893823.0,-14603.87,5632773.0,-53074.68,599970.0,-3324.22,249891.0,-1516.23,975297.0,-975.3,3827507.0,10925.97,1413179.0,1219.98,4298808.0,41235.99,3533243.0,74889.18,3331213.0,40799.01,9548428.0,15925.42
2025-05-27,18426741.97,84.27,31.76,0.592,MULTI (TLT+QQQ+SLV),1.68,1.68,0.0,6703.28,0.0,NORMAL,641571.0,28380.73,5055619.0,131802.33,410525.0,22902.94,724140.0,16885.39,1795135.0,30140.95,2624648.0,31908.84,995397.0,21896.68,2754576.0,111091.58,3320362.0,-60038.47,3500366.0,-24261.23,9106683.0,132684.15
2025-05-28,18206229.81,82.06,31.79,0.664,MULTI (TLT+QQQ+XLE),1.68,1.68,0.0,6348.29,0.0,NORMAL,1441373.0,-4070.07,5074740.0,-22447.45,282905.0,-6213.45,492060.0,-12173.11,2443363.0,-19793.33,3438461.0,-34171.0,1733647.0,-17865.64,2035698.0,-25804.74,2363919.0,-8472.92,2525794.0,-29893.41,8763506.0,-39607.05
2025-05-29,18416191.72,84.16,31.7,0.642,MULTI (TLT+QQQ+XLE),1.69,1.69,0.0,4180.41,0.0,NORMAL,1987400.0,46331.32,5259660.0,9800.77,195664.0,338.47,359226.0,1974.47,2699657.0,17101.26,4147516.0,25005.4,1263101.0,7281.6,2168745.0,-18210.37,1647142.0,13274.76,3011625.0,26500.87,8302343.0,80563.35
2025-05-30,18191171.88,81.91,30.13,0.656,MULTI (TLT+QQQ+XLE),1.78,1.78,0.0,4696.18,0.0,NORMAL,2150285.0,-58190.88,5538130.0,-8582.57,0.0,-4173.16,257705.0,-12086.13,2970235.0,-48210.68,4731997.0,-37427.99,2097325.0,-17841.16,1321482.0,-9107.14,1218132.0,-11251.33,3490326.0,-30326.51,8665566.0,12177.71
2025-06-02,18575903.87,85.76,31.28,0.584,MULTI (TLT+QQQ+XLE),1.78,1.78,0.0,6551.65,0.0,NORMAL,1335374.0,34952.82,5074449.0,43234.71,0.0,0.0,164305.0,-2894.81,1849952.0,42816.45,4999243.0,61897.44,2545916.0,27122.36,3472177.0,42089.57,1939346.0,31690.38,3262348.0,184574.33,8480754.0,-80751.27
2025-06-03,18824571.86,88.25,31.71,0.631,MULTI (TLT+XLE+QQQ),1.76,1.76,0.0,3708.2,0.0,NORMAL,974212.0,36927.35,5225887.0,39554.74,0.0,0.0,0.0,592.47,2332969.0,41302.33,5514665.0,58857.36,3040942.0,52527.48,2843686.0,67505.72,1386253.0,-17709.89,3547643.0,-15791.48,8305777.0,-15098.09
2025-06-04,18855063.34,88.55,31.47,0.545,MULTI (TLT+XLE+QQQ),1.74,1.74,0.0,2988.99,0.0,NORMAL,677116.0,4527.07,5404476.0,14404.83,0.0,0.0,0.0,-0.0,2623684.0,27493.76,5721528.0,-107862.84,3333058.0,-74889.84,2080192.0,35122.62,1045693.0,8580.72,3708128.0,-11455.66,8182244.0,134570.82
2025-06-05,18912212.65,89.12,30.83,0.545,MULTI (TLT+QQQ+XLE),1.77,1.77,0.0,6134.73,0.0,NORMAL,484538.0,-9391.58,5586899.0,-40902.05,0.0,-0.0,430681.0,-430.68,2907526.0,-4978.38,5265211.0,-6036.13,2080819.0,-9534.54,4472816.0,-2392.62,776870.0,-5544.17,3912512.0,131261.49,7602782.0,5097.98
2025-06-06,19089848.23,90.9,32.88,0.572,MULTI (TLT+QQQ+XLE),1.55,1.55,0.0,6151.17,0.0,NORMAL,329895.0,5827.26,5315386.0,54287.38,0.0,0.0,710178.0,15529.44,1929796.0,15550.78,5213075.0,98889.1,2616616.0,50017.61,1175610.0,16212.49,542048.0,-10646.94,4124674.0,28753.43,7551644.0,-96784.96
2025-06-09,19307154.7,93.07,31.7,0.602,MULTI (XLE+QQQ+TLT),1.53,1.53,0.0,5543.89,0.0,NORMAL,237952.0,2024.27,5294136.0,7795.98,800331.0,-800.33,482494.0,32079.77,2656517.0,31604.86,5325037.0,9897.48,3017241.0,21704.34,1873426.0,16658.89,380589.0,2393.66,4217043.0,88318.85,5222675.0,5628.7
2025-06-10,19555820.38,95.56,31.05,0.59,MULTI (QQQ+XLE+SLV),1.7,1.7,0.0,8537.52,0.0,NORMAL,0.0,1978.69,7705455.0,32638.01,1330265.0,9407.66,355254.0,27223.93,3827019.0,51711.08,6409056.0,93953.11,4099316.0,43394.07,1690421.0,-16504.98,0.0,-268.99,4127512.0,-20276.76,3764230.0,25409.87
2025-06-11,19635414.68,96.35,30.66,0.621,MULTI (QQQ+XLE+TLT),1.91,1.91,0.0,5727.26,0.0,NORMAL,0.0,-0.0,8099609.0,-26384.11,952902.0,-23022.3,247037.0,261.82,4911479.0,-3861.99,6576567.0,92602.97,4778439.0,77419.54,1370095.0,-11267.12,1422955.0,-1422.96,4221298.0,-34907.33,4995424.0,10175.77
2025-06-12,19801989.17,98.02,32.68,0.698,MULTI (QQQ+XLE+TLT),1.9,1.9,0.0,6248.99,0.0,NORMAL,0.0,0.0,8177184.0,18957.78,1722168.0,-21556.6,170225.0,-5610.93,3141346.0,22024.35,6174035.0,22438.78,4463316.0,30518.8,1079252.0,10765.9,2832298.0,16281.72,4003301.0,13860.33,5893284.0,58894.35
2025-06-13,19793900.53,97.94,29.75,0.739,MULTI (QQQ+TLT+XLE),2.04,2.04,0.0,5155.41,0.0,NORMAL,0.0,-0.0,8110786.0,-102697.61,2068153.0,-34387.31,124975.0,3258.76,3808476.0,-74275.59,6446591.0,107500.93,4878647.0,118766.87,1463056.0,7441.17,4096269.0,35877.83,2826084.0,-12064.61,6556094.0,-57509.08
2025-06-16,20074470.81,100.74,31.65,0.686,MULTI (QQQ+XLE+TLT),1.91,1.91,0.0,3423.62,0.0,NORMAL,0.0,0.0,7353238.0,111949.58,1971964.0,181860.03,0.0,1341.1,3571563.0,94365.76,6511882.0,-19109.78,4863333.0,11730.49,1117279.0,19109.29,4458262.0,-58829.5,1963326.0,4274.9,6438093.0,-66121.58
2025-06-17,20241773.62,102.42,31.48,0.717,MULTI (QQQ+XLE+TLT),1.89,1.89,0.0,3579.17,0.0,NORMAL,0.0,-0.0,7251213.0,-71734.01,2287880.0,10772.72,0.0,-0.0,3773355.0,-24499.44,6873385.0,60489.18,5130884.0,63007.7,797766.0,8612.44,3012120.0,839.52,2677546.0,41531.04,6452452.0,78283.66
2025-06-18,20120210.95,101.2,32.64,0.696,MULTI (QQQ+XLE+TLT),1.92,1.92,0.0,4009.08,0.0,NORMAL,0.0,0.0,7393100.0,-1376.34,2227738.0,-5634.71,0.0,0.0,2663362.0,13300.12,7088291.0,-45224.32,4750173.0,-37256.33,556618.0,-1196.1,4036262.0,-17262.52,2983335.0,-37641.54,6923309.0,10729.07
2025-06-20,20106227.86,101.06,30.89,0.734,MULTI (QQQ+XLE+TLT),1.98,1.98,0.0,9260.14,0.0,NORMAL,1230051.0,-1230.05,8367737.0,-31192.4,2569415.0,25160.82,0.0,0.0,3542015.0,-24433.18,7386600.0,72202.05,3567146.0,23277.41,1857645.0,-10910.42,2821853.0,-2903.99,3185387.0,-49570.04,5311754.0,-14383.3
2025-06-23,19991898.66,99.92,30.07,0.703,MULTI (QQQ+XLE+GLD),1.86,1.86,0.0,7125.93,0.0,NORMAL,813290.0,2316.78,7839239.0,85426.63,2528573.0,26780.46,428579.0,-428.58,3849676.0,22169.86,6580518.0,-187414.5,3785901.0,-129331.6,1292022.0,20703.4,4079374.0,7394.94,2211957.0,22367.69,3818144.0,15685.71
2025-06-24,20252381.13,102.52,31.65,0.655,MULTI (QQQ+XLE+TLT),1.82,1.82,0.0,6984.17,0.0,NORMAL,566066.0,20773.29,7598429.0,119516.63,2382299.0,172376.23,258143.0,-10251.62,2425774.0,139828.43,6095698.0,-86068.33,3639223.0,-27128.58,2311440.0,-5904.24,4976127.0,-65086.1,1539565.0,-24137.42,5003576.0,26564.19
2025-06-25,20342232.88,103.42,33.05,0.692,MULTI (QQQ+TLT+XLE),1.88,1.88,0.0,7895.51,0.0,NORMAL,1633286.0,23490.74,8530320.0,18512.21,2430267.0,85493.24,195258.0,-9849.01,3226801.0,31927.94,5581877.0,-27050.23,2423716.0,-55164.4,1227247.0,-15441.93,5511418.0,14593.84,1067655.0,18393.68,6361691.0,4945.68
2025-06-26,20630977.82,106.31,33.97,0.644,MULTI (QQQ+TLT+GLD),1.9,1.9,0.0,6783.97,0.0,NORMAL,2255267.0,6900.44,8639285.0,79733.18,2314965.0,4625.22,97245.0,-1152.08,3758393.0,22942.55,3882674.0,78112.92,1740908.0,30797.44,2608749.0,31800.26,5889850.0,-6485.93,761963.0,10357.01,7266166.0,31113.95
2025-06-27,20478763.0,104.79,31.92,0.706,MULTI (TLT+QQQ+GLD),1.98,1.98,0.0,6096.69,0.0,NORMAL,3072178.0,38939.43,8794405.0,29451.08,2316971.0,2094.54,0.0,-738.38,4127563.0,16188.66,2756450.0,-21481.39,1227230.0,-8407.88,2182759.0,-36052.34,6452739.0,-107415.68,516903.0,-16683.73,9064344.0,-48109.14
2025-06-30,20679939.92,106.8,33.76,0.68,MULTI (TLT+QQQ+GLD),1.97,1.97,0.0,4330.61,0.0,NORMAL,3692069.0,4059.11,8755615.0,56865.85,1549541.0,-31509.36,0.0,-0.0,4623337.0,6330.28,3470763.0,-16564.49,858770.0,-13862.1,2557765.0,27274.27,5888276.0,76691.36,359162.0,2850.06,8994541.0,89041.93
2025-07-01,20484226.67,104.84,32.56,0.753,MULTI (TLT+QQQ+GLD),2.03,2.03,0.0,4340.29,0.0,NORMAL,3616270.0,-109634.28,8933304.0,-74056.69,1066884.0,-63645.89,0.0,-0.0,4814591.0,-50639.61,4181525.0,25916.46,611320.0,7117.71,1942407.0,-2896.14,7221767.0,51260.2,0.0,-1234.05,9219458.0,22099.06
2025-07-02,20900007.66,109.0,33.48,0.695,MULTI (TLT+QQQ+GLD),2.03,2.03,0.0,2225.05,0.0,NORMAL,3650127.0,93118.76,8799694.0,62028.61,700298.0,18505.09,0.0,0.0,4899451.0,94418.14,4442743.0,71737.71,426838.0,11367.41,3128873.0,83350.56,7264306.0,39916.4,0.0,0.0,9076004.0,-58661.69
2025-07-03,20962392.95,109.62,34.92,0.66,MULTI (TLT+QQQ+GLD),2.09,2.09,0.0,2445.51,0.0,NORMAL,3782770.0,48429.52,8970421.0,86506.59,493114.0,-3288.0,0.0,-0.0,4995010.0,41232.16,5172456.0,4385.93,328139.0,-461.53,2842092.0,-732.93,7326575.0,-49675.55,0.0,0.0,9810560.0,-64010.91
2025-07-07,20608551.11,106.09,32.6,0.731,MULTI (TLT+QQQ+GLD),2.1,2.1,0.0,2874.71,0.0,NORMAL,2713579.0,-27157.15,9001618.0,-67671.65,351156.0,-11251.02,557140.0,-557.14,4985894.0,-68039.68,5297289.0,-50098.42,0.0,-3931.84,3101218.0,-36800.48,7507710.0,5310.35,0.0,-0.0,9732387.0,-93644.8
2025-07-08,20746725.03,107.47,33.07,0.719,MULTI (TLT+QQQ+GLD),2.11,2.11,0.0,5658.55,0.0,NORMAL,1867442.0,29304.93,8821152.0,4869.83,238256.0,7746.39,365157.0,7135.95,4851341.0,66097.22,5183703.0,142332.15,0.0,0.0,2289551.0,-25445.86,8193142.0,-79169.94,1768643.0,-1768.64,10220074.0,-12928.09
2025-07-09,20966388.26,109.66,33.92,0.693,MULTI (TLT+QQQ+GLD),2.05,2.05,0.0,5701.11,0.0,NORMAL,2582268.0,32932.82,8915925.0,62411.45,177492.0,958.17,253035.0,-2476.2,4936389.0,33148.52,3519044.0,-27993.59,0.0,-0.0,1370144.0,-5252.75,8130392.0,36534.47,3316199.0,-16970.24,9778531.0,106370.56
2025-07-10,21221216.0,112.21,32.08,0.756,MULTI (TLT+QQQ+GLD),2.12,2.12,0.0,7354.1,0.0,NORMAL,3032741.0,18910.53,8934967.0,-12854.59,782463.0,6775.99,197203.0,11896.37,3573744.0,34920.19,2570589.0,25799.49,0.0,0.0,3767250.0,70694.25,7787643.0,17735.7,4539490.0,74220.23,9803942.0,6729.6
2025-07-11,21402381.21,114.02,32.45,0.727,MULTI (TLT+QQQ+GLD),2.07,2.07,0.0,3075.06,0.0,NORMAL,3520549.0,14681.67,9004322.0,-20197.98,547086.0,12019.01,131122.0,2248.13,4075839.0,-875.36,1869211.0,10875.44,0.0,0.0,3168741.0,51048.84,7850746.0,74761.97,4533210.0,171985.75,9527552.0,-135382.26
2025-07-14,21237782.25,112.38,33.42,0.754,MULTI (TLT+QQQ+GLD),2.12,2.12,0.0,4689.32,0.0,NORMAL,3653293.0,-18295.73,9092324.0,32602.6,391380.0,-827.56,0.0,1285.28,4450345.0,-31169.64,2996612.0,-21700.06,0.0,-0.0,1554856.0,-24989.13,8070751.0,-28945.67,4962989.0,-52245.0,9829116.0,-20314.04
2025-07-15,21291952.93,112.92,30.83,0.732,MULTI (TLT+QQQ+GLD),2.18,2.18,0.0,7080.2,0.0,NORMAL,3931477.0,147497.15,8960663.0,8196.51,1079132.0,24414.08,0.0,-0.0,5368466.0,84642.62,2103292.0,-44023.4,0.0,-0.0,3347810.0,-8439.52,6129032.0,-35447.84,5017759.0,-53134.64,10408842.0,-69534.28
2025-07-16,21376983.15,113.77,30.74,0.797,MULTI (TLT+QQQ+GLD),2.3,2.3,0.0,7801.13,0.0,NORMAL,2645667.0,14130.14,9005744.0,9138.44,811414.0,30700.08,0.0,0.0,5842479.0,-28562.91,3109139.0,-19180.99,0.0,-0.0,2676667.0,15523.78,8347387.0,28384.42,4802248.0,21731.92,11950104.0,13165.35
2025-07-17,21627992.83,116.28,33.74,0.702,MULTI (TLT+QQQ+GLD),2.25,2.25,0.0,3537.68,0.0,NORMAL,3169946.0,24665.44,9121951.0,72837.47,563922.0,1423.55,0.0,-0.0,5885301.0,49071.39,3970837.0,18289.72,0.0,0.0,2696830.0,74021.68,8030180.0,-18442.39,3314004.0,31972.82,11924754.0,-2829.99
2025-07-18,21584926.42,115.85,32.22,0.791,MULTI (TLT+QQQ+GLD),2.36,2.36,0.0,5930.63,0.0,NORMAL,2213397.0,-11756.56,9281379.0,-8935.44,381431.0,-12193.48,0.0,0.0,5824061.0,-28277.69,5187796.0,-33323.96,1606827.0,-1606.83,2069057.0,18863.52,8413454.0,20523.5,3986426.0,-4502.02,11871509.0,18142.55
2025-07-21,21867883.51,118.68,32.2,0.717,MULTI (TLT+QQQ+GLD),2.33,2.33,0.0,6099.89,0.0,NORMAL,1557338.0,-13865.86,9211627.0,48003.92,263335.0,-93.84,0.0,-0.0,6071646.0,3768.57,3283923.0,-55562.63,2290801.0,-40953.9,3393320.0,22367.82,8487628.0,129260.62,4735499.0,84570.09,11593804.0,105462.3
2025-07-22,21999661.11,120.0,31.47,0.772,MULTI (TLT+QQQ+GLD),2.33,2.33,0.0,3620.19,0.0,NORMAL,2248232.0,-40259.12,9295846.0,-47808.53,186751.0,-3896.98,0.0,0.0,6370355.0,-107831.85,2630549.0,14772.29,1736622.0,24839.56,3511102.0,92795.95,9115724.0,79956.56,4857943.0,49492.83,11278777.0,69716.91
2025-07-23,22005672.15,120.06,31.15,0.786,MULTI (TLT+QQQ+GLD),2.37,2.37,0.0,5533.06,0.0,NORMAL,1547534.0,49723.92,9310924.0,42372.76,0.0,4552.1,1587110.0,-1587.11,7460739.0,26617.8,1818490.0,40388.4,1262411.0,11629.39,3620947.0,12487.27,9147113.0,-113190.18,5054903.0,-4281.41,11347102.0,-62701.88
2025-07-24,21806320.15,118.06,32.45,0.73,MULTI (TLT+QQQ+GLD),2.33,2.33,0.0,6377.09,0.0,NORMAL,1208597.0,26456.49,9378698.0,19769.43,0.0,0.0,1347183.0,-130205.52,7497250.0,30971.36,3214675.0,11604.53,2491859.0,2016.68,2421052.0,-53798.76,8659097.0,-56396.62,3439978.0,-29912.89,11254602.0,-19856.72
2025-07-25,21755550.37,117.56,32.51,0.661,MULTI (TLT+QQQ+GLD),2.26,2.26,0.0,4914.31,0.0,NORMAL,832572.0,-2043.89,9294289.0,22468.09,906100.0,-906.1,1602530.0,47272.33,7384493.0,-8180.59,2292701.0,-13043.39,1687098.0,-15687.78,1710589.0,9933.25,8561190.0,-80114.39,3875738.0,-80966.69,11065879.0,70499.39
2025-07-28,21884734.06,118.85,32.05,0.608,MULTI (TLT+GLD+QQQ),2.21,2.21,0.0,8235.46,0.0,NORMAL,585481.0,15333.03,9264665.0,28986.69,1578839.0,38501.75,1664148.0,48307.0,5007937.0,98212.91,1586532.0,25327.0,2627278.0,37447.19,2570110.0,-31310.28,9608064.0,-56524.17,2787739.0,-3322.25,11072087.0,-71775.2
2025-07-29,22109381.61,121.09,31.53,0.666,MULTI (TLT+GLD+QQQ),2.23,2.23,0.0,6566.41,0.0,NORMAL,1702176.0,-5228.3,9337973.0,-14437.14,2271557.0,33707.7,1085657.0,-22994.03,5761957.0,24877.07,1117167.0,15004.13,3580648.0,16119.91,1663382.0,-36276.89,9728098.0,26332.31,1940179.0,760.42,11079182.0,186782.39
2025-07-30,21842413.63,118.42,30.09,0.619,MULTI (TLT+GLD+QQQ),2.33,2.33,0.0,5634.98,0.0,NORMAL,1379302.0,36107.04,9385366.0,12476.48,1696491.0,25898.12,828695.0,-7550.48,6585392.0,65341.55,760918.0,-16290.77,3841704.0,-56833.87,2553137.0,-34558.42,10214149.0,-168692.36,2962032.0,-65460.41,10711470.0,-57404.85
2025-07-31,21546396.28,115.46,30.59,0.724,MULTI (TLT+QQQ+GLD),2.32,2.32,0.0,6841.43,0.0,NORMAL,2675571.0,-12078.73,9422289.0,-49821.39,2129658.0,-30705.55,598365.0,-28177.08,6466399.0,-166316.31,551389.0,-4284.32,2623512.0,-47083.3,3128919.0,-12026.83,9176485.0,66771.58,1838611.0,-17901.07,11275206.0,5605.64
2025-08-01,21337499.78,113.37,28.53,0.805,MULTI (TLT+QQQ+GLD),2.3,2.3,0.0,7373.11,0.0,NORMAL,3075290.0,-62887.65,9327801.0,-185699.21,1403100.0,-56355.31,413179.0,-11121.68,6608808.0,-108404.21,2386130.0,-12087.48,3223688.0,-91792.55,2145128.0,-39779.02,8443148.0,185360.19,1269586.0,14314.81,10696091.0,159555.62
2025-08-04,21949291.02,119.49,33.73,0.772,MULTI (TLT+QQQ+GLD),2.09,2.09,0.0,6772.51,0.0,NORMAL,3117756.0,111103.43,9311222.0,171925.28,1845566.0,41111.87,314660.0,8944.33,5620746.0,144099.85,3451242.0,-6367.51,2005503.0,8935.27,1369352.0,40657.18,7665746.0,48339.82,856467.0,14312.77,10222464.0,28728.95
2025-08-05,21862972.3,118.63,32.63,0.709,MULTI (TLT+QQQ+GLD),2.23,2.23,0.0,6242.95,0.0,NORMAL,2212702.0,-31013.26,9578810.0,-63550.66,2487967.0,-26454.76,220768.0,-642.78,6004607.0,-60294.49,5343978.0,2557.39,1629774.0,14962.53,2221846.0,32018.24,8161169.0,5674.7,625223.0,9085.27,10256937.0,31339.11
2025-08-06,21683190.01,116.83,32.03,0.742,MULTI (TLT+QQQ+GLD),2.26,2.26,0.0,4723.37,0.0,NORMAL,1542800.0,13714.47,9438468.0,120272.45,2374939.0,-159764.21,0.0,7773.27,5955176.0,-10078.54,6119789.0,-50196.55,2683949.0,-18406.72,1501873.0,-5712.5,8141868.0,-17312.7,432969.0,-192.25,10855146.0,-59879.01
2025-08-07,22004304.54,120.04,31.32,0.647,MULTI (QQQ+GLD+TLT),2.14,2.14,0.0,7737.51,0.0,NORMAL,1086715.0,11140.75,9291104.0,31762.16,2315424.0,134917.12,0.0,0.0,5918833.0,93367.42,6564654.0,-24306.25,3560528.0,-26285.71,2741791.0,49397.4,8350337.0,68561.21,0.0,4729.76,7208461.0,-22169.34
2025-08-08,22216147.25,122.16,31.56,0.704,MULTI (GLD+QQQ+TLT),2.27,2.27,0.0,9367.06,0.0,NORMAL,755305.0,11259.33,9335619.0,86627.89,1507733.0,4022.47,0.0,0.0,4013426.0,47043.96,7084461.0,41528.62,4159308.0,12489.42,3290260.0,46631.43,9556479.0,-3074.98,1693538.0,-1693.54,8925785.0,-32991.91
2025-08-11,21891431.61,118.91,32.66,0.686,MULTI (TLT+QQQ+GLD),2.26,2.26,0.0,6235.06,0.0,NORMAL,541654.0,-2856.83,9431628.0,-27746.46,1065574.0,-4627.05,803223.0,-803.22,2881468.0,-2907.82,7382547.0,-57077.31,4300121.0,-40086.19,3846030.0,-25063.11,8338958.0,-138451.69,1133562.0,-34513.31,9743141.0,9417.35
2025-08-12,22245761.96,122.46,31.93,0.668,MULTI (TLT+QQQ+GLD),2.28,2.28,0.0,4960.6,0.0,NORMAL,427763.0,3155.51,9205191.0,118199.07,782727.0,16214.92,534251.0,4014.95,3772698.0,64975.09,7434391.0,35910.72,5257704.0,50634.5,3574237.0,112015.53,8059985.0,-7838.73,790632.0,7277.26,10866376.0,-50228.47
2025-08-13,22599931.79,126.0,32.02,0.67,MULTI (TLT+QQQ+GLD),2.15,2.15,0.0,9160.0,0.0,NORMAL,1847236.0,-5089.85,9350734.0,4461.5,1491099.0,41702.81,380029.0,-2440.4,4747130.0,13875.01,5288306.0,83826.12,4931254.0,70405.32,3796136.0,22305.36,5576540.0,22069.15,543757.0,13295.89,10735218.0,89758.93
2025-08-14,22406262.25,124.06,33.19,0.698,MULTI (TLT+QQQ+XLE),2.23,2.23,0.0,7686.11,0.0,NORMAL,2741044.0,3484.87,9665745.0,-7572.11,929328.0,-28589.87,273592.0,-4357.34,5034536.0,9806.64,6168339.0,-5824.93,5400016.0,8223.79,2852241.0,-42817.55,3949799.0,-36939.44,2061399.0,-9293.37,10852989.0,-79790.22
2025-08-15,22075487.95,120.75,32.92,0.695,MULTI (TLT+QQQ+XLE),2.28,2.28,0.0,6751.07,0.0,NORMAL,3423391.0,-24348.67,9658332.0,-42539.99,628418.0,-17950.5,194504.0,-4167.69,5331885.0,-104954.55,6672410.0,-504.07,3641152.0,-28915.22,1937639.0,-30253.32,5051393.0,1214.58,3015994.0,-954.6,10700674.0,-77400.28
2025-08-18,21994652.71,119.95,34.17,0.626,MULTI (TLT+QQQ+XLE),2.3,2.3,0.0,5327.44,0.0,NORMAL,3760671.0,29287.51,9315304.0,-4187.76,421993.0,-5051.61,0.0,2509.47,5097345.0,21565.16,7003167.0,-40142.43,4540048.0,-31340.35,1326711.0,-16867.04,6310102.0,-9153.17,2188868.0,3539.44,10702558.0,-30994.47
2025-08-19,21542497.07,115.42,32.33,0.668,MULTI (TLT+QQQ+XLE),2.34,2.34,0.0,6696.94,0.0,NORMAL,4071345.0,-132058.4,9317956.0,-126514.13,282382.0,-23092.18,0.0,-0.0,5415059.0,-103273.85,7197233.0,2278.06,3149554.0,-21960.0,2257498.0,-28965.39,4548139.0,-36264.38,3447424.0,-44382.13,10725625.0,62076.76
2025-08-20,21645830.34,116.46,31.97,0.689,MULTI (TLT+QQQ+XLE),2.35,2.35,0.0,5128.78,0.0,NORMAL,4559822.0,-6057.3,9532748.0,-55593.22,190877.0,-2378.12,0.0,-0.0,5680843.0,-35859.52,7196827.0,60001.22,3782860.0,29888.57,1515292.0,-10644.03,5615913.0,45015.32,2091342.0,55586.09,10605473.0,23374.25
2025-08-21,21559177.17,115.59,34.01,0.589,MULTI (TLT+QQQ+XLE),2.33,2.33,0.0,4100.2,0.0,NORMAL,4460623.0,-11006.88,8925225.0,-44698.86,0.0,-1910.73,0.0,-0.0,5259606.0,-29881.45,7382516.0,49358.22,4391183.0,7019.22,1088631.0,7230.68,6523318.0,-20413.52,1462257.0,10293.53,10682454.0,-52643.37
2025-08-22,22395301.24,123.95,31.03,0.667,MULTI (TLT+QQQ+XLE),2.24,2.24,0.0,9108.9,0.0,NORMAL,3109936.0,75304.35,8238294.0,136869.15,0.0,0.0,960643.0,-960.64,3435164.0,111137.4,7407552.0,150293.7,4225421.0,150105.13,721838.0,36684.43,7243996.0,69190.59,3104675.0,29230.58,11612409.0,78269.37
2025-08-25,22408937.27,124.09,33.73,0.653,MULTI (TLT+QQQ+GLD),2.25,2.25,0.0,5374.61,0.0,NORMAL,3808832.0,31132.87,8176362.0,-23804.12,0.0,-0.0,1729016.0,17869.21,2528521.0,2365.83,7784187.0,18973.36,4751924.0,43539.73,517164.0,4475.06,7818072.0,-18084.64,1956550.0,-29232.49,11330106.0,-33598.76
2025-08-26,22551739.75,125.52,33.04,0.663,MULTI (TLT+GLD+QQQ),2.34,2.34,0.0,7140.47,0.0,NORMAL,4201572.0,41166.49,8078230.0,32699.77,0.0,0.0,2182648.0,24863.42,1760309.0,23553.03,7821127.0,-12381.34,3308793.0,-16785.38,367642.0,3245.65,9078102.0,55571.95,3039846.0,-1083.3,12844451.0,-8047.83
2025-08-27,22682774.71,126.83,33.0,0.651,MULTI (TLT+GLD+QQQ),2.44,2.44,0.0,5504.76,0.0,NORMAL,5138139.0,-4870.05,8111706.0,12394.01,0.0,0.0,1508302.0,-13509.04,1270314.0,4902.62,7909688.0,87756.93,4089071.0,46776.32,0.0,-1046.24,9754796.0,17667.86,4480465.0,-4047.21,13013833.0,-14990.24
2025-08-28,23004174.69,130.04,31.36,0.726,MULTI (TLT+GLD+QQQ),2.49,2.49,0.0,7581.28,0.0,NORMAL,5568923.0,-40931.26,8364991.0,50576.22,0.0,0.0,1144428.0,-15966.24,2812256.0,3669.83,5568952.0,57883.64,4670534.0,42406.43,0.0,0.0,10551631.0,71646.74,5755489.0,66659.11,12948064.0,85455.51
2025-08-29,22749248.48,127.49,29.33,0.801,MULTI (TLT+GLD+QQQ),2.66,2.66,0.0,8854.43,0.0,NORMAL,5291866.0,-185238.58,9547300.0,-98108.48,0.0,-0.0,1795529.0,-40748.49,3990770.0,-82085.06,3953503.0,28707.49,3684110.0,7095.89,0.0,0.0,12942511.0,99533.14,6256626.0,108170.69,13066958.0,-92252.82
2025-09-02,22903928.11,129.04,28.95,0.66,MULTI (TLT+GLD+QQQ),2.54,2.54,0.0,9001.91,0.0,NORMAL,5854153.0,-103962.8,9638889.0,-80178.59,0.0,-0.0,1174523.0,-24851.26,4836295.0,-53276.06,2736784.0,4463.44,2550298.0,42031.88,1481757.0,-1481.76,10818343.0,303563.92,6076748.0,165622.08,12956835.0,-97251.22
2025-09-03,23108153.53,131.08,29.96,0.728,MULTI (TLT+GLD+QQQ),2.52,2.52,0.0,8124.87,0.0,NORMAL,3881773.0,-7451.22,9664834.0,75784.15,0.0,-0.0,1916622.0,16142.35,3152793.0,-2527.1,4351742.0,-63051.43,3669534.0,-71879.09,1018337.0,-463.42,10925359.0,84706.9,6388237.0,30798.29,13166892.0,142165.98
2025-09-04,23327680.38,133.28,31.22,0.608,MULTI (TLT+GLD+QQQ),2.51,2.51,0.0,5738.28,0.0,NORMAL,2694473.0,22450.13,9720976.0,87449.17,0.0,-0.0,1328987.0,24858.49,3992393.0,36952.66,5451692.0,27944.33,4648224.0,38605.74,728354.0,84.31,10285103.0,-48869.86,6500834.0,-70326.72,13261408.0,100378.6
2025-09-05,23569052.31,135.69,26.56,0.678,MULTI (TLT+GLD+QQQ),2.48,2.48,0.0,8076.01,0.0,NORMAL,1937260.0,-73516.47,9826739.0,13934.16,974950.0,-974.95,2095676.0,47607.72,2989884.0,46056.28,6383069.0,-106300.62,5323943.0,-92501.85,547062.0,20870.5,10635894.0,137050.84,4478969.0,47217.38,13197774.0,201928.92
2025-09-08,23913550.17,139.14,29.96,0.591,MULTI (TLT+GLD+QQQ),2.43,2.43,0.0,7086.49,0.0,NORMAL,1291821.0,14302.09,9833609.0,47893.88,598982.0,1363.99,1378141.0,-27212.52,1962759.0,31970.17,7015022.0,-15259.88,5785109.0,-39513.68,2047938.0,-522.17,10701002.0,121066.26,5043622.0,35582.38,12348675.0,174827.34
2025-09-09,23874114.86,138.74,31.21,0.547,MULTI (GLD+TLT+QQQ),2.5,2.5,0.0,7064.27,0.0,NORMAL,878568.0,18372.27,9952398.0,27769.65,410576.0,17240.25,978799.0,1866.15,3135683.0,7374.61,7650782.0,33202.08,5826658.0,15258.07,1420880.0,-18146.61,12374614.0,-25988.17,5836449.0,-45208.98,11281907.0,-71174.64
2025-09-10,24376637.45,143.77,30.86,0.636,MULTI (GLD+TLT+QQQ),2.42,2.42,0.0,6786.47,0.0,NORMAL,2030441.0,32684.94,9983920.0,3228.77,297300.0,9678.86,709842.0,2041.96,4650111.0,30315.25,7552502.0,133424.8,5805806.0,123586.98,1086985.0,25548.79,11544813.0,43577.9,3876858.0,34109.22,11503274.0,64325.13
2025-09-11,24604393.1,146.04,31.08,0.694,MULTI (TLT+GLD+QQQ),2.37,2.37,0.0,10244.08,0.0,NORMAL,1359890.0,-2386.47,10194370.0,57959.03,1232645.0,-8154.23,1543609.0,42111.09,3080404.0,46301.09,7820668.0,1428.43,3990008.0,-19423.47,3096648.0,12860.28,11096624.0,-17648.67,2857514.0,38321.39,12102896.0,76387.17
2025-09-12,24698913.23,146.99,32.31,0.708,MULTI (TLT+GLD+QQQ),2.37,2.37,0.0,6100.6,0.0,NORMAL,946476.0,4570.75,10387802.0,44881.73,817592.0,22525.19,2016444.0,113190.02,2130610.0,2999.34,7827229.0,-46558.22,4532914.0,-38241.57,1979011.0,-18016.25,11700467.0,21295.84,4308960.0,40178.67,11994081.0,-52305.36
2025-09-15,25109279.69,151.09,30.86,0.668,MULTI (TLT+GLD+QQQ),2.35,2.35,0.0,7599.85,0.0,NORMAL,675156.0,-643.59,10350144.0,88761.3,555779.0,13078.94,2424683.0,71472.1,1609845.0,19412.72,5476704.0,-28826.14,5583078.0,-28596.79,3334451.0,80134.26,11567325.0,121486.55,5219739.0,46339.22,12277925.0,27747.89
2025-09-16,25411995.38,154.12,31.31,0.65,MULTI (GLD+QQQ+TLT),2.29,2.29,0.0,7541.86,0.0,NORMAL,476876.0,-11088.58,10453907.0,-8857.86,386621.0,-2580.76,2402926.0,68385.53,1139887.0,-260.64,6908587.0,90454.97,5763663.0,176112.78,3798284.0,-32309.59,12079238.0,22720.1,5990428.0,-22339.13,8910116.0,22478.85
2025-09-17,25130338.8,151.3,29.71,0.758,MULTI (GLD+QQQ+TLT),2.44,2.44,0.0,11633.72,0.0,NORMAL,1952156.0,-14004.17,10738222.0,-21171.39,327418.0,-3188.37,1764607.0,23502.37,3531763.0,-9671.62,4499611.0,13734.08,5554613.0,-4092.55,2974720.0,-21894.21,12572207.0,-93779.56,6743791.0,-126584.57,10712474.0,-24506.59
2025-09-18,25270969.61,152.71,29.7,0.701,MULTI (GLD+TLT+QQQ),2.32,2.32,0.0,9238.4,0.0,NORMAL,1187008.0,67375.82,10632945.0,96622.87,2009377.0,-4235.4,1164050.0,-37897.27,4415557.0,134853.1,3155802.0,-15330.14,5524120.0,-17094.67,3510989.0,44935.08,11840445.0,-51049.55,4367149.0,33278.68,10881154.0,-110827.72
2025-09-19,25453392.96,154.53,30.23,0.619,MULTI (GLD+QQQ+TLT),2.2,2.2,0.0,11633.08,0.0,NORMAL,2353499.0,1732.44,10719344.0,71964.75,2249345.0,-6990.42,839627.0,25396.61,2847895.0,-19102.73,4466785.0,-43214.52,3627708.0,-118977.24,4086518.0,50708.18,11971990.0,125588.33,5503536.0,119687.21,7230332.0,-24369.25
2025-09-22,26082278.26,160.82,31.11,0.621,MULTI (GLD+QQQ+SLV),2.02,2.02,0.0,9394.62,0.0,NORMAL,3008012.0,91888.85,10842409.0,63399.03,2680430.0,33902.81,649040.0,15834.28,4380013.0,56799.36,3347926.0,-6253.6,2758333.0,26362.78,2895974.0,28244.45,11061047.0,206074.28,5870003.0,140746.21,5082641.0,-28113.17
2025-09-23,26124228.66,161.24,30.57,0.648,MULTI (GLD+QQQ+SLV),2.13,2.13,0.0,10018.68,0.0,NORMAL,1904785.0,-85880.43,11144868.0,-72392.4,1922659.0,17843.54,439973.0,-12692.75,4990592.0,-7006.7,5310121.0,55759.12,4160615.0,63282.91,3509838.0,17237.04,12342222.0,43963.61,6325870.0,-12196.14,3624053.0,34032.61
2025-09-24,26017421.58,160.17,31.79,0.62,MULTI (QQQ+GLD+SLV),2.07,2.07,0.0,6036.79,0.0,NORMAL,1288220.0,-16186.81,11135008.0,-39154.67,1385471.0,-775.81,301303.0,17345.65,5487959.0,-9659.7,5968399.0,68481.48,4810007.0,63116.07,3591807.0,-39247.03,10795803.0,-113292.73,6687891.0,-22546.8,2518094.0,-14886.74
2025-09-25,26338667.86,163.39,31.44,0.679,MULTI (QQQ+GLD+XLE),2.05,2.05,0.0,4226.03,0.0,NORMAL,939263.0,4886.99,11226303.0,-48145.5,957163.0,2926.94,0.0,-13489.11,5929510.0,-1296.77,6572145.0,52963.73,5004379.0,28634.5,4241418.0,47829.25,10665382.0,44791.17,6565162.0,202897.11,1766067.0,-752.03
2025-09-26,26700825.49,167.01,31.71,0.713,MULTI (QQQ+GLD+XLE),2.09,2.09,0.0,8694.13,0.0,NORMAL,642248.0,2343.31,11298448.0,46124.7,665955.0,-11023.09,0.0,0.0,4044616.0,12137.48,7448556.0,59749.79,5838744.0,41496.85,3163185.0,22025.38,10735043.0,61555.37,6991797.0,132513.8,4942358.0,-4765.94
2025-09-29,26852319.86,168.52,31.82,0.748,MULTI (QQQ+GLD+TLT),2.18,2.18,0.0,5044.05,0.0,NORMAL,1859523.0,11987.64,11410307.0,52265.17,520711.0,7781.79,0.0,0.0,3507974.0,10009.59,7291608.0,-136861.47,5321249.0,-159473.59,3319325.0,43802.01,10799310.0,176977.97,7152252.0,106844.34,7405907.0,38160.91
2025-09-30,26875929.29,168.76,31.04,0.684,MULTI (GLD+QQQ+TLT),2.35,2.35,0.0,6858.64,0.0,NORMAL,2851470.0,47423.27,11386086.0,31198.63,354244.0,1219.74,0.0,0.0,2716466.0,39394.66,7834092.0,-78139.02,5925078.0,-52472.84,3233745.0,-10372.65,12161449.0,90956.24,7175998.0,-21923.28,9577955.0,-23675.32
2025-10-01,27308836.34,173.09,31.31,0.722,MULTI (GLD+TLT+QQQ),2.41,2.41,0.0,9222.67,0.0,NORMAL,1871939.0,9097.2,11365075.0,54543.66,0.0,4501.66,0.0,0.0,4636748.0,59152.33,7983191.0,-149.1,3970714.0,100578.78,4594596.0,72277.69,12489958.0,18849.46,7593789.0,91130.96,11412669.0,22924.43
2025-10-02,27253599.53,172.54,30.79,0.728,MULTI (GLD+QQQ+SLV),2.32,2.32,0.0,11949.13,0.0,NORMAL,1286709.0,15894.15,11497039.0,46637.28,1368519.0,-1368.52,926867.0,-926.87,5803108.0,62120.86,5652319.0,-82671.62,2787592.0,-78459.75,4755737.0,65465.66,12838167.0,-43892.05,8154407.0,-67876.71,8053632.0,29840.76
2025-10-03,27485254.46,174.85,31.61,0.673,MULTI (GLD+QQQ+SLV),2.25,2.25,0.0,9994.54,0.0,NORMAL,969221.0,-8960.11,11512258.0,-48463.3,2903676.0,-42374.31,1559267.0,-13761.98,6530307.0,-27518.79,4220314.0,28576.21,3836359.0,26882.68,3523053.0,42507.6,13114868.0,102954.63,7715274.0,189187.11,5953587.0,-17374.82
2025-10-06,28821552.64,188.22,32.5,0.661,MULTI (GLD+QQQ+TLT),2.07,2.07,0.0,11064.55,0.0,NORMAL,678704.0,-11024.77,11642734.0,86415.27,1142467.0,685954.79,959641.0,84274.69,7325642.0,129289.3,2979331.0,19623.64,2656855.0,26444.1,3687348.0,24054.84,12666365.0,246463.72,7163083.0,95084.04,8894760.0,-50281.45
2025-10-07,28646902.67,186.47,31.24,0.643,MULTI (GLD+QQQ+TLT),2.26,2.26,0.0,9245.63,0.0,NORMAL,494141.0,-2011.72,12244505.0,-61969.47,1377953.0,43552.94,673331.0,-42927.26,7097361.0,-135136.94,2215085.0,3899.32,1937637.0,-9028.85,6418891.0,25074.19,13575585.0,64507.77,7513809.0,-109385.65,11330037.0,48775.7
2025-10-08,29786098.14,197.86,31.66,0.665,MULTI (GLD+TLT+QQQ),2.24,2.24,0.0,6653.96,0.0,NORMAL,0.0,10363.75,12120728.0,140104.75,873502.0,156020.66,446854.0,8471.22,6657833.0,189307.63,4498153.0,-15167.08,1391897.0,2204.54,6711919.0,213948.88,13891463.0,223782.38,7639297.0,202531.11,12605406.0,7627.62
2025-10-09,29405368.12,194.05,31.23,0.683,MULTI (TLT+QQQ+GLD),2.28,2.28,0.0,10278.28,0.0,NORMAL,1642707.0,-1642.71,12528362.0,-15092.04,635767.0,-10128.71,340974.0,-3311.28,4711953.0,-18474.91,3141908.0,-62470.5,2866952.0,-31854.39,6611706.0,5800.52,12421217.0,-257550.96,8020871.0,25359.52,14072591.0,-11364.57
2025-10-10,28683015.36,186.83,26.53,0.764,MULTI (TLT+QQQ+GLD),2.26,2.26,0.0,10801.07,0.0,NORMAL,1025066.0,-80808.78,11439775.0,-435566.7,407201.0,-49290.42,268257.0,-17317.88,4678602.0,-271453.78,4767604.0,-92651.54,3817583.0,-155176.15,7592796.0,-96674.03,8338464.0,121217.54,7651033.0,128667.56,14831868.0,226701.44
2025-10-13,30378171.93,203.78,32.93,0.644,MULTI (TLT+QQQ+GLD),1.86,1.86,0.0,10676.63,0.0,NORMAL,595799.0,28420.11,9667909.0,240753.0,182920.0,2653.0,0.0,14255.96,3937953.0,206277.27,5014157.0,64713.98,1946308.0,98118.38,5988304.0,539766.78,7768093.0,201860.38,6386887.0,306624.35,14924931.0,-8286.63
2025-10-14,30280410.96,202.8,32.82,0.609,MULTI (TLT+QQQ+GLD),2.01,2.01,0.0,7902.02,0.0,NORMAL,1726832.0,-27384.86,10214700.0,-65009.02,141036.0,1368.2,0.0,-0.0,2595092.0,-73712.26,6545129.0,-2111.74,1571767.0,-16729.05,6529130.0,47155.89,8776964.0,54520.02,6605125.0,-62446.34,16175879.0,46588.19
2025-10-15,30689274.12,206.89,32.93,0.705,MULTI (TLT+QQQ+GLD),2.01,2.01,0.0,4514.07,0.0,NORMAL,2621253.0,-2814.65,9979564.0,71775.92,132472.0,13241.72,0.0,0.0,1810719.0,63580.97,7132112.0,-4379.66,1060739.0,-3125.15,6333602.0,-60667.44,9517912.0,151537.06,6534732.0,215650.83,16470822.0,-35936.43
2025-10-16,30955312.76,209.55,32.06,0.683,MULTI (TLT+GLD+QQQ),2.07,2.07,0.0,5762.64,0.0,NORMAL,1877364.0,28088.28,10442820.0,-37453.88,0.0,-2373.25,0.0,-0.0,1395786.0,7629.69,7700609.0,-86583.67,2517316.0,-23716.16,5815404.0,-77901.71,10635793.0,221702.76,6628802.0,113556.97,17042061.0,123089.62
2025-10-17,30344085.35,203.44,32.04,0.729,MULTI (TLT+QQQ+GLD),2.04,2.04,0.0,3943.25,0.0,NORMAL,2609134.0,13842.46,10560636.0,68526.53,0.0,-0.0,0.0,0.0,976799.0,-2327.98,7874256.0,63098.2,1639614.0,4833.55,5358317.0,-237505.36,9635064.0,-200934.91,5961626.0,-294267.24,17388130.0,-26492.66
2025-10-20,31354182.03,213.54,34.92,0.654,MULTI (TLT+QQQ+GLD),1.84,1.84,0.0,7293.86,0.0,NORMAL,1892635.0,-8967.75,9405546.0,131783.42,0.0,0.0,0.0,0.0,664274.0,12183.12,7863651.0,83245.79,2634754.0,21584.16,4286578.0,262755.06,8567699.0,349317.26,5131223.0,91692.09,17225911.0,66503.51
2025-10-21,30122353.92,201.22,33.56,0.691,MULTI (TLT+QQQ+XLE),1.89,1.89,0.0,4902.4,0.0,NORMAL,1430610.0,-15783.43,9733780.0,-2790.51,0.0,-0.0,0.0,-0.0,471813.0,-3862.01,8854091.0,-19108.21,3541679.0,-20486.72,4075498.0,-279315.12,6972758.0,-551680.81,4212973.0,-423079.62,17703649.0,84278.33
2025-10-22,30033618.4,200.34,33.15,0.64,MULTI (TLT+QQQ+XLE),1.8,1.8,0.0,6418.88,0.0,NORMAL,2502856.0,-8028.57,9549584.0,-93865.5,0.0,-0.0,0.0,-0.0,0.0,-9617.42,9046815.0,113290.43,4187673.0,15321.04,3983723.0,-122730.62,5361993.0,-872.0,2467642.0,6904.8,17034405.0,10862.31
2025-10-23,30395177.66,203.95,34.76,0.593,MULTI (TLT+XLE+QQQ),1.75,1.75,0.0,8969.54,0.0,NORMAL,3043385.0,25585.95,9053314.0,79701.94,0.0,0.0,1117385.0,-1117.38,1283601.0,-1283.6,9896390.0,119826.45,4260776.0,159507.77,2286099.0,60479.39,3402126.0,19479.29,1700999.0,16087.29,17055195.0,-116707.81
2025-10-24,30412293.71,204.12,36.15,0.542,MULTI (TLT+QQQ+XLE),1.73,1.73,0.0,6245.25,0.0,NORMAL,3563270.0,68048.01,9171091.0,96652.43,0.0,0.0,1771253.0,-38669.72,2204750.0,22704.79,9019645.0,-100886.46,2795776.0,-40858.82,1619534.0,22677.86,3762609.0,-11778.65,1220096.0,-7788.83,17508408.0,7015.43
2025-10-27,30699301.18,206.99,35.08,0.61,MULTI (TLT+XLE+QQQ),1.73,1.73,0.0,4013.48,0.0,NORMAL,3950707.0,99766.02,8927884.0,162923.81,0.0,0.0,2212722.0,76003.18,2824396.0,54689.17,9484209.0,21063.62,2062118.0,-3125.21,1164970.0,-34005.89,4045912.0,-105137.33,843998.0,-44431.86,17642458.0,59261.95
2025-10-28,30915782.96,209.16,35.47,0.561,MULTI (TLT+XLE+QQQ),1.76,1.76,0.0,3974.27,0.0,NORMAL,4638174.0,196333.05,9207348.0,68443.67,0.0,-0.0,1440087.0,38950.16,3245278.0,24478.43,9749922.0,-99203.15,2905981.0,-41371.76,779850.0,6163.22,4073165.0,-29049.37,574010.0,5695.71,17780223.0,46041.84
2025-10-29,31040080.77,210.4,34.25,0.566,MULTI (TLT+XLE+QQQ),1.78,1.78,0.0,3582.05,0.0,NORMAL,4792474.0,138647.23,9422920.0,41286.62,0.0,0.0,1029672.0,2588.46,3764143.0,48686.28,9803507.0,72525.37,2066040.0,11387.96,1665613.0,-2076.98,4163351.0,-15531.78,404641.0,6948.21,18069508.0,-180163.56
2025-10-30,30588918.07,205.89,35.33,0.562,MULTI (TLT+XLE+QQQ),1.76,1.76,0.0,5008.21,0.0,NORMAL,4228685.0,-96530.08,8865047.0,-144476.96,0.0,-0.0,1660270.0,-48446.08,3912272.0,-50030.91,9747913.0,-57926.12,1476653.0,-8756.42,2247380.0,-29969.44,2814594.0,80345.54,280694.0,10255.47,18455183.0,-105627.7
2025-10-31,30688311.99,206.88,35.81,0.714,MULTI (TLT+XLE+QQQ),1.74,1.74,0.0,3625.9,0.0,NORMAL,4207266.0,-8350.0,8888252.0,42744.49,0.0,0.0,2074959.0,61742.43,3921207.0,-7653.61,9922160.0,71204.19,2558232.0,10192.87,1435464.0,3146.54,1941579.0,-16142.53,0.0,-2367.68,18301539.0,-55122.8
2025-11-03,30852668.47,208.53,35.52,0.599,MULTI (TLT+XLE+QQQ),1.72,1.72,0.0,4467.51,0.0,NORMAL,4256867.0,91172.26,8446584.0,42044.35,0.0,0.0,2570504.0,53231.82,2780762.0,32095.51,9803021.0,1005.9,3337905.0,16181.95,1982512.0,-28216.81,1363522.0,2899.53,0.0,-0.0,18542665.0,-46058.02
2025-11-04,30044489.56,200.44,33.65,0.677,MULTI (TLT+XLE+QQQ),1.75,1.75,0.0,3795.73,0.0,NORMAL,3971948.0,-168637.97,8300159.0,-171474.13,0.0,-0.0,2814502.0,-132696.51,3340229.0,-101986.51,10069227.0,-106031.04,2387556.0,-46139.3,2563559.0,-97993.64,959577.0,-24265.13,0.0,-0.0,18302200.0,41045.33
2025-11-05,30038753.93,200.39,34.61,0.736,MULTI (TLT+XLE+QQQ),1.7,1.7,0.0,4135.85,0.0,NORMAL,3770937.0,-69698.82,7805565.0,53468.12,0.0,0.0,2745002.0,112648.61,3701955.0,63522.01,9471228.0,25936.56,3253273.0,-23449.92,1529049.0,20572.13,647632.0,10773.86,0.0,0.0,18019236.0,-199508.2
2025-11-06,29881604.61,198.82,33.36,0.8,MULTI (TLT+XLE+QQQ),1.72,1.72,0.0,3919.02,0.0,NORMAL,3885667.0,-137985.17,7878784.0,-145615.31,0.0,-0.0,3001407.0,-96353.53,3968686.0,-86955.38,10154465.0,91498.84,3749579.0,54327.31,1085418.0,3928.54,462321.0,-962.03,0.0,-0.0,17104308.0,160967.41
2025-11-07,29926372.22,199.26,31.51,0.738,MULTI (TLT+XLE+QQQ),1.95,1.95,0.0,7999.89,0.0,NORMAL,4444648.0,888.56,9955441.0,-26961.86,0.0,-0.0,3080205.0,-110509.84,5926626.0,-35564.07,10770914.0,145629.27,5885787.0,75984.34,755817.0,28950.89,328244.0,2692.05,0.0,0.0,17203981.0,-36341.72
2025-11-10,30897275.85,208.97,34.25,0.716,MULTI (TLT+XLE+QQQ),1.83,1.83,0.0,5029.88,0.0,NORMAL,3720818.0,256508.41,9208538.0,219289.09,0.0,0.0,2076321.0,111544.32,5613387.0,181158.27,10876204.0,97428.42,6143839.0,87562.05,1713882.0,12627.27,0.0,8637.34,0.0,0.0,17190060.0,-3851.56
2025-11-11,30936508.96,209.37,33.92,0.792,MULTI (TLT+XLE+QQQ),1.89,1.89,0.0,4127.45,0.0,NORMAL,3939284.0,-110429.75,9379060.0,-24721.99,743528.0,-743.53,1460563.0,-26751.79,5597497.0,-121200.23,11394939.0,141670.32,7178225.0,126261.5,1181691.0,-23183.56,0.0,0.0,0.0,0.0,17640844.0,78332.15
2025-11-12,30836558.85,208.37,33.27,0.74,MULTI (TLT+XLE+QQQ),1.87,1.87,0.0,4856.06,0.0,NORMAL,2700319.0,11800.16,9411742.0,-7433.99,1499137.0,66207.58,1009669.0,-30388.31,5528836.0,71293.43,11324500.0,-159441.18,6595561.0,-111786.6,788319.0,29753.61,0.0,0.0,1243535.0,-1243.53,17585329.0,31288.73
2025-11-13,30069079.88,200.69,31.1,0.707,MULTI (TLT+XLE+QQQ),1.94,1.94,0.0,4036.82,0.0,NORMAL,3053861.0,-97149.06,9213226.0,-192156.21,919217.0,-63808.29,1760410.0,-67902.47,5890183.0,-167078.46,11176252.0,28683.35,7465813.0,-7369.96,550041.0,-32677.52,0.0,-0.0,818917.0,-23563.36,17497675.0,-144456.98
2025-11-14,30314545.73,203.15,31.92,0.752,MULTI (TLT+XLE+QQQ),1.88,1.88,0.0,4457.59,0.0,NORMAL,1991854.0,52979.35,9357161.0,6828.11,594984.0,-4583.19,2137821.0,9968.0,5961552.0,2664.67,10855648.0,189711.99,6825798.0,117521.62,384950.0,-3554.46,0.0,-0.0,1599374.0,-26019.04,17185486.0,-100051.19
2025-11-17,29810153.64,198.1,33.61,0.726,MULTI (TLT+XLE+QQQ),1.9,1.9,0.0,4395.92,0.0,NORMAL,1356645.0,-37990.17,9151186.0,-80041.21,313008.0,-15430.07,2450169.0,23873.7,5297778.0,-81458.1,10847856.0,-198381.1,6877437.0,-131084.8,311912.0,-7275.26,1513415.0,-1513.42,1075586.0,-17558.3,17303250.0,42466.64
2025-11-18,29702605.95,197.03,31.82,0.752,MULTI (TLT+XLE+QQQ),1.93,1.93,0.0,5356.46,0.0,NORMAL,2004399.0,-38782.46,9321445.0,-111703.62,278521.0,-13334.3,1572623.0,-46788.81,5823410.0,-109765.64,10366529.0,85888.29,6626164.0,106905.1,1823630.0,428.41,1511411.0,10981.86,1005458.0,14817.46,16930150.0,-6193.97
2025-11-19,29695325.1,196.95,32.3,0.804,MULTI (TLT+XLE+QQQ),1.9,1.9,0.0,4703.29,0.0,NORMAL,2513686.0,56576.3,9059691.0,55332.09,201592.0,-8220.37,1065071.0,10220.58,5445007.0,106969.98,10494280.0,-134596.04,6395902.0,-80067.18,1177329.0,12412.63,1077994.0,2026.89,2240729.0,6406.04,16770559.0,-34341.79
2025-11-20,28824432.71,188.24,28.76,0.772,MULTI (TLT+XLE+QQQ),1.89,1.89,0.0,11406.13,0.0,NORMAL,2928858.0,-79737.75,8991152.0,-214605.58,0.0,-15993.92,1801315.0,-23853.98,6460769.0,-231276.06,10510559.0,-119228.96,7335772.0,-162114.53,2349013.0,-51367.58,754411.0,-639.47,1514969.0,-33014.06,11736513.0,60939.5
2025-11-21,29045115.41,190.45,29.38,0.75,MULTI (TLT+XLE+QQQ),1.82,1.82,0.0,5274.02,0.0,NORMAL,3131274.0,-28767.23,8796120.0,67285.97,0.0,-0.0,2098141.0,-19184.38,6323279.0,20311.81,10139880.0,65800.3,6801140.0,66730.54,1515611.0,32445.01,0.0,-1920.57,1011318.0,-16372.09,12932254.0,34353.35
2025-11-24,29897713.5,198.98,33.57,0.689,MULTI (TLT+XLE+QQQ),1.68,1.68,0.0,10640.18,0.0,NORMAL,3137714.0,64185.2,7445092.0,223368.9,0.0,0.0,2186614.0,143133.3,4701465.0,249986.65,9870706.0,-28589.82,4571494.0,54852.01,927141.0,46193.35,2443743.0,-2443.74,732450.0,29383.59,14168754.0,72528.66
2025-11-25,29843175.85,198.43,32.75,0.728,MULTI (TLT+XLE+QQQ),1.78,1.78,0.0,7611.37,0.0,NORMAL,3878225.0,-82122.19,7553222.0,45827.01,731471.0,-731.47,1484223.0,7768.0,5016130.0,12036.79,10030263.0,-62210.17,3415980.0,-22448.85,654416.0,14620.49,4366732.0,-2695.23,536944.0,432.13,15424336.0,34985.84
2025-11-26,30375763.91,203.76,35.15,0.765,MULTI (TLT+XLE+QQQ),1.76,1.76,0.0,9752.68,0.0,NORMAL,2455761.0,51740.01,7280389.0,66399.19,334856.0,28353.68,1005152.0,24904.95,3047727.0,111514.83,9932861.0,75666.96,4037854.0,37715.66,1727740.0,16204.31,5646461.0,33681.8,1800310.0,18660.43,16117118.0,67746.25
2025-11-28,30768882.59,207.69,35.72,0.724,MULTI (TLT+XLE+QQQ),1.75,1.75,0.0,7001.38,0.0,NORMAL,1689376.0,-45134.29,7340569.0,59022.06,219747.0,5021.99,557016.0,8002.6,2128053.0,39097.17,9605232.0,129710.71,3423343.0,71067.91,2320038.0,31152.75,6837317.0,69032.8,2805800.0,103621.06,17056010.0,-77476.06
2025-12-01,30752288.21,207.52,33.69,0.645,MULTI (TLT+XLE+GLD),1.92,1.92,0.0,7421.29,0.0,NORMAL,1226389.0,27379.16,7522677.0,-24863.11,160265.0,2190.99,548104.0,-47.72,1524313.0,3499.87,9998620.0,92087.8,5773739.0,24752.93,3041553.0,-31338.78,7948921.0,31884.51,3603968.0,71048.68,17707446.0,-213188.72
2025-12-02,30648890.97,206.49,34.44,0.657,MULTI (TLT+XLE+GLD),1.88,1.88,0.0,4024.23,0.0,NORMAL,1954373.0,9779.63,7638982.0,58815.45,118354.0,-3334.93,406022.0,-1287.79,1066443.0,27455.85,9719428.0,-129347.53,4839357.0,-87616.2,2000263.0,24012.75,8040822.0,-51334.55,4022307.0,41482.29,17715820.0,7977.78
2025-12-03,31080844.88,210.81,33.9,0.668,MULTI (TLT+XLE+GLD),1.93,1.93,0.0,7486.8,0.0,NORMAL,1426149.0,-20648.57,8025513.0,18300.02,0.0,1178.05,1285401.0,15690.6,789091.0,14365.19,9263139.0,181586.94,4006436.0,123799.7,4393389.0,61239.96,9099206.0,-8540.75,4159146.0,-4683.9,17562318.0,49666.68
2025-12-04,31014293.72,210.14,34.42,0.623,MULTI (TLT+GLD+XLE),1.92,1.92,0.0,3389.36,0.0,NORMAL,990124.0,29711.83,8186158.0,-7633.86,0.0,-0.0,912462.0,22018.78,565483.0,-6216.42,9167306.0,39205.16,3931945.0,-74.49,3910990.0,49277.56,9584587.0,5400.36,4623078.0,-103232.65,17821773.0,-95007.42
2025-12-05,30977685.49,209.78,34.15,0.674,MULTI (TLT+GLD+XLE),2.0,2.0,0.0,3966.14,0.0,NORMAL,722686.0,-5499.53,8798690.0,32799.56,0.0,0.0,645633.0,675.75,409896.0,4250.07,9096936.0,-37807.7,5802310.0,4185.8,4034421.0,-41292.36,9889552.0,-17405.17,4576649.0,106135.43,17900065.0,-82650.07
2025-12-08,30573756.14,205.74,34.61,0.721,MULTI (TLT+GLD+XLE),2.0,2.0,0.0,6518.98,0.0,NORMAL,1799590.0,11375.83,8727633.0,-16934.27,0.0,0.0,1502555.0,-22759.4,0.0,4230.81,9310492.0,-99364.51,6313750.0,-109288.57,2717247.0,-63546.85,9846342.0,-26120.08,2837623.0,-22462.44,18025203.0,-59059.87
2025-12-09,30904547.9,209.05,34.51,0.696,MULTI (TLT+GLD+QQQ),2.05,2.05,0.0,7239.85,0.0,NORMAL,2828106.0,-6659.39,9472542.0,10030.32,0.0,0.0,1063705.0,18649.65,0.0,0.0,9073106.0,57102.32,5610411.0,19046.62,1877271.0,34266.63,11885294.0,48594.28,3810266.0,131592.91,17751646.0,18168.42
2025-12-10,31252853.57,212.53,33.28,0.698,MULTI (TLT+GLD+QQQ),2.14,2.14,0.0,4756.88,0.0,NORMAL,3609491.0,-18994.17,9790052.0,38517.65,0.0,-0.0,752650.0,14679.59,0.0,0.0,9385952.0,95079.4,7240104.0,26335.7,1353609.0,12297.02,12284893.0,50272.25,4120199.0,61910.01,18220227.0,68208.21
2025-12-11,31273989.28,212.74,32.12,0.659,MULTI (TLT+GLD+QQQ),2.16,2.16,0.0,5954.39,0.0,NORMAL,2576592.0,-56951.85,9885701.0,-31792.48,0.0,0.0,532793.0,-7814.6,0.0,-0.0,9827043.0,-45200.0,5861258.0,-119590.97,2621538.0,62725.68,13585438.0,131137.97,4684349.0,113448.55,18126379.0,-24826.59
2025-12-12,30561430.93,205.61,29.32,0.75,MULTI (TLT+GLD+QQQ),2.36,2.36,0.0,10401.62,0.0,NORMAL,1864995.0,-84790.52,10506520.0,-189807.67,0.0,-0.0,1993607.0,12943.68,1794447.0,-1794.45,9846451.0,-96333.63,4527179.0,-57682.46,1820209.0,-69220.61,15194842.0,74471.41,6467830.0,-125478.94,18108571.0,-174865.15
2025-12-15,30678625.52,206.79,32.52,0.678,MULTI (TLT+GLD+XLE),2.32,2.32,0.0,10647.63,0.0,NORMAL,1255175.0,12909.52,9544353.0,-53646.01,0.0,-0.0,2937155.0,70147.8,1058830.0,-6911.6,9977708.0,-69435.0,6180579.0,-65295.65,1167985.0,-23618.05,17238082.0,11803.08,4340627.0,229376.41,17543181.0,11864.08
2025-12-16,30325846.81,203.26,31.72,0.651,MULTI (TLT+GLD+XLE),2.36,2.36,0.0,2782.58,0.0,NORMAL,881992.0,9798.21,9829075.0,18649.57,0.0,0.0,3428541.0,89633.3,757192.0,-3179.14,10068595.0,-305092.1,6387375.0,-234568.71,851695.0,377.93,17405439.0,3757.46,4208043.0,-28489.03,17627350.0,96333.8
2025-12-17,30606634.13,206.07,29.95,0.716,MULTI (GLD+TLT+QQQ),2.15,2.15,0.0,9801.68,0.0,NORMAL,630304.0,-33865.93,9808149.0,-182363.18,0.0,-0.0,3434331.0,-158475.49,2184397.0,-28778.35,8996405.0,221633.91,6342213.0,150083.76,578616.0,738.7,17061522.0,148988.49,4524095.0,184284.5,12197255.0,-21459.09
2025-12-18,30619651.88,206.2,31.53,0.671,MULTI (GLD+TLT+QQQ),2.15,2.15,0.0,5415.21,0.0,NORMAL,438230.0,11595.42,9942365.0,142113.76,0.0,0.0,3475229.0,118329.86,2888413.0,50924.78,8332098.0,-131119.92,6414358.0,-139552.12,404996.0,7264.27,17340367.0,-31075.01,2841057.0,-72184.05,13880733.0,56720.76
2025-12-19,30887597.81,208.88,29.6,0.69,MULTI (TLT+GLD+QQQ),2.05,2.05,0.0,18207.26,0.0,NORMAL,2159453.0,15534.32,10561265.0,129112.97,1175459.0,-1175.46,3833791.0,-15975.44,3953942.0,73704.5,6017292.0,-2314.81,4318078.0,21980.5,2304447.0,9351.77,12143420.0,14360.58,2010310.0,76201.1,14854671.0,-52834.11
2025-12-22,31510529.74,215.11,33.41,0.553,MULTI (TLT+GLD+QQQ),2.02,2.02,0.0,7640.12,0.0,NORMAL,1297256.0,31320.16,10356389.0,50370.22,707405.0,7894.95,3919879.0,59966.52,2532261.0,49465.32,6464861.0,61909.39,4967844.0,20155.94,1422403.0,45559.5,13280731.0,279432.61,2830037.0,50041.52,15768779.0,-33184.19
2025-12-23,31996492.05,219.96,32.73,0.58,MULTI (TLT+GLD+QQQ),2.14,2.14,0.0,11404.97,0.0,NORMAL,2425522.0,37894.11,12431226.0,46476.03,552319.0,-319.48,3061684.0,-26257.99,1962890.0,23764.35,4542999.0,40442.78,5163420.0,48639.36,3024248.0,9692.01,14836183.0,174621.33,3673955.0,106629.76,16684355.0,24380.06
2025-12-24,32042500.12,220.43,35.17,0.492,MULTI (TLT+GLD+QQQ),2.0,2.0,0.0,8682.1,0.0,NORMAL,1709058.0,-8400.37,12507485.0,36328.15,411737.0,218.87,2134779.0,-1934.79,1373241.0,4864.02,5691243.0,-14433.31,2639787.0,-25362.42,1602085.0,-5338.18,14501965.0,-61606.89,3906916.0,21320.35,17492064.0,100352.64
2025-12-26,32436029.35,224.36,33.6,0.544,MULTI (TLT+GLD+QQQ),2.12,2.12,0.0,7206.75,0.0,NORMAL,2824502.0,16299.7,12920371.0,-1215.1,318836.0,-188.52,1481965.0,-45511.24,1008858.0,6001.93,6548862.0,-22684.72,4142674.0,-21648.43,2682490.0,-1526.51,15044695.0,168962.21,3847085.0,353018.35,17788043.0,-57978.44
2025-12-29,31466062.19,214.66,32.03,0.62,MULTI (TLT+QQQ+GLD),2.09,2.09,0.0,10671.58,0.0,NORMAL,2018253.0,-35016.44,13152675.0,-62837.56,0.0,599.71,988345.0,-48940.55,2536296.0,-6081.84,7784020.0,61055.81,4424239.0,49496.16,3617697.0,-58951.13,9824330.0,-659435.51,3451941.0,-276533.31,18080646.0,66677.5
2025-12-30,31590363.62,215.9,33.5,0.543,MULTI (TLT+QQQ+GLD),1.95,1.95,0.0,6285.37,0.0,NORMAL,1370529.0,-7932.05,12769624.0,-30857.94,0.0,-0.0,657170.0,-11522.86,1671659.0,-7125.77,7515084.0,58985.25,3335353.0,32812.94,4537548.0,-27690.97,8686358.0,6002.75,3385793.0,155092.41,17687731.0,-43462.32
2025-12-31,30909934.36,209.1,32.64,0.519,MULTI (TLT+QQQ+GLD),2.02,2.02,0.0,3973.53,0.0,NORMAL,971187.0,-7991.94,12984027.0,-105869.27,0.0,-0.0,447097.0,-7014.58,1192583.0,-15096.2,7940768.0,-42255.08,3679722.0,-30998.52,5658917.0,-49695.3,8675419.0,-56228.53,3045526.0,-223938.31,17966891.0,-141341.52
2026-01-02,31458275.26,214.58,30.69,0.599,MULTI (TLT+QQQ+XLE),2.01,2.01,0.0,9717.89,0.0,NORMAL,687177.0,11941.26,13085245.0,-25278.21,1411769.0,-1411.77,1689085.0,-12835.61,2833220.0,42015.85,8465931.0,166591.95,3906118.0,78541.23,3229933.0,211457.33,8350077.0,42755.82,1868014.0,61636.9,17665040.0,-27073.85
2026-01-05,32307139.4,223.07,29.3,0.615,MULTI (TLT+QQQ+XLE),1.79,1.79,0.0,15690.53,0.0,NORMAL,520889.0,-2819.96,9011425.0,99757.98,2307327.0,-16009.45,1099200.0,51795.79,3981390.0,31444.09,8439143.0,229704.6,5635590.0,-45996.38,4016144.0,105352.2,8092458.0,219239.7,2287789.0,94283.07,12584892.0,82112.51
2026-01-06,32407270.92,224.07,28.58,0.655,MULTI (TLT+XLE+QQQ),1.78,1.78,0.0,13134.09,0.0,NORMAL,0.0,-2955.07,6277163.0,76365.79,3106501.0,-71107.79,2039375.0,-46519.06,4697665.0,105147.94,8168795.0,-225017.2,6118596.0,-87202.98,5547869.0,141812.68,5627873.0,84952.86,1543455.0,152438.42,14442247.0,-27784.06
2026-01-07,32067189.82,220.67,31.65,0.641,MULTI (TLT+QQQ+XLE),1.82,1.82,0.0,8276.31,0.0,NORMAL,0.0,0.0,8282389.0,4042.53,3342126.0,-63051.61,1371693.0,-7961.3,2961479.0,-33214.81,7939205.0,-91419.46,6670413.0,-77635.3,5000303.0,-41505.35,6128905.0,-54357.04,994934.0,-58074.75,15820853.0,83095.99
2026-01-08,32316691.19,223.17,32.01,0.722,MULTI (TLT+QQQ+XLE),1.79,1.79,0.0,8751.93,0.0,NORMAL,1734454.0,-1734.45,9612193.0,-48495.42,3429809.0,-85150.24,950109.0,13522.67,1984572.0,-47388.47,7478047.0,249093.08,6535075.0,241772.47,4877353.0,-6248.37,4171167.0,31855.39,664533.0,-17839.19,16333736.0,-79886.1
2026-01-09,32558545.51,225.59,37.09,0.46,MULTI (TLT+QQQ+XLE),1.6,1.6,0.0,12059.07,0.0,NORMAL,1128714.0,-2431.65,10076415.0,-464.22,2156552.0,24841.63,486116.0,-463.99,2810890.0,46507.59,6628641.0,35260.05,3405547.0,-37175.23,2783320.0,150023.85,5259433.0,26917.21,329891.0,-334.64,17160014.0,-826.28
