nav,nav_west,nav_east,cash_west,cash_east,pnl_pct,pos_NVDA,pos_QQQ,pos_IBIT,pos_XLE,pos_600519.SS,pos_601899.SS,pos_300750.SZ,date,risk_prob,action,event,scout_action_NVDA,scout_expl_NVDA,scout_action_XLE,scout_expl_XLE,scout_action_QQQ,scout_expl_QQQ,scout_action_601899.SS,scout_expl_601899.SS,scout_action_600519.SS,scout_expl_600519.SS,scout_action_300750.SZ,scout_expl_300750.SZ,veto_log
10000000.0,5000000.0,5000000.0,306883.67,-726.24,0.0,0.0,12221.864932334547,0.0,39691.313211319655,1178.8878445932178,244561.92780696793,3578.1449128803465,2023-01-03,0.0,SWARM_ACTIVE,DEFENSIVE,NORMAL,Clear,NORMAL,Clear,NORMAL,Clear,NORMAL,Clear,NORMAL,Clear,NORMAL,Clear,
9936520.7,5010258.65,4926262.05,1362170.32,-246.87,0.0,0.0,9515.680483266515,0.0,30511.55967355505,1020.2456665913463,270042.78965959506,3578.1449128803465,2023-01-04,88.8,SWARM_ACTIVE,DEFENSIVE,NORMAL,Clear,NORMAL,Clear,NORMAL,Clear,NORMAL,Clear,NORMAL,Clear,NORMAL,Clear,
10054189.73,4991544.0,5062645.73,1608418.54,-117.58,0.0,0.0,7822.40000514228,0.0,35360.355558482304,947.9385634193025,282073.3264558382,3578.1449128803465,2023-01-05,89.1,SWARM_ACTIVE,DEFENSIVE,NORMAL,Clear,NORMAL,Clear,NORMAL,Clear,NORMAL,Clear,NORMAL,Clear,NORMAL,Clear,
10164890.41,5072434.22,5092456.19,1799399.06,51876.58,0.0,0.0,7428.099633010162,0.0,33159.21412043515,947.9385634193025,282073.3264558382,3338.3462373445427,2023-01-06,89.5,SWARM_ACTIVE,DEFENSIVE,NORMAL,Clear,NORMAL,Clear,NORMAL,Clear,NORMAL,Clear,NORMAL,Clear,NORMAL,Clear,
10472712.64,5080296.06,5392416.58,1888461.58,199116.16,0.0,0.0,7326.120127775965,0.0,31584.823623475866,979.0482955601065,282073.3264558382,2419.644613916054,2023-01-09,85.3,SWARM_ACTIVE,DEFENSIVE,NORMAL,Clear,NORMAL,Clear,NORMAL,Clear,NORMAL,Clear,NORMAL,Clear,NORMAL,Clear,
10520896.43,5105532.11,5415364.32,2077555.62,-199.12,0.0,0.0,6893.04488159943,0.0,29740.14848747583,1097.602597968235,282073.3264558382,2419.644613916054,2023-01-10,84.3,SWARM_ACTIVE,DEFENSIVE,NORMAL,Clear,NORMAL,Clear,NORMAL,Clear,NORMAL,Clear,NORMAL,Clear,NORMAL,Clear,
10562658.21,5140928.28,5421729.93,2311409.36,-199.12,0.0,0.0,6397.133784214033,0.0,27256.500427474086,1097.602597968235,282073.3264558382,2419.644613916054,2023-01-11,82.2,SWARM_ACTIVE,NORMAL,NORMAL,Clear,NORMAL,Clear,NORMAL,Clear,NORMAL,Clear,NORMAL,Clear,NORMAL,Clear,
10570185.72,5170805.09,5399380.63,2143685.11,-49.09,0.0,0.0,7378.384632917075,0.0,24752.03482671701,1067.9008863259176,286642.87570150546,2419.644613916054,2023-01-12,61.9,SWARM_ACTIVE,NORMAL,NORMAL,Clear,NORMAL,Clear,NORMAL,Clear,NORMAL,Clear,NORMAL,Clear,NORMAL,Clear,
10678959.91,5185803.37,5493156.54,1830277.11,-107.3,0.0,0.0,8739.104313415932,0.0,23211.867876157383,1005.0259507862282,296518.9788617218,2419.644613916054,2023-01-13,62.8,SWARM_ACTIVE,NORMAL,NORMAL,Clear,NORMAL,Clear,NORMAL,Clear,NORMAL,Clear,NORMAL,Clear,NORMAL,Clear,
10699711.85,5185365.24,5514346.61,1894114.76,-107.3,0.0,0.0,8237.893875426584,0.0,25039.992514699097,1005.0259507862282,296518.9788617218,2419.644613916054,2023-01-16,58.0,SWARM_ACTIVE,NORMAL,NORMAL,Clear,NORMAL,Clear,NORMAL,Clear,NORMAL,Clear,NORMAL,Clear,NORMAL,Clear,
10639153.52,5191913.93,5447239.59,2136952.5,-107.3,0.0,0.0,7937.102741987491,0.0,21113.085018520018,1005.0259507862282,296518.9788617218,2419.644613916054,2023-01-17,58.0,SWARM_ACTIVE,NORMAL,NORMAL,Clear,NORMAL,Clear,NORMAL,Clear,NORMAL,Clear,NORMAL,Clear,NORMAL,Clear,
10612519.52,5147399.43,5465120.09,2016394.41,-107.3,0.0,0.0,8942.238220020672,0.0,17254.68003446833,1005.0259507862282,296518.9788617218,2419.644613916054,2023-01-18,61.5,SWARM_ACTIVE,NORMAL,NORMAL,Clear,NORMAL,Clear,NORMAL,Clear,NORMAL,Clear,NORMAL,Clear,NORMAL,Clear,
10635856.37,5131564.73,5504291.63,2217938.33,-107.3,0.0,0.0,8293.359886290695,0.0,16603.108592334112,1005.0259507862282,296518.9788617218,2419.644613916054,2023-01-19,68.1,SWARM_ACTIVE,NORMAL,NORMAL,Clear,NORMAL,Clear,NORMAL,Clear,NORMAL,Clear,NORMAL,Clear,NORMAL,Clear,
10783920.18,5199380.61,5584539.57,2120847.76,-107.3,0.0,0.0,8596.911216741331,0.0,16913.969954755477,1005.0259507862282,296518.9788617218,2419.644613916054,2023-01-20,60.2,SWARM_ACTIVE,NORMAL,NORMAL,Clear,NORMAL,Clear,NORMAL,Clear,NORMAL,Clear,NORMAL,Clear,NORMAL,Clear,
10837772.86,5253233.29,5584539.57,2107832.75,-107.3,0.0,0.0,8152.698712277233,0.0,20306.361523090192,1005.0259507862282,296518.9788617218,2419.644613916054,2023-01-23,60.1,SWARM_ACTIVE,NORMAL,NORMAL,Clear,NORMAL,Clear,NORMAL,Clear,NORMAL,Clear,NORMAL,Clear,NORMAL,Clear,
10829572.43,5245032.86,5584539.57,1752090.59,-107.3,0.0,0.0,8782.082048445103,0.0,24650.629173173096,1005.0259507862282,296518.9788617218,2419.644613916054,2023-01-24,61.1,SWARM_ACTIVE,NORMAL,NORMAL,Clear,NORMAL,Clear,NORMAL,Clear,NORMAL,Clear,NORMAL,Clear,NORMAL,Clear,
10823807.33,5239267.76,5584539.57,1458160.35,-107.3,0.0,0.0,8225.424650901865,0.0,35703.556798546095,1005.0259507862282,296518.9788617218,2419.644613916054,2023-01-25,54.3,SWARM_ACTIVE,NORMAL,NORMAL,Clear,NORMAL,Clear,NORMAL,Clear,NORMAL,Clear,NORMAL,Clear,NORMAL,Clear,
10914491.64,5329952.06,5584539.57,1509477.52,-107.3,0.0,0.0,8318.5757562063,0.0,33842.78765161334,1005.0259507862282,296518.9788617218,2419.644613916054,2023-01-26,54.3,SWARM_ACTIVE,NORMAL,NORMAL,Clear,NORMAL,Clear,NORMAL,Clear,NORMAL,Clear,NORMAL,Clear,NORMAL,Clear,
10909506.35,5324966.78,5584539.57,1449332.28,-26.4,0.0,0.0,9224.423511756904,0.0,28894.138663967,989.2721969990575,298875.8896876682,2419.644613916054,2023-01-27,54.3,SWARM_ACTIVE,NORMAL,NORMAL,Clear,NORMAL,Clear,NORMAL,Clear,NORMAL,Clear,NORMAL,Clear,NORMAL,Clear,
10769185.49,5242944.99,5526240.5,1663279.15,-26.4,0.0,0.0,9042.112906773094,0.0,24866.47988963326,989.2721969990575,298875.8896876682,2419.644613916054,2023-01-30,58.8,SWARM_ACTIVE,NORMAL,NORMAL,Clear,NORMAL,Clear,NORMAL,Clear,NORMAL,Clear,NORMAL,Clear,NORMAL,Clear,
10844861.89,5290240.92,5554620.97,1790483.19,-26.4,0.0,0.0,8959.780770631796,0.0,22318.56774257013,989.2721969990575,298875.8896876682,2419.644613916054,2023-01-31,63.8,SWARM_ACTIVE,NORMAL,NORMAL,Clear,NORMAL,Clear,NORMAL,Clear,NORMAL,Clear,NORMAL,Clear,NORMAL,Clear,
11031193.81,5327715.82,5703477.99,1683727.48,-144.48,0.0,0.0,9972.827459747054,0.0,17467.580969942916,902.7013840623542,311394.4287101123,2419.644613916054,2023-02-01,62.2,SWARM_ACTIVE,NORMAL,NORMAL,Clear,NORMAL,Clear,NORMAL,Clear,NORMAL,Clear,NORMAL,Clear,NORMAL,Clear,
11041039.16,5417162.04,5623877.11,2168223.48,-52.4,0.0,0.0,8937.960802487241,0.0,13147.83957247462,871.0719392305945,316009.7710230222,2419.644613916054,2023-02-02,67.9,SWARM_ACTIVE,NORMAL,NORMAL,Clear,NORMAL,Clear,NORMAL,Clear,NORMAL,Clear,NORMAL,Clear,NORMAL,Clear,
10898520.92,5366909.78,5531611.14,1884896.94,-115.51,0.0,0.0,10236.964676326543,0.0,10370.156355924206,800.8172093980481,326372.4225183523,2419.644613916054,2023-02-03,73.6,SWARM_ACTIVE,NORMAL,NORMAL,Clear,NORMAL,Clear,NORMAL,Clear,NORMAL,Clear,NORMAL,Clear,NORMAL,Clear,
10704961.21,5338539.78,5366421.43,1926532.18,-128.58,0.0,0.0,10299.743195782283,0.0,8806.636453521329,721.5745506857148,338373.6756706159,2419.644613916054,2023-02-06,73.7,SWARM_ACTIVE,NORMAL,NORMAL,Clear,NORMAL,Clear,NORMAL,Clear,NORMAL,Clear,NORMAL,Clear,NORMAL,Clear,
10831586.38,5413157.69,5418428.69,1710894.15,-146.89,0.0,0.0,10500.121451237312,0.0,12676.12389589419,631.1474486769755,351882.7511997271,2419.644613916054,2023-02-07,75.0,SWARM_ACTIVE,NORMAL,NORMAL,Clear,NORMAL,Clear,NORMAL,Clear,NORMAL,Clear,NORMAL,Clear,NORMAL,Clear,
10698280.7,5351587.79,5346692.91,1552366.88,-85.16,0.0,0.0,11207.029241515234,0.0,11333.910343092337,578.2950174915004,359845.5858185661,2419.644613916054,2023-02-08,67.6,SWARM_ACTIVE,NORMAL,NORMAL,Clear,NORMAL,Clear,NORMAL,Clear,NORMAL,Clear,NORMAL,Clear,NORMAL,Clear,
10699639.53,5317870.08,5381769.45,1382667.66,-163.25,0.0,0.0,11961.931784131435,0.0,9949.593348150618,478.99859664339624,375069.0275283514,2419.644613916054,2023-02-09,70.6,SWARM_ACTIVE,NORMAL,NORMAL,Clear,NORMAL,Clear,NORMAL,Clear,NORMAL,Clear,NORMAL,Clear,NORMAL,Clear,
10604618.58,5309608.27,5295010.31,1109458.73,-131.05,0.0,20880.064469560355,10202.900002740831,0.0,18444.77933673073,398.8752075660041,387519.4458265601,2419.644613916054,2023-02-10,72.9,SWARM_ACTIVE,NORMAL,NORMAL,Clear,NORMAL,Clear,NORMAL,Clear,NORMAL,Clear,NORMAL,Clear,NORMAL,Clear,
10734697.61,5365400.37,5369297.24,1194920.32,-131.05,0.0,14571.770992668606,10411.796180474266,0.0,18177.91505341195,398.8752075660041,387519.4458265601,2419.644613916054,2023-02-13,75.3,SWARM_ACTIVE,NORMAL,NORMAL,Clear,NORMAL,Clear,NORMAL,Clear,NORMAL,Clear,NORMAL,Clear,NORMAL,Clear,
10857568.17,5405669.81,5451898.36,1025329.3,-131.05,0.0,9879.460893036088,11166.429510000029,0.0,19395.38818683321,398.8752075660041,387519.4458265601,2419.644613916054,2023-02-14,68.2,SWARM_ACTIVE,NORMAL,NORMAL,Clear,NORMAL,Clear,NORMAL,Clear,NORMAL,Clear,NORMAL,Clear,NORMAL,Clear,
10863415.56,5415613.04,5447802.52,966982.47,-131.05,0.0,0.0,12534.880508455351,0.0,16061.429641541345,398.8752075660041,387519.4458265601,2419.644613916054,2023-02-15,68.3,SWARM_ACTIVE,NORMAL,NORMAL,Clear,NORMAL,Clear,NORMAL,Clear,NORMAL,Clear,NORMAL,Clear,NORMAL,Clear,
10676276.34,5337113.03,5339163.31,1452589.88,-131.05,0.0,0.0,11169.158627854593,0.0,14060.018799034313,398.8752075660041,387519.4458265601,2419.644613916054,2023-02-16,73.1,SWARM_ACTIVE,NORMAL,NORMAL,Clear,NORMAL,Clear,NORMAL,Clear,NORMAL,Clear,NORMAL,Clear,NORMAL,Clear,
10621474.23,5293332.73,5328141.5,1062721.07,-131.05,0.0,0.0,12545.272202637982,0.0,13597.654452546107,398.8752075660041,387519.4458265601,2419.644613916054,2023-02-17,72.1,SWARM_ACTIVE,NORMAL,NORMAL,Clear,NORMAL,Clear,NORMAL,Clear,NORMAL,Clear,NORMAL,Clear,NORMAL,Clear,
10761279.31,5292908.0,5468371.31,1299685.75,65303.75,0.0,0.0,11889.369510868339,0.0,12466.57379886704,398.8752075660041,387519.4458265601,2120.591826234674,2023-02-20,72.5,SWARM_ACTIVE,NORMAL,NORMAL,Clear,NORMAL,Clear,NORMAL,Clear,NORMAL,Clear,NORMAL,Clear,NORMAL,Clear,
10826807.24,5207035.37,5619771.87,1316242.05,68825.94,0.0,0.0,11893.267194167516,0.0,12000.468145738963,437.49587257973303,387519.4458265601,1801.6000159183002,2023-02-21,72.5,SWARM_ACTIVE,NORMAL,NORMAL,Clear,NORMAL,Clear,NORMAL,Clear,NORMAL,Clear,NORMAL,Clear,NORMAL,Clear,
10743093.76,5206551.34,5536542.42,1245782.26,33975.07,0.0,0.0,11084.98121144275,0.0,20047.216322533182,478.8868216008167,387519.4458265601,1641.8314903221342,2023-02-22,75.4,SWARM_ACTIVE,NORMAL,NORMAL,Clear,NORMAL,Clear,NORMAL,Clear,NORMAL,Clear,NORMAL,Clear,NORMAL,Clear,
10777256.21,5245408.01,5531848.2,1479182.16,22879.64,0.0,0.0,9428.861638822322,0.0,26542.830202025052,499.5212498520957,387519.4458265601,1535.2760069478854,2023-02-23,74.8,SWARM_ACTIVE,NORMAL,NORMAL,Clear,NORMAL,Clear,NORMAL,Clear,NORMAL,Clear,NORMAL,Clear,NORMAL,Clear,
10592638.9,5197326.29,5395312.61,1644392.6,11287.69,0.0,0.0,9257.099605169164,0.0,23506.03704173576,513.6501223006105,387519.4458265601,1481.6624139014084,2023-02-24,72.3,SWARM_ACTIVE,NORMAL,NORMAL,Clear,NORMAL,Clear,NORMAL,Clear,NORMAL,Clear,NORMAL,Clear,NORMAL,Clear,
10541011.0,5218820.08,5322190.91,1964612.2,0.61,0.0,0.0,8184.467068005895,0.0,23223.561897393356,520.5343327704488,387519.4458265601,1481.6054113297766,2023-02-27,73.3,SWARM_ACTIVE,NORMAL,NORMAL,Clear,NORMAL,Clear,NORMAL,Clear,NORMAL,Clear,NORMAL,Clear,NORMAL,Clear,
10528556.29,5202645.83,5325910.46,2103784.8,81349.76,0.0,0.0,8155.2129093249105,0.0,19761.63658431167,520.5343327704488,387519.4458265601,1094.5677390938165,2023-02-28,75.8,SWARM_ACTIVE,NORMAL,NORMAL,Clear,NORMAL,Clear,NORMAL,Clear,NORMAL,Clear,NORMAL,Clear,NORMAL,Clear,
10748113.82,5198330.5,5549783.32,2068545.65,18524.4,0.0,0.0,8235.54307274497,0.0,20078.787317054594,569.3896087895198,387519.4458265601,1007.7404873707725,2023-03-01,75.3,SWARM_ACTIVE,NORMAL,NORMAL,Clear,NORMAL,Clear,NORMAL,Clear,NORMAL,Clear,NORMAL,Clear,NORMAL,Clear,
10806824.72,5224593.64,5582231.09,1845885.38,-18.52,0.0,0.0,7381.089758628265,0.0,32122.901566244305,580.5786753422616,387519.4458265601,1007.7404873707725,2023-03-02,74.7,SWARM_ACTIVE,NORMAL,NORMAL,Clear,NORMAL,Clear,NORMAL,Clear,NORMAL,Clear,NORMAL,Clear,NORMAL,Clear,
10818897.3,5284865.71,5534031.59,1137459.71,210963.88,0.0,0.0,10644.827681007897,0.0,25690.581684823635,580.5786753422616,387519.4458265601,0.0,2023-03-03,75.9,SWARM_ACTIVE,NORMAL,NORMAL,Clear,NORMAL,Clear,NORMAL,Clear,NORMAL,Clear,NORMAL,Clear,NORMAL,Clear,
10797534.34,5287670.53,5509863.81,1237388.78,-210.96,0.0,0.0,10315.756848715,0.0,25613.244388752908,709.4754959380841,387519.4458265601,0.0,2023-03-06,79.1,SWARM_ACTIVE,NORMAL,NORMAL,Clear,NORMAL,Clear,NORMAL,Clear,NORMAL,Clear,NORMAL,Clear,NORMAL,Clear,
10748467.07,5232694.69,5515772.38,1317611.36,-210.96,0.0,0.0,9752.869102109235,0.0,27765.12177230046,709.4754959380841,387519.4458265601,0.0,2023-03-07,76.0,SWARM_ACTIVE,NORMAL,NORMAL,Clear,NORMAL,Clear,NORMAL,Clear,NORMAL,Clear,NORMAL,Clear,NORMAL,Clear,
10623227.1,5235589.41,5387637.7,1199665.98,-210.96,0.0,0.0,9722.080923605501,0.0,31071.85288424667,709.4754959380841,387519.4458265601,0.0,2023-03-08,76.6,SWARM_ACTIVE,NORMAL,NORMAL,Clear,NORMAL,Clear,NORMAL,Clear,NORMAL,Clear,NORMAL,Clear,NORMAL,Clear,
10520262.21,5169332.9,5350929.31,1423735.07,-210.96,0.0,0.0,9602.091809715648,0.0,26051.897251687908,709.4754959380841,387519.4458265601,0.0,2023-03-09,76.3,SWARM_ACTIVE,NORMAL,NORMAL,Clear,NORMAL,Clear,NORMAL,Clear,NORMAL,Clear,NORMAL,Clear,NORMAL,Clear,
10412075.33,5117751.56,5294323.77,1571728.98,-210.96,0.0,0.0,8545.949019381422,0.0,30094.92645328198,709.4754959380841,387519.4458265601,0.0,2023-03-10,72.4,SWARM_ACTIVE,DEFENSIVE,NORMAL,Clear,NORMAL,Clear,NORMAL,Clear,NORMAL,Clear,NORMAL,Clear,NORMAL,Clear,
10676911.24,5112426.03,5564485.21,1038361.87,-210.96,0.0,0.0,10703.506883206479,0.0,27814.026654402434,709.4754959380841,387519.4458265601,0.0,2023-03-13,84.2,SWARM_ACTIVE,NORMAL,NORMAL,Clear,NORMAL,Clear,NORMAL,Clear,NORMAL,Clear,NORMAL,Clear,NORMAL,Clear,
10711680.68,5192011.84,5519668.84,965159.02,-81.8,0.0,0.0,10934.963729236126,0.0,27963.517004709818,658.147676707907,394748.40994679934,0.0,2023-03-14,78.1,SWARM_ACTIVE,NORMAL,NORMAL,Clear,NORMAL,Clear,NORMAL,Clear,NORMAL,Clear,NORMAL,Clear,NORMAL,Clear,
10585782.84,5153242.69,5432540.15,857338.76,-181.75,0.0,0.0,10815.527319127841,0.0,32047.45111396719,543.3704975110269,411094.94486194296,0.0,2023-03-15,75.8,SWARM_ACTIVE,NORMAL,NORMAL,Clear,NORMAL,Clear,NORMAL,Clear,NORMAL,Clear,NORMAL,Clear,NORMAL,Clear,
10515366.43,5248941.16,5266425.27,786966.35,-152.55,0.0,0.0,11122.44878498661,0.0,31417.82717884802,447.0181302293192,425333.6331162122,0.0,2023-03-16,75.8,SWARM_ACTIVE,NORMAL,NORMAL,Clear,NORMAL,Clear,NORMAL,Clear,NORMAL,Clear,NORMAL,Clear,NORMAL,Clear,
10505609.62,5215528.33,5290081.28,419207.36,-173.33,0.0,0.0,12542.773617512794,0.0,29727.95699482072,336.94819757751065,441412.92818477936,0.0,2023-03-17,73.7,SWARM_ACTIVE,NORMAL,NORMAL,Clear,NORMAL,Clear,NORMAL,Clear,NORMAL,Clear,NORMAL,Clear,NORMAL,Clear,
10676209.23,5249087.84,5427121.39,252447.91,-101.8,0.0,0.0,13278.721569937323,0.0,28175.732937202967,242.306505707788,445564.8429015305,514.3556214494264,2023-03-20,78.4,SWARM_ACTIVE,NORMAL,NORMAL,Clear,NORMAL,Clear,NORMAL,Clear,NORMAL,Clear,NORMAL,Clear,NORMAL,Clear,
10789371.26,5340494.53,5448876.73,380994.8,-41.12,0.0,0.0,12996.859043008793,0.0,27014.23599089953,216.6363334865317,449263.5731781514,514.3556214494264,2023-03-21,80.3,SWARM_ACTIVE,NORMAL,NORMAL,Clear,NORMAL,Clear,NORMAL,Clear,NORMAL,Clear,NORMAL,Clear,NORMAL,Clear,
10681436.72,5265322.19,5416114.53,419152.53,-17.83,0.0,0.0,12967.174873991544,0.0,26199.58017841754,205.5008035543399,450877.7579954516,514.3556214494264,2023-03-22,76.0,SWARM_ACTIVE,NORMAL,NORMAL,Clear,NORMAL,Clear,NORMAL,Clear,NORMAL,Clear,NORMAL,Clear,NORMAL,Clear,
10884344.66,5298558.6,5585786.06,461610.67,-17.83,0.0,0.0,13041.211152041538,0.0,24361.15651224173,205.5008035543399,450877.7579954516,514.3556214494264,2023-03-23,75.9,SWARM_ACTIVE,NORMAL,NORMAL,Clear,NORMAL,Clear,NORMAL,Clear,NORMAL,Clear,NORMAL,Clear,NORMAL,Clear,
10846497.85,5316432.75,5530065.1,500185.48,-21.0,0.0,0.0,12959.673343986808,0.0,23976.518242363967,205.5008035543399,449015.63894984813,616.7737444552886,2023-03-24,75.0,SWARM_ACTIVE,NORMAL,NORMAL,Clear,NORMAL,Clear,NORMAL,Clear,NORMAL,Clear,NORMAL,Clear,NORMAL,Clear,
10827900.42,5307403.08,5520497.33,168468.06,52263.32,0.0,13797.261044974848,10769.104803333357,0.0,41319.57569568073,205.5008035543399,423648.13471950876,1746.3263610684992,2023-03-27,73.8,SWARM_ACTIVE,NORMAL,NORMAL,Clear,NORMAL,Clear,NORMAL,Clear,NORMAL,Clear,NORMAL,Clear,NORMAL,Clear,
10836904.22,5309895.52,5527008.7,508679.47,84760.9,0.0,9725.588586176735,10458.503587913021,0.0,37542.57331405271,237.8872950992511,420702.6960366268,1493.9001439249064,2023-03-28,73.4,SWARM_ACTIVE,NORMAL,NORMAL,Clear,NORMAL,Clear,NORMAL,Clear,NORMAL,Clear,NORMAL,Clear,NORMAL,Clear,
10926481.23,5391944.46,5534536.78,509834.65,-10.98,0.0,0.0,11740.337076393778,0.0,33955.45117186448,290.1712555449079,419722.67026178504,1546.5517967477033,2023-03-29,67.9,SWARM_ACTIVE,NORMAL,NORMAL,Clear,NORMAL,Clear,NORMAL,Clear,NORMAL,Clear,NORMAL,Clear,NORMAL,Clear,
11062677.81,5430922.55,5631755.26,494070.91,-94.87,0.0,0.0,12517.786792466894,0.0,27932.064386384118,290.1712555449079,411480.43720561883,2001.7276416559675,2023-03-30,67.2,SWARM_ACTIVE,NORMAL,NORMAL,Clear,NORMAL,Clear,NORMAL,Clear,NORMAL,Clear,NORMAL,Clear,NORMAL,Clear,
11199579.51,5502376.5,5697203.01,743431.86,6458.35,0.0,0.0,11908.08372826696,0.0,26421.569333294796,290.1712555449079,405263.7937889742,2312.6309535047435,2023-03-31,65.8,SWARM_ACTIVE,NORMAL,NORMAL,Clear,NORMAL,Clear,NORMAL,Clear,NORMAL,Clear,NORMAL,Clear,NORMAL,Clear,
11118796.65,5538212.22,5580584.43,612133.0,-229.34,0.0,0.0,10799.810207301096,0.0,38556.25690441349,294.12834452378945,385126.87315019703,3416.8474092506003,2023-04-03,58.3,SWARM_ACTIVE,NORMAL,NORMAL,Clear,NORMAL,Clear,NORMAL,Clear,NORMAL,Clear,NORMAL,Clear,NORMAL,Clear,
11145992.76,5498279.82,5647712.94,548400.24,188302.92,0.0,0.0,11568.373974520027,0.0,33970.29924141323,294.12834452378945,377768.50270281686,2906.0434869401042,2023-04-04,63.7,SWARM_ACTIVE,NORMAL,NORMAL,Clear,NORMAL,Clear,NORMAL,Clear,NORMAL,Clear,NORMAL,Clear,NORMAL,Clear,
11129380.43,5481856.22,5647524.22,409704.55,81818.66,0.0,0.0,10718.957032149274,0.0,44177.88195175902,408.7071900201302,374257.0278225392,2701.7179932973595,2023-04-05,62.7,SWARM_ACTIVE,NORMAL,NORMAL,Clear,NORMAL,Clear,NORMAL,Clear,NORMAL,Clear,NORMAL,Clear,NORMAL,Clear,
11392583.94,5477236.66,5915347.28,297738.53,98923.87,0.0,0.0,10746.940748636916,0.0,46835.88457716536,458.9807736062551,366290.0858839342,2698.2131324670913,2023-04-06,62.7,SWARM_ACTIVE,NORMAL,NORMAL,Clear,NORMAL,Clear,NORMAL,Clear,NORMAL,Clear,NORMAL,Clear,NORMAL,Clear,
11310618.52,5477124.8,5833493.72,426331.64,-33.34,0.0,0.0,11646.177083866449,0.0,36248.612387431094,519.9672986787565,363529.37196943036,2862.1148068432235,2023-04-07,63.1,SWARM_ACTIVE,NORMAL,NORMAL,Clear,NORMAL,Clear,NORMAL,Clear,NORMAL,Clear,NORMAL,Clear,NORMAL,Clear,
11357785.52,5485621.2,5872164.32,455788.17,-24.69,0.0,0.0,10625.212101106903,0.0,43645.76163261122,519.9672986787565,361502.05900115205,2980.038364615428,2023-04-10,62.4,SWARM_ACTIVE,NORMAL,NORMAL,Clear,NORMAL,Clear,NORMAL,Clear,NORMAL,Clear,NORMAL,Clear,NORMAL,Clear,
11489422.9,5479824.59,6009598.31,38322.22,129658.0,0.0,16789.981370485166,7940.179936652963,0.0,63760.30163641573,499.95798558616593,333626.9749502968,4196.5861045480215,2023-04-11,63.6,SWARM_ACTIVE,NORMAL,NORMAL,Clear,NORMAL,Clear,NORMAL,Clear,NORMAL,Clear,NORMAL,Clear,NORMAL,Clear,
11452373.8,5446384.95,6005988.85,131605.3,91357.58,0.0,16663.14944172323,8075.505550756549,0.0,60423.73002830683,379.63311385216474,358269.8122976395,3747.207812541237,2023-04-12,74.0,SWARM_ACTIVE,NORMAL,NORMAL,Clear,NORMAL,Clear,NORMAL,Clear,NORMAL,Clear,NORMAL,Clear,NORMAL,Clear,
11466734.88,5509270.04,5957464.83,155757.6,144199.35,0.0,11972.045987724241,8488.074625207768,0.0,59670.213308748236,352.3360594688687,368893.8744717236,3032.846519961421,2023-04-13,77.0,SWARM_ACTIVE,NORMAL,NORMAL,Clear,NORMAL,Clear,NORMAL,Clear,NORMAL,Clear,NORMAL,Clear,NORMAL,Clear,
11667592.43,5511862.14,6155730.29,211291.99,-186.21,0.0,8622.417632413466,8655.167678866384,0.0,59205.337226811236,325.2377655842131,383094.7221488739,3032.846519961421,2023-04-14,72.2,SWARM_ACTIVE,NORMAL,NORMAL,Clear,NORMAL,Clear,NORMAL,Clear,NORMAL,Clear,NORMAL,Clear,NORMAL,Clear,
11661349.21,5488269.12,6173080.09,583027.84,-186.21,0.0,0.0,8518.924931841208,0.0,56746.49105898077,325.2377655842131,383094.7221488739,3032.846519961421,2023-04-17,73.7,SWARM_ACTIVE,NORMAL,NORMAL,Clear,NORMAL,Clear,NORMAL,Clear,NORMAL,Clear,NORMAL,Clear,NORMAL,Clear,
11655175.84,5496870.9,6158304.94,701633.02,-186.21,0.0,0.0,8501.090881041788,0.0,53882.44236609569,325.2377655842131,383094.7221488739,3032.846519961421,2023-04-18,67.4,SWARM_ACTIVE,NORMAL,NORMAL,Clear,NORMAL,Clear,NORMAL,Clear,NORMAL,Clear,NORMAL,Clear,NORMAL,Clear,
11663298.2,5488119.98,6175178.23,836028.95,-186.21,0.0,0.0,8426.73010898495,0.0,51057.07522861262,325.2377655842131,383094.7221488739,3032.846519961421,2023-04-19,68.5,SWARM_ACTIVE,NORMAL,NORMAL,Clear,NORMAL,Clear,NORMAL,Clear,NORMAL,Clear,NORMAL,Clear,NORMAL,Clear,
11485852.63,5450128.87,6035723.75,1269825.02,-186.21,0.0,0.0,7517.288569508528,0.0,47180.48782466656,325.2377655842131,383094.7221488739,3032.846519961421,2023-04-20,70.5,SWARM_ACTIVE,DEFENSIVE,NORMAL,Clear,NORMAL,Clear,NORMAL,Clear,NORMAL,Clear,NORMAL,Clear,NORMAL,Clear,
11378354.37,5441367.66,5936986.71,1822062.9,-186.21,0.0,0.0,6807.519152366803,0.0,38628.60079216021,325.2377655842131,383094.7221488739,3032.846519961421,2023-04-21,82.8,SWARM_ACTIVE,NORMAL,NORMAL,Clear,NORMAL,Clear,NORMAL,Clear,NORMAL,Clear,NORMAL,Clear,NORMAL,Clear,
11161247.7,5459315.71,5701931.99,2161494.2,-186.21,0.0,0.0,6355.283307504199,0.0,33570.33260356689,325.2377655842131,383094.7221488739,3032.846519961421,2023-04-24,75.6,SWARM_ACTIVE,DEFENSIVE,NORMAL,Clear,NORMAL,Clear,NORMAL,Clear,NORMAL,Clear,NORMAL,Clear,NORMAL,Clear,
11157417.19,5396888.62,5760528.58,2340716.41,-186.21,0.0,0.0,5685.0589855451035,0.0,34215.94603800586,325.2377655842131,383094.7221488739,3032.846519961421,2023-04-25,86.1,SWARM_ACTIVE,NORMAL,NORMAL,Clear,NORMAL,Clear,NORMAL,Clear,NORMAL,Clear,NORMAL,Clear,NORMAL,Clear,
11078676.74,5389526.24,5689150.5,2426987.64,-186.21,0.0,0.0,4808.376684678846,0.0,38996.46769781412,325.2377655842131,383094.7221488739,3032.846519961421,2023-04-26,75.5,SWARM_ACTIVE,DEFENSIVE,NORMAL,Clear,NORMAL,Clear,NORMAL,Clear,NORMAL,Clear,NORMAL,Clear,NORMAL,Clear,
11236600.13,5434530.08,5802070.06,2499989.17,-186.21,0.0,0.0,5267.873893872553,0.0,33294.30260055315,325.2377655842131,383094.7221488739,3032.846519961421,2023-04-27,85.4,SWARM_ACTIVE,DEFENSIVE,NORMAL,Clear,NORMAL,Clear,NORMAL,Clear,NORMAL,Clear,NORMAL,Clear,NORMAL,Clear,
11271383.65,5465376.32,5806007.33,2532230.42,-186.21,0.0,0.0,5166.093035126505,0.0,33294.95463454446,325.2377655842131,383094.7221488739,3032.846519961421,2023-04-28,81.7,SWARM_ACTIVE,DEFENSIVE,NORMAL,Clear,NORMAL,Clear,NORMAL,Clear,NORMAL,Clear,NORMAL,Clear,NORMAL,Clear,
11254881.49,5448874.16,5806007.33,2303632.15,-186.21,0.0,0.0,6858.373278635177,0.0,25260.838686086052,325.2377655842131,383094.7221488739,3032.846519961421,2023-05-01,81.4,SWARM_ACTIVE,NORMAL,NORMAL,Clear,NORMAL,Clear,NORMAL,Clear,NORMAL,Clear,NORMAL,Clear,NORMAL,Clear,
11192877.15,5386869.82,5806007.33,2042233.25,-186.21,0.0,0.0,8474.83187878601,0.0,18532.15327534607,325.2377655842131,383094.7221488739,3032.846519961421,2023-05-02,73.3,SWARM_ACTIVE,NORMAL,NORMAL,Clear,NORMAL,Clear,NORMAL,Clear,NORMAL,Clear,NORMAL,Clear,NORMAL,Clear,
11161838.81,5355831.48,5806007.33,2181427.34,-186.21,0.0,0.0,7610.53587467418,0.0,22143.389902282193,325.2377655842131,383094.7221488739,3032.846519961421,2023-05-03,78.6,SWARM_ACTIVE,DEFENSIVE,NORMAL,Clear,NORMAL,Clear,NORMAL,Clear,NORMAL,Clear,NORMAL,Clear,NORMAL,Clear,
11161730.01,5338152.1,5823577.9,2440311.8,-186.21,0.0,0.0,6495.552617942029,0.0,24597.61343534801,325.2377655842131,383094.7221488739,3032.846519961421,2023-05-04,84.0,SWARM_ACTIVE,DEFENSIVE,NORMAL,Clear,NORMAL,Clear,NORMAL,Clear,NORMAL,Clear,NORMAL,Clear,NORMAL,Clear,
11106204.6,5404462.66,5701741.94,2534175.98,-186.21,0.0,0.0,5938.782015818282,0.0,26857.088124646365,325.2377655842131,383094.7221488739,3032.846519961421,2023-05-05,84.3,SWARM_ACTIVE,DEFENSIVE,NORMAL,Clear,NORMAL,Clear,NORMAL,Clear,NORMAL,Clear,NORMAL,Clear,NORMAL,Clear,
11141726.66,5408876.98,5732849.68,2597539.77,-186.21,0.0,0.0,5844.570119894345,0.0,25944.315071937803,325.2377655842131,383094.7221488739,3032.846519961421,2023-05-08,80.9,SWARM_ACTIVE,DEFENSIVE,NORMAL,Clear,NORMAL,Clear,NORMAL,Clear,NORMAL,Clear,NORMAL,Clear,NORMAL,Clear,
10968592.71,5397381.79,5571210.92,2672544.42,-186.21,0.0,0.0,5324.245979988367,0.0,28384.4066418198,325.2377655842131,383094.7221488739,3032.846519961421,2023-05-09,80.9,SWARM_ACTIVE,DEFENSIVE,NORMAL,Clear,NORMAL,Clear,NORMAL,Clear,NORMAL,Clear,NORMAL,Clear,NORMAL,Clear,
10933756.18,5403671.42,5530084.76,2556326.45,-186.21,0.0,0.0,6313.611553574565,0.0,22840.939044983683,325.2377655842131,383094.7221488739,3032.846519961421,2023-05-10,81.9,SWARM_ACTIVE,DEFENSIVE,NORMAL,Clear,NORMAL,Clear,NORMAL,Clear,NORMAL,Clear,NORMAL,Clear,NORMAL,Clear,
10806116.07,5399833.6,5406282.47,2805165.46,-186.21,0.0,0.0,5669.9788739658725,0.0,21652.314925153816,325.2377655842131,383094.7221488739,3032.846519961421,2023-05-11,81.1,SWARM_ACTIVE,DEFENSIVE,NORMAL,Clear,NORMAL,Clear,NORMAL,Clear,NORMAL,Clear,NORMAL,Clear,NORMAL,Clear,
10538171.81,5394243.95,5143927.86,2827639.77,-186.21,0.0,0.0,5244.4797151391285,0.0,24814.69540260151,325.2377655842131,383094.7221488739,3032.846519961421,2023-05-12,81.4,SWARM_ACTIVE,DEFENSIVE,NORMAL,Clear,NORMAL,Clear,NORMAL,Clear,NORMAL,Clear,NORMAL,Clear,NORMAL,Clear,
10602188.79,5407606.05,5194582.74,2791453.82,-186.21,0.0,0.0,5441.924015890003,0.0,24054.513181415656,325.2377655842131,383094.7221488739,3032.846519961421,2023-05-15,82.2,SWARM_ACTIVE,DEFENSIVE,NORMAL,Clear,NORMAL,Clear,NORMAL,Clear,NORMAL,Clear,NORMAL,Clear,NORMAL,Clear,
10631438.97,5388196.45,5243242.52,2731683.41,-186.21,0.0,0.0,5368.955618883663,0.0,26421.000017981103,325.2377655842131,383094.7221488739,3032.846519961421,2023-05-16,81.2,SWARM_ACTIVE,DEFENSIVE,NORMAL,Clear,NORMAL,Clear,NORMAL,Clear,NORMAL,Clear,NORMAL,Clear,NORMAL,Clear,
10582211.73,5426854.35,5155357.38,2841454.15,-186.21,0.0,0.0,5238.281625002906,0.0,24541.387478370765,325.2377655842131,383094.7221488739,3032.846519961421,2023-05-17,80.2,SWARM_ACTIVE,DEFENSIVE,NORMAL,Clear,NORMAL,Clear,NORMAL,Clear,NORMAL,Clear,NORMAL,Clear,NORMAL,Clear,
10631401.2,5464823.24,5166577.95,2149577.56,-186.21,0.0,0.0,8010.13335798783,0.0,18192.993289875412,325.2377655842131,383094.7221488739,3032.846519961421,2023-05-18,80.7,SWARM_ACTIVE,NORMAL,NORMAL,Clear,NORMAL,Clear,NORMAL,Clear,NORMAL,Clear,NORMAL,Clear,NORMAL,Clear,
10549251.93,5462750.67,5086501.25,2252769.8,-186.21,0.0,0.0,7137.640716554055,0.0,23287.372116772804,325.2377655842131,383094.7221488739,3032.846519961421,2023-05-19,75.0,SWARM_ACTIVE,DEFENSIVE,NORMAL,Clear,NORMAL,Clear,NORMAL,Clear,NORMAL,Clear,NORMAL,Clear,NORMAL,Clear,
10571369.41,5466704.11,5104665.29,2011748.44,-186.21,0.0,0.0,8297.37193701344,0.0,19288.986368125992,325.2377655842131,383094.7221488739,3032.846519961421,2023-05-22,80.9,SWARM_ACTIVE,NORMAL,NORMAL,Clear,NORMAL,Clear,NORMAL,Clear,NORMAL,Clear,NORMAL,Clear,NORMAL,Clear,
10440143.18,5438719.82,5001423.36,1493937.09,63681.72,0.0,0.0,10132.859508343292,0.0,16969.97849070405,325.2377655842131,383094.7221488739,2733.9251943963486,2023-05-23,68.2,SWARM_ACTIVE,NORMAL,NORMAL,Clear,NORMAL,Clear,NORMAL,Clear,NORMAL,Clear,NORMAL,Clear,NORMAL,Clear,
10427801.94,5423697.66,5004104.28,1375167.27,-63.68,0.0,0.0,9330.1042709713,0.0,27312.208195518473,366.3353253055786,383094.7221488739,2733.9251943963486,2023-05-24,69.1,SWARM_ACTIVE,NORMAL,NORMAL,Clear,NORMAL,Clear,NORMAL,Clear,NORMAL,Clear,NORMAL,Clear,NORMAL,Clear,
10415791.32,5479304.02,4936487.3,1292321.42,-63.68,0.0,0.0,9845.628590548244,0.0,24826.679844416078,366.3353253055786,383094.7221488739,2733.9251943963486,2023-05-25,69.2,SWARM_ACTIVE,NORMAL,NORMAL,Clear,NORMAL,Clear,NORMAL,Clear,NORMAL,Clear,NORMAL,Clear,NORMAL,Clear,
10582919.06,5559605.41,5023313.65,1179863.61,14869.36,0.0,0.0,10511.055255048272,0.0,21601.177665746258,366.3353253055786,383094.7221488739,2662.3121324865324,2023-05-26,70.0,SWARM_ACTIVE,NORMAL,NORMAL,Clear,NORMAL,Clear,NORMAL,Clear,NORMAL,Clear,NORMAL,Clear,NORMAL,Clear,
10574616.11,5559261.36,5015354.75,1129235.3,74153.19,0.0,0.0,10734.810841505392,0.0,20873.320135228092,376.05582701163127,383094.7221488739,2301.8135026171312,2023-05-29,69.6,SWARM_ACTIVE,NORMAL,NORMAL,Clear,NORMAL,Clear,NORMAL,Clear,NORMAL,Clear,NORMAL,Clear,NORMAL,Clear,
10561227.08,5568128.26,4993098.82,1071956.85,67061.58,0.0,6081.870074089586,10363.636841259433,0.0,19212.468085164586,425.13352645302695,383094.7221488739,1986.997385389811,2023-05-30,71.2,SWARM_ACTIVE,NORMAL,NORMAL,Clear,NORMAL,Clear,NORMAL,Clear,NORMAL,Clear,NORMAL,Clear,NORMAL,Clear,
10484937.93,5521556.25,4963381.68,1105886.95,59312.31,0.0,0.0,10803.789141057207,0.0,20495.883565208,470.5909961801523,383094.7221488739,1703.743495196216,2023-05-31,72.0,SWARM_ACTIVE,NORMAL,NORMAL,Clear,NORMAL,Clear,NORMAL,Clear,NORMAL,Clear,NORMAL,Clear,NORMAL,Clear,
10671517.8,5572746.49,5098771.31,1132402.75,64146.38,0.0,0.0,10349.477181545746,0.0,24184.00211641783,510.62312351192475,383094.7221488739,1399.8440091727766,2023-06-01,77.9,SWARM_ACTIVE,NORMAL,NORMAL,Clear,NORMAL,Clear,NORMAL,Clear,NORMAL,Clear,NORMAL,Clear,NORMAL,Clear,
10942023.65,5625388.46,5316635.19,1017017.58,39853.27,0.0,0.0,10779.644484936141,0.0,23227.33744448422,553.019194295939,383094.7221488739,1215.4882070410058,2023-06-02,76.0,SWARM_ACTIVE,NORMAL,NORMAL,Clear,NORMAL,Clear,NORMAL,Clear,NORMAL,Clear,NORMAL,Clear,NORMAL,Clear,
10814288.84,5622236.57,5192052.26,1728454.52,1143092.26,0.0,0.0,9075.881047031055,0.0,19990.183643157714,543.919060648069,284951.1751372495,979.1909760658632,2023-06-05,71.2,SWARM_ACTIVE,NORMAL,NORMAL,Clear,NORMAL,Clear,NORMAL,Clear,NORMAL,Clear,NORMAL,Clear,NORMAL,Clear,
10847757.81,5626828.53,5220929.28,1545623.71,486770.63,0.0,0.0,9756.132484798334,0.0,18485.935639421215,520.8009990964908,368376.854682768,0.0,2023-06-06,75.1,SWARM_ACTIVE,NORMAL,NORMAL,Clear,NORMAL,Clear,NORMAL,Clear,NORMAL,Clear,NORMAL,Clear,NORMAL,Clear,
10802315.45,5586643.0,5215672.45,1302989.97,146415.13,0.0,0.0,9781.470222291728,0.0,24720.002660905368,508.88739666241725,401742.8520226557,0.0,2023-06-07,75.7,SWARM_ACTIVE,NORMAL,NORMAL,Clear,NORMAL,Clear,NORMAL,Clear,NORMAL,Clear,NORMAL,Clear,NORMAL,Clear,
10892644.41,5624118.91,5268525.5,1269223.91,-14.57,0.0,0.0,9492.493327356084,0.0,28308.04856859836,596.0743159042789,403087.6647663915,0.0,2023-06-08,76.6,SWARM_ACTIVE,NORMAL,NORMAL,Clear,NORMAL,Clear,NORMAL,Clear,NORMAL,Clear,NORMAL,Clear,NORMAL,Clear,
10970017.56,5630678.05,5339339.51,889644.07,-165.91,0.0,0.0,10350.125251611062,0.0,30465.604183546704,485.9972217069765,418150.047639545,0.0,2023-06-09,76.0,SWARM_ACTIVE,NORMAL,NORMAL,Clear,NORMAL,Clear,NORMAL,Clear,NORMAL,Clear,NORMAL,Clear,NORMAL,Clear,
10969726.58,5680446.44,5289280.14,1024793.85,-165.91,0.0,0.0,9848.567949686783,0.0,31621.814786394676,485.9972217069765,418150.047639545,0.0,2023-06-12,74.7,SWARM_ACTIVE,NORMAL,NORMAL,Clear,NORMAL,Clear,NORMAL,Clear,NORMAL,Clear,NORMAL,Clear,NORMAL,Clear,
11022816.43,5712549.18,5310267.26,907380.35,-165.91,0.0,0.0,10138.05720141607,0.0,31996.453477548668,485.9972217069765,418150.047639545,0.0,2023-06-13,72.9,SWARM_ACTIVE,NORMAL,NORMAL,Clear,NORMAL,Clear,NORMAL,Clear,NORMAL,Clear,NORMAL,Clear,NORMAL,Clear,
11159310.98,5726640.54,5432670.45,914521.78,-165.91,0.0,0.0,10563.574367374365,0.0,27602.865957592516,485.9972217069765,418150.047639545,0.0,2023-06-14,72.1,SWARM_ACTIVE,NORMAL,NORMAL,Clear,NORMAL,Clear,NORMAL,Clear,NORMAL,Clear,NORMAL,Clear,NORMAL,Clear,
11275781.31,5782725.85,5493055.46,1057027.45,-165.91,0.0,0.0,10315.109099636242,0.0,26192.202695520762,485.9972217069765,418150.047639545,0.0,2023-06-15,71.8,SWARM_ACTIVE,NORMAL,NORMAL,Clear,NORMAL,Clear,NORMAL,Clear,NORMAL,Clear,NORMAL,Clear,NORMAL,Clear,
11361363.62,5757503.63,5603859.99,1408215.95,-119.58,0.0,0.0,9883.030150165796,0.0,20904.924417028757,485.9972217069765,407735.65765159857,545.3699324471023,2023-06-16,57.5,SWARM_ACTIVE,NORMAL,NORMAL,Clear,NORMAL,Clear,NORMAL,Clear,NORMAL,Clear,NORMAL,Clear,NORMAL,Clear,
11249653.12,5757152.09,5492501.02,1219581.3,-98.14,0.0,0.0,9845.466609808032,0.0,26378.534942546,485.9972217069765,399031.04626165587,999.2677795778379,2023-06-19,56.6,SWARM_ACTIVE,NORMAL,NORMAL,Clear,NORMAL,Clear,NORMAL,Clear,NORMAL,Clear,NORMAL,Clear,NORMAL,Clear,
11203136.15,5730044.49,5473091.66,1353807.06,-23.68,0.0,0.0,9537.429118760958,0.0,25740.573687690496,485.9972217069765,396915.521969067,1108.7360538587059,2023-06-20,60.9,SWARM_ACTIVE,NORMAL,NORMAL,Clear,NORMAL,Clear,NORMAL,Clear,NORMAL,Clear,NORMAL,Clear,NORMAL,Clear,
11084562.06,5690279.17,5394282.88,1258573.2,28332.42,0.0,0.0,9114.60169033463,0.0,32493.6702710046,485.9972217069765,393264.52774360933,1165.0003916962426,2023-06-21,59.4,SWARM_ACTIVE,NORMAL,NORMAL,Clear,NORMAL,Clear,NORMAL,Clear,NORMAL,Clear,NORMAL,Clear,NORMAL,Clear,
11106595.77,5712365.31,5394230.46,1407462.75,29342.88,0.0,0.0,8968.010723824445,0.0,29813.57948124031,504.01919640890003,393264.52774360933,1027.222505249119,2023-06-22,60.8,SWARM_ACTIVE,NORMAL,NORMAL,Clear,NORMAL,Clear,NORMAL,Clear,NORMAL,Clear,NORMAL,Clear,NORMAL,Clear,
11066630.45,5672457.72,5394172.73,1731325.47,-67.6,0.0,0.0,8156.714538881751,0.0,28847.161105704476,522.6839140677491,387148.5319226527,1344.0312333443776,2023-06-23,60.8,SWARM_ACTIVE,NORMAL,NORMAL,Clear,NORMAL,Clear,NORMAL,Clear,NORMAL,Clear,NORMAL,Clear,NORMAL,Clear,
11003549.93,5651543.13,5352006.8,1864135.8,-67.6,0.0,0.0,7902.453168908076,0.0,27651.690432889067,522.6839140677491,387148.5319226527,1344.0312333443776,2023-06-26,66.0,SWARM_ACTIVE,NORMAL,NORMAL,Clear,NORMAL,Clear,NORMAL,Clear,NORMAL,Clear,NORMAL,Clear,NORMAL,Clear,
11126470.94,5701580.97,5424889.97,1795945.58,-67.6,0.0,0.0,7863.366782326925,0.0,29910.786391838323,522.6839140677491,387148.5319226527,1344.0312333443776,2023-06-27,63.1,SWARM_ACTIVE,NORMAL,NORMAL,Clear,NORMAL,Clear,NORMAL,Clear,NORMAL,Clear,NORMAL,Clear,NORMAL,Clear,
11141298.68,5718003.48,5423295.2,1826362.91,-67.6,0.0,0.0,8003.794980547559,0.0,27704.950647913258,522.6839140677491,387148.5319226527,1344.0312333443776,2023-06-28,62.2,SWARM_ACTIVE,NORMAL,NORMAL,Clear,NORMAL,Clear,NORMAL,Clear,NORMAL,Clear,NORMAL,Clear,NORMAL,Clear,
11022827.16,5723851.86,5298975.29,1811177.37,-67.6,0.0,0.0,8333.353956233821,0.0,24927.20947868981,522.6839140677491,387148.5319226527,1344.0312333443776,2023-06-29,66.0,SWARM_ACTIVE,NORMAL,NORMAL,Clear,NORMAL,Clear,NORMAL,Clear,NORMAL,Clear,NORMAL,Clear,NORMAL,Clear,
11091599.19,5775656.08,5315943.12,1732358.42,-67.6,0.0,0.0,8684.103376081743,0.0,23615.9444801367,522.6839140677491,387148.5319226527,1344.0312333443776,2023-06-30,62.5,SWARM_ACTIVE,NORMAL,NORMAL,Clear,NORMAL,Clear,NORMAL,Clear,NORMAL,Clear,NORMAL,Clear,NORMAL,Clear,
11325656.18,5784987.9,5540668.28,1734635.69,-65.6,0.0,0.0,7438.502838371552,0.0,35660.11352399225,522.6839140677491,381389.0971364897,1644.8228484883139,2023-07-03,60.2,SWARM_ACTIVE,NORMAL,NORMAL,Clear,NORMAL,Clear,NORMAL,Clear,NORMAL,Clear,NORMAL,Clear,NORMAL,Clear,
11279324.31,5784082.3,5495242.01,1842407.49,-65.6,0.0,0.0,7291.870747382063,0.0,34208.289739068685,522.6839140677491,381389.0971364897,1644.8228484883139,2023-07-04,58.8,SWARM_ACTIVE,NORMAL,NORMAL,Clear,NORMAL,Clear,NORMAL,Clear,NORMAL,Clear,NORMAL,Clear,NORMAL,Clear,
11262025.72,5776814.71,5485211.01,1854329.29,-38.45,0.0,0.0,6788.777234304844,0.0,38804.78988620478,522.6839140677491,377973.8674868831,1822.9601920794578,2023-07-05,59.0,SWARM_ACTIVE,NORMAL,NORMAL,Clear,NORMAL,Clear,NORMAL,Clear,NORMAL,Clear,NORMAL,Clear,NORMAL,Clear,
11130943.88,5725079.88,5405864.0,1745192.29,-38.45,0.0,0.0,6765.278434017029,0.0,42031.76006966473,522.6839140677491,377973.8674868831,1822.9601920794578,2023-07-06,61.6,SWARM_ACTIVE,DEFENSIVE,NORMAL,Clear,NORMAL,Clear,NORMAL,Clear,NORMAL,Clear,NORMAL,Clear,NORMAL,Clear,
11123169.07,5749723.81,5373445.26,2078610.19,-38.45,0.0,0.0,6212.375450881033,0.0,38422.588820005585,522.6839140677491,377973.8674868831,1822.9601920794578,2023-07-07,80.5,SWARM_ACTIVE,DEFENSIVE,NORMAL,Clear,NORMAL,Clear,NORMAL,Clear,NORMAL,Clear,NORMAL,Clear,NORMAL,Clear,
11147653.64,5761270.62,5386383.03,2205458.74,-38.45,0.0,0.0,5767.273768371005,0.0,39318.947230460435,522.6839140677491,377973.8674868831,1822.9601920794578,2023-07-10,82.4,SWARM_ACTIVE,DEFENSIVE,NORMAL,Clear,NORMAL,Clear,NORMAL,Clear,NORMAL,Clear,NORMAL,Clear,NORMAL,Clear,
11303512.87,5803767.35,5499745.52,2262248.68,-38.45,0.0,0.0,5490.3289897140585,0.0,40454.69941143707,522.6839140677491,377973.8674868831,1822.9601920794578,2023-07-11,83.0,SWARM_ACTIVE,DEFENSIVE,NORMAL,Clear,NORMAL,Clear,NORMAL,Clear,NORMAL,Clear,NORMAL,Clear,NORMAL,Clear,
11380836.89,5843118.06,5537718.83,1864736.98,-38.45,0.0,0.0,5895.086461720713,0.0,46879.80778183365,522.6839140677491,377973.8674868831,1822.9601920794578,2023-07-12,80.6,SWARM_ACTIVE,NORMAL,NORMAL,Clear,NORMAL,Clear,NORMAL,Clear,NORMAL,Clear,NORMAL,Clear,NORMAL,Clear,
11633450.86,5872575.62,5760875.24,1542455.16,-38.45,0.0,0.0,5672.115433406248,0.0,57395.41510916332,522.6839140677491,377973.8674868831,1822.9601920794578,2023-07-13,69.7,SWARM_ACTIVE,NORMAL,NORMAL,Clear,NORMAL,Clear,NORMAL,Clear,NORMAL,Clear,NORMAL,Clear,NORMAL,Clear,
11599849.53,5813234.29,5786615.24,1753102.13,42933.51,0.0,0.0,5640.382359853875,0.0,52089.12367612621,522.6839140677491,377973.8674868831,1624.3581052349382,2023-07-14,62.9,SWARM_ACTIVE,NORMAL,NORMAL,Clear,NORMAL,Clear,NORMAL,Clear,NORMAL,Clear,NORMAL,Clear,NORMAL,Clear,
11513515.58,5828856.08,5684659.5,1074533.42,85454.46,0.0,0.0,8421.164167175513,0.0,42176.95809993767,549.6716902402259,377973.8674868831,1224.6121487038447,2023-07-17,65.2,SWARM_ACTIVE,NORMAL,NORMAL,Clear,NORMAL,Clear,NORMAL,Clear,NORMAL,Clear,NORMAL,Clear,NORMAL,Clear,
11571758.77,5869328.84,5702429.93,845480.67,261659.67,0.0,0.0,9326.451860986796,0.0,39123.893863285986,603.6114712479213,377973.8674868831,0.0,2023-07-18,71.1,SWARM_ACTIVE,NORMAL,NORMAL,Clear,NORMAL,Clear,NORMAL,Clear,NORMAL,Clear,NORMAL,Clear,NORMAL,Clear,
11647592.13,5876689.87,5770902.26,816672.58,-261.66,0.0,7421.611693180472,9149.280274991035,0.0,32453.106621970463,768.7547122007034,377973.8674868831,0.0,2023-07-19,73.0,SWARM_ACTIVE,NORMAL,NORMAL,Clear,NORMAL,Clear,NORMAL,Clear,NORMAL,Clear,NORMAL,Clear,NORMAL,Clear,
11577416.71,5798837.3,5778579.41,736388.13,-261.66,0.0,9191.069889551945,7934.268237518867,0.0,44143.39086865878,768.7547122007034,377973.8674868831,0.0,2023-07-20,76.5,SWARM_ACTIVE,NORMAL,NORMAL,Clear,NORMAL,Clear,NORMAL,Clear,NORMAL,Clear,NORMAL,Clear,NORMAL,Clear,
11576030.49,5792943.09,5783087.4,962584.3,-261.66,0.0,6730.186956220304,7718.983789526247,0.0,43169.691873409654,768.7547122007034,377973.8674868831,0.0,2023-07-21,79.1,SWARM_ACTIVE,NORMAL,NORMAL,Clear,NORMAL,Clear,NORMAL,Clear,NORMAL,Clear,NORMAL,Clear,NORMAL,Clear,
11573170.1,5826350.48,5746819.62,1365543.89,-261.66,0.0,-9.094947017729282e-13,7456.198126085574,0.0,43019.25623820629,768.7547122007034,377973.8674868831,0.0,2023-07-24,79.8,SWARM_ACTIVE,NORMAL,NORMAL,Clear,NORMAL,Clear,NORMAL,Clear,NORMAL,Clear,NORMAL,Clear,NORMAL,Clear,
11825418.17,5853592.51,5971825.66,1729757.93,-261.66,0.0,-9.094947017729282e-13,6872.874846952819,0.0,39314.153158489076,768.7547122007034,377973.8674868831,0.0,2023-07-25,80.9,SWARM_ACTIVE,NORMAL,NORMAL,Clear,NORMAL,Clear,NORMAL,Clear,NORMAL,Clear,NORMAL,Clear,NORMAL,Clear,
11864076.53,5845239.15,6018837.37,1685680.13,-261.66,0.0,-9.094947017729282e-13,6411.421692100383,0.0,44742.6473457447,768.7547122007034,377973.8674868831,0.0,2023-07-26,72.7,SWARM_ACTIVE,NORMAL,NORMAL,Clear,NORMAL,Clear,NORMAL,Clear,NORMAL,Clear,NORMAL,Clear,NORMAL,Clear,
11784666.56,5827836.57,5956829.99,1890022.01,-261.66,0.0,-9.094947017729282e-13,5932.581847924305,0.0,44060.53919530374,768.7547122007034,377973.8674868831,0.0,2023-07-27,71.0,SWARM_ACTIVE,NORMAL,NORMAL,Clear,NORMAL,Clear,NORMAL,Clear,NORMAL,Clear,NORMAL,Clear,NORMAL,Clear,
11838972.27,5873000.25,5965972.02,2040784.81,-261.66,0.0,-9.094947017729282e-13,5814.263040449939,0.0,41373.615182325266,768.7547122007034,377973.8674868831,0.0,2023-07-28,67.4,SWARM_ACTIVE,NORMAL,NORMAL,Clear,NORMAL,Clear,NORMAL,Clear,NORMAL,Clear,NORMAL,Clear,NORMAL,Clear,
11938969.24,5905047.48,6033921.76,2090320.04,-261.66,0.0,-9.094947017729282e-13,6037.904889360062,0.0,38039.81052218231,768.7547122007034,377973.8674868831,0.0,2023-07-31,70.0,SWARM_ACTIVE,NORMAL,NORMAL,Clear,NORMAL,Clear,NORMAL,Clear,NORMAL,Clear,NORMAL,Clear,NORMAL,Clear,
11946691.77,5892353.0,6054338.77,2268183.17,-261.66,0.0,-9.094947017729282e-13,5613.066383379663,0.0,37595.06466702918,768.7547122007034,377973.8674868831,0.0,2023-08-01,62.3,SWARM_ACTIVE,NORMAL,NORMAL,Clear,NORMAL,Clear,NORMAL,Clear,NORMAL,Clear,NORMAL,Clear,NORMAL,Clear,
11805257.87,5825990.62,5979267.25,2120913.59,-261.66,0.0,-9.094947017729282e-13,5279.348941023921,0.0,44418.017210241225,768.7547122007034,377973.8674868831,0.0,2023-08-02,63.0,SWARM_ACTIVE,DEFENSIVE,NORMAL,Clear,NORMAL,Clear,NORMAL,Clear,NORMAL,Clear,NORMAL,Clear,NORMAL,Clear,
11775061.55,5840270.83,5934790.72,2362099.48,-261.66,0.0,-9.094947017729282e-13,4585.092346162514,0.0,44773.28747487411,768.7547122007034,377973.8674868831,0.0,2023-08-03,83.1,SWARM_ACTIVE,DEFENSIVE,NORMAL,Clear,NORMAL,Clear,NORMAL,Clear,NORMAL,Clear,NORMAL,Clear,NORMAL,Clear,
11819744.65,5834570.41,5985174.24,2811868.93,-261.66,0.0,-9.094947017729282e-13,3431.221947626798,0.0,44091.06373533903,768.7547122007034,377973.8674868831,0.0,2023-08-04,83.2,SWARM_ACTIVE,NORMAL,NORMAL,Clear,NORMAL,Clear,NORMAL,Clear,NORMAL,Clear,NORMAL,Clear,NORMAL,Clear,
11828056.1,5846798.27,5981257.83,3004211.27,-261.66,0.0,-9.094947017729282e-13,3398.5680992661732,0.0,39587.173270057974,768.7547122007034,377973.8674868831,0.0,2023-08-07,70.1,SWARM_ACTIVE,DEFENSIVE,NORMAL,Clear,NORMAL,Clear,NORMAL,Clear,NORMAL,Clear,NORMAL,Clear,NORMAL,Clear,
11891576.63,5843763.29,6047813.34,2991562.77,-261.66,0.0,-9.094947017729282e-13,3509.042030235875,0.0,38894.13705171382,768.7547122007034,377973.8674868831,0.0,2023-08-08,85.0,SWARM_ACTIVE,DEFENSIVE,NORMAL,Clear,NORMAL,Clear,NORMAL,Clear,NORMAL,Clear,NORMAL,Clear,NORMAL,Clear,
11839407.07,5849255.96,5990151.11,3286753.55,-261.66,0.0,-9.094947017729282e-13,3018.4063356453275,0.0,36008.5368417409,768.7547122007034,377973.8674868831,0.0,2023-08-09,85.7,SWARM_ACTIVE,DEFENSIVE,NORMAL,Clear,NORMAL,Clear,NORMAL,Clear,NORMAL,Clear,NORMAL,Clear,NORMAL,Clear,
11779538.42,5850816.46,5928721.96,3139258.55,-261.66,0.0,-9.094947017729282e-13,3349.4019668563956,0.0,36674.65013271165,768.7547122007034,377973.8674868831,0.0,2023-08-10,85.0,SWARM_ACTIVE,DEFENSIVE,NORMAL,Clear,NORMAL,Clear,NORMAL,Clear,NORMAL,Clear,NORMAL,Clear,NORMAL,Clear,
11682445.35,5865881.11,5816564.24,2865462.48,-261.66,0.0,-9.094947017729282e-13,4080.086397754767,0.0,36913.52186767604,768.7547122007034,377973.8674868831,0.0,2023-08-11,84.2,SWARM_ACTIVE,DEFENSIVE,NORMAL,Clear,NORMAL,Clear,NORMAL,Clear,NORMAL,Clear,NORMAL,Clear,NORMAL,Clear,
11605226.01,5875669.3,5729556.7,2657965.3,-261.66,0.0,-9.094947017729282e-13,3919.268474773733,0.0,43363.022524972934,768.7547122007034,377973.8674868831,0.0,2023-08-14,86.0,SWARM_ACTIVE,DEFENSIVE,NORMAL,Clear,NORMAL,Clear,NORMAL,Clear,NORMAL,Clear,NORMAL,Clear,NORMAL,Clear,
11559644.75,5823032.8,5736611.94,2733323.75,-261.66,0.0,-9.094947017729282e-13,3461.729130016067,0.0,45581.623445697674,768.7547122007034,377973.8674868831,0.0,2023-08-15,84.5,SWARM_ACTIVE,DEFENSIVE,NORMAL,Clear,NORMAL,Clear,NORMAL,Clear,NORMAL,Clear,NORMAL,Clear,NORMAL,Clear,
11488157.03,5793594.05,5694562.98,2705688.64,-261.66,0.0,-9.094947017729282e-13,3512.2437552631072,0.0,45820.68563926917,768.7547122007034,377973.8674868831,0.0,2023-08-16,85.5,SWARM_ACTIVE,DEFENSIVE,NORMAL,Clear,NORMAL,Clear,NORMAL,Clear,NORMAL,Clear,NORMAL,Clear,NORMAL,Clear,
11538223.02,5801806.8,5736416.22,2699922.04,-261.66,0.0,-9.094947017729282e-13,4088.187580607708,0.0,40928.60459229494,768.7547122007034,377973.8674868831,0.0,2023-08-17,86.1,SWARM_ACTIVE,DEFENSIVE,NORMAL,Clear,NORMAL,Clear,NORMAL,Clear,NORMAL,Clear,NORMAL,Clear,NORMAL,Clear,
11458465.12,5815988.92,5642476.21,2728132.04,-261.66,0.0,-9.094947017729282e-13,3950.231048539694,0.0,41427.32355205129,768.7547122007034,377973.8674868831,0.0,2023-08-18,89.0,SWARM_ACTIVE,DEFENSIVE,NORMAL,Clear,NORMAL,Clear,NORMAL,Clear,NORMAL,Clear,NORMAL,Clear,NORMAL,Clear,
11425812.9,5827692.15,5598120.75,2654636.68,-261.66,0.0,-9.094947017729282e-13,3833.51578410719,0.0,44261.83554884294,768.7547122007034,377973.8674868831,0.0,2023-08-21,89.2,SWARM_ACTIVE,DEFENSIVE,NORMAL,Clear,NORMAL,Clear,NORMAL,Clear,NORMAL,Clear,NORMAL,Clear,NORMAL,Clear,
11563210.74,5811712.44,5751498.3,2455473.13,-261.66,0.0,-9.094947017729282e-13,4345.406330858818,0.0,44651.5557241151,768.7547122007034,377973.8674868831,0.0,2023-08-22,87.1,SWARM_ACTIVE,DEFENSIVE,NORMAL,Clear,NORMAL,Clear,NORMAL,Clear,NORMAL,Clear,NORMAL,Clear,NORMAL,Clear,
11486332.08,5831520.2,5654811.88,2121332.0,-261.66,0.0,-9.094947017729282e-13,4090.67120276176,0.0,55249.38424237354,768.7547122007034,377973.8674868831,0.0,2023-08-23,85.8,SWARM_ACTIVE,DEFENSIVE,NORMAL,Clear,NORMAL,Clear,NORMAL,Clear,NORMAL,Clear,NORMAL,Clear,NORMAL,Clear,
11584375.31,5783940.6,5800434.72,2181308.5,-261.66,0.0,5255.123124732885,3779.9405532844003,0.0,50301.93273497654,768.7547122007034,377973.8674868831,0.0,2023-08-24,83.2,SWARM_ACTIVE,DEFENSIVE,NORMAL,Clear,NORMAL,Clear,NORMAL,Clear,NORMAL,Clear,NORMAL,Clear,NORMAL,Clear,
11545117.74,5807254.91,5737862.83,2239205.58,-261.66,0.0,0.0,5973.743822240964,0.0,35310.74946462789,768.7547122007034,377973.8674868831,0.0,2023-08-25,85.0,SWARM_ACTIVE,DEFENSIVE,NORMAL,Clear,NORMAL,Clear,NORMAL,Clear,NORMAL,Clear,NORMAL,Clear,NORMAL,Clear,
11518404.37,5831339.49,5687064.87,2295222.32,-261.66,0.0,0.0,5347.62164420394,0.0,39493.109862975005,768.7547122007034,377973.8674868831,0.0,2023-08-28,84.7,SWARM_ACTIVE,DEFENSIVE,NORMAL,Clear,NORMAL,Clear,NORMAL,Clear,NORMAL,Clear,NORMAL,Clear,NORMAL,Clear,
11554438.64,5877506.6,5676932.03,1947362.59,-261.66,0.0,0.0,6607.1648816763845,0.0,36600.77328693695,768.7547122007034,377973.8674868831,0.0,2023-08-29,83.2,SWARM_ACTIVE,NORMAL,NORMAL,Clear,NORMAL,Clear,NORMAL,Clear,NORMAL,Clear,NORMAL,Clear,NORMAL,Clear,
11711978.24,5897943.31,5814034.93,1864333.14,-261.66,0.0,0.0,7516.539389522768,0.0,30363.98599999406,768.7547122007034,377973.8674868831,0.0,2023-08-30,67.9,SWARM_ACTIVE,NORMAL,NORMAL,Clear,NORMAL,Clear,NORMAL,Clear,NORMAL,Clear,NORMAL,Clear,NORMAL,Clear,
11681683.5,5906556.9,5775126.6,1913495.73,-261.66,0.0,0.0,7655.822617434537,0.0,27892.734426848103,768.7547122007034,377973.8674868831,0.0,2023-08-31,68.3,SWARM_ACTIVE,NORMAL,NORMAL,Clear,NORMAL,Clear,NORMAL,Clear,NORMAL,Clear,NORMAL,Clear,NORMAL,Clear,
11863866.14,5926762.05,5937104.1,1918911.45,-261.66,0.0,0.0,7089.0549994865405,0.0,32799.154953902704,768.7547122007034,377973.8674868831,0.0,2023-09-01,67.3,SWARM_ACTIVE,NORMAL,NORMAL,Clear,NORMAL,Clear,NORMAL,Clear,NORMAL,Clear,NORMAL,Clear,NORMAL,Clear,
12018669.32,5926346.22,6092323.1,1923071.48,-261.66,0.0,0.0,6883.975451310847,0.0,34521.8854260251,768.7547122007034,377973.8674868831,0.0,2023-09-04,60.4,SWARM_ACTIVE,NORMAL,NORMAL,Clear,NORMAL,Clear,NORMAL,Clear,NORMAL,Clear,NORMAL,Clear,NORMAL,Clear,
12006165.03,5937083.46,6069081.57,2041321.13,1342250.98,0.0,0.0,6273.01714869223,0.0,37116.266229381035,768.7547122007034,241073.94434195381,1681.2084946170237,2023-09-05,60.0,SWARM_ACTIVE,NORMAL,NORMAL,Clear,NORMAL,Clear,NORMAL,Clear,NORMAL,Clear,NORMAL,Clear,NORMAL,Clear,
11960871.81,5916851.05,6044020.76,1714908.68,214979.86,0.0,0.0,6191.263268611295,0.0,45593.15015981807,1085.4448698958786,292886.84552833077,1396.3604619646035,2023-09-06,59.5,SWARM_ACTIVE,NORMAL,NORMAL,Clear,NORMAL,Clear,NORMAL,Clear,NORMAL,Clear,NORMAL,Clear,NORMAL,Clear,
11893549.48,5898229.2,5995320.28,1604777.14,39702.86,0.0,0.0,6600.51090953358,0.0,44638.792992461094,1073.0664298174656,311837.27395377913,1210.3345356279247,2023-09-07,65.0,SWARM_ACTIVE,NORMAL,NORMAL,Clear,NORMAL,Clear,NORMAL,Clear,NORMAL,Clear,NORMAL,Clear,NORMAL,Clear,
11852403.73,5919507.81,5932895.92,1549838.76,45423.95,0.0,0.0,6618.391796726684,0.0,45778.83039396783,1010.2943343606286,323569.0434274378,994.6875507637774,2023-09-08,71.3,SWARM_ACTIVE,NORMAL,NORMAL,Clear,NORMAL,Clear,NORMAL,Clear,NORMAL,Clear,NORMAL,Clear,NORMAL,Clear,
11894399.36,5922570.58,5971828.78,1423164.24,208813.35,0.0,0.0,7161.238489231659,0.0,43980.9237199119,1037.402820473197,323569.0434274378,-1.1368683772161603e-13,2023-09-11,71.6,SWARM_ACTIVE,NORMAL,NORMAL,Clear,NORMAL,Clear,NORMAL,Clear,NORMAL,Clear,NORMAL,Clear,NORMAL,Clear,
11856076.03,5936141.62,5919934.41,1168064.57,-281.21,0.0,0.0,6092.62610871653,0.0,59081.84476529611,994.1030385095557,346460.0842304342,-1.1368683772161603e-13,2023-09-12,71.4,SWARM_ACTIVE,NORMAL,NORMAL,Clear,NORMAL,Clear,NORMAL,Clear,NORMAL,Clear,NORMAL,Clear,NORMAL,Clear,
11844117.44,5924582.57,5919534.87,1153835.93,-26.74,0.0,0.0,6201.158808668164,0.0,58473.51219011981,977.9429120419697,348636.51821152645,-1.1368683772161603e-13,2023-09-13,71.2,SWARM_ACTIVE,NORMAL,NORMAL,Clear,NORMAL,Clear,NORMAL,Clear,NORMAL,Clear,NORMAL,Clear,NORMAL,Clear,
11937370.31,5972288.81,5965081.5,645924.39,-282.4,0.0,0.0,8735.520713723694,0.0,48344.76470826336,808.8996322673413,371377.04743563227,-1.1368683772161603e-13,2023-09-14,72.7,SWARM_ACTIVE,NORMAL,NORMAL,Clear,NORMAL,Clear,NORMAL,Clear,NORMAL,Clear,NORMAL,Clear,NORMAL,Clear,
11882887.32,5885266.41,5997620.91,321890.0,-160.26,0.0,0.0,8402.232098514489,0.0,58853.56035421461,710.8306651850531,384115.19369731715,-1.1368683772161603e-13,2023-09-15,73.6,SWARM_ACTIVE,NORMAL,NORMAL,Clear,NORMAL,Clear,NORMAL,Clear,NORMAL,Clear,NORMAL,Clear,NORMAL,Clear,
11907788.12,5909028.64,5998759.47,662386.56,-160.26,0.0,0.0,7893.7843516825,0.0,55227.98689428976,710.8306651850531,384115.19369731715,-1.1368683772161603e-13,2023-09-18,76.4,SWARM_ACTIVE,NORMAL,NORMAL,Clear,NORMAL,Clear,NORMAL,Clear,NORMAL,Clear,NORMAL,Clear,NORMAL,Clear,
11914536.44,5880504.22,6034032.23,1067115.39,-160.26,0.0,0.0,6841.563717881185,0.0,54727.8331045926,710.8306651850531,384115.19369731715,-1.1368683772161603e-13,2023-09-19,76.4,SWARM_ACTIVE,NORMAL,NORMAL,Clear,NORMAL,Clear,NORMAL,Clear,NORMAL,Clear,NORMAL,Clear,NORMAL,Clear,
11884054.42,5822544.56,6061509.86,1369034.67,-160.26,0.0,0.0,5712.495635359732,0.0,57199.445480851224,710.8306651850531,384115.19369731715,-1.1368683772161603e-13,2023-09-20,76.9,SWARM_ACTIVE,NORMAL,NORMAL,Clear,NORMAL,Clear,NORMAL,Clear,NORMAL,Clear,NORMAL,Clear,NORMAL,Clear,
11737458.14,5751487.89,5985970.25,1237156.73,-160.26,0.0,0.0,4854.257321577161,0.0,67697.04469152406,710.8306651850531,384115.19369731715,-1.1368683772161603e-13,2023-09-21,77.1,SWARM_ACTIVE,NORMAL,NORMAL,Clear,NORMAL,Clear,NORMAL,Clear,NORMAL,Clear,NORMAL,Clear,NORMAL,Clear,
11715952.39,5755700.12,5960252.27,1709880.11,-160.26,0.0,0.0,5140.233326698223,0.0,53832.071238180084,710.8306651850531,384115.19369731715,-1.1368683772161603e-13,2023-09-22,77.6,SWARM_ACTIVE,DEFENSIVE,NORMAL,Clear,NORMAL,Clear,NORMAL,Clear,NORMAL,Clear,NORMAL,Clear,NORMAL,Clear,
11678525.53,5791612.76,5886912.77,1948380.65,-160.26,0.0,0.0,5572.117480390712,0.0,44480.264391420525,710.8306651850531,384115.19369731715,-1.1368683772161603e-13,2023-09-25,88.7,SWARM_ACTIVE,DEFENSIVE,NORMAL,Clear,NORMAL,Clear,NORMAL,Clear,NORMAL,Clear,NORMAL,Clear,NORMAL,Clear,
11586433.17,5750652.43,5835780.74,2329946.18,-160.26,0.0,0.0,4848.275406663269,0.0,41387.234393349434,710.8306651850531,384115.19369731715,-1.1368683772161603e-13,2023-09-26,88.6,SWARM_ACTIVE,DEFENSIVE,NORMAL,Clear,NORMAL,Clear,NORMAL,Clear,NORMAL,Clear,NORMAL,Clear,NORMAL,Clear,
11543516.42,5797243.58,5746272.83,2306045.42,-160.26,0.0,0.0,4826.39861315515,0.0,42124.75349180928,710.8306651850531,384115.19369731715,-1.1368683772161603e-13,2023-09-27,88.8,SWARM_ACTIVE,DEFENSIVE,NORMAL,Clear,NORMAL,Clear,NORMAL,Clear,NORMAL,Clear,NORMAL,Clear,NORMAL,Clear,
11446574.93,5813300.47,5633274.46,2253809.15,-160.26,0.0,0.0,4591.633427096659,0.0,45278.248184217744,710.8306651850531,384115.19369731715,-1.1368683772161603e-13,2023-09-28,88.4,SWARM_ACTIVE,DEFENSIVE,NORMAL,Clear,NORMAL,Clear,NORMAL,Clear,NORMAL,Clear,NORMAL,Clear,NORMAL,Clear,
11408470.0,5775195.54,5633274.46,2121768.21,-160.26,0.0,0.0,4109.567734879768,0.0,52480.218327011346,710.8306651850531,384115.19369731715,-1.1368683772161603e-13,2023-09-29,87.5,SWARM_ACTIVE,DEFENSIVE,NORMAL,Clear,NORMAL,Clear,NORMAL,Clear,NORMAL,Clear,NORMAL,Clear,NORMAL,Clear,
11376303.14,5743028.68,5633274.46,2026120.84,-160.26,0.0,0.0,4962.494127113924,0.0,47397.55295229487,710.8306651850531,384115.19369731715,-1.1368683772161603e-13,2023-10-02,88.6,SWARM_ACTIVE,DEFENSIVE,NORMAL,Clear,NORMAL,Clear,NORMAL,Clear,NORMAL,Clear,NORMAL,Clear,NORMAL,Clear,
11343430.66,5710156.2,5633274.46,2268846.32,-160.26,0.0,0.0,4685.600866423967,0.0,43841.91389216367,710.8306651850531,384115.19369731715,-1.1368683772161603e-13,2023-10-03,86.7,SWARM_ACTIVE,DEFENSIVE,NORMAL,Clear,NORMAL,Clear,NORMAL,Clear,NORMAL,Clear,NORMAL,Clear,NORMAL,Clear,
11308980.81,5675706.35,5633274.46,2484709.04,-160.26,0.0,0.0,4070.53272565512,0.0,43897.710468869576,710.8306651850531,384115.19369731715,-1.1368683772161603e-13,2023-10-04,88.1,SWARM_ACTIVE,DEFENSIVE,NORMAL,Clear,NORMAL,Clear,NORMAL,Clear,NORMAL,Clear,NORMAL,Clear,NORMAL,Clear,
11293712.02,5660437.56,5633274.46,2205524.14,-160.26,0.0,0.0,5322.398789982113,0.0,39738.00957513311,710.8306651850531,384115.19369731715,-1.1368683772161603e-13,2023-10-05,87.1,SWARM_ACTIVE,DEFENSIVE,NORMAL,Clear,NORMAL,Clear,NORMAL,Clear,NORMAL,Clear,NORMAL,Clear,NORMAL,Clear,
11334063.42,5700788.96,5633274.46,2258347.91,-160.26,0.0,0.0,5303.804318909849,0.0,38576.561599524124,710.8306651850531,384115.19369731715,-1.1368683772161603e-13,2023-10-06,86.4,SWARM_ACTIVE,DEFENSIVE,NORMAL,Clear,NORMAL,Clear,NORMAL,Clear,NORMAL,Clear,NORMAL,Clear,NORMAL,Clear,
11406557.72,5761645.2,5644912.52,2305249.83,-160.26,0.0,0.0,4928.591367157128,0.0,40731.857389164434,710.8306651850531,384115.19369731715,-1.1368683772161603e-13,2023-10-09,83.7,SWARM_ACTIVE,DEFENSIVE,NORMAL,Clear,NORMAL,Clear,NORMAL,Clear,NORMAL,Clear,NORMAL,Clear,NORMAL,Clear,
11421056.89,5773369.86,5647687.03,2185695.35,-160.26,0.0,0.0,5153.860465355227,0.0,41643.708514365586,710.8306651850531,384115.19369731715,-1.1368683772161603e-13,2023-10-10,82.9,SWARM_ACTIVE,DEFENSIVE,NORMAL,Clear,NORMAL,Clear,NORMAL,Clear,NORMAL,Clear,NORMAL,Clear,NORMAL,Clear,
11384771.36,5764602.84,5620168.52,2250647.59,-160.26,0.0,0.0,4813.559161878027,0.0,43108.58168483072,710.8306651850531,384115.19369731715,-1.1368683772161603e-13,2023-10-11,81.9,SWARM_ACTIVE,DEFENSIVE,NORMAL,Clear,NORMAL,Clear,NORMAL,Clear,NORMAL,Clear,NORMAL,Clear,NORMAL,Clear,
11444162.72,5760292.45,5683870.26,2184862.2,-160.26,0.0,0.0,5153.4210929612345,0.0,41671.448862316516,710.8306651850531,384115.19369731715,-1.1368683772161603e-13,2023-10-12,82.3,SWARM_ACTIVE,DEFENSIVE,NORMAL,Clear,NORMAL,Clear,NORMAL,Clear,NORMAL,Clear,NORMAL,Clear,NORMAL,Clear,
11335540.09,5773773.25,5561766.84,2259964.76,-160.26,0.0,0.0,5155.150592717617,0.0,39847.37325335235,710.8306651850531,384115.19369731715,-1.1368683772161603e-13,2023-10-13,81.7,SWARM_ACTIVE,DEFENSIVE,NORMAL,Clear,NORMAL,Clear,NORMAL,Clear,NORMAL,Clear,NORMAL,Clear,NORMAL,Clear,
11397866.6,5805791.79,5592074.8,2120529.01,-160.26,0.0,0.0,5638.305714191933,0.0,38966.16315924512,710.8306651850531,384115.19369731715,-1.1368683772161603e-13,2023-10-16,83.4,SWARM_ACTIVE,DEFENSIVE,NORMAL,Clear,NORMAL,Clear,NORMAL,Clear,NORMAL,Clear,NORMAL,Clear,NORMAL,Clear,
11375963.5,5815838.12,5560125.37,2183562.74,-160.26,0.0,0.0,5748.940242205221,0.0,36520.827207426075,710.8306651850531,384115.19369731715,-1.1368683772161603e-13,2023-10-17,81.9,SWARM_ACTIVE,DEFENSIVE,NORMAL,Clear,NORMAL,Clear,NORMAL,Clear,NORMAL,Clear,NORMAL,Clear,NORMAL,Clear,
11334392.86,5802360.36,5532032.5,2077405.18,-160.26,0.0,0.0,5207.514020159293,0.0,43548.29348445345,710.8306651850531,384115.19369731715,-1.1368683772161603e-13,2023-10-18,83.0,SWARM_ACTIVE,DEFENSIVE,NORMAL,Clear,NORMAL,Clear,NORMAL,Clear,NORMAL,Clear,NORMAL,Clear,NORMAL,Clear,
11171964.98,5781166.48,5390798.5,2168219.24,-160.26,0.0,0.0,5005.685613766976,0.0,43096.75233428105,710.8306651850531,384115.19369731715,-1.1368683772161603e-13,2023-10-19,83.8,SWARM_ACTIVE,DEFENSIVE,NORMAL,Clear,NORMAL,Clear,NORMAL,Clear,NORMAL,Clear,NORMAL,Clear,NORMAL,Clear,
11080272.87,5723770.01,5356502.86,2069130.6,-160.26,0.0,0.0,4856.004020221428,0.0,46709.35857286068,710.8306651850531,384115.19369731715,-1.1368683772161603e-13,2023-10-20,83.9,SWARM_ACTIVE,DEFENSIVE,NORMAL,Clear,NORMAL,Clear,NORMAL,Clear,NORMAL,Clear,NORMAL,Clear,NORMAL,Clear,
10979396.8,5697060.4,5282336.41,1984720.74,-160.26,0.0,0.0,5164.6382853971145,0.0,46126.16265357976,710.8306651850531,384115.19369731715,-1.1368683772161603e-13,2023-10-23,86.2,SWARM_ACTIVE,DEFENSIVE,NORMAL,Clear,NORMAL,Clear,NORMAL,Clear,NORMAL,Clear,NORMAL,Clear,NORMAL,Clear,
11079726.51,5687812.98,5391913.53,1888832.99,-160.26,0.0,0.0,5314.358060971901,0.0,47178.71309253758,710.8306651850531,384115.19369731715,-1.1368683772161603e-13,2023-10-24,84.9,SWARM_ACTIVE,DEFENSIVE,NORMAL,Clear,NORMAL,Clear,NORMAL,Clear,NORMAL,Clear,NORMAL,Clear,NORMAL,Clear,
11173900.72,5638128.88,5535771.84,1941779.98,-160.26,0.0,0.0,5752.325493427839,0.0,42129.32475693472,710.8306651850531,384115.19369731715,-1.1368683772161603e-13,2023-10-25,82.5,SWARM_ACTIVE,DEFENSIVE,NORMAL,Clear,NORMAL,Clear,NORMAL,Clear,NORMAL,Clear,NORMAL,Clear,NORMAL,Clear,
11118901.3,5586574.2,5532327.1,1913896.42,-160.26,0.0,0.0,5611.495047088022,0.0,44006.69091455623,710.8306651850531,384115.19369731715,-1.1368683772161603e-13,2023-10-26,85.3,SWARM_ACTIVE,DEFENSIVE,NORMAL,Clear,NORMAL,Clear,NORMAL,Clear,NORMAL,Clear,NORMAL,Clear,NORMAL,Clear,
11062658.8,5553127.48,5509531.32,2001638.8,-160.26,0.0,0.0,5249.9488748131425,0.0,44905.15536907056,710.8306651850531,384115.19369731715,-1.1368683772161603e-13,2023-10-27,87.0,SWARM_ACTIVE,DEFENSIVE,NORMAL,Clear,NORMAL,Clear,NORMAL,Clear,NORMAL,Clear,NORMAL,Clear,NORMAL,Clear,
11241960.69,5578950.03,5663010.66,2069925.24,-160.26,0.0,0.0,5276.571597458545,0.0,42936.291256775694,710.8306651850531,384115.19369731715,-1.1368683772161603e-13,2023-10-30,86.4,SWARM_ACTIVE,NORMAL,NORMAL,Clear,NORMAL,Clear,NORMAL,Clear,NORMAL,Clear,NORMAL,Clear,NORMAL,Clear,
11265834.24,5593133.58,5672700.66,2023096.58,-160.26,0.0,0.0,5525.191678250963,0.0,41940.230556056355,710.8306651850531,384115.19369731715,-1.1368683772161603e-13,2023-10-31,72.7,SWARM_ACTIVE,NORMAL,NORMAL,Clear,NORMAL,Clear,NORMAL,Clear,NORMAL,Clear,NORMAL,Clear,NORMAL,Clear,
11269834.84,5622314.23,5647520.6,1935004.13,-160.26,0.0,6413.16357393197,4119.05122739698,0.0,49827.939969360574,710.8306651850531,384115.19369731715,-1.1368683772161603e-13,2023-11-01,75.8,SWARM_ACTIVE,DEFENSIVE,NORMAL,Clear,NORMAL,Clear,NORMAL,Clear,NORMAL,Clear,NORMAL,Clear,NORMAL,Clear,
11364761.36,5714539.38,5650221.98,2240144.65,-160.26,0.0,0.0,4207.74515925034,0.0,48388.051846601855,710.8306651850531,384115.19369731715,-1.1368683772161603e-13,2023-11-02,85.8,SWARM_ACTIVE,DEFENSIVE,NORMAL,Clear,NORMAL,Clear,NORMAL,Clear,NORMAL,Clear,NORMAL,Clear,NORMAL,Clear,
11368414.05,5712144.79,5656269.26,2149297.23,-160.26,0.0,0.0,4784.852488149253,0.0,45432.27011497754,710.8306651850531,384115.19369731715,-1.1368683772161603e-13,2023-11-03,83.6,SWARM_ACTIVE,DEFENSIVE,NORMAL,Clear,NORMAL,Clear,NORMAL,Clear,NORMAL,Clear,NORMAL,Clear,NORMAL,Clear,
11266811.33,5698245.45,5568565.87,2259364.82,-160.26,0.0,0.0,4950.024238581865,0.0,41144.11939348404,710.8306651850531,384115.19369731715,-1.1368683772161603e-13,2023-11-06,82.5,SWARM_ACTIVE,DEFENSIVE,NORMAL,Clear,NORMAL,Clear,NORMAL,Clear,NORMAL,Clear,NORMAL,Clear,NORMAL,Clear,
11263147.69,5678797.45,5584350.24,2344918.55,-160.26,0.0,0.0,4810.466193654176,0.0,40261.097353968544,710.8306651850531,384115.19369731715,-1.1368683772161603e-13,2023-11-07,80.7,SWARM_ACTIVE,DEFENSIVE,NORMAL,Clear,NORMAL,Clear,NORMAL,Clear,NORMAL,Clear,NORMAL,Clear,NORMAL,Clear,
11179452.89,5660241.75,5519211.14,2734272.47,-160.26,0.0,0.0,4992.057474066118,0.0,28363.063262534575,710.8306651850531,384115.19369731715,-1.1368683772161603e-13,2023-11-08,78.4,SWARM_ACTIVE,NORMAL,NORMAL,Clear,NORMAL,Clear,NORMAL,Clear,NORMAL,Clear,NORMAL,Clear,NORMAL,Clear,
11180790.18,5642293.69,5538496.49,2584737.74,-160.26,0.0,0.0,6161.632310093084,0.0,21093.538169794694,710.8306651850531,384115.19369731715,-1.1368683772161603e-13,2023-11-09,75.3,SWARM_ACTIVE,NORMAL,NORMAL,Clear,NORMAL,Clear,NORMAL,Clear,NORMAL,Clear,NORMAL,Clear,NORMAL,Clear,
11190873.37,5701069.88,5489803.49,2503564.1,-160.26,0.0,0.0,6886.310806600669,0.0,16187.365267438632,710.8306651850531,384115.19369731715,-1.1368683772161603e-13,2023-11-10,74.6,SWARM_ACTIVE,NORMAL,NORMAL,Clear,NORMAL,Clear,NORMAL,Clear,NORMAL,Clear,NORMAL,Clear,NORMAL,Clear,
11223261.68,5697097.32,5526164.36,2424568.74,-160.26,0.0,0.0,7286.56300199036,0.0,14386.472932347073,710.8306651850531,384115.19369731715,-1.1368683772161603e-13,2023-11-13,72.0,SWARM_ACTIVE,NORMAL,NORMAL,Clear,NORMAL,Clear,NORMAL,Clear,NORMAL,Clear,NORMAL,Clear,NORMAL,Clear,
11272551.08,5760256.58,5512294.5,2478127.12,-160.26,0.0,0.0,7164.380350653296,0.0,14204.285579271216,710.8306651850531,384115.19369731715,-1.1368683772161603e-13,2023-11-14,69.5,SWARM_ACTIVE,NORMAL,NORMAL,Clear,NORMAL,Clear,NORMAL,Clear,NORMAL,Clear,NORMAL,Clear,NORMAL,Clear,
11329950.35,5761198.77,5568751.59,2090935.7,-160.26,0.0,0.0,8350.125855402805,0.0,12562.223464413375,710.8306651850531,384115.19369731715,-1.1368683772161603e-13,2023-11-15,67.8,SWARM_ACTIVE,NORMAL,NORMAL,Clear,NORMAL,Clear,NORMAL,Clear,NORMAL,Clear,NORMAL,Clear,NORMAL,Clear,
11303094.88,5753786.79,5549308.09,1779758.45,-160.26,0.0,0.0,9199.029790666338,0.0,12240.005538968215,710.8306651850531,384115.19369731715,-1.1368683772161603e-13,2023-11-16,68.0,SWARM_ACTIVE,NORMAL,NORMAL,Clear,NORMAL,Clear,NORMAL,Clear,NORMAL,Clear,NORMAL,Clear,NORMAL,Clear,
11309121.51,5764147.3,5544974.21,1430004.63,-160.26,0.0,0.0,9791.94789203324,0.0,15385.963189742959,710.8306651850531,384115.19369731715,-1.1368683772161603e-13,2023-11-17,68.3,SWARM_ACTIVE,NORMAL,NORMAL,Clear,NORMAL,Clear,NORMAL,Clear,NORMAL,Clear,NORMAL,Clear,NORMAL,Clear,
11320543.0,5810059.24,5510483.75,1390039.32,-160.26,0.0,0.0,9724.409045182558,0.0,17061.37311495738,710.8306651850531,384115.19369731715,-1.1368683772161603e-13,2023-11-20,67.2,SWARM_ACTIVE,NORMAL,NORMAL,Clear,NORMAL,Clear,NORMAL,Clear,NORMAL,Clear,NORMAL,Clear,NORMAL,Clear,
11418045.41,5786685.24,5631360.17,1035733.13,-160.26,0.0,0.0,10544.504830279393,0.0,18071.360104626412,710.8306651850531,384115.19369731715,-1.1368683772161603e-13,2023-11-21,68.1,SWARM_ACTIVE,NORMAL,NORMAL,Clear,NORMAL,Clear,NORMAL,Clear,NORMAL,Clear,NORMAL,Clear,NORMAL,Clear,
11358521.86,5802536.38,5555985.49,1292347.98,-160.26,0.0,0.0,9620.520025164538,0.0,20582.17562592996,710.8306651850531,384115.19369731715,-1.1368683772161603e-13,2023-11-22,68.3,SWARM_ACTIVE,NORMAL,NORMAL,Clear,NORMAL,Clear,NORMAL,Clear,NORMAL,Clear,NORMAL,Clear,NORMAL,Clear,
11375702.82,5802082.3,5573620.53,1043773.72,-160.26,0.0,0.0,10417.266197657847,0.0,19093.60225557385,710.8306651850531,384115.19369731715,-1.1368683772161603e-13,2023-11-23,72.8,SWARM_ACTIVE,NORMAL,NORMAL,Clear,NORMAL,Clear,NORMAL,Clear,NORMAL,Clear,NORMAL,Clear,NORMAL,Clear,
11315452.09,5799164.69,5516287.4,870662.22,-160.26,0.0,0.0,10653.45306840639,0.0,21179.540450142384,710.8306651850531,384115.19369731715,-1.1368683772161603e-13,2023-11-24,72.8,SWARM_ACTIVE,NORMAL,NORMAL,Clear,NORMAL,Clear,NORMAL,Clear,NORMAL,Clear,NORMAL,Clear,NORMAL,Clear,
11306957.32,5792471.04,5514486.29,888555.18,-81.99,0.0,0.0,10714.030368597789,0.0,20129.60552828187,660.1109746153802,391334.4064974557,-1.1368683772161603e-13,2023-11-27,83.2,SWARM_ACTIVE,NORMAL,NORMAL,Clear,NORMAL,Clear,NORMAL,Clear,NORMAL,Clear,NORMAL,Clear,NORMAL,Clear,
11328851.63,5803375.18,5525476.46,799524.25,-155.46,0.0,0.0,10422.075481123351,0.0,25251.38420355938,564.3993976115253,405000.70990744117,-1.1368683772161603e-13,2023-11-28,83.9,SWARM_ACTIVE,NORMAL,NORMAL,Clear,NORMAL,Clear,NORMAL,Clear,NORMAL,Clear,NORMAL,Clear,NORMAL,Clear,
11420628.89,5791775.4,5628853.5,620885.83,-155.91,0.0,0.0,10379.035645179985,0.0,30254.330356888062,468.67182999596844,418413.37588135706,-1.1368683772161603e-13,2023-11-29,83.1,SWARM_ACTIVE,NORMAL,NORMAL,Clear,NORMAL,Clear,NORMAL,Clear,NORMAL,Clear,NORMAL,Clear,NORMAL,Clear,
11437174.47,5789387.3,5647787.17,535196.35,-79.32,0.0,0.0,9962.555091974962,0.0,36500.469520985025,420.3838364385692,425219.7464472031,-1.1368683772161603e-13,2023-11-30,83.3,SWARM_ACTIVE,NORMAL,NORMAL,Clear,NORMAL,Clear,NORMAL,Clear,NORMAL,Clear,NORMAL,Clear,NORMAL,Clear,
11385945.0,5807341.9,5578603.1,1311561.76,-79.32,0.0,0.0,7760.314202849914,0.0,38273.93491334128,420.3838364385692,425219.7464472031,-1.1368683772161603e-13,2023-12-01,82.5,SWARM_ACTIVE,DEFENSIVE,NORMAL,Clear,NORMAL,Clear,NORMAL,Clear,NORMAL,Clear,NORMAL,Clear,NORMAL,Clear,
11493147.01,5771785.49,5721361.52,1119479.8,-79.32,0.0,0.0,7186.445904574725,0.0,48722.728079482826,420.3838364385692,425219.7464472031,-1.1368683772161603e-13,2023-12-04,82.6,SWARM_ACTIVE,DEFENSIVE,NORMAL,Clear,NORMAL,Clear,NORMAL,Clear,NORMAL,Clear,NORMAL,Clear,NORMAL,Clear,
11266751.44,5744586.22,5522165.22,1529072.57,-79.32,0.0,0.0,6296.337292964663,0.0,46910.48723528354,420.3838364385692,425219.7464472031,-1.1368683772161603e-13,2023-12-05,84.6,SWARM_ACTIVE,DEFENSIVE,NORMAL,Clear,NORMAL,Clear,NORMAL,Clear,NORMAL,Clear,NORMAL,Clear,NORMAL,Clear,
11243466.35,5703279.58,5540186.77,1688581.37,-79.32,0.0,0.0,5943.9188548275615,0.0,46231.69706888625,420.3838364385692,425219.7464472031,-1.1368683772161603e-13,2023-12-06,85.1,SWARM_ACTIVE,DEFENSIVE,NORMAL,Clear,NORMAL,Clear,NORMAL,Clear,NORMAL,Clear,NORMAL,Clear,NORMAL,Clear,
11180322.26,5722660.17,5457662.09,1802371.16,-79.32,0.0,0.0,5542.357327148253,0.0,47310.11376831501,420.3838364385692,425219.7464472031,-1.1368683772161603e-13,2023-12-07,84.7,SWARM_ACTIVE,DEFENSIVE,NORMAL,Clear,NORMAL,Clear,NORMAL,Clear,NORMAL,Clear,NORMAL,Clear,NORMAL,Clear,
11157967.3,5751290.99,5406676.31,1823230.05,-79.32,0.0,0.0,5768.08652932189,0.0,44468.37223793497,420.3838364385692,425219.7464472031,-1.1368683772161603e-13,2023-12-08,83.5,SWARM_ACTIVE,DEFENSIVE,NORMAL,Clear,NORMAL,Clear,NORMAL,Clear,NORMAL,Clear,NORMAL,Clear,NORMAL,Clear,
11176223.19,5772222.0,5404001.19,1873567.61,-79.32,0.0,0.0,5836.984574424446,0.0,42443.5265477704,420.3838364385692,425219.7464472031,-1.1368683772161603e-13,2023-12-11,82.3,SWARM_ACTIVE,DEFENSIVE,NORMAL,Clear,NORMAL,Clear,NORMAL,Clear,NORMAL,Clear,NORMAL,Clear,NORMAL,Clear,
11156305.62,5768010.27,5388295.35,1928741.76,-79.32,0.0,0.0,5807.214917312358,0.0,41288.06309627392,420.3838364385692,425219.7464472031,-1.1368683772161603e-13,2023-12-12,84.9,SWARM_ACTIVE,DEFENSIVE,NORMAL,Clear,NORMAL,Clear,NORMAL,Clear,NORMAL,Clear,NORMAL,Clear,NORMAL,Clear,
11114385.16,5818644.26,5295740.9,1935312.17,-79.32,0.0,0.0,5712.344604141297,0.0,42103.73778189561,420.3838364385692,425219.7464472031,-1.1368683772161603e-13,2023-12-13,82.7,SWARM_ACTIVE,DEFENSIVE,NORMAL,Clear,NORMAL,Clear,NORMAL,Clear,NORMAL,Clear,NORMAL,Clear,NORMAL,Clear,
11166562.87,5863865.3,5302697.57,1731612.6,-79.32,0.0,0.0,6236.675296498358,0.0,41971.7963656214,420.3838364385692,425219.7464472031,-1.1368683772161603e-13,2023-12-14,81.0,SWARM_ACTIVE,DEFENSIVE,NORMAL,Clear,NORMAL,Clear,NORMAL,Clear,NORMAL,Clear,NORMAL,Clear,NORMAL,Clear,
11262606.24,5866888.66,5395717.58,983832.61,-79.32,0.0,0.0,8921.654599795474,0.0,33600.22794237991,420.3838364385692,425219.7464472031,-1.1368683772161603e-13,2023-12-15,79.6,SWARM_ACTIVE,NORMAL,NORMAL,Clear,NORMAL,Clear,NORMAL,Clear,NORMAL,Clear,NORMAL,Clear,NORMAL,Clear,
11333526.05,5898691.13,5434834.92,837834.0,-79.32,0.0,0.0,8771.777333287606,0.0,38826.88612253997,420.3838364385692,425219.7464472031,-1.1368683772161603e-13,2023-12-18,77.8,SWARM_ACTIVE,NORMAL,NORMAL,Clear,NORMAL,Clear,NORMAL,Clear,NORMAL,Clear,NORMAL,Clear,NORMAL,Clear,
11382823.64,5934826.07,5447997.57,744484.44,-62.02,0.0,0.0,9183.902696998073,0.0,36982.394712505346,380.02699311780424,430713.3169795619,-1.1368683772161603e-13,2023-12-19,78.8,SWARM_ACTIVE,NORMAL,NORMAL,Clear,NORMAL,Clear,NORMAL,Clear,NORMAL,Clear,NORMAL,Clear,NORMAL,Clear,
11402078.21,5865704.49,5536373.72,412913.62,-101.61,0.0,0.0,10434.382733193648,0.0,32747.873671492845,313.7056790053974,439549.29043264483,-1.1368683772161603e-13,2023-12-20,75.4,SWARM_ACTIVE,NORMAL,NORMAL,Clear,NORMAL,Clear,NORMAL,Clear,NORMAL,Clear,NORMAL,Clear,NORMAL,Clear,
11481571.46,5918476.89,5563094.57,576758.22,-26.31,0.0,0.0,10049.625403286831,0.0,32523.286601319043,296.6863137369065,441827.64096905553,-1.1368683772161603e-13,2023-12-21,77.3,SWARM_ACTIVE,NORMAL,NORMAL,Clear,NORMAL,Clear,NORMAL,Clear,NORMAL,Clear,NORMAL,Clear,NORMAL,Clear,
11520993.06,5928181.42,5592811.65,659903.59,-26.31,0.0,0.0,9583.669500625623,0.0,35153.4321360924,296.6863137369065,441827.64096905553,-1.1368683772161603e-13,2023-12-22,72.4,SWARM_ACTIVE,NORMAL,NORMAL,Clear,NORMAL,Clear,NORMAL,Clear,NORMAL,Clear,NORMAL,Clear,NORMAL,Clear,
11576253.23,5927888.64,5648364.59,659769.68,-26.31,0.0,0.0,9888.373284417628,0.0,32059.635791309054,296.6863137369065,441827.64096905553,-1.1368683772161603e-13,2023-12-25,71.4,SWARM_ACTIVE,NORMAL,NORMAL,Clear,NORMAL,Clear,NORMAL,Clear,NORMAL,Clear,NORMAL,Clear,NORMAL,Clear,
11593874.0,5963040.04,5630833.96,537301.31,-44.26,0.0,0.0,9645.022238649404,0.0,37565.36061185182,296.6863137369065,438039.2569181394,298.7741882508515,2023-12-26,66.6,SWARM_ACTIVE,NORMAL,NORMAL,Clear,NORMAL,Clear,NORMAL,Clear,NORMAL,Clear,NORMAL,Clear,NORMAL,Clear,
11686015.63,5964010.45,5722005.18,368139.94,-94.59,0.0,0.0,9615.617339515036,0.0,42093.2194660218,296.6863137369065,430087.64225036325,944.7403307085708,2023-12-27,68.2,SWARM_ACTIVE,NORMAL,NORMAL,Clear,NORMAL,Clear,NORMAL,Clear,NORMAL,Clear,NORMAL,Clear,NORMAL,Clear,
11661194.84,5936288.38,5724906.46,710814.53,-38.96,0.0,0.0,8911.847720345488,0.0,40651.886185517455,296.6863137369065,426792.8950813604,1196.6595064850594,2023-12-28,71.0,SWARM_ACTIVE,NORMAL,NORMAL,Clear,NORMAL,Clear,NORMAL,Clear,NORMAL,Clear,NORMAL,Clear,NORMAL,Clear,
11687154.44,5916638.68,5770515.76,643530.04,33207.87,0.0,0.0,9489.48794318618,0.0,36396.27494538203,296.6863137369065,405627.7422485638,2614.5827205207224,2023-12-29,60.9,SWARM_ACTIVE,NORMAL,NORMAL,Clear,NORMAL,Clear,NORMAL,Clear,NORMAL,Clear,NORMAL,Clear,NORMAL,Clear,
11621004.84,5866534.42,5754470.42,356411.17,161652.85,0.0,0.0,9027.453718287814,0.0,48250.882797419355,317.8731208391478,392307.9747829533,2600.9955281103557,2024-01-02,63.1,SWARM_ACTIVE,NORMAL,NORMAL,Clear,NORMAL,Clear,NORMAL,Clear,NORMAL,Clear,NORMAL,Clear,NORMAL,Clear,
11628493.46,5859026.41,5769467.05,760081.02,183343.1,0.0,0.0,7470.48605230074,0.0,53431.060201667904,420.46122995089684,380373.8498547004,2330.1929547205987,2024-01-03,65.9,SWARM_ACTIVE,NORMAL,NORMAL,Clear,NORMAL,Clear,NORMAL,Clear,NORMAL,Clear,NORMAL,Clear,NORMAL,Clear,
11547139.07,5805273.01,5741866.07,1230048.03,25696.65,0.0,0.0,5942.495201184575,0.0,56666.603193614734,538.557247964263,374726.67998987803,2622.1292616961045,2024-01-04,65.5,SWARM_ACTIVE,NORMAL,NORMAL,Clear,NORMAL,Clear,NORMAL,Clear,NORMAL,Clear,NORMAL,Clear,NORMAL,Clear,
11532767.52,5809166.11,5723601.41,1512163.82,-25.7,0.0,0.0,5584.1616913820835,0.0,53091.32299380372,555.165244886533,374726.67998987803,2622.1292616961045,2024-01-05,70.0,SWARM_ACTIVE,NORMAL,NORMAL,Clear,NORMAL,Clear,NORMAL,Clear,NORMAL,Clear,NORMAL,Clear,NORMAL,Clear,
11479941.46,5829807.85,5650133.61,1900833.69,26822.22,0.0,0.0,5119.679110732149,0.0,47911.85723504286,555.165244886533,374726.67998987803,2433.292833733674,2024-01-08,69.3,SWARM_ACTIVE,NORMAL,NORMAL,Clear,NORMAL,Clear,NORMAL,Clear,NORMAL,Clear,NORMAL,Clear,NORMAL,Clear,
11495764.71,5803403.23,5692361.48,1797219.73,-26.82,0.0,0.0,6135.636554302877,0.0,40008.781378381085,572.7369186345918,374726.67998987803,2433.292833733674,2024-01-09,66.5,SWARM_ACTIVE,NORMAL,NORMAL,Clear,NORMAL,Clear,NORMAL,Clear,NORMAL,Clear,NORMAL,Clear,NORMAL,Clear,
11447328.59,5804202.92,5643125.67,1764382.47,-26.82,0.0,0.0,6842.28986111379,0.0,33378.4407504483,572.7369186345918,374726.67998987803,2433.292833733674,2024-01-10,71.4,SWARM_ACTIVE,NORMAL,NORMAL,Clear,NORMAL,Clear,NORMAL,Clear,NORMAL,Clear,NORMAL,Clear,NORMAL,Clear,
11417730.28,5812699.36,5605030.92,1678830.71,-26.82,0.0,4754.074871717531,6715.733744266888,0.0,30136.58168193383,572.7369186345918,374726.67998987803,2433.292833733674,2024-01-11,74.8,SWARM_ACTIVE,NORMAL,NORMAL,Clear,NORMAL,Clear,NORMAL,Clear,NORMAL,Clear,NORMAL,Clear,NORMAL,Clear,
11450432.21,5826110.27,5624321.94,1540998.84,-26.82,0.0,5414.694582565286,6968.878042344186,0.0,30111.39084245195,572.7369186345918,374726.67998987803,2433.292833733674,2024-01-12,73.2,SWARM_ACTIVE,NORMAL,NORMAL,Clear,NORMAL,Clear,NORMAL,Clear,NORMAL,Clear,NORMAL,Clear,NORMAL,Clear,
11413097.62,5825970.63,5587126.99,1593569.84,-26.82,0.0,0.0,7288.126174627291,0.0,33046.33237088002,572.7369186345918,374726.67998987803,2433.292833733674,2024-01-15,71.6,SWARM_ACTIVE,NORMAL,NORMAL,Clear,NORMAL,Clear,NORMAL,Clear,NORMAL,Clear,NORMAL,Clear,NORMAL,Clear,
11418799.87,5794655.84,5624144.02,1336841.6,-26.82,0.0,0.0,8440.995952910816,0.0,27466.132432176128,572.7369186345918,374726.67998987803,2433.292833733674,2024-01-16,72.3,SWARM_ACTIVE,NORMAL,NORMAL,Clear,NORMAL,Clear,NORMAL,Clear,NORMAL,Clear,NORMAL,Clear,NORMAL,Clear,
11169684.56,5766074.26,5403610.3,1471956.05,-26.82,0.0,0.0,7178.452668744363,0.0,37404.108832562524,572.7369186345918,374726.67998987803,2433.292833733674,2024-01-17,76.6,SWARM_ACTIVE,DEFENSIVE,NORMAL,Clear,NORMAL,Clear,NORMAL,Clear,NORMAL,Clear,NORMAL,Clear,NORMAL,Clear,
11281480.65,5803954.54,5477526.11,1169654.34,-26.82,0.0,15675.317535946579,6505.239463279084,0.0,28883.411162837045,572.7369186345918,374726.67998987803,2433.292833733674,2024-01-18,84.6,SWARM_ACTIVE,NORMAL,NORMAL,Clear,NORMAL,Clear,NORMAL,Clear,NORMAL,Clear,NORMAL,Clear,NORMAL,Clear,
11415878.73,5896027.52,5519851.21,892422.56,-26.82,0.0,10526.102871227904,8444.635803121488,0.0,22867.60537618056,572.7369186345918,374726.67998987803,2433.292833733674,2024-01-19,78.3,SWARM_ACTIVE,NORMAL,NORMAL,Clear,NORMAL,Clear,NORMAL,Clear,NORMAL,Clear,NORMAL,Clear,NORMAL,Clear,
11343144.7,5904209.51,5438935.19,1195441.95,-26.82,0.0,10394.86074931129,7934.692421870309,0.0,20670.726550743482,572.7369186345918,374726.67998987803,2433.292833733674,2024-01-22,76.3,SWARM_ACTIVE,NORMAL,NORMAL,Clear,NORMAL,Clear,NORMAL,Clear,NORMAL,Clear,NORMAL,Clear,NORMAL,Clear,
11293802.8,5921561.36,5372241.45,1102277.47,-2.95,0.0,7234.55265156046,9018.849988674549,0.0,16099.12716225023,570.7587845675399,374992.7001348951,2433.292833733674,2024-01-23,75.5,SWARM_ACTIVE,NORMAL,NORMAL,Clear,NORMAL,Clear,NORMAL,Clear,NORMAL,Clear,NORMAL,Clear,NORMAL,Clear,
11400949.15,5961144.01,5439805.14,902101.12,-51.74,0.0,4996.119965247952,10211.339212068815,0.0,11775.663337692908,536.5109071446168,379588.3985330825,2433.292833733674,2024-01-24,77.2,SWARM_ACTIVE,NORMAL,NORMAL,Clear,NORMAL,Clear,NORMAL,Clear,NORMAL,Clear,NORMAL,Clear,NORMAL,Clear,
11546553.02,5977011.5,5569541.52,884916.16,-71.28,0.0,3619.1398227000454,10542.722929604672,0.0,10804.848274032698,489.6461595110627,385745.94417959376,2433.292833733674,2024-01-25,77.1,SWARM_ACTIVE,NORMAL,NORMAL,Clear,NORMAL,Clear,NORMAL,Clear,NORMAL,Clear,NORMAL,Clear,NORMAL,Clear,
11571825.33,5951280.1,5620545.23,826054.41,-71.28,0.0,0.0,10861.189861393172,0.0,14495.731722620505,489.6461595110627,385745.94417959376,2433.292833733674,2024-01-26,68.7,SWARM_ACTIVE,NORMAL,NORMAL,Clear,NORMAL,Clear,NORMAL,Clear,NORMAL,Clear,NORMAL,Clear,NORMAL,Clear,
11623440.58,5996588.31,5626852.27,778011.05,-71.28,0.0,0.0,10533.693147096421,0.0,19226.958281507512,489.6461595110627,385745.94417959376,2433.292833733674,2024-01-29,66.7,SWARM_ACTIVE,NORMAL,NORMAL,Clear,NORMAL,Clear,NORMAL,Clear,NORMAL,Clear,NORMAL,Clear,NORMAL,Clear,
11547693.14,5974403.71,5573289.43,441353.75,29976.18,0.0,0.0,9890.632754432983,0.0,34457.93172729868,489.6461595110627,385745.94417959376,2208.0629876649614,2024-01-30,64.5,SWARM_ACTIVE,NORMAL,NORMAL,Clear,NORMAL,Clear,NORMAL,Clear,NORMAL,Clear,NORMAL,Clear,NORMAL,Clear,
11406782.58,5866380.61,5540401.97,638945.18,-29.98,0.0,0.0,9519.841579908247,0.0,33309.248874174446,509.72564897379436,385745.94417959376,2208.0629876649614,2024-01-31,68.0,SWARM_ACTIVE,NORMAL,NORMAL,Clear,NORMAL,Clear,NORMAL,Clear,NORMAL,Clear,NORMAL,Clear,NORMAL,Clear,
11483027.38,5912258.34,5570769.03,535304.42,-29.98,0.0,0.0,9155.689410606808,0.0,39842.901019257166,509.72564897379436,385745.94417959376,2208.0629876649614,2024-02-01,63.3,SWARM_ACTIVE,NORMAL,NORMAL,Clear,NORMAL,Clear,NORMAL,Clear,NORMAL,Clear,NORMAL,Clear,NORMAL,Clear,
11499387.74,5978657.34,5520730.4,706448.1,-29.98,0.0,0.0,8923.422811881117,0.0,37982.683344889636,509.72564897379436,385745.94417959376,2208.0629876649614,2024-02-02,62.1,SWARM_ACTIVE,NORMAL,NORMAL,Clear,NORMAL,Clear,NORMAL,Clear,NORMAL,Clear,NORMAL,Clear,NORMAL,Clear,
11567285.14,5969808.21,5597476.93,724488.62,-29.98,0.0,0.0,8443.085058987172,0.0,42727.64741841184,509.72564897379436,385745.94417959376,2208.0629876649614,2024-02-05,62.9,SWARM_ACTIVE,NORMAL,NORMAL,Clear,NORMAL,Clear,NORMAL,Clear,NORMAL,Clear,NORMAL,Clear,NORMAL,Clear,
11611427.39,5967640.51,5643786.89,907245.61,-29.98,0.0,0.0,7820.10017987094,0.0,44781.01914199691,509.72564897379436,385745.94417959376,2208.0629876649614,2024-02-06,57.5,SWARM_ACTIVE,NORMAL,NORMAL,Clear,NORMAL,Clear,NORMAL,Clear,NORMAL,Clear,NORMAL,Clear,NORMAL,Clear,
11690167.03,6004894.05,5685272.99,545922.83,53769.73,0.0,5778.358661514662,6900.134649992729,0.0,53664.565902834576,509.72564897379436,362232.11637272284,3676.9373774747883,2024-02-07,50.8,SWARM_ACTIVE,NORMAL,NORMAL,Clear,NORMAL,Clear,NORMAL,Clear,NORMAL,Clear,NORMAL,Clear,NORMAL,Clear,
11808886.35,6028175.61,5780710.74,645385.49,161548.55,0.0,4034.5704911105922,5915.812523246267,0.0,64826.49763965638,543.6089618489835,340286.9361072379,4334.330541701017,2024-02-08,50.6,SWARM_ACTIVE,NORMAL,NORMAL,Clear,NORMAL,Clear,NORMAL,Clear,NORMAL,Clear,NORMAL,Clear,NORMAL,Clear,
11802990.77,6022698.91,5780291.87,765680.36,-161.55,0.0,0.0,6829.9956012776975,0.0,59046.063873317165,645.4097414090722,340286.9361072379,4334.330541701017,2024-02-09,52.4,SWARM_ACTIVE,NORMAL,NORMAL,Clear,NORMAL,Clear,NORMAL,Clear,NORMAL,Clear,NORMAL,Clear,NORMAL,Clear,
11815805.38,6035675.06,5780130.32,907333.2,-161.55,0.0,0.0,6835.744114279408,0.0,55388.49582688728,645.4097414090722,340286.9361072379,4334.330541701017,2024-02-12,56.3,SWARM_ACTIVE,NORMAL,NORMAL,Clear,NORMAL,Clear,NORMAL,Clear,NORMAL,Clear,NORMAL,Clear,NORMAL,Clear,
11747702.65,5967572.33,5780130.32,1442747.48,-161.55,0.0,0.0,6422.454823523645,0.0,46149.237851244055,645.4097414090722,340286.9361072379,4334.330541701017,2024-02-13,54.2,SWARM_ACTIVE,NORMAL,NORMAL,Clear,NORMAL,Clear,NORMAL,Clear,NORMAL,Clear,NORMAL,Clear,NORMAL,Clear,
11775103.57,5994973.25,5780130.32,1939251.19,-161.55,0.0,0.0,5971.722093950368,0.0,38359.772778297345,645.4097414090722,340286.9361072379,4334.330541701017,2024-02-14,61.2,SWARM_ACTIVE,NORMAL,NORMAL,Clear,NORMAL,Clear,NORMAL,Clear,NORMAL,Clear,NORMAL,Clear,NORMAL,Clear,
11823902.93,6043772.61,5780130.32,2093743.87,-161.55,0.0,0.0,5740.431125020012,0.0,36981.92456555961,645.4097414090722,340286.9361072379,4334.330541701017,2024-02-15,66.7,SWARM_ACTIVE,NORMAL,NORMAL,Clear,NORMAL,Clear,NORMAL,Clear,NORMAL,Clear,NORMAL,Clear,NORMAL,Clear,
11800511.92,6020381.6,5780130.32,2061656.58,-161.55,0.0,0.0,5607.155547708804,0.0,39195.3663432568,645.4097414090722,340286.9361072379,4334.330541701017,2024-02-16,59.6,SWARM_ACTIVE,NORMAL,NORMAL,Clear,NORMAL,Clear,NORMAL,Clear,NORMAL,Clear,NORMAL,Clear,NORMAL,Clear,
11897131.85,6020236.14,5876895.71,2057762.29,-161.55,0.0,0.0,5390.496309302987,0.0,41590.339408147316,645.4097414090722,340286.9361072379,4334.330541701017,2024-02-19,61.5,SWARM_ACTIVE,NORMAL,NORMAL,Clear,NORMAL,Clear,NORMAL,Clear,NORMAL,Clear,NORMAL,Clear,NORMAL,Clear,
11923647.51,5987528.14,5936119.37,2073946.3,-161.55,0.0,0.0,5641.673143639614,0.0,38503.46206219136,645.4097414090722,340286.9361072379,4334.330541701017,2024-02-20,61.5,SWARM_ACTIVE,NORMAL,NORMAL,Clear,NORMAL,Clear,NORMAL,Clear,NORMAL,Clear,NORMAL,Clear,NORMAL,Clear,
11966616.06,6006427.3,5960188.76,2103733.77,-161.55,0.0,0.0,5377.849369755497,0.0,40507.78809043115,645.4097414090722,340286.9361072379,4334.330541701017,2024-02-21,65.8,SWARM_ACTIVE,NORMAL,NORMAL,Clear,NORMAL,Clear,NORMAL,Clear,NORMAL,Clear,NORMAL,Clear,NORMAL,Clear,
12101134.59,6075356.57,6025778.02,1640712.35,-161.55,0.0,0.0,6287.349678377581,0.0,42197.86405552854,645.4097414090722,340286.9361072379,4334.330541701017,2024-02-22,56.3,SWARM_ACTIVE,NORMAL,NORMAL,Clear,NORMAL,Clear,NORMAL,Clear,NORMAL,Clear,NORMAL,Clear,NORMAL,Clear,
12157886.62,6055607.9,6102278.72,1727399.62,149480.15,0.0,0.0,6546.144626830065,0.0,37259.4480083076,645.4097414090722,340286.9361072379,3350.6726035771317,2024-02-23,54.3,SWARM_ACTIVE,NORMAL,NORMAL,Clear,NORMAL,Clear,NORMAL,Clear,NORMAL,Clear,NORMAL,Clear,NORMAL,Clear,
12020973.55,6059043.32,5961930.23,1473263.45,-149.48,0.0,0.0,6080.466686055519,0.0,48511.77429371825,740.2179635636923,340286.9361072379,3350.6726035771317,2024-02-26,57.8,SWARM_ACTIVE,NORMAL,NORMAL,Clear,NORMAL,Clear,NORMAL,Clear,NORMAL,Clear,NORMAL,Clear,NORMAL,Clear,
12023390.65,6056296.46,5967094.19,1446447.06,-149.48,0.0,0.0,6271.401996827106,0.0,47120.45962798054,740.2179635636923,340286.9361072379,3350.6726035771317,2024-02-27,56.8,SWARM_ACTIVE,NORMAL,NORMAL,Clear,NORMAL,Clear,NORMAL,Clear,NORMAL,Clear,NORMAL,Clear,NORMAL,Clear,
11947929.84,6037953.43,5909976.4,1412546.44,-149.48,0.0,0.0,6217.349259373908,0.0,48542.63286570071,740.2179635636923,340286.9361072379,3350.6726035771317,2024-02-28,58.6,SWARM_ACTIVE,NORMAL,NORMAL,Clear,NORMAL,Clear,NORMAL,Clear,NORMAL,Clear,NORMAL,Clear,NORMAL,Clear,
12042950.8,6070358.01,5972592.8,1634263.07,-149.48,0.0,0.0,5907.8400493618865,0.0,46372.37389208706,740.2179635636923,340286.9361072379,3350.6726035771317,2024-02-29,60.2,SWARM_ACTIVE,NORMAL,NORMAL,Clear,NORMAL,Clear,NORMAL,Clear,NORMAL,Clear,NORMAL,Clear,NORMAL,Clear,
12145299.36,6130476.94,6014822.42,1710044.59,-149.48,0.0,0.0,5489.335393141953,0.0,49028.163453765024,740.2179635636923,340286.9361072379,3350.6726035771317,2024-03-01,61.0,SWARM_ACTIVE,NORMAL,NORMAL,Clear,NORMAL,Clear,NORMAL,Clear,NORMAL,Clear,NORMAL,Clear,NORMAL,Clear,
12175575.13,6100198.28,6075376.85,1648869.32,-149.48,0.0,0.0,5524.264568240206,0.0,50161.954596292315,740.2179635636923,340286.9361072379,3350.6726035771317,2024-03-04,57.7,SWARM_ACTIVE,NORMAL,NORMAL,Clear,NORMAL,Clear,NORMAL,Clear,NORMAL,Clear,NORMAL,Clear,NORMAL,Clear,
12289826.83,6071624.5,6218202.33,1407338.77,-149.48,0.0,0.0,5297.056848509037,0.0,58498.913008745396,740.2179635636923,340286.9361072379,3350.6726035771317,2024-03-05,60.5,SWARM_ACTIVE,NORMAL,NORMAL,Clear,NORMAL,Clear,NORMAL,Clear,NORMAL,Clear,NORMAL,Clear,NORMAL,Clear,
12412332.78,6092939.66,6319393.12,910329.23,-149.48,0.0,0.0,4925.62020236336,0.0,74611.89975487295,740.2179635636923,340286.9361072379,3350.6726035771317,2024-03-06,59.7,SWARM_ACTIVE,NORMAL,NORMAL,Clear,NORMAL,Clear,NORMAL,Clear,NORMAL,Clear,NORMAL,Clear,NORMAL,Clear,
12634107.2,6150423.83,6483683.37,625172.79,-149.48,0.0,4916.44341945635,4714.768137202024,0.0,72717.61694266615,740.2179635636923,340286.9361072379,3350.6726035771317,2024-03-07,63.6,SWARM_ACTIVE,NORMAL,NORMAL,Clear,NORMAL,Clear,NORMAL,Clear,NORMAL,Clear,NORMAL,Clear,NORMAL,Clear,
12625861.31,6105106.71,6520754.61,383445.33,-120.25,0.0,3552.1846453169055,6429.0976816889115,0.0,63403.7903733705,740.2179635636923,331861.7679452058,4152.83620815825,2024-03-08,62.5,SWARM_ACTIVE,NORMAL,NORMAL,Clear,NORMAL,Clear,NORMAL,Clear,NORMAL,Clear,NORMAL,Clear,NORMAL,Clear,
12731146.12,6114286.67,6616859.44,662280.8,-120.25,0.0,0.0,6396.41759768627,0.0,64350.0245639734,740.2179635636923,331861.7679452058,4152.83620815825,2024-03-11,63.0,SWARM_ACTIVE,NORMAL,NORMAL,Clear,NORMAL,Clear,NORMAL,Clear,NORMAL,Clear,NORMAL,Clear,NORMAL,Clear,
12661265.8,6149376.73,6511889.07,504312.4,43850.33,0.0,0.0,7260.573087140398,0.0,59023.9990860693,740.2179635636923,331861.7679452058,3903.2103719553306,2024-03-12,56.2,SWARM_ACTIVE,NORMAL,NORMAL,Clear,NORMAL,Clear,NORMAL,Clear,NORMAL,Clear,NORMAL,Clear,NORMAL,Clear,
12766066.46,6163538.88,6602527.58,396251.26,119067.7,0.0,0.0,6609.340396582437,0.0,68262.9939054724,767.507392522107,330686.4724881608,3318.9959998867234,2024-03-13,54.6,SWARM_ACTIVE,NORMAL,NORMAL,Clear,NORMAL,Clear,NORMAL,Clear,NORMAL,Clear,NORMAL,Clear,NORMAL,Clear,
12998047.74,6185338.33,6812709.41,-696.46,275008.89,0.0,0.0,5917.464557616042,0.0,84553.81744319142,842.0739850618991,319795.38498506433,2663.154021912402,2024-03-14,60.5,SWARM_ACTIVE,NORMAL,NORMAL,Clear,NORMAL,Clear,NORMAL,Clear,NORMAL,Clear,NORMAL,Clear,NORMAL,Clear,
13145489.12,6164480.67,6981008.45,-183.24,68737.75,0.0,0.0,5488.454664522746,0.0,88827.35653651757,866.5667397062338,325301.68351741624,3143.6084381774413,2024-03-15,62.7,SWARM_ACTIVE,NORMAL,NORMAL,Clear,NORMAL,Clear,NORMAL,Clear,NORMAL,Clear,NORMAL,Clear,NORMAL,Clear,
13146563.28,6199747.01,6946816.27,280869.1,-132.13,0.0,0.0,5196.387490493339,0.0,85229.83398363911,776.8971812011255,330504.383703888,3872.8828743594513,2024-03-18,62.1,SWARM_ACTIVE,NORMAL,NORMAL,Clear,NORMAL,Clear,NORMAL,Clear,NORMAL,Clear,NORMAL,Clear,NORMAL,Clear,
13100198.15,6246920.67,6853277.48,346903.4,-37.58,0.0,0.0,4892.710974584805,0.0,86738.90326014457,753.1338723800209,333023.533592509,3872.8828743594513,2024-03-19,61.7,SWARM_ACTIVE,NORMAL,NORMAL,Clear,NORMAL,Clear,NORMAL,Clear,NORMAL,Clear,NORMAL,Clear,NORMAL,Clear,
13122701.68,6266597.47,6856104.2,119317.26,-53.59,0.0,0.0,4767.127891516673,0.0,93238.39664000322,635.4559802986196,341961.93314672733,4170.996913569218,2024-03-20,60.7,SWARM_ACTIVE,NORMAL,NORMAL,Clear,NORMAL,Clear,NORMAL,Clear,NORMAL,Clear,NORMAL,Clear,NORMAL,Clear,
13190313.91,6300383.13,6889930.78,179263.85,-50.8,0.0,0.0,4702.647559462763,0.0,92517.07278920691,603.4354947518492,345347.10433447495,4170.996913569218,2024-03-21,64.5,SWARM_ACTIVE,NORMAL,NORMAL,Clear,NORMAL,Clear,NORMAL,Clear,NORMAL,Clear,NORMAL,Clear,NORMAL,Clear,
13093019.12,6293963.46,6799055.66,10809.72,158143.13,0.0,0.0,4717.57501052588,0.0,96223.66816260344,603.4354947518492,345347.10433447495,3276.138646344482,2024-03-22,63.1,SWARM_ACTIVE,NORMAL,NORMAL,Clear,NORMAL,Clear,NORMAL,Clear,NORMAL,Clear,NORMAL,Clear,NORMAL,Clear,
13228070.02,6325293.01,6902777.01,-33.38,274908.31,0.0,0.0,4666.287029583762,0.0,96981.80252608741,475.781289568739,350435.9214932981,3313.544643594571,2024-03-25,63.2,SWARM_ACTIVE,NORMAL,NORMAL,Clear,NORMAL,Clear,NORMAL,Clear,NORMAL,Clear,NORMAL,Clear,NORMAL,Clear,
13148393.2,6285617.42,6862775.78,54677.92,41425.7,0.0,0.0,4350.317798755708,0.0,98899.85386614218,550.1613943470035,360927.2790733042,3084.8133104986496,2024-03-26,68.8,SWARM_ACTIVE,NORMAL,NORMAL,Clear,NORMAL,Clear,NORMAL,Clear,NORMAL,Clear,NORMAL,Clear,NORMAL,Clear,
13245030.59,6332054.14,6912976.45,213572.93,-275.93,0.0,0.0,4474.429949944362,0.0,94050.11759135242,457.7309237631948,355067.5885572689,4631.775740400593,2024-03-27,61.8,SWARM_ACTIVE,NORMAL,NORMAL,Clear,NORMAL,Clear,NORMAL,Clear,NORMAL,Clear,NORMAL,Clear,NORMAL,Clear,
13418785.61,6372996.22,7045789.39,192408.32,-275.93,0.0,0.0,4571.25847897871,0.0,93568.20692939556,457.7309237631948,355067.5885572689,4631.775740400593,2024-03-28,65.3,SWARM_ACTIVE,NORMAL,NORMAL,Clear,NORMAL,Clear,NORMAL,Clear,NORMAL,Clear,NORMAL,Clear,NORMAL,Clear,
13670924.05,6372932.16,7297991.88,-27.05,174646.15,0.0,0.0,4946.929379677512,0.0,94175.01210531029,456.91140994022965,344863.1305930969,4582.418362219141,2024-03-29,62.8,SWARM_ACTIVE,NORMAL,NORMAL,Clear,NORMAL,Clear,NORMAL,Clear,NORMAL,Clear,NORMAL,Clear,NORMAL,Clear,
13764073.32,6408466.91,7355606.41,-27.05,464486.72,0.0,0.0,4946.929379677512,0.0,94175.01210531029,315.99757834713023,351275.66690089006,3683.9990254960235,2024-04-01,67.5,SWARM_ACTIVE,NORMAL,NORMAL,Clear,NORMAL,Clear,NORMAL,Clear,NORMAL,Clear,NORMAL,Clear,NORMAL,Clear,
13835234.17,6448784.21,7386449.96,-18.0,496090.0,0.0,0.0,4905.624657666819,0.0,94570.36013321577,266.6318085146296,367519.8240717834,2533.5580545933954,2024-04-02,74.1,SWARM_ACTIVE,NORMAL,NORMAL,Clear,NORMAL,Clear,NORMAL,Clear,NORMAL,Clear,NORMAL,Clear,NORMAL,Clear,
14061986.47,6483024.21,7578962.26,-80.14,352610.45,0.0,0.0,4722.359158368883,0.0,96318.70375287396,255.28218267290174,368715.04141584295,3287.054269105387,2024-04-03,73.1,SWARM_ACTIVE,NORMAL,NORMAL,Clear,NORMAL,Clear,NORMAL,Clear,NORMAL,Clear,NORMAL,Clear,NORMAL,Clear,
14027302.05,6448519.31,7578782.75,-133.78,380591.74,0.0,0.0,4411.582204974514,0.0,99238.87793008338,255.16366535074232,367464.240559678,3250.9028745000473,2024-04-04,69.5,SWARM_ACTIVE,NORMAL,NORMAL,Clear,NORMAL,Clear,NORMAL,Clear,NORMAL,Clear,NORMAL,Clear,NORMAL,Clear,
14098144.28,6519389.54,7578754.74,-133.78,426809.2,0.0,0.0,4411.582204974514,0.0,99238.87793008338,250.11617417079128,368507.9837430793,2953.3254194837177,2024-04-05,69.5,SWARM_ACTIVE,NORMAL,NORMAL,Clear,NORMAL,Clear,NORMAL,Clear,NORMAL,Clear,NORMAL,Clear,NORMAL,Clear,
13975418.85,6490910.4,7484508.45,-133.78,411171.53,0.0,0.0,4411.582204974514,0.0,99238.87793008338,179.5999798329196,369878.55449609284,3505.4829222598137,2024-04-08,69.5,SWARM_ACTIVE,NORMAL,NORMAL,Clear,NORMAL,Clear,NORMAL,Clear,NORMAL,Clear,NORMAL,Clear,NORMAL,Clear,
13884576.91,6499437.1,7385139.81,-133.78,309679.18,0.0,0.0,4411.582204974514,0.0,99238.87793008338,0.0,396600.1866057072,3192.202410228113,2024-04-09,76.8,SWARM_ACTIVE,NORMAL,NORMAL,Clear,NORMAL,Clear,NORMAL,Clear,NORMAL,Clear,NORMAL,Clear,NORMAL,Clear,
14244515.08,6496627.82,7747887.27,-231.12,636697.24,0.0,0.0,3878.386797603039,0.0,104245.25665589694,0.0,379131.0904693354,3053.160386831753,2024-04-10,75.8,SWARM_ACTIVE,NORMAL,NORMAL,Clear,NORMAL,Clear,NORMAL,Clear,NORMAL,Clear,NORMAL,Clear,NORMAL,Clear,
14266762.18,6519607.85,7747154.33,-58.83,626023.83,0.0,0.0,3744.348040938629,0.0,105520.54186917191,0.0,387920.5646033087,2278.6619936799666,2024-04-11,77.5,SWARM_ACTIVE,NORMAL,NORMAL,Clear,NORMAL,Clear,NORMAL,Clear,NORMAL,Clear,NORMAL,Clear,NORMAL,Clear,
14300783.11,6413953.51,7886829.6,-58.83,606427.43,0.0,0.0,3744.348040938629,0.0,105520.54186917191,0.0,388740.5562898764,2307.1375845081793,2024-04-12,79.3,SWARM_ACTIVE,NORMAL,NORMAL,Clear,NORMAL,Clear,NORMAL,Clear,NORMAL,Clear,NORMAL,Clear,NORMAL,Clear,
14274489.08,6342382.91,7932106.17,1078511.2,-582.28,0.0,0.0,3160.023430425839,0.0,87054.31041490458,389.68627622679236,355840.14813459024,5420.232547012645,2024-04-15,80.4,SWARM_ACTIVE,DEFENSIVE,NORMAL,Clear,NORMAL,Clear,NORMAL,Clear,NORMAL,Clear,NORMAL,Clear,NORMAL,Clear,
14058858.36,6307317.86,7751540.5,286115.28,-582.28,0.0,5948.3816627246815,3097.8386745268667,0.0,93749.8166471659,389.68627622679236,355840.14813459024,5420.232547012645,2024-04-16,72.8,SWARM_ACTIVE,NORMAL,NORMAL,Clear,NORMAL,Clear,NORMAL,Clear,NORMAL,Clear,NORMAL,Clear,NORMAL,Clear,
14050636.46,6258289.55,7792346.91,-481.93,135430.47,0.0,4729.2331058265445,2875.883944693143,0.0,104594.72421745613,389.68627622679236,355152.3348464354,4752.309514912499,2024-04-17,71.9,SWARM_ACTIVE,NORMAL,NORMAL,Clear,NORMAL,Clear,NORMAL,Clear,NORMAL,Clear,NORMAL,Clear,NORMAL,Clear,
14164085.18,6239376.74,7924708.43,238450.31,27166.55,0.0,3338.1493834745843,3155.192273656886,0.0,99204.20230187787,421.48105483881034,357506.0738190055,4843.806935322692,2024-04-18,75.7,SWARM_ACTIVE,NORMAL,NORMAL,Clear,NORMAL,Clear,NORMAL,Clear,NORMAL,Clear,NORMAL,Clear,NORMAL,Clear,
14184402.7,6236188.98,7948213.73,945357.32,-314.96,0.0,6469.014918485451,3155.192273656886,0.0,78092.33379802323,439.2173478280332,339889.4361173123,6583.63484174951,2024-04-19,74.8,SWARM_ACTIVE,DEFENSIVE,NORMAL,Clear,NORMAL,Clear,NORMAL,Clear,NORMAL,Clear,NORMAL,Clear,NORMAL,Clear,
13979240.29,6292344.71,7686895.58,672000.77,183025.51,0.0,8265.874555199745,3486.0459909746096,0.0,77937.74852070214,439.2173478280332,339889.4361173123,5568.784644490857,2024-04-22,76.5,SWARM_ACTIVE,NORMAL,NORMAL,Clear,NORMAL,Clear,NORMAL,Clear,NORMAL,Clear,NORMAL,Clear,NORMAL,Clear,
13799180.97,6357137.45,7442043.53,1263059.0,281669.89,0.0,6001.918574214776,3189.697073426832,0.0,71758.8015089242,555.4870177598877,339889.4361173123,4003.131841018132,2024-04-23,72.7,SWARM_ACTIVE,DEFENSIVE,NORMAL,Clear,NORMAL,Clear,NORMAL,Clear,NORMAL,Clear,NORMAL,Clear,NORMAL,Clear,
13951266.83,6346993.09,7604273.74,1273214.0,142365.82,0.0,4453.685551606035,3744.1485211421113,0.0,69082.25352037513,734.2825279067204,339889.4361173123,3209.366132855053,2024-04-24,84.8,SWARM_ACTIVE,DEFENSIVE,NORMAL,Clear,NORMAL,Clear,NORMAL,Clear,NORMAL,Clear,NORMAL,Clear,NORMAL,Clear,
13935091.55,6366378.58,7568712.97,1529433.72,103088.01,0.0,0.0,3990.3586964682327,0.0,69249.54622011642,824.6819199619389,339889.4361173123,2645.641661317296,2024-04-25,83.5,SWARM_ACTIVE,DEFENSIVE,NORMAL,Clear,NORMAL,Clear,NORMAL,Clear,NORMAL,Clear,NORMAL,Clear,NORMAL,Clear,
14241066.24,6362689.05,7878377.18,1792716.54,62223.85,0.0,0.0,4241.615800216962,0.0,61040.983189087405,889.5130938433783,339889.4361173123,2314.3385238586234,2024-04-26,85.0,SWARM_ACTIVE,NORMAL,NORMAL,Clear,NORMAL,Clear,NORMAL,Clear,NORMAL,Clear,NORMAL,Clear,NORMAL,Clear,
14087310.91,6388293.21,7699017.69,1953458.88,20714.95,0.0,0.0,4168.022635523797,0.0,58198.171885266944,928.7698453396338,339889.4361173123,2209.77035918237,2024-04-29,66.8,SWARM_ACTIVE,NORMAL,NORMAL,Clear,NORMAL,Clear,NORMAL,Clear,NORMAL,Clear,NORMAL,Clear,NORMAL,Clear,
13954767.12,6275595.44,7679171.68,1501329.83,-20.71,0.0,0.0,5080.746947654965,0.0,59735.43463639958,941.8311471586104,339889.4361173123,2209.77035918237,2024-04-30,66.0,SWARM_ACTIVE,DEFENSIVE,NORMAL,Clear,NORMAL,Clear,NORMAL,Clear,NORMAL,Clear,NORMAL,Clear,NORMAL,Clear,
13896828.32,6217677.35,7679150.97,2341318.34,73325.13,0.0,0.0,4251.327083435219,0.0,48351.95395096806,941.8311471586104,339889.4361173123,1836.9848427667412,2024-05-01,83.8,SWARM_ACTIVE,NORMAL,NORMAL,Clear,NORMAL,Clear,NORMAL,Clear,NORMAL,Clear,NORMAL,Clear,NORMAL,Clear,
13930664.08,6251586.54,7679077.55,2102034.47,36100.58,0.0,0.0,4893.0596279636375,0.0,47611.829836860576,988.0645092357303,339889.4361173123,1653.128400460479,2024-05-02,72.2,SWARM_ACTIVE,DEFENSIVE,NORMAL,Clear,NORMAL,Clear,NORMAL,Clear,NORMAL,Clear,NORMAL,Clear,NORMAL,Clear,
13972054.02,6293086.01,7678968.01,2204127.92,48810.23,0.0,0.0,5302.423555566379,0.0,41225.225707108875,1010.8268413823006,339889.4361173123,1404.8634479669563,2024-05-03,83.5,SWARM_ACTIVE,NORMAL,NORMAL,Clear,NORMAL,Clear,NORMAL,Clear,NORMAL,Clear,NORMAL,Clear,NORMAL,Clear,
14039266.12,6331887.3,7707378.82,2701866.66,-48.81,0.0,0.0,4357.867145174732,0.0,39263.769003191745,1040.637794833986,339889.4361173123,1404.8634479669563,2024-05-06,67.9,SWARM_ACTIVE,NORMAL,NORMAL,Clear,NORMAL,Clear,NORMAL,Clear,NORMAL,Clear,NORMAL,Clear,NORMAL,Clear,
14023846.13,6330022.83,7693823.3,2223277.61,282198.39,0.0,0.0,5630.307032796576,0.0,37515.373916777244,1040.637794833986,339889.4361173123,0.0,2024-05-07,64.0,SWARM_ACTIVE,NORMAL,NORMAL,Clear,NORMAL,Clear,NORMAL,Clear,NORMAL,Clear,NORMAL,Clear,NORMAL,Clear,
14013696.92,6325993.34,7687703.57,2150759.62,-282.2,0.0,0.0,5952.375092849658,0.0,35966.93025026502,1212.6227302392379,339889.4361173123,0.0,2024-05-08,64.3,SWARM_ACTIVE,NORMAL,NORMAL,Clear,NORMAL,Clear,NORMAL,Clear,NORMAL,Clear,NORMAL,Clear,NORMAL,Clear,
14115997.99,6352668.67,7763329.31,2093829.28,-282.2,0.0,0.0,6163.764536453123,0.0,35169.29876960336,1212.6227302392379,339889.4361173123,0.0,2024-05-09,64.8,SWARM_ACTIVE,NORMAL,NORMAL,Clear,NORMAL,Clear,NORMAL,Clear,NORMAL,Clear,NORMAL,Clear,NORMAL,Clear,
14267449.86,6350256.19,7917193.66,605512.94,174466.43,0.0,0.0,10435.531719208444,0.0,26496.881959476334,1212.6227302392379,313313.54299173265,1466.9221954219895,2024-05-10,64.6,SWARM_ACTIVE,NORMAL,NORMAL,Clear,NORMAL,Clear,NORMAL,Clear,NORMAL,Clear,NORMAL,Clear,NORMAL,Clear,
14210675.98,6355416.16,7855259.82,870175.66,283813.8,0.0,0.0,9991.614420160919,0.0,24909.496796931926,1322.5637834713148,313313.54299173265,0.0,2024-05-13,69.3,SWARM_ACTIVE,NORMAL,NORMAL,Clear,NORMAL,Clear,NORMAL,Clear,NORMAL,Clear,NORMAL,Clear,NORMAL,Clear,
14327930.41,6384764.56,7943165.85,1496868.55,-283.81,0.0,0.0,8901.302299173172,0.0,21613.634283788968,1501.8331465837284,313313.54299173265,0.0,2024-05-14,72.4,SWARM_ACTIVE,NORMAL,NORMAL,Clear,NORMAL,Clear,NORMAL,Clear,NORMAL,Clear,NORMAL,Clear,NORMAL,Clear,
14330651.57,6447725.57,7882926.0,1478858.54,-283.81,0.0,0.0,9036.786049002681,0.0,20646.79145850545,1501.8331465837284,313313.54299173265,0.0,2024-05-15,72.7,SWARM_ACTIVE,NORMAL,NORMAL,Clear,NORMAL,Clear,NORMAL,Clear,NORMAL,Clear,NORMAL,Clear,NORMAL,Clear,
14317035.46,6436854.0,7880181.46,1365768.94,-283.81,0.0,0.0,9411.392688762788,0.0,19406.852208128683,1501.8331465837284,313313.54299173265,0.0,2024-05-16,73.0,SWARM_ACTIVE,NORMAL,NORMAL,Clear,NORMAL,Clear,NORMAL,Clear,NORMAL,Clear,NORMAL,Clear,NORMAL,Clear,
14494942.51,6446582.46,8048360.05,1191936.31,-283.81,0.0,0.0,8829.50761287193,0.0,29076.37239034102,1501.8331465837284,313313.54299173265,0.0,2024-05-17,72.0,SWARM_ACTIVE,NORMAL,NORMAL,Clear,NORMAL,Clear,NORMAL,Clear,NORMAL,Clear,NORMAL,Clear,NORMAL,Clear,
14712593.31,6464924.01,8247669.29,962796.22,-18.14,0.0,0.0,8872.139495455689,0.0,33784.887163595806,1490.2301849035125,314283.5021982797,0.0,2024-05-20,69.8,SWARM_ACTIVE,NORMAL,NORMAL,Clear,NORMAL,Clear,NORMAL,Clear,NORMAL,Clear,NORMAL,Clear,NORMAL,Clear,
14459681.55,6465178.25,7994503.3,251737.11,-66.29,0.0,0.0,9446.367361229006,0.0,43963.86468382549,1224.2015683474078,334087.7382422924,338.3052264568704,2024-05-21,63.6,SWARM_ACTIVE,NORMAL,NORMAL,Clear,NORMAL,Clear,NORMAL,Clear,NORMAL,Clear,NORMAL,Clear,NORMAL,Clear,
14342109.6,6426266.85,7915842.75,189543.39,102157.32,0.0,0.0,10004.137232365076,0.0,39593.402566474884,1186.3898569724709,335483.7999719163,0.0,2024-05-22,64.2,SWARM_ACTIVE,NORMAL,NORMAL,Clear,NORMAL,Clear,NORMAL,Clear,NORMAL,Clear,NORMAL,Clear,NORMAL,Clear,
14109056.95,6389812.96,7719243.99,225715.74,118057.96,0.0,0.0,10426.003212447447,0.0,34343.53047485346,1049.676382515233,347086.51042580954,0.0,2024-05-23,68.7,SWARM_ACTIVE,NORMAL,NORMAL,Clear,NORMAL,Clear,NORMAL,Clear,NORMAL,Clear,NORMAL,Clear,NORMAL,Clear,
14133384.76,6435802.31,7697582.44,132084.11,406445.23,0.0,0.0,10923.671691488527,0.0,31273.122056336033,801.7728945220956,352802.6957750015,0.0,2024-05-24,70.9,SWARM_ACTIVE,NORMAL,NORMAL,Clear,NORMAL,Clear,NORMAL,Clear,NORMAL,Clear,NORMAL,Clear,NORMAL,Clear,
14256148.36,6435444.15,7820704.21,59511.38,408020.62,0.0,0.0,11214.896842127931,0.0,29889.023917682836,600.8667650524972,370527.6514939951,0.0,2024-05-27,77.9,SWARM_ACTIVE,NORMAL,NORMAL,Clear,NORMAL,Clear,NORMAL,Clear,NORMAL,Clear,NORMAL,Clear,NORMAL,Clear,
14231355.26,6467731.17,7763624.08,95576.83,404459.36,0.0,0.0,11345.616460087023,0.0,27692.267809526176,434.8693611044979,385525.9431949888,0.0,2024-05-28,79.4,SWARM_ACTIVE,NORMAL,NORMAL,Clear,NORMAL,Clear,NORMAL,Clear,NORMAL,Clear,NORMAL,Clear,NORMAL,Clear,
14324904.25,6409860.67,7915043.58,97097.49,441295.89,0.0,0.0,11557.045793253528,0.0,25419.62384447907,395.39989936535625,386910.26561258547,0.0,2024-05-29,79.1,SWARM_ACTIVE,NORMAL,NORMAL,Clear,NORMAL,Clear,NORMAL,Clear,NORMAL,Clear,NORMAL,Clear,NORMAL,Clear,
13961498.16,6356817.32,7604680.84,-97.1,184708.78,0.0,0.0,11774.165122835382,0.0,25419.62384447907,502.60335903655374,392332.690804889,0.0,2024-05-30,77.5,SWARM_ACTIVE,NORMAL,NORMAL,Clear,NORMAL,Clear,NORMAL,Clear,NORMAL,Clear,NORMAL,Clear,NORMAL,Clear,
13891522.58,6374046.02,7517476.56,-780.79,343259.94,0.0,0.0,10023.026511827662,0.0,43165.20007593662,492.64358253490497,383756.8634247589,0.0,2024-05-31,78.5,SWARM_ACTIVE,NORMAL,NORMAL,Clear,NORMAL,Clear,NORMAL,Clear,NORMAL,Clear,NORMAL,Clear,NORMAL,Clear,
13830455.47,6346783.69,7483671.78,-780.79,308504.4,0.0,0.0,10023.026511827662,0.0,43165.20007593662,454.18491329009123,389357.8795915735,0.0,2024-06-03,77.2,SWARM_ACTIVE,NORMAL,NORMAL,Clear,NORMAL,Clear,NORMAL,Clear,NORMAL,Clear,NORMAL,Clear,NORMAL,Clear,
13864383.57,6341363.84,7523019.73,775668.25,-510.22,0.0,0.0,8813.8794147534,0.0,37672.05662768304,489.4223461367166,374048.1768219573,2548.2522031406097,2024-06-04,79.6,SWARM_ACTIVE,NORMAL,NORMAL,Clear,NORMAL,Clear,NORMAL,Clear,NORMAL,Clear,NORMAL,Clear,NORMAL,Clear,
13800836.65,6420367.6,7380469.05,392862.91,-8.79,0.0,3978.7465259274763,9441.823462834884,0.0,28397.264162653635,483.33143952751686,374585.10712933884,2548.2522031406097,2024-06-05,76.4,SWARM_ACTIVE,NORMAL,NORMAL,Clear,NORMAL,Clear,NORMAL,Clear,NORMAL,Clear,NORMAL,Clear,NORMAL,Clear,
13992823.27,6418269.14,7574554.14,26367.15,-28.76,0.0,2940.269778806668,10571.286811418815,0.0,27766.310947045742,412.28133285557965,379284.8275508619,2692.7168232185363,2024-06-06,78.1,SWARM_ACTIVE,NORMAL,NORMAL,Clear,NORMAL,Clear,NORMAL,Clear,NORMAL,Clear,NORMAL,Clear,NORMAL,Clear,
14006296.0,6408263.67,7598032.33,133804.59,108190.19,0.0,0.0,11043.986614395199,0.0,28483.891556104318,405.6909145942163,379864.3275782973,2116.025531003612,2024-06-07,80.2,SWARM_ACTIVE,NORMAL,NORMAL,Clear,NORMAL,Clear,NORMAL,Clear,NORMAL,Clear,NORMAL,Clear,NORMAL,Clear,
14035162.36,6437258.16,7597904.2,60926.79,71994.61,0.0,0.0,10942.441940681192,0.0,31274.682980050715,358.6995695375422,390349.30384158844,1731.3508250497796,2024-06-10,80.7,SWARM_ACTIVE,NORMAL,NORMAL,Clear,NORMAL,Clear,NORMAL,Clear,NORMAL,Clear,NORMAL,Clear,NORMAL,Clear,
13829992.48,6469005.61,7360986.87,-64.08,317250.34,0.0,0.0,10935.631405080096,0.0,32774.706554753895,311.3488549752269,398887.4424310815,0.0,2024-06-11,80.7,SWARM_ACTIVE,NORMAL,NORMAL,Clear,NORMAL,Clear,NORMAL,Clear,NORMAL,Clear,NORMAL,Clear,NORMAL,Clear,
13962945.79,6520320.64,7442625.15,19420.15,143944.17,0.0,0.0,10935.631405080096,0.0,32313.207574171687,273.8903039298278,412509.42533956846,0.0,2024-06-12,81.1,SWARM_ACTIVE,NORMAL,NORMAL,Clear,NORMAL,Clear,NORMAL,Clear,NORMAL,Clear,NORMAL,Clear,NORMAL,Clear,
13813397.66,6535626.61,7277771.05,61824.99,96051.96,0.0,0.0,10976.76394308774,0.0,30834.833024892298,254.29925366873013,417170.1630973903,0.0,2024-06-13,79.7,SWARM_ACTIVE,NORMAL,NORMAL,Clear,NORMAL,Clear,NORMAL,Clear,NORMAL,Clear,NORMAL,Clear,NORMAL,Clear,
13943949.75,6552789.98,7391159.77,163799.35,241696.6,0.0,0.0,11107.036400721236,0.0,26888.410159918436,219.87038247520385,411389.46492561675,0.0,2024-06-14,79.4,SWARM_ACTIVE,NORMAL,NORMAL,Clear,NORMAL,Clear,NORMAL,Clear,NORMAL,Clear,NORMAL,Clear,NORMAL,Clear,
13988322.32,6620054.79,7368267.53,93716.91,83485.0,0.0,0.0,11448.003951144736,0.0,24633.283869313786,291.5681045809625,414726.26229146955,0.0,2024-06-17,78.4,SWARM_ACTIVE,NORMAL,NORMAL,Clear,NORMAL,Clear,NORMAL,Clear,NORMAL,Clear,NORMAL,Clear,NORMAL,Clear,
13940129.42,6625800.54,7314328.87,12977.8,74433.01,0.0,0.0,11643.026380412297,0.0,24320.601184378702,259.8213963281848,418003.8288926309,0.0,2024-06-18,78.5,SWARM_ACTIVE,NORMAL,NORMAL,Clear,NORMAL,Clear,NORMAL,Clear,NORMAL,Clear,NORMAL,Clear,NORMAL,Clear,
14104943.43,6625693.74,7479249.69,301704.01,335181.22,0.0,95.76157816958825,11095.438421288589,0.0,23391.515902886204,237.63008901664458,404373.4774319796,0.0,2024-06-19,78.7,SWARM_ACTIVE,NORMAL,NORMAL,Clear,NORMAL,Clear,NORMAL,Clear,NORMAL,Clear,NORMAL,Clear,NORMAL,Clear,
14174904.51,6601821.3,7573083.21,-301.7,458137.82,0.0,2403.707374048495,11095.438421288589,0.0,23391.515902886204,219.19566053124345,398698.68039186805,0.0,2024-06-20,77.6,SWARM_ACTIVE,NORMAL,NORMAL,Clear,NORMAL,Clear,NORMAL,Clear,NORMAL,Clear,NORMAL,Clear,NORMAL,Clear,
14045415.56,6571485.93,7473929.63,60346.0,498740.02,0.0,2403.707374048495,11095.438421288589,0.0,21958.709361054578,221.02904817602507,396131.1540623319,0.0,2024-06-21,77.2,SWARM_ACTIVE,NORMAL,NORMAL,Clear,NORMAL,Clear,NORMAL,Clear,NORMAL,Clear,NORMAL,Clear,NORMAL,Clear,
14047270.91,6514486.94,7532783.96,-327.0,639783.28,0.0,2218.6912831966997,10574.162340658544,0.0,29486.55005980257,359.23940013735364,376376.1966901952,0.0,2024-06-24,77.4,SWARM_ACTIVE,NORMAL,NORMAL,Clear,NORMAL,Clear,NORMAL,Clear,NORMAL,Clear,NORMAL,Clear,NORMAL,Clear,
14083204.01,6591388.27,7491815.74,-470.54,514707.98,0.0,0.0,10171.032100030572,0.0,40293.86838294301,333.04215521368286,385977.2166934155,0.0,2024-06-25,75.1,SWARM_ACTIVE,NORMAL,NORMAL,Clear,NORMAL,Clear,NORMAL,Clear,NORMAL,Clear,NORMAL,Clear,NORMAL,Clear,
14041853.09,6583177.25,7458675.84,-3.94,350133.96,0.0,0.0,10161.763306058476,0.0,40385.30117601942,397.9322726691936,390309.6785992793,0.0,2024-06-26,76.2,SWARM_ACTIVE,NORMAL,NORMAL,Clear,NORMAL,Clear,NORMAL,Clear,NORMAL,Clear,NORMAL,Clear,NORMAL,Clear,
13922168.16,6599704.29,7322463.87,-488.58,56854.0,0.0,0.0,9138.031135471014,0.0,51692.38985979733,560.6608738518565,394127.99780991755,0.0,2024-06-27,75.7,SWARM_ACTIVE,NORMAL,NORMAL,Clear,NORMAL,Clear,NORMAL,Clear,NORMAL,Clear,NORMAL,Clear,NORMAL,Clear,
14151126.62,6584674.71,7566451.9,-143.76,195680.91,0.0,0.0,8834.206592114246,0.0,55006.64685647339,546.5712939779296,387137.75907143566,0.0,2024-06-28,76.3,SWARM_ACTIVE,NORMAL,NORMAL,Clear,NORMAL,Clear,NORMAL,Clear,NORMAL,Clear,NORMAL,Clear,NORMAL,Clear,
14339411.88,6610319.74,7729092.14,-143.76,221892.63,0.0,0.0,8834.206592114246,0.0,55006.64685647339,541.9696368248186,385999.9060338922,0.0,2024-07-01,74.3,SWARM_ACTIVE,NORMAL,NORMAL,Clear,NORMAL,Clear,NORMAL,Clear,NORMAL,Clear,NORMAL,Clear,NORMAL,Clear,
14332778.38,6652829.58,7679948.8,259610.31,79829.08,0.0,0.0,8492.051145876472,0.0,52822.253439334105,698.7442796525485,381377.1710941529,0.0,2024-07-02,73.6,SWARM_ACTIVE,NORMAL,NORMAL,Clear,NORMAL,Clear,NORMAL,Clear,NORMAL,Clear,NORMAL,Clear,NORMAL,Clear,
14401168.95,6696824.93,7704344.03,477724.64,42337.94,0.0,0.0,8215.288566267634,0.0,50904.700068433216,754.7965304994257,378934.50138899457,0.0,2024-07-03,72.1,SWARM_ACTIVE,NORMAL,NORMAL,Clear,NORMAL,Clear,NORMAL,Clear,NORMAL,Clear,NORMAL,Clear,NORMAL,Clear,
14493702.7,6696606.59,7797096.11,-721.11,310759.46,0.0,0.0,7715.108858960671,0.0,67460.11145772615,784.8095771109341,361312.47578332236,0.0,2024-07-04,67.4,SWARM_ACTIVE,NORMAL,NORMAL,Clear,NORMAL,Clear,NORMAL,Clear,NORMAL,Clear,NORMAL,Clear,NORMAL,Clear,
14485660.57,6688917.91,7796742.66,263242.39,156870.77,0.0,0.0,7715.108858960671,0.0,61297.66643841402,972.6862841775132,354995.978060992,0.0,2024-07-05,67.2,SWARM_ACTIVE,NORMAL,NORMAL,Clear,NORMAL,Clear,NORMAL,Clear,NORMAL,Clear,NORMAL,Clear,NORMAL,Clear,
14513874.14,6681640.31,7832233.83,53568.65,127503.78,0.0,0.0,8248.700538664893,0.0,60033.19801595441,940.7425300868334,359030.1118311556,0.0,2024-07-08,72.4,SWARM_ACTIVE,NORMAL,NORMAL,Clear,NORMAL,Clear,NORMAL,Clear,NORMAL,Clear,NORMAL,Clear,NORMAL,Clear,
14639569.1,6662272.6,7977296.5,121503.14,-148.13,0.0,0.0,8357.190256999136,0.0,57152.51462952598,925.6181504467547,367130.8697715609,0.0,2024-07-09,78.9,SWARM_ACTIVE,NORMAL,NORMAL,Clear,NORMAL,Clear,NORMAL,Clear,NORMAL,Clear,NORMAL,Clear,NORMAL,Clear,
14541224.33,6721440.84,7819783.48,293992.56,-113.02,0.0,0.0,8316.630863744514,0.0,53568.115427890596,842.6231816190074,373459.46810515126,0.0,2024-07-10,80.2,SWARM_ACTIVE,NORMAL,NORMAL,Clear,NORMAL,Clear,NORMAL,Clear,NORMAL,Clear,NORMAL,Clear,NORMAL,Clear,
14670946.78,6653981.39,8016965.39,367277.41,-113.02,0.0,0.0,8252.137967247636,0.0,52593.2547058111,842.6231816190074,373459.46810515126,0.0,2024-07-11,81.0,SWARM_ACTIVE,NORMAL,NORMAL,Clear,NORMAL,Clear,NORMAL,Clear,NORMAL,Clear,NORMAL,Clear,NORMAL,Clear,
14572151.48,6683321.18,7888830.3,388088.72,-113.02,0.0,0.0,8081.319381586522,0.0,54053.12302354306,842.6231816190074,373459.46810515126,0.0,2024-07-12,75.5,SWARM_ACTIVE,NORMAL,NORMAL,Clear,NORMAL,Clear,NORMAL,Clear,NORMAL,Clear,NORMAL,Clear,NORMAL,Clear,
14738145.98,6729076.24,8009069.73,245750.78,37347.75,0.0,0.0,8869.86109632598,0.0,48418.746254735954,761.3907462189501,377621.2594090868,0.0,2024-07-15,75.5,SWARM_ACTIVE,NORMAL,NORMAL,Clear,NORMAL,Clear,NORMAL,Clear,NORMAL,Clear,NORMAL,Clear,NORMAL,Clear,
14892331.83,6739560.71,8152771.11,38229.09,-35.24,0.0,0.0,9285.881040213155,0.0,48475.37983684514,762.8915656882351,379509.38475975866,0.0,2024-07-16,77.5,SWARM_ACTIVE,NORMAL,NORMAL,Clear,NORMAL,Clear,NORMAL,Clear,NORMAL,Clear,NORMAL,Clear,NORMAL,Clear,
14524628.49,6626369.66,7898258.84,503144.2,44812.16,0.0,0.0,8100.084452284012,0.0,50754.459851099804,762.8915656882351,377007.9012292943,0.0,2024-07-17,75.6,SWARM_ACTIVE,DEFENSIVE,NORMAL,Clear,NORMAL,Clear,NORMAL,Clear,NORMAL,Clear,NORMAL,Clear,NORMAL,Clear,
14499558.27,6611488.0,7888070.27,1091351.89,-44.81,0.0,0.0,7177.520184596422,0.0,47379.47753116651,794.4088892473629,377007.9012292943,0.0,2024-07-18,81.8,SWARM_ACTIVE,DEFENSIVE,NORMAL,Clear,NORMAL,Clear,NORMAL,Clear,NORMAL,Clear,NORMAL,Clear,NORMAL,Clear,
14280047.57,6557641.98,7722405.59,1241283.39,-44.81,0.0,0.0,6296.382185530544,0.0,53402.880322401004,794.4088892473629,377007.9012292943,0.0,2024-07-19,81.7,SWARM_ACTIVE,DEFENSIVE,NORMAL,Clear,NORMAL,Clear,NORMAL,Clear,NORMAL,Clear,NORMAL,Clear,NORMAL,Clear,
14164220.79,6586441.91,7577778.89,1481811.51,-44.81,0.0,0.0,5759.676058202728,0.0,53768.74563822659,794.4088892473629,377007.9012292943,0.0,2024-07-22,82.1,SWARM_ACTIVE,DEFENSIVE,NORMAL,Clear,NORMAL,Clear,NORMAL,Clear,NORMAL,Clear,NORMAL,Clear,NORMAL,Clear,
13688067.78,6539098.56,7148969.22,1589050.6,-44.81,0.0,0.0,5505.724574695766,0.0,54087.421441316175,794.4088892473629,377007.9012292943,0.0,2024-07-23,80.6,SWARM_ACTIVE,DEFENSIVE,NORMAL,Clear,NORMAL,Clear,NORMAL,Clear,NORMAL,Clear,NORMAL,Clear,NORMAL,Clear,
13586399.21,6445065.76,7141333.44,1549839.1,-44.81,0.0,0.0,5243.300131988018,0.0,57798.76882309178,794.4088892473629,377007.9012292943,0.0,2024-07-24,82.6,SWARM_ACTIVE,DEFENSIVE,NORMAL,Clear,NORMAL,Clear,NORMAL,Clear,NORMAL,Clear,NORMAL,Clear,NORMAL,Clear,
13192312.34,6461116.6,6731195.73,1693178.16,-44.81,0.0,0.0,4850.16477900079,0.0,58602.734141594156,794.4088892473629,377007.9012292943,0.0,2024-07-25,86.0,SWARM_ACTIVE,DEFENSIVE,NORMAL,Clear,NORMAL,Clear,NORMAL,Clear,NORMAL,Clear,NORMAL,Clear,NORMAL,Clear,
13370391.15,6491602.38,6878788.78,1506706.43,-44.81,0.0,0.0,4409.66280355175,0.0,67450.81801602387,794.4088892473629,377007.9012292943,0.0,2024-07-26,86.3,SWARM_ACTIVE,DEFENSIVE,NORMAL,Clear,NORMAL,Clear,NORMAL,Clear,NORMAL,Clear,NORMAL,Clear,NORMAL,Clear,
13425523.32,6469722.15,6955801.17,1499093.32,-44.81,0.0,0.0,4385.376574211817,0.0,67882.10039021692,794.4088892473629,377007.9012292943,0.0,2024-07-29,86.3,SWARM_ACTIVE,DEFENSIVE,NORMAL,Clear,NORMAL,Clear,NORMAL,Clear,NORMAL,Clear,NORMAL,Clear,NORMAL,Clear,
13356791.3,6487853.47,6868937.84,1715813.39,-44.81,0.0,0.0,4163.9034305771675,0.0,65246.43532407723,794.4088892473629,377007.9012292943,0.0,2024-07-30,87.7,SWARM_ACTIVE,DEFENSIVE,NORMAL,Clear,NORMAL,Clear,NORMAL,Clear,NORMAL,Clear,NORMAL,Clear,NORMAL,Clear,
13701185.59,6555671.93,7145513.66,2187620.98,1678524.54,0.0,0.0,3227.107582634118,0.0,64467.93042435114,794.4088892473629,239609.01032205412,2938.299242680251,2024-07-31,89.0,SWARM_ACTIVE,DEFENSIVE,NORMAL,Clear,NORMAL,Clear,NORMAL,Clear,NORMAL,Clear,NORMAL,Clear,NORMAL,Clear,
13553649.54,6442896.83,7110752.71,2214778.4,477575.66,0.0,0.0,3223.216462930002,0.0,63879.47709140865,865.2005525991583,309587.6451280016,2800.1459151014246,2024-08-01,82.0,SWARM_ACTIVE,DEFENSIVE,NORMAL,Clear,NORMAL,Clear,NORMAL,Clear,NORMAL,Clear,NORMAL,Clear,NORMAL,Clear,
13235494.78,6336852.79,6898641.98,2091214.7,42730.57,0.0,0.0,3197.3916965527374,0.0,67086.49100359988,906.8403727723978,336848.53364803735,2549.221373819767,2024-08-02,84.1,SWARM_ACTIVE,DEFENSIVE,NORMAL,Clear,NORMAL,Clear,NORMAL,Clear,NORMAL,Clear,NORMAL,Clear,NORMAL,Clear,
13043052.31,6232015.53,6811036.79,2094460.53,95362.79,0.0,0.0,3107.118592295001,0.0,67953.42223167776,938.7586698320061,336848.53364803735,1994.1828088316165,2024-08-05,83.9,SWARM_ACTIVE,DEFENSIVE,NORMAL,Clear,NORMAL,Clear,NORMAL,Clear,NORMAL,Clear,NORMAL,Clear,NORMAL,Clear,
12972449.6,6261901.44,6710548.16,1889506.11,60363.88,0.0,0.0,2679.578063464365,0.0,77394.36894780854,1010.2607262047276,336848.53364803735,1638.3288910051965,2024-08-06,84.0,SWARM_ACTIVE,DEFENSIVE,NORMAL,Clear,NORMAL,Clear,NORMAL,Clear,NORMAL,Clear,NORMAL,Clear,NORMAL,Clear,
13022824.5,6261562.66,6761261.84,1885252.17,-60.36,0.0,0.0,3558.9129923831456,0.0,68353.34502944574,1055.1756294282752,336848.53364803735,1638.3288910051965,2024-08-07,81.8,SWARM_ACTIVE,DEFENSIVE,NORMAL,Clear,NORMAL,Clear,NORMAL,Clear,NORMAL,Clear,NORMAL,Clear,NORMAL,Clear,
13054940.26,6368913.54,6686026.72,1900073.32,-60.36,0.0,0.0,3662.400597984642,0.0,66918.25033224748,1055.1756294282752,336848.53364803735,1638.3288910051965,2024-08-08,83.4,SWARM_ACTIVE,DEFENSIVE,NORMAL,Clear,NORMAL,Clear,NORMAL,Clear,NORMAL,Clear,NORMAL,Clear,NORMAL,Clear,
13147779.96,6383677.34,6764102.62,1950010.86,-60.36,0.0,0.0,3584.628783301877,0.0,66560.07247614065,1055.1756294282752,336848.53364803735,1638.3288910051965,2024-08-09,80.8,SWARM_ACTIVE,DEFENSIVE,NORMAL,Clear,NORMAL,Clear,NORMAL,Clear,NORMAL,Clear,NORMAL,Clear,NORMAL,Clear,
13169410.07,6401012.5,6768397.57,1973883.21,-60.36,0.0,0.0,3697.8752174942483,0.0,64812.945670820365,1055.1756294282752,336848.53364803735,1638.3288910051965,2024-08-12,83.0,SWARM_ACTIVE,DEFENSIVE,NORMAL,Clear,NORMAL,Clear,NORMAL,Clear,NORMAL,Clear,NORMAL,Clear,NORMAL,Clear,
13237335.98,6415136.7,6822199.28,1325453.89,-60.36,0.0,0.0,5334.722103978421,0.0,62368.47654979227,1055.1756294282752,336848.53364803735,1638.3288910051965,2024-08-13,81.3,SWARM_ACTIVE,NORMAL,NORMAL,Clear,NORMAL,Clear,NORMAL,Clear,NORMAL,Clear,NORMAL,Clear,NORMAL,Clear,
13194355.71,6430509.44,6763846.28,941578.19,-63.37,0.0,0.0,6710.622667605759,0.0,56532.7004238468,1007.8571731575647,341055.8100749028,1638.3288910051965,2024-08-14,73.2,SWARM_ACTIVE,NORMAL,NORMAL,Clear,NORMAL,Clear,NORMAL,Clear,NORMAL,Clear,NORMAL,Clear,NORMAL,Clear,
13374895.56,6536232.25,6838663.3,915531.32,275821.06,0.0,0.0,6764.469271511858,0.0,56548.48605092456,1007.8571731575647,341055.8100749028,0.0,2024-08-15,76.2,SWARM_ACTIVE,NORMAL,NORMAL,Clear,NORMAL,Clear,NORMAL,Clear,NORMAL,Clear,NORMAL,Clear,NORMAL,Clear,
13476857.0,6537608.18,6939248.82,804103.38,-356.0,0.0,0.0,6938.336442410439,0.0,57231.09976964147,948.7935135792607,363990.9649673596,0.0,2024-08-16,77.8,SWARM_ACTIVE,NORMAL,NORMAL,Clear,NORMAL,Clear,NORMAL,Clear,NORMAL,Clear,NORMAL,Clear,NORMAL,Clear,
13655284.72,6597057.36,7058227.36,949302.36,-356.0,0.0,0.0,7023.531828529478,0.0,52937.53435418605,948.7935135792607,363990.9649673596,0.0,2024-08-19,76.7,SWARM_ACTIVE,NORMAL,NORMAL,Clear,NORMAL,Clear,NORMAL,Clear,NORMAL,Clear,NORMAL,Clear,NORMAL,Clear,
13524588.68,6529333.16,6995255.52,837162.67,-356.0,0.0,0.0,7776.019575468166,0.0,47085.84112385095,948.7935135792607,363990.9649673596,0.0,2024-08-20,75.0,SWARM_ACTIVE,NORMAL,NORMAL,Clear,NORMAL,Clear,NORMAL,Clear,NORMAL,Clear,NORMAL,Clear,NORMAL,Clear,
13579152.93,6549366.89,7029786.05,1206824.32,-356.0,0.0,0.0,6936.971697676342,0.0,47830.77148102497,948.7935135792607,363990.9649673596,0.0,2024-08-21,77.2,SWARM_ACTIVE,NORMAL,NORMAL,Clear,NORMAL,Clear,NORMAL,Clear,NORMAL,Clear,NORMAL,Clear,NORMAL,Clear,
13528091.48,6501528.37,7026563.11,1245709.6,-356.0,0.0,0.0,7144.482985899257,0.0,44601.484285906474,948.7935135792607,363990.9649673596,0.0,2024-08-22,74.7,SWARM_ACTIVE,NORMAL,NORMAL,Clear,NORMAL,Clear,NORMAL,Clear,NORMAL,Clear,NORMAL,Clear,NORMAL,Clear,
13557873.12,6566020.98,6991852.14,536375.54,-356.0,0.0,0.0,7644.669592719963,0.0,55538.725741906645,948.7935135792607,363990.9649673596,0.0,2024-08-23,64.9,SWARM_ACTIVE,NORMAL,NORMAL,Clear,NORMAL,Clear,NORMAL,Clear,NORMAL,Clear,NORMAL,Clear,NORMAL,Clear,
13593942.52,6551382.63,7042559.9,423628.25,-145.45,0.0,0.0,6904.120712483857,0.0,66163.44328423093,872.244494347787,361258.0214709721,813.5419963306533,2024-08-26,69.5,SWARM_ACTIVE,NORMAL,NORMAL,Clear,NORMAL,Clear,NORMAL,Clear,NORMAL,Clear,NORMAL,Clear,NORMAL,Clear,
13519436.87,6533534.71,6985902.16,-23.19,37508.18,0.0,0.0,7750.0008170572,0.0,66702.78316453056,641.8371144468957,362190.7689547383,2238.9649217146243,2024-08-27,69.7,SWARM_ACTIVE,NORMAL,NORMAL,Clear,NORMAL,Clear,NORMAL,Clear,NORMAL,Clear,NORMAL,Clear,NORMAL,Clear,
13359209.22,6473109.44,6886099.78,196720.45,-32.41,0.0,0.0,7643.60619325676,0.0,63257.21682759686,450.6541191717424,378782.1895664927,2421.331592087087,2024-08-28,76.1,SWARM_ACTIVE,NORMAL,NORMAL,Clear,NORMAL,Clear,NORMAL,Clear,NORMAL,Clear,NORMAL,Clear,NORMAL,Clear,
13434856.6,6502902.49,6931954.1,415470.74,-13.82,0.0,0.0,8064.961807332345,0.0,53642.75452404124,324.46738956352965,388740.2081554982,2499.9428504940656,2024-08-29,82.8,SWARM_ACTIVE,NORMAL,NORMAL,Clear,NORMAL,Clear,NORMAL,Clear,NORMAL,Clear,NORMAL,Clear,NORMAL,Clear,
13531891.45,6555849.41,6976042.05,542084.33,-13.82,0.0,0.0,7955.764180393979,0.0,51912.7050630999,324.46738956352965,388740.2081554982,2499.9428504940656,2024-08-30,78.6,SWARM_ACTIVE,NORMAL,NORMAL,Clear,NORMAL,Clear,NORMAL,Clear,NORMAL,Clear,NORMAL,Clear,NORMAL,Clear,
13360978.91,6555722.67,6805256.24,526239.48,-13.82,0.0,0.0,7861.1347278171115,0.0,53304.24086040024,324.46738956352965,388740.2081554982,2499.9428504940656,2024-09-02,71.7,SWARM_ACTIVE,NORMAL,NORMAL,Clear,NORMAL,Clear,NORMAL,Clear,NORMAL,Clear,NORMAL,Clear,NORMAL,Clear,
13160366.89,6385276.86,6775090.03,1179158.83,-28.6,0.0,0.0,6391.43133057443,0.0,53768.217686631244,324.46738956352965,386849.46566471184,2658.434007233118,2024-09-03,77.8,SWARM_ACTIVE,DEFENSIVE,NORMAL,Clear,NORMAL,Clear,NORMAL,Clear,NORMAL,Clear,NORMAL,Clear,NORMAL,Clear,
12814854.58,6345503.78,6469350.79,1501282.55,-28.6,0.0,0.0,5000.822591788034,0.0,61244.4699199396,324.46738956352965,386849.46566471184,2658.434007233118,2024-09-04,82.0,SWARM_ACTIVE,DEFENSIVE,NORMAL,Clear,NORMAL,Clear,NORMAL,Clear,NORMAL,Clear,NORMAL,Clear,NORMAL,Clear,
12796820.32,6326870.64,6469949.68,1765853.06,-28.6,0.0,0.0,4213.461818764823,0.0,63537.866012239356,324.46738956352965,386849.46566471184,2658.434007233118,2024-09-05,84.2,SWARM_ACTIVE,DEFENSIVE,NORMAL,Clear,NORMAL,Clear,NORMAL,Clear,NORMAL,Clear,NORMAL,Clear,NORMAL,Clear,
12737742.43,6241839.46,6495902.97,1967972.05,-28.6,0.0,0.0,4032.562496448263,0.0,60561.952531066374,324.46738956352965,386849.46566471184,2658.434007233118,2024-09-06,85.8,SWARM_ACTIVE,DEFENSIVE,NORMAL,Clear,NORMAL,Clear,NORMAL,Clear,NORMAL,Clear,NORMAL,Clear,NORMAL,Clear,
12538531.4,6282586.01,6255945.4,2182308.83,-28.6,0.0,0.0,3658.505333120192,0.0,59447.98008303084,324.46738956352965,386849.46566471184,2658.434007233118,2024-09-09,87.8,SWARM_ACTIVE,DEFENSIVE,NORMAL,Clear,NORMAL,Clear,NORMAL,Clear,NORMAL,Clear,NORMAL,Clear,NORMAL,Clear,
12528506.29,6255461.74,6273044.55,2280153.37,-28.6,0.0,0.0,3421.3358454104105,0.0,59693.384877118086,324.46738956352965,386849.46566471184,2658.434007233118,2024-09-10,87.5,SWARM_ACTIVE,DEFENSIVE,NORMAL,Clear,NORMAL,Clear,NORMAL,Clear,NORMAL,Clear,NORMAL,Clear,NORMAL,Clear,
12546752.2,6266704.34,6280047.85,2187710.97,-28.6,0.0,0.0,4110.8038313186125,0.0,53998.25346441156,324.46738956352965,386849.46566471184,2658.434007233118,2024-09-11,86.6,SWARM_ACTIVE,DEFENSIVE,NORMAL,Clear,NORMAL,Clear,NORMAL,Clear,NORMAL,Clear,NORMAL,Clear,NORMAL,Clear,
12577855.96,6304442.54,6273413.42,2461495.48,-28.6,0.0,0.0,3107.3381528928926,0.0,58852.01578640267,324.46738956352965,386849.46566471184,2658.434007233118,2024-09-12,86.1,SWARM_ACTIVE,DEFENSIVE,NORMAL,Clear,NORMAL,Clear,NORMAL,Clear,NORMAL,Clear,NORMAL,Clear,NORMAL,Clear,
12754136.58,6323752.98,6430383.6,2223049.09,-28.6,0.0,0.0,4027.6167106255925,0.0,54037.21328175379,324.46738956352965,386849.46566471184,2658.434007233118,2024-09-13,85.9,SWARM_ACTIVE,DEFENSIVE,NORMAL,Clear,NORMAL,Clear,NORMAL,Clear,NORMAL,Clear,NORMAL,Clear,NORMAL,Clear,
12770317.81,6339934.2,6430383.6,2324785.36,-28.6,0.0,0.0,4077.3349337525815,0.0,50997.585001794374,324.46738956352965,386849.46566471184,2658.434007233118,2024-09-16,84.0,SWARM_ACTIVE,DEFENSIVE,NORMAL,Clear,NORMAL,Clear,NORMAL,Clear,NORMAL,Clear,NORMAL,Clear,NORMAL,Clear,
12799574.76,6369191.16,6430383.6,2349547.12,-28.6,0.0,0.0,3487.3660295607933,0.0,57028.317325675576,324.46738956352965,386849.46566471184,2658.434007233118,2024-09-17,84.0,SWARM_ACTIVE,DEFENSIVE,NORMAL,Clear,NORMAL,Clear,NORMAL,Clear,NORMAL,Clear,NORMAL,Clear,NORMAL,Clear,
12928805.52,6366184.49,6562621.03,2184635.99,-28.6,0.0,0.0,3800.626310559424,0.0,57464.569720670836,324.46738956352965,386849.46566471184,2658.434007233118,2024-09-18,84.0,SWARM_ACTIVE,DEFENSIVE,NORMAL,Clear,NORMAL,Clear,NORMAL,Clear,NORMAL,Clear,NORMAL,Clear,NORMAL,Clear,
13137980.11,6439672.48,6698307.63,2141489.06,-28.6,0.0,0.0,3679.8505561122206,0.0,59847.88872923924,324.46738956352965,386849.46566471184,2658.434007233118,2024-09-19,82.7,SWARM_ACTIVE,DEFENSIVE,NORMAL,Clear,NORMAL,Clear,NORMAL,Clear,NORMAL,Clear,NORMAL,Clear,NORMAL,Clear,
13307923.69,6430459.56,6877464.13,1919522.53,-28.6,0.0,0.0,4275.103550988748,0.0,58350.56577373381,324.46738956352965,386849.46566471184,2658.434007233118,2024-09-20,79.6,SWARM_ACTIVE,DEFENSIVE,NORMAL,Clear,NORMAL,Clear,NORMAL,Clear,NORMAL,Clear,NORMAL,Clear,NORMAL,Clear,
13326715.44,6465967.43,6860748.0,1284533.14,-28.6,0.0,0.0,5850.734273159464,0.0,55499.32884085717,324.46738956352965,386849.46566471184,2658.434007233118,2024-09-23,80.9,SWARM_ACTIVE,NORMAL,NORMAL,Clear,NORMAL,Clear,NORMAL,Clear,NORMAL,Clear,NORMAL,Clear,NORMAL,Clear,
13652893.57,6472772.38,7180121.19,1373563.05,-28.6,0.0,0.0,5531.953931639224,0.0,57010.268740115585,324.46738956352965,386849.46566471184,2658.434007233118,2024-09-24,79.3,SWARM_ACTIVE,NORMAL,NORMAL,Clear,NORMAL,Clear,NORMAL,Clear,NORMAL,Clear,NORMAL,Clear,NORMAL,Clear,
13785236.08,6427431.01,7357805.07,935194.78,-365.03,0.0,0.0,6322.695036483497,0.0,58357.12604647066,324.46738956352965,364768.066181837,4507.314973615146,2024-09-25,56.5,SWARM_ACTIVE,NORMAL,NORMAL,Clear,NORMAL,Clear,NORMAL,Clear,NORMAL,Clear,NORMAL,Clear,NORMAL,Clear,
13970267.1,6402036.38,7568230.72,712706.27,320173.51,0.0,0.0,7561.431351659084,0.0,49069.624403339156,324.46738956352965,336344.1447288663,5316.796139668968,2024-09-26,59.6,SWARM_ACTIVE,NORMAL,NORMAL,Clear,NORMAL,Clear,NORMAL,Clear,NORMAL,Clear,NORMAL,Clear,NORMAL,Clear,
14176188.09,6421590.14,7754597.96,1026412.46,93135.43,0.0,0.0,6942.188729030284,0.0,48720.45159167982,531.4501556807874,329127.49288924487,5452.788136853539,2024-09-27,59.9,SWARM_ACTIVE,NORMAL,NORMAL,Clear,NORMAL,Clear,NORMAL,Clear,NORMAL,Clear,NORMAL,Clear,NORMAL,Clear,
14594452.27,6444638.26,8149814.01,687474.11,240554.39,0.0,0.0,7044.793042104787,0.0,55577.107540424535,587.5674488094866,320454.58742914523,5097.440475182307,2024-09-30,56.1,SWARM_ACTIVE,NORMAL,NORMAL,Clear,NORMAL,Clear,NORMAL,Clear,NORMAL,Clear,NORMAL,Clear,NORMAL,Clear,
14599526.73,6450046.75,8149479.98,-1181.42,573361.43,0.0,0.0,6010.556004482583,0.0,82996.31391264599,732.5097257771287,296144.7813473958,4513.99110384746,2024-10-01,51.5,SWARM_ACTIVE,NORMAL,NORMAL,Clear,NORMAL,Clear,NORMAL,Clear,NORMAL,Clear,NORMAL,Clear,NORMAL,Clear,
14637733.62,6489068.37,8148665.25,-357.85,563999.25,0.0,0.0,5259.869906860285,0.0,91217.26780559277,767.3973563673463,299626.6992970242,4062.527042169995,2024-10-02,62.2,SWARM_ACTIVE,NORMAL,NORMAL,Clear,NORMAL,Clear,NORMAL,Clear,NORMAL,Clear,NORMAL,Clear,NORMAL,Clear,
14704932.53,6556497.51,8148435.03,-403.93,791007.39,0.0,0.0,4413.918763940395,0.0,100336.09087827477,602.6631174670845,305218.48727996653,3845.0876576993683,2024-10-03,62.4,SWARM_ACTIVE,NORMAL,NORMAL,Clear,NORMAL,Clear,NORMAL,Clear,NORMAL,Clear,NORMAL,Clear,NORMAL,Clear,
14770224.51,6622215.34,8148009.17,-13.58,625701.83,0.0,0.0,4385.0106863556775,0.0,100639.74124281389,759.7686102023014,312746.4173996245,2907.32868920029,2024-10-04,61.5,SWARM_ACTIVE,NORMAL,NORMAL,Clear,NORMAL,Clear,NORMAL,Clear,NORMAL,Clear,NORMAL,Clear,NORMAL,Clear,
14762770.88,6615385.64,8147385.24,-13.58,750364.89,0.0,0.0,4385.0106863556775,0.0,100639.74124281389,667.4664393533994,314010.21572873933,2931.516289202144,2024-10-07,56.3,SWARM_ACTIVE,NORMAL,NORMAL,Clear,NORMAL,Clear,NORMAL,Clear,NORMAL,Clear,NORMAL,Clear,NORMAL,Clear,
14739252.79,6528923.73,8210329.07,-13.58,888967.0,0.0,0.0,4385.0106863556775,0.0,100639.74124281389,485.3262774412701,320623.14478996984,3078.5741480024526,2024-10-08,62.3,SWARM_ACTIVE,NORMAL,NORMAL,Clear,NORMAL,Clear,NORMAL,Clear,NORMAL,Clear,NORMAL,Clear,NORMAL,Clear,
14268532.53,6572252.29,7696280.24,-13.58,549890.82,0.0,0.0,4385.0106863556775,0.0,100639.74124281389,630.5353909801009,326520.7271255298,3163.922833948621,2024-10-09,56.1,SWARM_ACTIVE,NORMAL,NORMAL,Clear,NORMAL,Clear,NORMAL,Clear,NORMAL,Clear,NORMAL,Clear,NORMAL,Clear,
14465902.0,6599752.0,7866150.0,-13.58,698475.34,0.0,0.0,4385.0106863556775,0.0,100639.74124281389,631.0636358804503,329826.9477788529,2343.455430376574,2024-10-10,61.7,SWARM_ACTIVE,NORMAL,NORMAL,Clear,NORMAL,Clear,NORMAL,Clear,NORMAL,Clear,NORMAL,Clear,NORMAL,Clear,
14403127.15,6630629.85,7772497.3,-13.58,676604.44,0.0,0.0,4385.0106863556775,0.0,100639.74124281389,639.9314573047321,335911.15303960233,1941.6377194989386,2024-10-11,61.8,SWARM_ACTIVE,NORMAL,NORMAL,Clear,NORMAL,Clear,NORMAL,Clear,NORMAL,Clear,NORMAL,Clear,NORMAL,Clear,
14573438.5,6646731.84,7926706.66,-13.58,923929.82,0.0,0.0,4385.0106863556775,0.0,100639.74124281389,453.37197529485877,332139.1765691892,2358.4224211767832,2024-10-14,62.0,SWARM_ACTIVE,NORMAL,NORMAL,Clear,NORMAL,Clear,NORMAL,Clear,NORMAL,Clear,NORMAL,Clear,NORMAL,Clear,
14184179.59,6473383.75,7710795.84,-56.68,330474.23,0.0,0.0,4268.628068916027,0.0,101955.41943564081,1044.4753149328349,323395.28442717594,1789.1523032689304,2024-10-15,60.3,SWARM_ACTIVE,NORMAL,NORMAL,Clear,NORMAL,Clear,NORMAL,Clear,NORMAL,Clear,NORMAL,Clear,NORMAL,Clear,
14261117.83,6494560.23,7766557.6,-437.51,178548.71,0.0,0.0,3370.4265863875303,0.0,112063.32180002633,855.2117827483002,324855.9682750149,3548.245928293346,2024-10-16,66.1,SWARM_ACTIVE,NORMAL,NORMAL,Clear,NORMAL,Clear,NORMAL,Clear,NORMAL,Clear,NORMAL,Clear,NORMAL,Clear,
14154545.1,6517943.81,7636601.29,82327.66,231688.29,0.0,0.0,3072.692130837525,0.0,113496.21539868753,981.0333137113629,324855.9682750149,2516.8852149062604,2024-10-17,68.5,SWARM_ACTIVE,NORMAL,NORMAL,Clear,NORMAL,Clear,NORMAL,Clear,NORMAL,Clear,NORMAL,Clear,NORMAL,Clear,
14391320.87,6511227.37,7880093.5,28674.58,200553.47,0.0,0.0,3076.407074289075,0.0,114690.65901443406,1059.103450384044,331661.34462834627,1689.9751088651687,2024-10-18,67.6,SWARM_ACTIVE,NORMAL,NORMAL,Clear,NORMAL,Clear,NORMAL,Clear,NORMAL,Clear,NORMAL,Clear,NORMAL,Clear,
14563702.01,6499219.12,8064482.89,883457.37,316667.13,0.0,0.0,3134.6737597497236,0.0,94227.07826996292,1197.2699303225193,321615.93008355977,1128.9718912734484,2024-10-21,66.2,SWARM_ACTIVE,NORMAL,NORMAL,Clear,NORMAL,Clear,NORMAL,Clear,NORMAL,Clear,NORMAL,Clear,NORMAL,Clear,
14533029.44,6509481.53,8023547.9,309091.64,274380.77,0.0,0.0,4927.902573142923,0.0,87064.03816527945,1413.4224136425114,321615.93008355977,0.0,2024-10-22,59.2,SWARM_ACTIVE,NORMAL,NORMAL,Clear,NORMAL,Clear,NORMAL,Clear,NORMAL,Clear,NORMAL,Clear,NORMAL,Clear,
14444372.34,6451450.15,7992922.19,593091.8,-228.34,0.0,0.0,5565.055897759313,0.0,73279.70760934573,1480.049993397363,318564.5030448981,942.2178537815273,2024-10-23,61.4,SWARM_ACTIVE,NORMAL,NORMAL,Clear,NORMAL,Clear,NORMAL,Clear,NORMAL,Clear,NORMAL,Clear,NORMAL,Clear,
14328083.2,6472087.2,7855996.01,403374.18,-101.54,0.0,4087.693049636672,5603.419316422981,0.0,63908.099830903964,1410.9237340874795,324500.52788996184,942.2178537815273,2024-10-24,67.6,SWARM_ACTIVE,NORMAL,NORMAL,Clear,NORMAL,Clear,NORMAL,Clear,NORMAL,Clear,NORMAL,Clear,NORMAL,Clear,
14285318.27,6491486.73,7793831.54,719214.25,-135.15,0.0,2746.502681709565,6808.538629881915,0.0,47179.97973700946,1319.451428139583,332520.12915303797,942.2178537815273,2024-10-25,71.4,SWARM_ACTIVE,NORMAL,NORMAL,Clear,NORMAL,Clear,NORMAL,Clear,NORMAL,Clear,NORMAL,Clear,NORMAL,Clear,
14263912.07,6474820.95,7789091.12,113008.72,234319.88,0.0,2024.485864941565,8191.676108610629,0.0,47791.417630335796,1222.602578818671,341057.8542227552,0.0,2024-10-28,72.7,SWARM_ACTIVE,NORMAL,NORMAL,Clear,NORMAL,Clear,NORMAL,Clear,NORMAL,Clear,NORMAL,Clear,NORMAL,Clear,
14239528.76,6483036.77,7756491.99,561331.0,-46.52,0.0,0.0,8993.92147945048,0.0,34450.14956506058,1351.6171774056988,343819.78302263847,0.0,2024-10-29,69.0,SWARM_ACTIVE,NORMAL,NORMAL,Clear,NORMAL,Clear,NORMAL,Clear,NORMAL,Clear,NORMAL,Clear,NORMAL,Clear,
14177805.07,6451325.24,7726479.82,439221.9,-47.3,0.0,0.0,10132.338781551027,0.0,24028.877397214237,1319.0366664742407,346642.7299422061,0.0,2024-10-30,75.4,SWARM_ACTIVE,NORMAL,NORMAL,Clear,NORMAL,Clear,NORMAL,Clear,NORMAL,Clear,NORMAL,Clear,NORMAL,Clear,
13946560.58,6330550.71,7616009.88,1534402.69,-47.3,0.0,2033.1021552047725,7994.9852419818835,0.0,16045.28654359136,1319.0366664742407,346642.7299422061,0.0,2024-10-31,77.5,SWARM_ACTIVE,NORMAL,NORMAL,Clear,NORMAL,Clear,NORMAL,Clear,NORMAL,Clear,NORMAL,Clear,NORMAL,Clear,
14127662.4,6358399.85,7769262.54,2103748.3,-47.3,0.0,3650.1437694361375,6772.620864627428,0.0,11372.47620285031,1319.0366664742407,346642.7299422061,0.0,2024-11-01,78.3,SWARM_ACTIVE,NORMAL,NORMAL,Clear,NORMAL,Clear,NORMAL,Clear,NORMAL,Clear,NORMAL,Clear,NORMAL,Clear,
14179876.96,6358613.86,7821263.1,1111449.11,-47.3,0.0,2480.761800975638,6022.537908942293,0.0,46540.939781639514,1319.0366664742407,346642.7299422061,0.0,2024-11-04,79.5,SWARM_ACTIVE,DEFENSIVE,NORMAL,Clear,NORMAL,Clear,NORMAL,Clear,NORMAL,Clear,NORMAL,Clear,NORMAL,Clear,
14392628.08,6416643.95,7975984.13,692973.47,-177.76,0.0,0.0,6220.323783141305,0.0,61972.05917747322,1200.1643192904487,356910.8567518644,0.0,2024-11-05,84.8,SWARM_ACTIVE,DEFENSIVE,NORMAL,Clear,NORMAL,Clear,NORMAL,Clear,NORMAL,Clear,NORMAL,Clear,NORMAL,Clear,
14431606.38,6598947.38,7832659.01,629324.45,-288.38,0.0,0.0,6188.233735984569,0.0,63746.77706135142,1006.5155235079051,373944.07156465645,0.0,2024-11-06,82.9,SWARM_ACTIVE,NORMAL,NORMAL,Clear,NORMAL,Clear,NORMAL,Clear,NORMAL,Clear,NORMAL,Clear,NORMAL,Clear,
14460922.07,6634629.88,7826292.19,130394.95,-257.22,0.0,0.0,6053.614513145501,0.0,76434.8450645873,882.8070317151296,370111.17337384314,1006.8717627110121,2024-11-07,57.9,SWARM_ACTIVE,NORMAL,NORMAL,Clear,NORMAL,Clear,NORMAL,Clear,NORMAL,Clear,NORMAL,Clear,NORMAL,Clear,
14448098.37,6660340.57,7787757.8,-130.39,357233.79,0.0,0.0,6308.929387552675,0.0,76434.8450645873,801.9660409819214,354817.1151666653,1092.0715969025996,2024-11-08,58.9,SWARM_ACTIVE,DEFENSIVE,NORMAL,Clear,NORMAL,Clear,NORMAL,Clear,NORMAL,Clear,NORMAL,Clear,NORMAL,Clear,
14265352.44,6677767.79,7587584.65,-123.88,283148.29,0.0,0.0,6065.7318014717985,0.0,79173.30981130176,676.8507070392704,388683.5024734762,0.0,2024-11-11,80.1,SWARM_ACTIVE,DEFENSIVE,NORMAL,Clear,NORMAL,Clear,NORMAL,Clear,NORMAL,Clear,NORMAL,Clear,NORMAL,Clear,
14024626.45,6652921.35,7371705.1,89058.13,-438.06,0.0,0.0,5665.598371386576,0.0,81714.99233083053,573.2996020216236,416711.02166983363,0.0,2024-11-12,81.0,SWARM_ACTIVE,DEFENSIVE,NORMAL,Clear,NORMAL,Clear,NORMAL,Clear,NORMAL,Clear,NORMAL,Clear,NORMAL,Clear,
14057481.99,6677510.81,7379971.17,294710.72,125093.27,0.0,609.069757904707,3852.6573720717206,0.0,95523.06452908347,536.5566110213358,412200.2835448568,0.0,2024-11-13,81.4,SWARM_ACTIVE,DEFENSIVE,NORMAL,Clear,NORMAL,Clear,NORMAL,Clear,NORMAL,Clear,NORMAL,Clear,NORMAL,Clear,
13899265.18,6679047.6,7220217.57,228517.29,-125.09,0.0,2453.1556801582,3762.182629065409,0.0,92027.67680594177,620.27243477829,412200.2835448568,0.0,2024-11-14,80.8,SWARM_ACTIVE,DEFENSIVE,NORMAL,Clear,NORMAL,Clear,NORMAL,Clear,NORMAL,Clear,NORMAL,Clear,NORMAL,Clear,
13830781.01,6615373.0,7215408.02,378349.98,3754.04,0.0,0.0,4930.610015162587,0.0,83682.61775503299,500.76662135433594,423502.1684391662,0.0,2024-11-15,81.1,SWARM_ACTIVE,DEFENSIVE,NORMAL,Clear,NORMAL,Clear,NORMAL,Clear,NORMAL,Clear,NORMAL,Clear,NORMAL,Clear,
13933896.46,6681558.38,7252338.09,152623.69,-3.75,0.0,0.0,5485.140139374378,0.0,82596.31715840372,503.3027801428761,423502.1684391662,0.0,2024-11-18,81.7,SWARM_ACTIVE,DEFENSIVE,NORMAL,Clear,NORMAL,Clear,NORMAL,Clear,NORMAL,Clear,NORMAL,Clear,NORMAL,Clear,
14127081.75,6675801.27,7451280.48,-152.62,148351.43,0.0,0.0,5790.318506171819,0.0,82596.31715840372,368.80663377816484,426548.66101694136,0.0,2024-11-19,82.8,SWARM_ACTIVE,DEFENSIVE,NORMAL,Clear,NORMAL,Clear,NORMAL,Clear,NORMAL,Clear,NORMAL,Clear,NORMAL,Clear,
14088978.89,6712026.48,7376952.41,-216.11,258783.63,0.0,0.0,5357.20458348475,0.0,87271.5157040452,256.85650414057704,429964.24106484756,0.0,2024-11-20,80.0,SWARM_ACTIVE,DEFENSIVE,NORMAL,Clear,NORMAL,Clear,NORMAL,Clear,NORMAL,Clear,NORMAL,Clear,NORMAL,Clear,
14185370.0,6753887.9,7431482.1,-390.04,394693.51,0.0,0.0,4578.436984308877,0.0,95641.58822320134,229.29470036106545,423915.04669143766,0.0,2024-11-21,79.2,SWARM_ACTIVE,DEFENSIVE,NORMAL,Clear,NORMAL,Clear,NORMAL,Clear,NORMAL,Clear,NORMAL,Clear,NORMAL,Clear,
14021050.03,6763674.37,7257375.66,-180.29,94458.85,0.0,0.0,4218.456090901704,0.0,99504.62297182808,317.75727070065915,435157.11438543344,0.0,2024-11-22,80.4,SWARM_ACTIVE,DEFENSIVE,NORMAL,Clear,NORMAL,Clear,NORMAL,Clear,NORMAL,Clear,NORMAL,Clear,NORMAL,Clear,
13839903.31,6674998.09,7164905.22,188002.47,81315.6,0.0,0.0,4218.456090901704,0.0,95387.24005930845,304.423853651095,437265.29466748313,0.0,2024-11-25,82.0,SWARM_ACTIVE,DEFENSIVE,NORMAL,Clear,NORMAL,Clear,NORMAL,Clear,NORMAL,Clear,NORMAL,Clear,NORMAL,Clear,
13843850.02,6680258.02,7163592.0,-158.5,200322.68,0.0,0.0,4276.71893827168,0.0,98856.3561697064,211.88176487344714,438149.23280549946,0.0,2024-11-26,83.6,SWARM_ACTIVE,DEFENSIVE,NORMAL,Clear,NORMAL,Clear,NORMAL,Clear,NORMAL,Clear,NORMAL,Clear,NORMAL,Clear,
13883754.87,6658290.67,7225464.2,59324.11,80585.47,0.0,0.0,4276.71893827168,0.0,97551.74739941051,323.63042496669163,435434.2079024623,0.0,2024-11-27,83.4,SWARM_ACTIVE,DEFENSIVE,NORMAL,Clear,NORMAL,Clear,NORMAL,Clear,NORMAL,Clear,NORMAL,Clear,NORMAL,Clear,
13819286.32,6658231.13,7161055.19,688083.46,307444.49,0.0,0.0,4394.908389519485,0.0,82458.98065790471,281.90999320158164,424442.71569628676,0.0,2024-11-28,85.1,SWARM_ACTIVE,DEFENSIVE,NORMAL,Clear,NORMAL,Clear,NORMAL,Clear,NORMAL,Clear,NORMAL,Clear,NORMAL,Clear,
13926561.4,6693088.16,7233473.24,53272.94,142323.37,0.0,0.0,5753.813555403088,0.0,81280.55394662505,329.34071197377506,430710.4971842749,0.0,2024-11-29,85.1,SWARM_ACTIVE,DEFENSIVE,NORMAL,Clear,NORMAL,Clear,NORMAL,Clear,NORMAL,Clear,NORMAL,Clear,NORMAL,Clear,
13858777.84,6684678.35,7174099.49,27223.21,-85.57,0.0,0.0,5820.017690354437,0.0,81106.81115574951,368.50007065520657,436332.9209741607,0.0,2024-12-02,83.9,SWARM_ACTIVE,DEFENSIVE,NORMAL,Clear,NORMAL,Clear,NORMAL,Clear,NORMAL,Clear,NORMAL,Clear,NORMAL,Clear,
13889285.99,6693381.82,7195904.17,-90.6,55328.89,0.0,0.0,5696.449662741539,0.0,83104.81445289844,261.2794875965402,442866.63438704464,0.0,2024-12-03,83.3,SWARM_ACTIVE,DEFENSIVE,NORMAL,Clear,NORMAL,Clear,NORMAL,Clear,NORMAL,Clear,NORMAL,Clear,NORMAL,Clear,
13914749.3,6638472.25,7276277.06,94121.36,87202.4,0.0,0.0,5696.449662741539,0.0,80973.75303499117,299.61767021562315,437214.5414202434,0.0,2024-12-04,83.8,SWARM_ACTIVE,DEFENSIVE,NORMAL,Clear,NORMAL,Clear,NORMAL,Clear,NORMAL,Clear,NORMAL,Clear,NORMAL,Clear,
13780890.83,6644158.5,7136732.32,183842.22,-87.2,0.0,0.0,5734.457665429394,0.0,78507.82274852603,360.40137158142215,437214.5414202434,0.0,2024-12-05,80.7,SWARM_ACTIVE,DEFENSIVE,NORMAL,Clear,NORMAL,Clear,NORMAL,Clear,NORMAL,Clear,NORMAL,Clear,NORMAL,Clear,
13841364.18,6611491.35,7229872.83,983815.73,523818.29,0.0,0.0,6085.985839732644,0.0,55953.998712892615,254.12651198381496,413041.8251345635,0.0,2024-12-06,82.7,SWARM_ACTIVE,NORMAL,NORMAL,Clear,NORMAL,Clear,NORMAL,Clear,NORMAL,Clear,NORMAL,Clear,NORMAL,Clear,
13887081.2,6581508.84,7305572.36,-983.82,549796.86,0.0,0.0,7981.9230179016095,0.0,55953.998712892615,199.44738674348162,416437.391887081,0.0,2024-12-09,81.6,SWARM_ACTIVE,DEFENSIVE,NORMAL,Clear,NORMAL,Clear,NORMAL,Clear,NORMAL,Clear,NORMAL,Clear,NORMAL,Clear,
13933783.96,6549765.23,7384018.74,-351.58,313594.92,0.0,0.0,7299.48819114161,0.0,64072.96618042241,359.366980821324,416509.7069691865,0.0,2024-12-10,82.2,SWARM_ACTIVE,DEFENSIVE,NORMAL,Clear,NORMAL,Clear,NORMAL,Clear,NORMAL,Clear,NORMAL,Clear,NORMAL,Clear,
14025728.53,6621252.6,7404475.93,-44.85,162351.56,0.0,0.0,7213.535082734697,0.0,65106.937864428335,366.06648436048215,425473.26146766456,0.0,2024-12-11,85.4,SWARM_ACTIVE,DEFENSIVE,NORMAL,Clear,NORMAL,Clear,NORMAL,Clear,NORMAL,Clear,NORMAL,Clear,NORMAL,Clear,
14038609.12,6573850.97,7464758.16,-44.85,197970.4,0.0,0.0,7213.535082734697,0.0,65106.937864428335,325.38298704626976,427033.2421402374,0.0,2024-12-12,82.8,SWARM_ACTIVE,DEFENSIVE,NORMAL,Clear,NORMAL,Clear,NORMAL,Clear,NORMAL,Clear,NORMAL,Clear,NORMAL,Clear,
13759046.38,6588670.83,7170375.55,18642.27,-257.72,0.0,0.0,6932.44706105402,0.0,68124.29403754885,227.89048314451537,432328.49118906574,992.8199264955913,2024-12-13,84.1,SWARM_ACTIVE,DEFENSIVE,NORMAL,Clear,NORMAL,Clear,NORMAL,Clear,NORMAL,Clear,NORMAL,Clear,NORMAL,Clear,
13655747.1,6576938.7,7078808.4,136384.19,-38.07,0.0,0.0,6967.31899722224,0.0,64863.14765225209,201.43052392036358,434864.30286815367,992.8199264955913,2024-12-16,83.6,SWARM_ACTIVE,DEFENSIVE,NORMAL,Clear,NORMAL,Clear,NORMAL,Clear,NORMAL,Clear,NORMAL,Clear,NORMAL,Clear,
13673676.48,6540151.49,7133524.99,95262.78,263947.97,0.0,0.0,6915.599524438409,0.0,66512.76162364327,201.43052392036358,434864.30286815367,0.0,2024-12-17,82.9,SWARM_ACTIVE,DEFENSIVE,NORMAL,Clear,NORMAL,Clear,NORMAL,Clear,NORMAL,Clear,NORMAL,Clear,NORMAL,Clear,
13478421.85,6325566.24,7152855.61,52914.91,100551.74,0.0,0.0,6135.6341979368135,0.0,77464.29350205539,378.33024515861393,428203.3061144602,0.0,2024-12-18,83.6,SWARM_ACTIVE,DEFENSIVE,NORMAL,Clear,NORMAL,Clear,NORMAL,Clear,NORMAL,Clear,NORMAL,Clear,NORMAL,Clear,
13357505.04,6283573.21,7073931.83,1322569.19,2612918.24,0.0,0.0,4710.6531659159145,0.0,63879.00256139015,446.61098620320735,253642.68074581493,0.0,2024-12-19,83.8,SWARM_ACTIVE,DEFENSIVE,NORMAL,Clear,NORMAL,Clear,NORMAL,Clear,NORMAL,Clear,NORMAL,Clear,NORMAL,Clear,
13323028.88,6328445.68,6994583.2,1450448.86,1209281.14,0.0,0.0,4785.4517762898895,0.0,59751.78508169563,573.2976835302861,336436.6327268544,0.0,2024-12-20,84.4,SWARM_ACTIVE,DEFENSIVE,NORMAL,Clear,NORMAL,Clear,NORMAL,Clear,NORMAL,Clear,NORMAL,Clear,NORMAL,Clear,
13523307.4,6366427.17,7156880.23,1217326.16,742144.82,0.0,0.0,5241.499572091578,0.0,59644.1875431626,580.0124909684093,366547.8736422148,0.0,2024-12-23,84.7,SWARM_ACTIVE,DEFENSIVE,NORMAL,Clear,NORMAL,Clear,NORMAL,Clear,NORMAL,Clear,NORMAL,Clear,NORMAL,Clear,
13630003.51,6423650.04,7206353.47,1036877.87,406731.5,0.0,0.0,5325.871738834458,0.0,62959.76226562207,561.3881391305114,390270.79923720466,0.0,2024-12-24,81.8,SWARM_ACTIVE,DEFENSIVE,NORMAL,Clear,NORMAL,Clear,NORMAL,Clear,NORMAL,Clear,NORMAL,Clear,NORMAL,Clear,
13582669.88,6423469.77,7159200.11,716075.73,319396.29,0.0,0.0,5205.489636681217,0.0,72332.43327460853,466.73900949768426,405199.5028164776,0.0,2024-12-25,84.6,SWARM_ACTIVE,DEFENSIVE,NORMAL,Clear,NORMAL,Clear,NORMAL,Clear,NORMAL,Clear,NORMAL,Clear,NORMAL,Clear,
13616178.29,6418707.79,7197470.5,616442.7,133814.62,0.0,0.0,5274.001934259612,0.0,73882.65813502479,467.41027625841804,417269.99909586535,0.0,2024-12-26,84.6,SWARM_ACTIVE,DEFENSIVE,NORMAL,Clear,NORMAL,Clear,NORMAL,Clear,NORMAL,Clear,NORMAL,Clear,NORMAL,Clear,
13448527.39,6381309.09,7067218.3,558982.52,-156.95,0.0,0.0,5531.335135987942,0.0,72011.78831398413,451.7017381038603,427758.2655196169,0.0,2024-12-27,84.8,SWARM_ACTIVE,DEFENSIVE,NORMAL,Clear,NORMAL,Clear,NORMAL,Clear,NORMAL,Clear,NORMAL,Clear,NORMAL,Clear,
13508221.41,6342501.64,7165719.77,394985.94,-9.18,0.0,0.0,5395.309487845725,0.0,77719.04268071309,445.3444322710403,428362.41021478106,0.0,2024-12-30,85.1,SWARM_ACTIVE,DEFENSIVE,NORMAL,Clear,NORMAL,Clear,NORMAL,Clear,NORMAL,Clear,NORMAL,Clear,NORMAL,Clear,
13349730.69,6360426.05,6989304.64,561636.49,-9.18,0.0,0.0,5416.398461042298,0.0,73434.73628333045,445.3444322710403,428362.41021478106,0.0,2024-12-31,83.3,SWARM_ACTIVE,DEFENSIVE,NORMAL,Clear,NORMAL,Clear,NORMAL,Clear,NORMAL,Clear,NORMAL,Clear,NORMAL,Clear,
13389362.33,6390379.69,6998982.64,418717.41,-9.18,0.0,0.0,5278.49414130388,0.0,78506.21274004235,445.3444322710403,428362.41021478106,0.0,2025-01-02,83.9,SWARM_ACTIVE,DEFENSIVE,NORMAL,Clear,NORMAL,Clear,NORMAL,Clear,NORMAL,Clear,NORMAL,Clear,NORMAL,Clear,
13621514.95,6464716.85,7156798.1,347900.44,-9.18,0.0,0.0,5590.499700604534,0.0,76369.75460752561,445.3444322710403,428362.41021478106,0.0,2025-01-03,83.7,SWARM_ACTIVE,DEFENSIVE,NORMAL,Clear,NORMAL,Clear,NORMAL,Clear,NORMAL,Clear,NORMAL,Clear,NORMAL,Clear,
13591086.46,6482836.81,7108249.65,311252.24,-9.18,0.0,2106.3780383391095,4972.642796257891,0.0,77408.32315861607,445.3444322710403,428362.41021478106,0.0,2025-01-06,81.2,SWARM_ACTIVE,DEFENSIVE,NORMAL,Clear,NORMAL,Clear,NORMAL,Clear,NORMAL,Clear,NORMAL,Clear,NORMAL,Clear,
13779258.19,6448868.07,7330390.12,255215.74,-9.18,0.0,0.0,5115.453812992372,0.0,83925.45143852182,445.3444322710403,428362.41021478106,0.0,2025-01-07,80.5,SWARM_ACTIVE,DEFENSIVE,NORMAL,Clear,NORMAL,Clear,NORMAL,Clear,NORMAL,Clear,NORMAL,Clear,NORMAL,Clear,
13712487.75,6452335.0,7260152.75,332903.43,-9.18,0.0,0.0,5014.0726083456475,0.0,83319.93491547112,445.3444322710403,428362.41021478106,0.0,2025-01-08,83.3,SWARM_ACTIVE,DEFENSIVE,NORMAL,Clear,NORMAL,Clear,NORMAL,Clear,NORMAL,Clear,NORMAL,Clear,NORMAL,Clear,
13742382.07,6452257.24,7290124.83,15477.94,9313.49,0.0,0.0,4427.538364042374,0.0,97810.95344399818,445.3444322710403,427763.08899887424,0.0,2025-01-09,82.7,SWARM_ACTIVE,DEFENSIVE,NORMAL,Clear,NORMAL,Clear,NORMAL,Clear,NORMAL,Clear,NORMAL,Clear,NORMAL,Clear,
13815690.52,6432782.12,7382908.4,-156.46,319353.56,0.0,0.0,4147.885702203765,0.0,101469.38062373771,325.54100804009727,418618.1244192592,0.0,2025-01-10,82.7,SWARM_ACTIVE,NORMAL,NORMAL,Clear,NORMAL,Clear,NORMAL,Clear,NORMAL,Clear,NORMAL,Clear,NORMAL,Clear,
14004536.99,6517074.05,7487462.93,-48.27,266646.47,0.0,0.0,4051.517630150526,0.0,102574.78483397435,297.5474425110731,424325.9519195411,0.0,2025-01-13,80.4,SWARM_ACTIVE,DEFENSIVE,NORMAL,Clear,NORMAL,Clear,NORMAL,Clear,NORMAL,Clear,NORMAL,Clear,NORMAL,Clear,
14062848.78,6563182.93,7499665.85,163728.42,289114.56,0.0,0.0,4051.517630150526,0.0,98860.32270443122,307.84278955893853,422012.04632052506,0.0,2025-01-14,80.9,SWARM_ACTIVE,DEFENSIVE,NORMAL,Clear,NORMAL,Clear,NORMAL,Clear,NORMAL,Clear,NORMAL,Clear,NORMAL,Clear,
13913644.16,6674433.59,7239210.57,325243.81,40857.36,0.0,0.0,4369.99796314185,0.0,91587.69591792689,332.66594449670134,435799.1970757862,0.0,2025-01-15,81.9,SWARM_ACTIVE,DEFENSIVE,NORMAL,Clear,NORMAL,Clear,NORMAL,Clear,NORMAL,Clear,NORMAL,Clear,NORMAL,Clear,
14085108.0,6687894.89,7397213.11,24672.3,78575.48,0.0,0.0,4719.526174620669,0.0,94288.46786284994,361.9594891000059,430823.3699584652,0.0,2025-01-16,81.2,SWARM_ACTIVE,DEFENSIVE,NORMAL,Clear,NORMAL,Clear,NORMAL,Clear,NORMAL,Clear,NORMAL,Clear,NORMAL,Clear,
14203260.09,6761106.72,7442153.37,-204.68,192928.11,0.0,0.0,4372.422004300398,0.0,98790.66158204227,305.62847728276427,428596.0224124257,0.0,2025-01-17,82.7,SWARM_ACTIVE,NORMAL,NORMAL,Clear,NORMAL,Clear,NORMAL,Clear,NORMAL,Clear,NORMAL,Clear,NORMAL,Clear,
14217053.99,6760721.86,7456332.12,-108.25,283645.1,0.0,0.0,4163.296869700717,0.0,101171.69125615127,229.40171051681546,429698.3912792343,0.0,2025-01-20,79.3,SWARM_ACTIVE,NORMAL,NORMAL,Clear,NORMAL,Clear,NORMAL,Clear,NORMAL,Clear,NORMAL,Clear,NORMAL,Clear,
14187607.85,6749684.07,7437923.77,-108.25,579970.44,0.0,0.0,4163.296869700717,0.0,101171.69125615127,-2.842170943040401e-14,431466.2060900584,0.0,2025-01-21,75.8,SWARM_ACTIVE,NORMAL,NORMAL,Clear,NORMAL,Clear,NORMAL,Clear,NORMAL,Clear,NORMAL,Clear,NORMAL,Clear,
14110732.68,6694261.97,7416470.71,-108.25,642673.51,0.0,0.0,4163.296869700717,0.0,101171.69125615127,-2.842170943040401e-14,427504.91927902855,0.0,2025-01-22,76.6,SWARM_ACTIVE,NORMAL,NORMAL,Clear,NORMAL,Clear,NORMAL,Clear,NORMAL,Clear,NORMAL,Clear,NORMAL,Clear,
14002107.9,6719502.77,7282605.14,137063.42,638804.57,0.0,0.0,4163.296869700717,0.0,98093.69993919402,-2.842170943040401e-14,427753.7680519855,0.0,2025-01-23,75.8,SWARM_ACTIVE,NORMAL,NORMAL,Clear,NORMAL,Clear,NORMAL,Clear,NORMAL,Clear,NORMAL,Clear,NORMAL,Clear,
14005829.8,6664655.6,7341174.2,-137.06,667658.48,0.0,0.0,4423.4002219386175,0.0,98093.69993919402,-2.842170943040401e-14,425910.43184935814,0.0,2025-01-24,73.3,SWARM_ACTIVE,NORMAL,NORMAL,Clear,NORMAL,Clear,NORMAL,Clear,NORMAL,Clear,NORMAL,Clear,NORMAL,Clear,
13984357.03,6551566.17,7432790.86,-137.06,764921.08,0.0,0.0,4423.4002219386175,0.0,98093.69993919402,-2.842170943040401e-14,399474.86348035163,1282.306773838403,2025-01-27,68.9,SWARM_ACTIVE,DEFENSIVE,NORMAL,Clear,NORMAL,Clear,NORMAL,Clear,NORMAL,Clear,NORMAL,Clear,NORMAL,Clear,
13976246.14,6544197.07,7432049.07,-137.06,752283.79,0.0,0.0,4423.4002219386175,0.0,98093.69993919402,-2.842170943040401e-14,420494.714388052,0.0,2025-01-28,81.9,SWARM_ACTIVE,NORMAL,NORMAL,Clear,NORMAL,Clear,NORMAL,Clear,NORMAL,Clear,NORMAL,Clear,NORMAL,Clear,
13980769.93,6549376.64,7431393.29,421286.98,1064406.69,0.0,0.0,4423.4002219386175,0.0,88373.82320129036,-2.842170943040401e-14,400824.8157178764,0.0,2025-01-29,68.7,SWARM_ACTIVE,NORMAL,NORMAL,Clear,NORMAL,Clear,NORMAL,Clear,NORMAL,Clear,NORMAL,Clear,NORMAL,Clear,
14009474.68,6578393.83,7431080.86,-421.29,1155590.69,0.0,0.0,5232.928209489937,0.0,88373.82320129036,-2.842170943040401e-14,395078.4255691103,0.0,2025-01-30,68.7,SWARM_ACTIVE,NORMAL,NORMAL,Clear,NORMAL,Clear,NORMAL,Clear,NORMAL,Clear,NORMAL,Clear,NORMAL,Clear,
13897253.05,6466263.47,7430989.58,-421.29,1121971.17,0.0,0.0,5232.928209489937,0.0,88373.82320129036,203.7233027406446,379413.66471965186,0.0,2025-01-31,68.7,SWARM_ACTIVE,NORMAL,NORMAL,Clear,NORMAL,Clear,NORMAL,Clear,NORMAL,Clear,NORMAL,Clear,NORMAL,Clear,
13898477.0,6468018.14,7430458.86,-421.29,1058111.33,0.0,0.0,5232.928209489937,0.0,88373.82320129036,194.6684213894968,384217.3182649596,0.0,2025-02-03,68.7,SWARM_ACTIVE,NORMAL,NORMAL,Clear,NORMAL,Clear,NORMAL,Clear,NORMAL,Clear,NORMAL,Clear,NORMAL,Clear,
14010604.91,6580234.88,7430370.03,515012.93,1080160.32,0.0,0.0,5232.928209489937,0.0,76530.55265219294,259.120635575817,377201.62172414403,0.0,2025-02-04,68.7,SWARM_ACTIVE,NORMAL,NORMAL,Clear,NORMAL,Clear,NORMAL,Clear,NORMAL,Clear,NORMAL,Clear,NORMAL,Clear,
14106376.09,6599146.21,7507229.88,209656.98,1111535.38,0.0,0.0,6215.41820167145,0.0,71711.54343387263,255.64952668998927,375543.67731840897,0.0,2025-02-05,68.7,SWARM_ACTIVE,NORMAL,NORMAL,Clear,NORMAL,Clear,NORMAL,Clear,NORMAL,Clear,NORMAL,Clear,NORMAL,Clear,
14008487.67,6557829.94,7450657.73,14107.52,922412.71,0.0,0.0,6613.303928450475,0.0,71377.11383676957,231.45856384938392,389449.17291191994,0.0,2025-02-06,73.3,SWARM_ACTIVE,NORMAL,NORMAL,Clear,NORMAL,Clear,NORMAL,Clear,NORMAL,Clear,NORMAL,Clear,NORMAL,Clear,
14086961.1,6513306.14,7573654.95,361849.23,894196.07,0.0,0.0,6640.419110121739,0.0,62923.52879221892,355.45769979636776,380602.6042591699,0.0,2025-02-07,71.7,SWARM_ACTIVE,NORMAL,NORMAL,Clear,NORMAL,Clear,NORMAL,Clear,NORMAL,Clear,NORMAL,Clear,NORMAL,Clear,
14278984.41,6614119.71,7664864.71,-361.85,1012863.26,0.0,0.0,7327.588459118825,0.0,62923.52879221892,360.82790447054606,372953.3299870501,0.0,2025-02-10,67.9,SWARM_ACTIVE,NORMAL,NORMAL,Clear,NORMAL,Clear,NORMAL,Clear,NORMAL,Clear,NORMAL,Clear,NORMAL,Clear,
14436385.26,6626796.07,7809589.19,-361.85,971813.99,0.0,0.0,7327.588459118825,0.0,62923.52879221892,270.85097109131755,363301.15227968,1327.9235003227757,2025-02-11,69.7,SWARM_ACTIVE,NORMAL,NORMAL,Clear,NORMAL,Clear,NORMAL,Clear,NORMAL,Clear,NORMAL,Clear,NORMAL,Clear,
14275521.57,6562077.31,7713444.26,-361.85,734368.87,0.0,0.0,7327.588459118825,0.0,62923.52879221892,355.7544838413815,390369.6550980005,0.0,2025-02-12,76.0,SWARM_ACTIVE,NORMAL,NORMAL,Clear,NORMAL,Clear,NORMAL,Clear,NORMAL,Clear,NORMAL,Clear,NORMAL,Clear,
14369451.51,6637884.49,7731567.03,-77.72,482251.55,0.0,0.0,7180.993237222708,0.0,64714.189943740035,562.1715796260669,387975.3622618047,0.0,2025-02-13,71.1,SWARM_ACTIVE,NORMAL,NORMAL,Clear,NORMAL,Clear,NORMAL,Clear,NORMAL,Clear,NORMAL,Clear,NORMAL,Clear,
14458621.65,6665076.42,7793545.23,64683.32,795564.84,0.0,0.0,7180.993237222708,0.0,63226.65370481727,454.4840713674984,359781.46833417064,1184.7598662904568,2025-02-14,64.0,SWARM_ACTIVE,NORMAL,NORMAL,Clear,NORMAL,Clear,NORMAL,Clear,NORMAL,Clear,NORMAL,Clear,NORMAL,Clear,
14223528.95,6665011.59,7558517.36,321542.64,1026544.03,0.0,0.0,7301.798520427948,0.0,55839.457023179864,431.8159303000264,366751.9715915935,0.0,2025-02-17,64.0,SWARM_ACTIVE,NORMAL,NORMAL,Clear,NORMAL,Clear,NORMAL,Clear,NORMAL,Clear,NORMAL,Clear,NORMAL,Clear,
14233903.07,6706719.09,7527183.98,97712.18,778368.95,0.0,0.0,7900.966788563813,0.0,53617.99641986632,519.3523788336212,374441.545996589,0.0,2025-02-18,67.0,SWARM_ACTIVE,NORMAL,NORMAL,Clear,NORMAL,Clear,NORMAL,Clear,NORMAL,Clear,NORMAL,Clear,NORMAL,Clear,
14239132.64,6726157.44,7512975.19,-97.71,567900.28,0.0,0.0,8082.994754361758,0.0,53617.99641986632,767.107689281338,365295.9260099592,0.0,2025-02-19,64.8,SWARM_ACTIVE,NORMAL,NORMAL,Clear,NORMAL,Clear,NORMAL,Clear,NORMAL,Clear,NORMAL,Clear,NORMAL,Clear,
14261488.1,6729434.81,7532053.29,-97.71,626168.51,0.0,0.0,8082.994754361758,0.0,53617.99641986632,840.1209890478659,355201.44131842564,0.0,2025-02-20,56.8,SWARM_ACTIVE,NORMAL,NORMAL,Clear,NORMAL,Clear,NORMAL,Clear,NORMAL,Clear,NORMAL,Clear,NORMAL,Clear,
14046140.89,6589695.21,7456445.69,-432.46,711092.88,0.0,0.0,7255.763510792218,0.0,63447.72023555844,920.6227601071876,342522.70017293404,0.0,2025-02-21,60.8,SWARM_ACTIVE,NORMAL,NORMAL,Clear,NORMAL,Clear,NORMAL,Clear,NORMAL,Clear,NORMAL,Clear,NORMAL,Clear,
13955776.42,6544612.52,7411163.9,-82.9,612886.18,0.0,0.0,7094.49559760396,0.0,65331.578246657504,903.104147970744,350346.2939901477,0.0,2025-02-24,63.2,SWARM_ACTIVE,NORMAL,NORMAL,Clear,NORMAL,Clear,NORMAL,Clear,NORMAL,Clear,NORMAL,Clear,NORMAL,Clear,
13743186.48,6456802.86,7286383.61,-599.03,570650.78,0.0,0.0,5920.272322024024,0.0,79143.20503448827,976.6147610765568,346394.1003137671,0.0,2025-02-25,63.4,SWARM_ACTIVE,NORMAL,NORMAL,Clear,NORMAL,Clear,NORMAL,Clear,NORMAL,Clear,NORMAL,Clear,NORMAL,Clear,
13762361.89,6443378.68,7318983.21,208657.02,-421.39,0.0,0.0,5052.279043660292,0.0,84579.69295261896,934.6759098617088,359805.6576291971,1606.0183822489419,2025-02-26,71.0,SWARM_ACTIVE,NORMAL,NORMAL,Clear,NORMAL,Clear,NORMAL,Clear,NORMAL,Clear,NORMAL,Clear,NORMAL,Clear,
13695288.03,6390510.26,7304777.78,241615.36,-36.47,0.0,0.0,5266.566350023207,0.0,81353.77493876107,908.8954874870448,362173.3230486526,1606.0183822489419,2025-02-27,71.5,SWARM_ACTIVE,DEFENSIVE,NORMAL,Clear,NORMAL,Clear,NORMAL,Clear,NORMAL,Clear,NORMAL,Clear,NORMAL,Clear,
13653791.43,6486373.09,7167418.34,688170.71,101082.25,0.0,0.0,4981.631207793492,0.0,74473.41645809163,908.8954874870448,362173.3230486526,1213.935496083341,2025-02-28,87.9,SWARM_ACTIVE,DEFENSIVE,NORMAL,Clear,NORMAL,Clear,NORMAL,Clear,NORMAL,Clear,NORMAL,Clear,NORMAL,Clear,
13585144.12,6316224.36,7268919.76,828747.81,323907.93,0.0,0.0,4421.023613818024,0.0,77680.07806681532,979.3878516491997,362173.3230486526,0.0,2025-03-03,84.8,SWARM_ACTIVE,DEFENSIVE,NORMAL,Clear,NORMAL,Clear,NORMAL,Clear,NORMAL,Clear,NORMAL,Clear,NORMAL,Clear,
13632517.32,6277265.88,7355251.44,792171.8,-154.81,0.0,0.0,4816.040835397533,0.0,73912.43572069488,1098.5485588704141,372109.4482226958,0.0,2025-03-04,87.6,SWARM_ACTIVE,DEFENSIVE,NORMAL,Clear,NORMAL,Clear,NORMAL,Clear,NORMAL,Clear,NORMAL,Clear,NORMAL,Clear,
13642531.81,6262449.98,7380081.83,840634.4,-7.29,0.0,0.0,4989.301980272848,0.0,70651.26647691494,1093.2766110219259,372575.1518175577,0.0,2025-03-05,87.3,SWARM_ACTIVE,DEFENSIVE,NORMAL,Clear,NORMAL,Clear,NORMAL,Clear,NORMAL,Clear,NORMAL,Clear,NORMAL,Clear,
13730064.82,6202561.58,7527503.24,837137.0,-7.29,0.0,0.0,5281.399127322455,0.0,67317.22395380425,1093.2766110219259,372575.1518175577,0.0,2025-03-06,85.8,SWARM_ACTIVE,DEFENSIVE,NORMAL,Clear,NORMAL,Clear,NORMAL,Clear,NORMAL,Clear,NORMAL,Clear,NORMAL,Clear,
13859736.04,6269024.29,7590711.75,832150.82,-7.29,0.0,0.0,4840.901069092078,0.0,72520.04905190504,1093.2766110219259,372575.1518175577,0.0,2025-03-07,87.8,SWARM_ACTIVE,DEFENSIVE,NORMAL,Clear,NORMAL,Clear,NORMAL,Clear,NORMAL,Clear,NORMAL,Clear,NORMAL,Clear,
13872478.53,6199594.5,7672884.03,1286534.52,-173.03,0.0,0.0,4601.4345342846955,0.0,64490.140114590715,975.3264748054983,383200.58830568835,0.0,2025-03-10,86.9,SWARM_ACTIVE,NORMAL,NORMAL,Clear,NORMAL,Clear,NORMAL,Clear,NORMAL,Clear,NORMAL,Clear,NORMAL,Clear,
13805192.9,6172123.86,7633069.04,1070438.94,-173.03,0.0,0.0,5029.81869143723,0.0,64841.93580207061,975.3264748054983,383200.58830568835,0.0,2025-03-11,75.1,SWARM_ACTIVE,DEFENSIVE,NORMAL,Clear,NORMAL,Clear,NORMAL,Clear,NORMAL,Clear,NORMAL,Clear,NORMAL,Clear,
13917119.99,6211080.75,7706039.24,1055971.95,-173.03,0.0,0.0,5152.504901720278,0.0,63809.443991721775,975.3264748054983,383200.58830568835,0.0,2025-03-12,86.9,SWARM_ACTIVE,DEFENSIVE,NORMAL,Clear,NORMAL,Clear,NORMAL,Clear,NORMAL,Clear,NORMAL,Clear,NORMAL,Clear,
13951180.61,6148469.6,7802711.0,1268046.77,-173.03,0.0,0.0,5565.870478829753,0.0,54201.0678735,975.3264748054983,383200.58830568835,0.0,2025-03-13,85.6,SWARM_ACTIVE,NORMAL,NORMAL,Clear,NORMAL,Clear,NORMAL,Clear,NORMAL,Clear,NORMAL,Clear,NORMAL,Clear,
14360697.06,6278218.78,8082478.28,1463510.04,-173.03,0.0,0.0,5290.734356223132,0.0,52719.28104309542,975.3264748054983,383200.58830568835,0.0,2025-03-14,71.3,SWARM_ACTIVE,NORMAL,NORMAL,Clear,NORMAL,Clear,NORMAL,Clear,NORMAL,Clear,NORMAL,Clear,NORMAL,Clear,
14321416.36,6330869.65,7990546.7,907698.01,43475.39,0.0,0.0,5071.7107005030675,0.0,67683.74947089961,975.3264748054983,380604.9141571118,0.0,2025-03-17,65.9,SWARM_ACTIVE,NORMAL,NORMAL,Clear,NORMAL,Clear,NORMAL,Clear,NORMAL,Clear,NORMAL,Clear,NORMAL,Clear,
14475698.18,6293487.05,8182211.13,656133.12,199615.43,0.0,0.0,5087.949174878361,0.0,73196.88742452327,1003.0878808727347,369099.342705975,0.0,2025-03-18,66.7,SWARM_ACTIVE,NORMAL,NORMAL,Clear,NORMAL,Clear,NORMAL,Clear,NORMAL,Clear,NORMAL,Clear,NORMAL,Clear,
14676136.15,6378150.19,8297985.96,672179.15,73023.7,0.0,0.0,5166.378723205375,0.0,72002.11541085245,1129.640710503943,364947.5592080333,0.0,2025-03-19,65.3,SWARM_ACTIVE,NORMAL,NORMAL,Clear,NORMAL,Clear,NORMAL,Clear,NORMAL,Clear,NORMAL,Clear,NORMAL,Clear,
14687530.36,6381525.49,8306004.87,429948.38,263148.55,0.0,0.0,5922.220545788037,0.0,69369.74711928236,1176.8517439100683,350121.38773879857,0.0,2025-03-20,60.3,SWARM_ACTIVE,NORMAL,NORMAL,Clear,NORMAL,Clear,NORMAL,Clear,NORMAL,Clear,NORMAL,Clear,NORMAL,Clear,
14434411.24,6368539.11,8065872.13,-513.56,112416.13,0.0,0.0,5747.287070754042,0.0,80842.06053997739,1350.2518073739614,343557.89864821493,0.0,2025-03-21,61.7,SWARM_ACTIVE,NORMAL,NORMAL,Clear,NORMAL,Clear,NORMAL,Clear,NORMAL,Clear,NORMAL,Clear,NORMAL,Clear,
14708344.74,6469512.8,8238831.94,-56.42,171580.43,0.0,0.0,5630.728125789024,0.0,82088.15218445518,1237.5051734554313,349939.2921430784,0.0,2025-03-24,68.2,SWARM_ACTIVE,NORMAL,NORMAL,Clear,NORMAL,Clear,NORMAL,Clear,NORMAL,Clear,NORMAL,Clear,NORMAL,Clear,
14849710.73,6500319.85,8349390.87,-193.79,620697.56,0.0,0.0,5236.095545995161,0.0,86351.0388201474,1097.670096330154,336763.46492137003,0.0,2025-03-25,63.2,SWARM_ACTIVE,NORMAL,NORMAL,Clear,NORMAL,Clear,NORMAL,Clear,NORMAL,Clear,NORMAL,Clear,NORMAL,Clear,
14759310.08,6475715.75,8283594.33,-243.57,1007487.98,0.0,0.0,4730.536523168422,0.0,91677.55767979065,929.9938802567694,329328.3795539225,0.0,2025-03-26,61.9,SWARM_ACTIVE,NORMAL,NORMAL,Clear,NORMAL,Clear,NORMAL,Clear,NORMAL,Clear,NORMAL,Clear,NORMAL,Clear,
14606887.58,6421538.29,8185349.29,-243.57,972276.36,0.0,0.0,4730.536523168422,0.0,91677.55767979065,827.9950941154074,340271.301711657,0.0,2025-03-27,65.9,SWARM_ACTIVE,NORMAL,NORMAL,Clear,NORMAL,Clear,NORMAL,Clear,NORMAL,Clear,NORMAL,Clear,NORMAL,Clear,
14623918.08,6342099.71,8281818.37,-243.57,1196558.8,0.0,0.0,4730.536523168422,0.0,91677.55767979065,711.5236701429635,337655.29527701234,0.0,2025-03-28,63.0,SWARM_ACTIVE,NORMAL,NORMAL,Clear,NORMAL,Clear,NORMAL,Clear,NORMAL,Clear,NORMAL,Clear,NORMAL,Clear,
14639375.84,6387602.71,8251773.13,-243.57,1323712.51,0.0,0.0,4730.536523168422,0.0,91677.55767979065,716.1645170645339,330078.5336416539,0.0,2025-03-31,63.0,SWARM_ACTIVE,NORMAL,NORMAL,Clear,NORMAL,Clear,NORMAL,Clear,NORMAL,Clear,NORMAL,Clear,NORMAL,Clear,
14616859.4,6430006.84,8186852.56,-243.57,1087818.28,0.0,0.0,4730.536523168422,0.0,91677.55767979065,721.2864475750122,343078.17913481116,0.0,2025-04-01,66.5,SWARM_ACTIVE,NORMAL,NORMAL,Clear,NORMAL,Clear,NORMAL,Clear,NORMAL,Clear,NORMAL,Clear,NORMAL,Clear,
14489539.27,6452080.4,8037458.87,-243.57,986302.92,0.0,0.0,4730.536523168422,0.0,91677.55767979065,637.1163344400602,356333.9839671736,0.0,2025-04-02,69.0,SWARM_ACTIVE,NORMAL,NORMAL,Clear,NORMAL,Clear,NORMAL,Clear,NORMAL,Clear,NORMAL,Clear,NORMAL,Clear,
13914957.16,6001572.49,7913384.67,595701.82,526908.93,0.0,0.0,4730.536523168422,0.0,77573.40660668635,1146.7153645907395,337651.1847687101,0.0,2025-04-03,68.4,SWARM_ACTIVE,DEFENSIVE,NORMAL,Clear,NORMAL,Clear,NORMAL,Clear,NORMAL,Clear,NORMAL,Clear,NORMAL,Clear,
13479492.13,5567191.08,7912301.05,378587.6,318931.38,0.0,0.0,6144.953090705343,0.0,67690.07565548898,1071.032632933753,356894.8632456067,0.0,2025-04-04,87.7,SWARM_ACTIVE,NORMAL,NORMAL,Clear,NORMAL,Clear,NORMAL,Clear,NORMAL,Clear,NORMAL,Clear,NORMAL,Clear,
12802934.25,5555627.85,7247306.4,417077.05,-318.93,0.0,0.0,7041.696135251477,0.0,56738.26704449883,1291.5231905092905,356894.8632456067,0.0,2025-04-07,76.3,SWARM_ACTIVE,DEFENSIVE,NORMAL,Clear,NORMAL,Clear,NORMAL,Clear,NORMAL,Clear,NORMAL,Clear,NORMAL,Clear,
12942747.48,5451218.64,7491528.85,651437.45,-318.93,0.0,0.0,6856.899966406749,0.0,52499.75024749191,1291.5231905092905,356894.8632456067,0.0,2025-04-08,84.9,SWARM_ACTIVE,DEFENSIVE,NORMAL,Clear,NORMAL,Clear,NORMAL,Clear,NORMAL,Clear,NORMAL,Clear,NORMAL,Clear,
13419872.02,5943746.89,7476125.13,526537.73,-106.41,0.0,0.0,8259.832077970303,0.0,39359.30725081636,1219.6283105960474,363728.9202952964,0.0,2025-04-09,86.2,SWARM_ACTIVE,NORMAL,NORMAL,Clear,NORMAL,Clear,NORMAL,Clear,NORMAL,Clear,NORMAL,Clear,NORMAL,Clear,
13456737.28,5676187.62,7780549.66,1093613.17,79005.11,0.0,0.0,7216.987149013014,0.0,36588.55454973298,1219.6283105960474,358895.1345492459,0.0,2025-04-10,76.9,SWARM_ACTIVE,NORMAL,NORMAL,Clear,NORMAL,Clear,NORMAL,Clear,NORMAL,Clear,NORMAL,Clear,NORMAL,Clear,
13713187.5,5768808.77,7944378.74,1180001.71,-79.01,0.0,0.0,7192.721715564865,0.0,34626.18033523121,1271.8464957831802,358895.1345492459,0.0,2025-04-11,71.9,SWARM_ACTIVE,NORMAL,NORMAL,Clear,NORMAL,Clear,NORMAL,Clear,NORMAL,Clear,NORMAL,Clear,NORMAL,Clear,
13887479.67,5795524.55,8091955.12,997272.29,59132.42,0.0,0.0,7405.574578422506,0.0,36841.4234237835,1271.8464957831802,355457.8483859384,0.0,2025-04-14,67.9,SWARM_ACTIVE,NORMAL,NORMAL,Clear,NORMAL,Clear,NORMAL,Clear,NORMAL,Clear,NORMAL,Clear,NORMAL,Clear,
13903170.04,5796949.77,8106220.26,826687.08,-59.13,0.0,0.0,7756.456792492697,0.0,37108.293399271206,1311.2053274154962,355457.8483859384,0.0,2025-04-15,70.8,SWARM_ACTIVE,NORMAL,NORMAL,Clear,NORMAL,Clear,NORMAL,Clear,NORMAL,Clear,NORMAL,Clear,NORMAL,Clear,
13840735.41,5701805.3,8138930.11,367786.68,112971.13,0.0,0.0,7630.33498542519,0.0,50338.246167753605,1311.2053274154962,348937.0071037947,0.0,2025-04-16,70.1,SWARM_ACTIVE,NORMAL,NORMAL,Clear,NORMAL,Clear,NORMAL,Clear,NORMAL,Clear,NORMAL,Clear,NORMAL,Clear,
13924623.06,5744809.25,8179813.81,378697.49,-112.97,0.0,0.0,7647.136285684882,0.0,49875.958531797194,1385.8247369334435,348937.0071037947,0.0,2025-04-17,71.0,SWARM_ACTIVE,NORMAL,NORMAL,Clear,NORMAL,Clear,NORMAL,Clear,NORMAL,Clear,NORMAL,Clear,NORMAL,Clear,
13850801.65,5744783.45,8106018.2,193159.06,-112.97,0.0,0.0,7176.31598529741,0.0,59772.2675282847,1385.8247369334435,348937.0071037947,0.0,2025-04-18,72.7,SWARM_ACTIVE,NORMAL,NORMAL,Clear,NORMAL,Clear,NORMAL,Clear,NORMAL,Clear,NORMAL,Clear,NORMAL,Clear,
14024028.23,5603514.5,8420513.73,102125.21,84842.84,0.0,0.0,7623.891928368981,0.0,57125.85771423945,1385.8247369334435,344262.42675296625,0.0,2025-04-21,72.8,SWARM_ACTIVE,NORMAL,NORMAL,Clear,NORMAL,Clear,NORMAL,Clear,NORMAL,Clear,NORMAL,Clear,NORMAL,Clear,
14129678.77,5745861.95,8383816.81,-84.01,177190.98,0.0,0.0,7664.741453777683,0.0,59242.81026469948,1290.6068664018594,347007.4707421234,0.0,2025-04-22,69.2,SWARM_ACTIVE,NORMAL,NORMAL,Clear,NORMAL,Clear,NORMAL,Clear,NORMAL,Clear,NORMAL,Clear,NORMAL,Clear,
13965045.59,5818411.6,8146633.99,386518.57,119405.75,0.0,0.0,7664.741453777683,0.0,49473.70639727942,1409.0020104904643,340127.98805468617,0.0,2025-04-23,67.1,SWARM_ACTIVE,NORMAL,NORMAL,Clear,NORMAL,Clear,NORMAL,Clear,NORMAL,Clear,NORMAL,Clear,NORMAL,Clear,
14053824.91,5947068.67,8106756.24,31863.23,-563.67,0.0,0.0,7818.524198534779,0.0,56497.41168104365,1202.4559643932687,332285.14735784795,2388.332174184302,2025-04-24,65.5,SWARM_ACTIVE,NORMAL,NORMAL,Clear,NORMAL,Clear,NORMAL,Clear,NORMAL,Clear,NORMAL,Clear,NORMAL,Clear,
14079167.69,5983171.35,8095996.34,709046.93,348776.97,0.0,0.0,7886.192108171692,0.0,38829.71655488416,1202.4559643932687,321105.34393562865,1723.6523554752284,2025-04-25,66.4,SWARM_ACTIVE,NORMAL,NORMAL,Clear,NORMAL,Clear,NORMAL,Clear,NORMAL,Clear,NORMAL,Clear,NORMAL,Clear,
14088014.75,5992232.89,8095781.87,-709.05,623512.99,0.0,0.0,9392.47222150025,0.0,38829.71655488416,1256.8078347195603,307213.30428374204,1225.9665505354053,2025-04-28,53.2,SWARM_ACTIVE,NORMAL,NORMAL,Clear,NORMAL,Clear,NORMAL,Clear,NORMAL,Clear,NORMAL,Clear,NORMAL,Clear,
14091793.3,6016179.83,8075613.47,-709.05,778335.49,0.0,0.0,9392.47222150025,0.0,38829.71655488416,1201.402490616648,319422.19771175075,0.0,2025-04-29,62.5,SWARM_ACTIVE,NORMAL,NORMAL,Clear,NORMAL,Clear,NORMAL,Clear,NORMAL,Clear,NORMAL,Clear,NORMAL,Clear,
13998796.97,5973395.83,8025401.14,-128.53,859741.92,0.0,0.0,9119.40429119336,0.0,42104.25279598802,1136.5403784534676,320314.7280684021,0.0,2025-04-30,63.3,SWARM_ACTIVE,NORMAL,NORMAL,Clear,NORMAL,Clear,NORMAL,Clear,NORMAL,Clear,NORMAL,Clear,NORMAL,Clear,
14061015.81,6035726.68,8025289.14,-41.33,762738.76,0.0,0.0,9032.948342413072,0.0,43153.153732435596,1090.272823184178,330022.98023245233,0.0,2025-05-01,64.3,SWARM_ACTIVE,NORMAL,NORMAL,Clear,NORMAL,Clear,NORMAL,Clear,NORMAL,Clear,NORMAL,Clear,NORMAL,Clear,
14149883.53,6124829.2,8025054.33,-41.33,587402.03,0.0,0.0,9032.948342413072,0.0,43153.153732435596,1005.7807665800111,325917.7817010921,1608.0705614143894,2025-05-02,64.3,SWARM_ACTIVE,NORMAL,NORMAL,Clear,NORMAL,Clear,NORMAL,Clear,NORMAL,Clear,NORMAL,Clear,NORMAL,Clear,
14092071.88,6067584.62,8024487.26,-118.72,501049.64,0.0,0.0,8787.429084003534,0.0,46177.6513968809,1169.1506343902681,322989.55178181594,1140.9088341386778,2025-05-05,64.3,SWARM_ACTIVE,NORMAL,NORMAL,Clear,NORMAL,Clear,NORMAL,Clear,NORMAL,Clear,NORMAL,Clear,NORMAL,Clear,
14150834.21,6028219.78,8122614.43,-118.72,761433.58,0.0,0.0,8787.429084003534,0.0,46177.6513968809,1061.962998495624,332348.6020365626,2.2737367544323206e-13,2025-05-06,64.3,SWARM_ACTIVE,NORMAL,NORMAL,Clear,NORMAL,Clear,NORMAL,Clear,NORMAL,Clear,NORMAL,Clear,NORMAL,Clear,
14266655.28,6045444.16,8221211.11,14086.18,402847.32,0.0,0.0,8787.429084003534,0.0,45815.631460127166,1210.2659996267353,340043.5060567842,0.0,2025-05-07,70.4,SWARM_ACTIVE,NORMAL,NORMAL,Clear,NORMAL,Clear,NORMAL,Clear,NORMAL,Clear,NORMAL,Clear,NORMAL,Clear,
14264271.47,6112804.16,8151467.31,390249.35,113873.66,0.0,0.0,8816.380191951735,0.0,35998.73228128537,1474.9728748416353,333458.19261173037,0.0,2025-05-08,62.6,SWARM_ACTIVE,NORMAL,NORMAL,Clear,NORMAL,Clear,NORMAL,Clear,NORMAL,Clear,NORMAL,Clear,NORMAL,Clear,
14257531.34,6123981.71,8133549.63,500241.34,-113.87,0.0,0.0,8500.129327028462,0.0,37083.02304096867,1549.1872354505522,333458.19261173037,0.0,2025-05-09,67.9,SWARM_ACTIVE,NORMAL,NORMAL,Clear,NORMAL,Clear,NORMAL,Clear,NORMAL,Clear,NORMAL,Clear,NORMAL,Clear,
14503944.22,6331041.49,8172902.73,494500.46,-113.87,0.0,0.0,8313.615031118492,0.0,39506.03439545602,1549.1872354505522,333458.19261173037,0.0,2025-05-12,64.0,SWARM_ACTIVE,NORMAL,NORMAL,Clear,NORMAL,Clear,NORMAL,Clear,NORMAL,Clear,NORMAL,Clear,NORMAL,Clear,
14585887.04,6417889.3,8167997.74,945211.01,-508.25,0.0,0.0,7679.202451614952,0.0,36511.7105508629,1237.536451932911,331676.8794645266,1971.239736047121,2025-05-13,63.1,SWARM_ACTIVE,NORMAL,NORMAL,Clear,NORMAL,Clear,NORMAL,Clear,NORMAL,Clear,NORMAL,Clear,NORMAL,Clear,
14705075.12,6431824.51,8273250.62,1323662.68,-31.1,0.0,0.0,7552.789577817105,0.0,28970.113591585603,1237.536451932911,329869.75562001637,2090.0955523915745,2025-05-14,66.8,SWARM_ACTIVE,NORMAL,NORMAL,Clear,NORMAL,Clear,NORMAL,Clear,NORMAL,Clear,NORMAL,Clear,NORMAL,Clear,
14573131.68,6440821.05,8132310.63,1561951.73,-31.1,0.0,0.0,7214.262895213894,0.0,27451.978742467658,1237.536451932911,329869.75562001637,2090.0955523915745,2025-05-15,64.9,SWARM_ACTIVE,NORMAL,NORMAL,Clear,NORMAL,Clear,NORMAL,Clear,NORMAL,Clear,NORMAL,Clear,NORMAL,Clear,
14541768.69,6455088.01,8086680.68,1070203.02,-31.1,0.0,0.0,8543.130376581583,0.0,22661.066514738162,1237.536451932911,329869.75562001637,2090.0955523915745,2025-05-16,66.7,SWARM_ACTIVE,NORMAL,NORMAL,Clear,NORMAL,Clear,NORMAL,Clear,NORMAL,Clear,NORMAL,Clear,NORMAL,Clear,
14492256.22,6446189.47,8046066.75,394402.77,85323.2,0.0,0.0,10127.16999493121,0.0,19036.55572876034,1237.536451932911,329869.75562001637,1760.2856597334066,2025-05-19,65.9,SWARM_ACTIVE,NORMAL,NORMAL,Clear,NORMAL,Clear,NORMAL,Clear,NORMAL,Clear,NORMAL,Clear,NORMAL,Clear,
14492943.56,6420417.3,8072526.25,322811.48,135069.13,0.0,0.0,10085.106483195432,0.0,21325.166202214914,1293.325369015284,329869.75562001637,1244.0045506357537,2025-05-20,69.0,SWARM_ACTIVE,NORMAL,NORMAL,Clear,NORMAL,Clear,NORMAL,Clear,NORMAL,Clear,NORMAL,Clear,NORMAL,Clear,
14743715.19,6331632.75,8412082.43,39562.51,339246.0,0.0,0.0,10578.101608478299,0.0,22098.519672157377,1381.921854934089,329869.75562001637,0.0,2025-05-21,65.7,SWARM_ACTIVE,NORMAL,NORMAL,Clear,NORMAL,Clear,NORMAL,Clear,NORMAL,Clear,NORMAL,Clear,NORMAL,Clear,
14777373.64,6338020.75,8439352.89,241301.17,-170.21,0.0,0.0,10380.454889924767,0.0,19571.402360545024,1492.7565129718264,339235.9642148118,0.0,2025-05-22,70.7,SWARM_ACTIVE,NORMAL,NORMAL,Clear,NORMAL,Clear,NORMAL,Clear,NORMAL,Clear,NORMAL,Clear,NORMAL,Clear,
14722743.61,6291064.7,8431678.9,439284.32,-170.21,0.0,0.0,10045.689310479118,0.0,18863.221462503738,1492.7565129718264,339235.9642148118,0.0,2025-05-23,73.7,SWARM_ACTIVE,NORMAL,NORMAL,Clear,NORMAL,Clear,NORMAL,Clear,NORMAL,Clear,NORMAL,Clear,NORMAL,Clear,
14680779.44,6290866.52,8389912.92,380425.95,-413.84,0.0,0.0,8547.238008167162,0.0,39314.62649123467,1232.2452324499668,337863.16748923203,1623.085290871931,2025-05-26,68.7,SWARM_ACTIVE,NORMAL,NORMAL,Clear,NORMAL,Clear,NORMAL,Clear,NORMAL,Clear,NORMAL,Clear,NORMAL,Clear,
14558373.42,6404930.35,8153443.07,411909.73,238477.99,0.0,0.0,9279.723367073873,0.0,29080.345306078823,975.237686560138,338731.96810220904,2128.9566370902044,2025-05-27,71.1,SWARM_ACTIVE,NORMAL,NORMAL,Clear,NORMAL,Clear,NORMAL,Clear,NORMAL,Clear,NORMAL,Clear,NORMAL,Clear,
14546620.61,6367888.6,8178732.01,273660.74,619324.23,0.0,0.0,10076.359286456685,0.0,22189.54929083721,793.316381092704,341370.62358297175,1503.3055550628578,2025-05-28,72.1,SWARM_ACTIVE,NORMAL,NORMAL,Clear,NORMAL,Clear,NORMAL,Clear,NORMAL,Clear,NORMAL,Clear,NORMAL,Clear,
14508554.08,6384044.28,8124509.81,75506.49,474936.93,0.0,0.0,10604.5824473007,0.0,20298.39634198064,722.7722411495171,361689.33752648823,1082.6526472751145,2025-05-29,75.5,SWARM_ACTIVE,NORMAL,NORMAL,Clear,NORMAL,Clear,NORMAL,Clear,NORMAL,Clear,NORMAL,Clear,NORMAL,Clear,
14445370.0,6367804.64,8077565.36,133561.48,638316.3,0.0,0.0,10750.556180428948,0.0,16933.51988714027,612.2453387794482,377133.47085799515,0.0,2025-05-30,76.0,SWARM_ACTIVE,NORMAL,NORMAL,Clear,NORMAL,Clear,NORMAL,Clear,NORMAL,Clear,NORMAL,Clear,NORMAL,Clear,
14497216.22,6420350.58,8076865.64,51253.5,465557.74,0.0,0.0,11006.741958444383,0.0,15656.394345423585,564.1307021614995,391149.8463463485,0.0,2025-06-02,78.8,SWARM_ACTIVE,NORMAL,NORMAL,Clear,NORMAL,Clear,NORMAL,Clear,NORMAL,Clear,NORMAL,Clear,NORMAL,Clear,
14668232.66,6472503.77,8195728.89,120377.97,500951.26,0.0,0.0,11104.28934042437,0.0,12698.454192873452,499.64343591400086,394449.9119586486,0.0,2025-06-03,78.8,SWARM_ACTIVE,NORMAL,NORMAL,Clear,NORMAL,Clear,NORMAL,Clear,NORMAL,Clear,NORMAL,Clear,NORMAL,Clear,
14686118.68,6478504.47,8207614.21,652584.64,344276.83,0.0,0.0,8735.812301128086,0.0,30560.141863158424,843.6875052522091,358251.75294889207,1178.3580541413899,2025-06-04,78.6,SWARM_ACTIVE,DEFENSIVE,NORMAL,Clear,NORMAL,Clear,NORMAL,Clear,NORMAL,Clear,NORMAL,Clear,NORMAL,Clear,
14577115.69,6440706.13,8136409.56,925982.17,294643.22,0.0,0.0,8315.27130095938,0.0,29213.434045804373,1079.4995273310928,358251.75294889207,0.0,2025-06-05,83.8,SWARM_ACTIVE,DEFENSIVE,NORMAL,Clear,NORMAL,Clear,NORMAL,Clear,NORMAL,Clear,NORMAL,Clear,NORMAL,Clear,
14723826.37,6504875.02,8218951.35,107804.21,-189.54,0.0,0.0,10068.91817334231,0.0,26537.398209682877,1151.782063171453,368934.6471827565,0.0,2025-06-06,83.3,SWARM_ACTIVE,NORMAL,NORMAL,Clear,NORMAL,Clear,NORMAL,Clear,NORMAL,Clear,NORMAL,Clear,NORMAL,Clear,
14648525.47,6513737.0,8134788.47,-107.8,153621.47,0.0,0.0,10272.78022951456,0.0,26537.398209682877,842.53430920398,385356.49462973926,0.0,2025-06-09,83.5,SWARM_ACTIVE,NORMAL,NORMAL,Clear,NORMAL,Clear,NORMAL,Clear,NORMAL,Clear,NORMAL,Clear,NORMAL,Clear,
14806949.54,6568838.16,8238111.38,-228.93,560839.59,0.0,0.0,9842.083032744937,0.0,32056.84117505276,598.6437915434032,381958.25998146273,0.0,2025-06-10,82.8,SWARM_ACTIVE,NORMAL,NORMAL,Clear,NORMAL,Clear,NORMAL,Clear,NORMAL,Clear,NORMAL,Clear,NORMAL,Clear,
14956235.27,6569953.41,8386281.86,-228.93,725448.04,0.0,0.0,9842.083032744937,0.0,32056.84117505276,431.06121782780724,386026.4512953408,0.0,2025-06-11,83.8,SWARM_ACTIVE,NORMAL,NORMAL,Clear,NORMAL,Clear,NORMAL,Clear,NORMAL,Clear,NORMAL,Clear,NORMAL,Clear,
15266189.86,6586901.39,8679288.48,-621.72,1236693.89,0.0,0.0,8671.308193378894,0.0,46781.70974027937,304.6919781001666,368480.10404389945,0.0,2025-06-12,82.7,SWARM_ACTIVE,NORMAL,NORMAL,Clear,NORMAL,Clear,NORMAL,Clear,NORMAL,Clear,NORMAL,Clear,NORMAL,Clear,
15220603.09,6562212.14,8658390.96,-621.72,1184433.7,0.0,0.0,8671.308193378894,0.0,46781.70974027937,222.85021625712147,377141.57817914506,0.0,2025-06-13,83.3,SWARM_ACTIVE,NORMAL,NORMAL,Clear,NORMAL,Clear,NORMAL,Clear,NORMAL,Clear,NORMAL,Clear,NORMAL,Clear,
15153222.57,6619615.22,8533607.35,-621.72,1185279.47,0.0,0.0,8671.308193378894,0.0,46781.70974027937,0.0,393429.21620809194,0.0,2025-06-16,82.1,SWARM_ACTIVE,NORMAL,NORMAL,Clear,NORMAL,Clear,NORMAL,Clear,NORMAL,Clear,NORMAL,Clear,NORMAL,Clear,
15145822.45,6593303.85,8552518.6,-442.88,1110145.57,0.0,0.0,7829.211751055126,0.0,57026.125983321195,0.0,397437.5487621472,0.0,2025-06-17,81.1,SWARM_ACTIVE,NORMAL,NORMAL,Clear,NORMAL,Clear,NORMAL,Clear,NORMAL,Clear,NORMAL,Clear,NORMAL,Clear,
15092535.01,6575587.25,8516947.76,-442.88,1065060.78,0.0,0.0,7829.211751055126,0.0,57026.125983321195,0.0,399854.31172344513,0.0,2025-06-18,80.8,SWARM_ACTIVE,NORMAL,NORMAL,Clear,NORMAL,Clear,NORMAL,Clear,NORMAL,Clear,NORMAL,Clear,NORMAL,Clear,
14929803.58,6575587.25,8354216.33,-442.88,933842.59,0.0,0.0,7829.211751055126,0.0,57026.125983321195,0.0,407045.23305966426,0.0,2025-06-19,80.5,SWARM_ACTIVE,NORMAL,NORMAL,Clear,NORMAL,Clear,NORMAL,Clear,NORMAL,Clear,NORMAL,Clear,NORMAL,Clear,
14954004.38,6583762.73,8370241.65,-57.82,883686.79,0.0,0.0,7718.111501103956,0.0,58358.78887810909,0.0,409787.8620168567,0.0,2025-06-20,80.4,SWARM_ACTIVE,NORMAL,NORMAL,Clear,NORMAL,Clear,NORMAL,Clear,NORMAL,Clear,NORMAL,Clear,NORMAL,Clear,
14972133.62,6561275.78,8410857.84,-203.1,675326.05,0.0,0.0,7334.662537026778,0.0,63161.31525210997,242.28489146140603,403044.7837639232,0.0,2025-06-23,78.8,SWARM_ACTIVE,NORMAL,NORMAL,Clear,NORMAL,Clear,NORMAL,Clear,NORMAL,Clear,NORMAL,Clear,NORMAL,Clear,
15011999.28,6585579.88,8426419.4,-237.05,402282.17,0.0,0.0,6893.604348030899,0.0,68840.57519877366,449.71960262549186,402243.45801666897,0.0,2025-06-24,79.6,SWARM_ACTIVE,NORMAL,NORMAL,Clear,NORMAL,Clear,NORMAL,Clear,NORMAL,Clear,NORMAL,Clear,NORMAL,Clear,
15187234.57,6582073.51,8605161.06,-237.05,569347.78,0.0,0.0,6893.604348030899,0.0,68840.57519877366,502.61886707082294,389474.70404592354,0.0,2025-06-25,75.2,SWARM_ACTIVE,NORMAL,NORMAL,Clear,NORMAL,Clear,NORMAL,Clear,NORMAL,Clear,NORMAL,Clear,NORMAL,Clear,
15264637.08,6657816.97,8606820.11,171029.53,681469.24,0.0,0.0,6893.604348030899,0.0,64773.52283983963,522.5646830860085,382034.33398359106,0.0,2025-06-26,75.7,SWARM_ACTIVE,NORMAL,NORMAL,Clear,NORMAL,Clear,NORMAL,Clear,NORMAL,Clear,NORMAL,Clear,NORMAL,Clear,
15557432.0,6656177.49,8901254.51,-171.03,738661.21,0.0,0.0,7206.415006527272,0.0,64773.52283983963,675.1290093143999,368373.33016176824,0.0,2025-06-27,72.1,SWARM_ACTIVE,NORMAL,NORMAL,Clear,NORMAL,Clear,NORMAL,Clear,NORMAL,Clear,NORMAL,Clear,NORMAL,Clear,
15468611.52,6665923.66,8802687.86,440066.03,472345.99,0.0,0.0,7206.415006527272,0.0,54203.381150578774,1033.6095924838014,356423.5311273425,0.0,2025-06-30,71.9,SWARM_ACTIVE,NORMAL,NORMAL,Clear,NORMAL,Clear,NORMAL,Clear,NORMAL,Clear,NORMAL,Clear,NORMAL,Clear,
15588321.83,6649374.66,8938947.18,-120.11,768569.57,0.0,0.0,7792.208300892693,0.0,57062.348145266296,1064.0626290822534,339273.4153376042,0.0,2025-07-01,69.2,SWARM_ACTIVE,NORMAL,NORMAL,Clear,NORMAL,Clear,NORMAL,Clear,NORMAL,Clear,NORMAL,Clear,NORMAL,Clear,
15753962.18,6719784.46,9034177.72,-383.62,478567.89,0.0,0.0,7093.104511458807,0.0,66039.52488864007,1250.908460114752,340809.3758892242,0.0,2025-07-02,71.5,SWARM_ACTIVE,NORMAL,NORMAL,Clear,NORMAL,Clear,NORMAL,Clear,NORMAL,Clear,NORMAL,Clear,NORMAL,Clear,
15842466.49,6760613.96,9081852.53,505466.24,181684.35,0.0,0.0,6185.060002491315,0.0,65980.6752583262,1594.7317432284876,331753.1723233208,0.0,2025-07-03,69.6,SWARM_ACTIVE,NORMAL,NORMAL,Clear,NORMAL,Clear,NORMAL,Clear,NORMAL,Clear,NORMAL,Clear,NORMAL,Clear,
15772666.98,6760107.61,9012559.38,936607.78,291999.93,0.0,0.0,5866.924360149344,0.0,60019.02371577569,1724.653840468315,317053.52875764907,0.0,2025-07-04,56.9,SWARM_ACTIVE,NORMAL,NORMAL,Clear,NORMAL,Clear,NORMAL,Clear,NORMAL,Clear,NORMAL,Clear,NORMAL,Clear,
15624263.93,6710370.95,8913892.97,612913.51,263011.08,0.0,0.0,6857.129444920564,0.0,54770.850877164914,1935.1675441508255,303639.50671444804,0.0,2025-07-07,52.5,SWARM_ACTIVE,NORMAL,NORMAL,Clear,NORMAL,Clear,NORMAL,Clear,NORMAL,Clear,NORMAL,Clear,NORMAL,Clear,
15703845.62,6774187.57,8929658.05,784691.36,-263.01,0.0,0.0,6734.262800656614,0.0,52374.79762671875,2124.0577049613203,303639.50671444804,0.0,2025-07-08,57.7,SWARM_ACTIVE,NORMAL,NORMAL,Clear,NORMAL,Clear,NORMAL,Clear,NORMAL,Clear,NORMAL,Clear,NORMAL,Clear,
15446664.15,6788696.44,8657967.71,537118.7,-263.01,0.0,0.0,7330.159855582684,0.0,50445.88978361159,2124.0577049613203,303639.50671444804,0.0,2025-07-09,55.2,SWARM_ACTIVE,NORMAL,NORMAL,Clear,NORMAL,Clear,NORMAL,Clear,NORMAL,Clear,NORMAL,Clear,NORMAL,Clear,
15454850.32,6799047.46,8655802.85,445237.88,-263.01,0.0,0.0,7886.455184427762,0.0,45473.524872289985,2124.0577049613203,303639.50671444804,0.0,2025-07-10,54.7,SWARM_ACTIVE,NORMAL,NORMAL,Clear,NORMAL,Clear,NORMAL,Clear,NORMAL,Clear,NORMAL,Clear,NORMAL,Clear,
15469542.73,6797629.56,8671913.17,565267.59,131511.05,0.0,0.0,6862.283174275381,0.0,55633.83871828229,2124.0577049613203,296602.8517002332,0.0,2025-07-11,54.2,SWARM_ACTIVE,NORMAL,NORMAL,Clear,NORMAL,Clear,NORMAL,Clear,NORMAL,Clear,NORMAL,Clear,NORMAL,Clear,
15504180.58,6783576.73,8720603.86,154593.9,170993.91,0.0,0.0,7881.056596196109,0.0,52049.60461885329,2218.009817666044,287555.8548558029,0.0,2025-07-14,52.3,SWARM_ACTIVE,NORMAL,NORMAL,Clear,NORMAL,Clear,NORMAL,Clear,NORMAL,Clear,NORMAL,Clear,NORMAL,Clear,
15458606.7,6754369.91,8704236.78,-418.62,41492.59,0.0,0.0,7405.159762409063,0.0,61851.51319246512,2221.0174153072962,294154.39164154895,0.0,2025-07-15,58.7,SWARM_ACTIVE,NORMAL,NORMAL,Clear,NORMAL,Clear,NORMAL,Clear,NORMAL,Clear,NORMAL,Clear,NORMAL,Clear,
15445104.8,6735094.0,8710010.8,-299.56,110627.69,0.0,0.0,6865.02358316315,0.0,68926.62725630976,2015.789100704426,305479.2538017239,0.0,2025-07-16,62.2,SWARM_ACTIVE,NORMAL,NORMAL,Clear,NORMAL,Clear,NORMAL,Clear,NORMAL,Clear,NORMAL,Clear,NORMAL,Clear,
15482173.13,6783338.21,8698834.91,437022.81,-110.63,0.0,0.0,6843.119562242711,0.0,58938.7820926127,2095.226593681649,305479.2538017239,0.0,2025-07-17,66.0,SWARM_ACTIVE,NORMAL,NORMAL,Clear,NORMAL,Clear,NORMAL,Clear,NORMAL,Clear,NORMAL,Clear,NORMAL,Clear,
15621456.78,6758932.75,8862524.03,1272346.17,66327.88,0.0,0.0,5704.666742249047,0.0,54235.25970271673,2095.226593681649,302037.16422117193,0.0,2025-07-18,58.0,SWARM_ACTIVE,NORMAL,NORMAL,Clear,NORMAL,Clear,NORMAL,Clear,NORMAL,Clear,NORMAL,Clear,NORMAL,Clear,
15721660.14,6750928.5,8970731.64,1365836.16,46955.2,0.0,0.0,5950.998672155008,0.0,48675.66296116342,2141.974487888412,299640.4337228857,0.0,2025-07-21,55.8,SWARM_ACTIVE,NORMAL,NORMAL,Clear,NORMAL,Clear,NORMAL,Clear,NORMAL,Clear,NORMAL,Clear,NORMAL,Clear,
15896485.07,6742793.9,9153691.17,1340882.81,51017.34,0.0,0.0,6552.505416925163,0.0,41238.679738476465,2174.571988030505,297096.76504869875,0.0,2025-07-22,58.0,SWARM_ACTIVE,NORMAL,NORMAL,Clear,NORMAL,Clear,NORMAL,Clear,NORMAL,Clear,NORMAL,Clear,NORMAL,Clear,
15950336.29,6786043.17,9164293.12,1914053.96,-51.02,0.0,0.0,5876.248806197143,0.0,36706.73240144566,2209.737006668698,297096.76504869875,0.0,2025-07-23,62.1,SWARM_ACTIVE,NORMAL,NORMAL,Clear,NORMAL,Clear,NORMAL,Clear,NORMAL,Clear,NORMAL,Clear,NORMAL,Clear,
15976163.46,6803691.01,9172472.46,2430314.58,-51.02,0.0,0.0,5433.915400605888,0.0,30483.53559858197,2209.737006668698,297096.76504869875,0.0,2025-07-24,63.9,SWARM_ACTIVE,NORMAL,NORMAL,Clear,NORMAL,Clear,NORMAL,Clear,NORMAL,Clear,NORMAL,Clear,NORMAL,Clear,
15819165.36,6805601.09,9013564.26,2151932.54,-51.02,0.0,0.0,5975.2636014025775,0.0,29834.11536156706,2209.737006668698,297096.76504869875,0.0,2025-07-25,63.7,SWARM_ACTIVE,NORMAL,NORMAL,Clear,NORMAL,Clear,NORMAL,Clear,NORMAL,Clear,NORMAL,Clear,NORMAL,Clear,
15793657.26,6830336.81,8963320.45,1834274.22,-51.02,0.0,0.0,6198.856909118131,0.0,34236.078702273306,2209.737006668698,297096.76504869875,0.0,2025-07-28,63.3,SWARM_ACTIVE,NORMAL,NORMAL,Clear,NORMAL,Clear,NORMAL,Clear,NORMAL,Clear,NORMAL,Clear,NORMAL,Clear,
15741197.67,6839051.58,8902146.09,2320013.91,-51.02,0.0,0.0,5566.94348508093,0.0,31294.061471082703,2209.737006668698,297096.76504869875,0.0,2025-07-29,66.6,SWARM_ACTIVE,NORMAL,NORMAL,Clear,NORMAL,Clear,NORMAL,Clear,NORMAL,Clear,NORMAL,Clear,NORMAL,Clear,
15815888.14,6823249.15,8992639.0,1504128.96,-51.02,0.0,0.0,7471.614752430263,0.0,25152.597148258228,2209.737006668698,297096.76504869875,0.0,2025-07-30,62.9,SWARM_ACTIVE,NORMAL,NORMAL,Clear,NORMAL,Clear,NORMAL,Clear,NORMAL,Clear,NORMAL,Clear,NORMAL,Clear,
15528428.49,6793659.0,8734769.49,1388314.92,-51.02,0.0,0.0,7974.341680086264,0.0,21234.08281344938,2209.737006668698,297096.76504869875,0.0,2025-07-31,69.0,SWARM_ACTIVE,NORMAL,NORMAL,Clear,NORMAL,Clear,NORMAL,Clear,NORMAL,Clear,NORMAL,Clear,NORMAL,Clear,
15444813.7,6687760.22,8757053.49,2034199.6,-51.02,0.0,0.0,6756.789409493526,0.0,21855.52477401149,2209.737006668698,297096.76504869875,0.0,2025-08-01,71.6,SWARM_ACTIVE,NORMAL,NORMAL,Clear,NORMAL,Clear,NORMAL,Clear,NORMAL,Clear,NORMAL,Clear,NORMAL,Clear,
15698095.24,6753905.24,8944189.99,2224459.59,-51.02,0.0,0.0,6633.554735595374,0.0,18970.78972029232,2209.737006668698,297096.76504869875,0.0,2025-08-04,72.3,SWARM_ACTIVE,NORMAL,NORMAL,Clear,NORMAL,Clear,NORMAL,Clear,NORMAL,Clear,NORMAL,Clear,NORMAL,Clear,
15689628.58,6729396.74,8960231.85,2320012.06,-51.02,0.0,0.0,6216.417223707517,0.0,22235.119345782055,2209.737006668698,297096.76504869875,0.0,2025-08-05,70.5,SWARM_ACTIVE,NORMAL,NORMAL,Clear,NORMAL,Clear,NORMAL,Clear,NORMAL,Clear,NORMAL,Clear,NORMAL,Clear,
15801454.09,6764110.1,9037343.99,2503682.11,-51.02,0.0,0.0,6015.73030667414,0.0,20547.624782177274,2209.737006668698,297096.76504869875,0.0,2025-08-06,69.7,SWARM_ACTIVE,NORMAL,NORMAL,Clear,NORMAL,Clear,NORMAL,Clear,NORMAL,Clear,NORMAL,Clear,NORMAL,Clear,
15847409.7,6772114.83,9075294.87,1894414.66,-51.02,0.0,0.0,7249.643315657152,0.0,18325.051742940574,2209.737006668698,297096.76504869875,0.0,2025-08-07,73.0,SWARM_ACTIVE,NORMAL,NORMAL,Clear,NORMAL,Clear,NORMAL,Clear,NORMAL,Clear,NORMAL,Clear,NORMAL,Clear,
15957643.0,6814587.74,9143055.26,1507351.79,-51.02,0.0,0.0,7396.648105967544,0.0,25568.701644753586,2209.737006668698,297096.76504869875,0.0,2025-08-08,72.1,SWARM_ACTIVE,NORMAL,NORMAL,Clear,NORMAL,Clear,NORMAL,Clear,NORMAL,Clear,NORMAL,Clear,NORMAL,Clear,
15902877.35,6793110.41,9109766.93,1514484.65,-51.02,0.0,0.0,6999.475766681474,0.0,30865.87124138978,2209.737006668698,297096.76504869875,0.0,2025-08-11,67.9,SWARM_ACTIVE,NORMAL,NORMAL,Clear,NORMAL,Clear,NORMAL,Clear,NORMAL,Clear,NORMAL,Clear,NORMAL,Clear,
15956371.12,6849158.34,9107212.79,1092274.31,-51.02,0.0,0.0,8219.270528240368,0.0,24027.49232880793,2209.737006668698,297096.76504869875,0.0,2025-08-12,71.5,SWARM_ACTIVE,NORMAL,NORMAL,Clear,NORMAL,Clear,NORMAL,Clear,NORMAL,Clear,NORMAL,Clear,NORMAL,Clear,
16144693.4,6862120.89,9282572.51,231838.31,-496.87,0.0,0.0,9956.15295752634,0.0,20553.869703953194,1853.4888788013693,320916.99162586156,0.0,2025-08-13,74.0,SWARM_ACTIVE,NORMAL,NORMAL,Clear,NORMAL,Clear,NORMAL,Clear,NORMAL,Clear,NORMAL,Clear,NORMAL,Clear,
16197686.86,6855692.0,9341994.87,1426151.9,-10.42,0.0,0.0,7826.750418529014,0.0,21415.05057320734,1845.7009206318348,321412.96591001836,0.0,2025-08-14,73.2,SWARM_ACTIVE,NORMAL,NORMAL,Clear,NORMAL,Clear,NORMAL,Clear,NORMAL,Clear,NORMAL,Clear,NORMAL,Clear,
16205852.23,6834514.58,9371337.65,1618406.8,-10.42,0.0,0.0,7839.198278925669,0.0,16668.659988589865,1845.7009206318348,321412.96591001836,0.0,2025-08-15,73.4,SWARM_ACTIVE,NORMAL,NORMAL,Clear,NORMAL,Clear,NORMAL,Clear,NORMAL,Clear,NORMAL,Clear,NORMAL,Clear,
16055030.01,6828329.4,9226700.6,2089658.15,-10.42,0.0,2615.005316338814,6567.609013057612,0.0,11489.70843076624,1845.7009206318348,321412.96591001836,0.0,2025-08-18,77.7,SWARM_ACTIVE,NORMAL,NORMAL,Clear,NORMAL,Clear,NORMAL,Clear,NORMAL,Clear,NORMAL,Clear,NORMAL,Clear,
15853152.7,6759120.41,9094032.29,1852538.43,-10.42,0.0,1868.1695511623411,5547.683172407282,0.0,34104.43628975772,1845.7009206318348,321412.96591001836,0.0,2025-08-19,81.1,SWARM_ACTIVE,DEFENSIVE,NORMAL,Clear,NORMAL,Clear,NORMAL,Clear,NORMAL,Clear,NORMAL,Clear,NORMAL,Clear,
15939383.07,6750213.61,9189169.46,2774294.98,-10.42,0.0,-2.2737367544323206e-13,5104.825883064581,0.0,25922.851297935867,1845.7009206318348,321412.96591001836,0.0,2025-08-20,83.3,SWARM_ACTIVE,NORMAL,NORMAL,Clear,NORMAL,Clear,NORMAL,Clear,NORMAL,Clear,NORMAL,Clear,NORMAL,Clear,
15942219.35,6743467.68,9198751.67,2803561.42,-10.42,0.0,-2.2737367544323206e-13,5254.748770263044,0.0,23245.04341282095,1845.7009206318348,321412.96591001836,0.0,2025-08-21,76.0,SWARM_ACTIVE,NORMAL,NORMAL,Clear,NORMAL,Clear,NORMAL,Clear,NORMAL,Clear,NORMAL,Clear,NORMAL,Clear,
16055314.22,6808932.75,9246381.48,2660226.12,-10.42,0.0,-2.2737367544323206e-13,4710.808231903783,0.0,33698.60706801201,1845.7009206318348,321412.96591001836,0.0,2025-08-22,67.5,SWARM_ACTIVE,NORMAL,NORMAL,Clear,NORMAL,Clear,NORMAL,Clear,NORMAL,Clear,NORMAL,Clear,NORMAL,Clear,
16592861.88,6804225.58,9788636.3,2869107.64,145453.47,0.0,-2.2737367544323206e-13,3446.592467895297,0.0,45418.82619640935,1845.7009206318348,314806.41298265534,0.0,2025-08-25,64.1,SWARM_ACTIVE,NORMAL,NORMAL,Clear,NORMAL,Clear,NORMAL,Clear,NORMAL,Clear,NORMAL,Clear,NORMAL,Clear,
16636642.51,6807745.09,9828897.43,3158817.36,163991.06,0.0,-2.2737367544323206e-13,3206.909082010634,0.0,41889.132004249805,1945.545037285037,307411.7331650391,0.0,2025-08-26,59.4,SWARM_ACTIVE,NORMAL,NORMAL,Clear,NORMAL,Clear,NORMAL,Clear,NORMAL,Clear,NORMAL,Clear,NORMAL,Clear,
16637657.98,6830656.1,9807001.88,1951202.76,458094.04,0.0,-2.2737367544323206e-13,5537.971279284692,0.0,38983.86576595844,2060.726835869089,286894.57867942087,0.0,2025-08-27,58.1,SWARM_ACTIVE,NORMAL,NORMAL,Clear,NORMAL,Clear,NORMAL,Clear,NORMAL,Clear,NORMAL,Clear,NORMAL,Clear,
16661741.07,6862059.05,9799682.02,1287558.31,-332.84,0.0,-2.2737367544323206e-13,4361.874225918078,0.0,69275.41312617449,2382.8994317339047,271965.3499690076,1199.8254848914019,2025-08-28,59.6,SWARM_ACTIVE,NORMAL,NORMAL,Clear,NORMAL,Clear,NORMAL,Clear,NORMAL,Clear,NORMAL,Clear,NORMAL,Clear,
16911304.74,6847664.39,10063640.35,1485313.56,47880.35,0.0,-2.2737367544323206e-13,4295.962807199641,0.0,65664.44360067592,2382.8994317339047,271965.3499690076,1042.20102556152,2025-08-29,64.0,SWARM_ACTIVE,NORMAL,NORMAL,Clear,NORMAL,Clear,NORMAL,Clear,NORMAL,Clear,NORMAL,Clear,NORMAL,Clear,
17250499.9,6847466.43,10403033.47,1413385.61,-47.88,0.0,-2.2737367544323206e-13,4052.070665542589,0.0,70398.56324475713,2415.888785891848,271965.3499690076,1042.20102556152,2025-09-01,68.9,SWARM_ACTIVE,NORMAL,NORMAL,Clear,NORMAL,Clear,NORMAL,Clear,NORMAL,Clear,NORMAL,Clear,NORMAL,Clear,
17278305.09,6832294.01,10446011.08,1564300.87,-47.88,0.0,4301.441200660816,3284.1032279823303,0.0,60201.67796547168,2415.888785891848,271965.3499690076,1042.20102556152,2025-09-02,68.9,SWARM_ACTIVE,DEFENSIVE,NORMAL,Clear,NORMAL,Clear,NORMAL,Clear,NORMAL,Clear,NORMAL,Clear,NORMAL,Clear,
17354391.25,6784487.55,10569903.7,2527492.5,-47.88,0.0,3064.539254411522,2923.469285140774,0.0,47602.66282318389,2415.888785891848,271965.3499690076,1042.20102556152,2025-09-03,71.6,SWARM_ACTIVE,NORMAL,NORMAL,Clear,NORMAL,Clear,NORMAL,Clear,NORMAL,Clear,NORMAL,Clear,NORMAL,Clear,
17072768.47,6815564.52,10257203.95,2887848.43,-47.88,0.0,2139.1184365116537,2850.167024492081,0.0,43953.09454896603,2415.888785891848,271965.3499690076,1042.20102556152,2025-09-04,70.9,SWARM_ACTIVE,NORMAL,NORMAL,Clear,NORMAL,Clear,NORMAL,Clear,NORMAL,Clear,NORMAL,Clear,NORMAL,Clear,
17452051.82,6770476.3,10681575.53,3231845.7,-47.88,0.0,0.0,3221.9658309408137,0.0,39268.21728288479,2415.888785891848,271965.3499690076,1042.20102556152,2025-09-05,70.2,SWARM_ACTIVE,NORMAL,NORMAL,Clear,NORMAL,Clear,NORMAL,Clear,NORMAL,Clear,NORMAL,Clear,NORMAL,Clear,
17329997.34,6774875.16,10555122.18,3321949.08,-47.88,0.0,0.0,3462.952637668155,0.0,33908.761513272206,2415.888785891848,271965.3499690076,1042.20102556152,2025-09-08,71.8,SWARM_ACTIVE,NORMAL,NORMAL,Clear,NORMAL,Clear,NORMAL,Clear,NORMAL,Clear,NORMAL,Clear,NORMAL,Clear,
17494091.32,6787172.82,10706918.5,2987448.06,-47.88,0.0,0.0,4346.79911310989,0.0,29773.877886598777,2415.888785891848,271965.3499690076,1042.20102556152,2025-09-09,71.4,SWARM_ACTIVE,NORMAL,NORMAL,Clear,NORMAL,Clear,NORMAL,Clear,NORMAL,Clear,NORMAL,Clear,NORMAL,Clear,
17550198.78,6809700.09,10740498.69,2396857.93,328999.96,0.0,0.0,5644.290414122616,0.0,26077.10184541201,2415.888785891848,271965.3499690076,0.0,2025-09-10,64.9,SWARM_ACTIVE,NORMAL,NORMAL,Clear,NORMAL,Clear,NORMAL,Clear,NORMAL,Clear,NORMAL,Clear,NORMAL,Clear,
17714822.34,6828074.01,10886748.32,1892935.29,-329.0,0.0,0.0,6669.5905684089885,0.0,23927.96618752673,2635.5157529873786,271965.3499690076,0.0,2025-09-11,60.3,SWARM_ACTIVE,NORMAL,NORMAL,Clear,NORMAL,Clear,NORMAL,Clear,NORMAL,Clear,NORMAL,Clear,NORMAL,Clear,
17689104.08,6838313.36,10850790.72,1418705.4,-329.0,0.0,0.0,7752.318625757414,0.0,20249.64433608866,2635.5157529873786,271965.3499690076,0.0,2025-09-12,61.5,SWARM_ACTIVE,NORMAL,NORMAL,Clear,NORMAL,Clear,NORMAL,Clear,NORMAL,Clear,NORMAL,Clear,NORMAL,Clear,
17681331.25,6873355.41,10807975.84,1317170.81,-329.0,0.0,0.0,8209.25984789275,0.0,16365.284382066777,2635.5157529873786,271965.3499690076,0.0,2025-09-15,67.4,SWARM_ACTIVE,NORMAL,NORMAL,Clear,NORMAL,Clear,NORMAL,Clear,NORMAL,Clear,NORMAL,Clear,NORMAL,Clear,
17600942.51,6880728.25,10720214.26,1481618.09,-329.0,0.0,0.0,7944.563128265979,0.0,16172.443956885834,2635.5157529873786,271965.3499690076,0.0,2025-09-16,68.4,SWARM_ACTIVE,NORMAL,NORMAL,Clear,NORMAL,Clear,NORMAL,Clear,NORMAL,Clear,NORMAL,Clear,NORMAL,Clear,
17507536.65,6872881.92,10634654.73,256555.69,-42.14,0.0,0.0,8862.738981572558,0.0,31621.85153725945,2606.5568062712005,273659.2108952911,0.0,2025-09-17,65.9,SWARM_ACTIVE,NORMAL,NORMAL,Clear,NORMAL,Clear,NORMAL,Clear,NORMAL,Clear,NORMAL,Clear,NORMAL,Clear,
17308216.5,6914340.21,10393876.29,516895.56,-0.23,0.0,0.0,7941.056546314971,0.0,38111.30698282473,2606.365513147603,273668.85437529313,0.0,2025-09-18,68.9,SWARM_ACTIVE,NORMAL,NORMAL,Clear,NORMAL,Clear,NORMAL,Clear,NORMAL,Clear,NORMAL,Clear,NORMAL,Clear,
17479983.6,6923136.01,10556847.6,561617.13,-0.23,0.0,0.0,8381.166502399745,0.0,31023.368713094645,2606.365513147603,273668.85437529313,0.0,2025-09-19,65.8,SWARM_ACTIVE,NORMAL,NORMAL,Clear,NORMAL,Clear,NORMAL,Clear,NORMAL,Clear,NORMAL,Clear,NORMAL,Clear,
17565108.42,6950676.1,10614432.32,408886.75,813105.98,0.0,0.0,9314.977081888415,0.0,21593.64339927869,1942.211896906539,279027.04466969584,0.0,2025-09-22,69.6,SWARM_ACTIVE,NORMAL,NORMAL,Clear,NORMAL,Clear,NORMAL,Clear,NORMAL,Clear,NORMAL,Clear,NORMAL,Clear,
17655284.12,6928658.46,10726625.66,-483.97,1026755.85,0.0,0.0,9189.17745202534,0.0,32539.900876012205,1612.491163895313,269473.135723259,1355.9340473176842,2025-09-23,70.3,SWARM_ACTIVE,NORMAL,NORMAL,Clear,NORMAL,Clear,NORMAL,Clear,NORMAL,Clear,NORMAL,Clear,NORMAL,Clear,
17689747.32,6927539.97,10762207.35,-483.97,1462898.93,0.0,0.0,9189.17745202534,0.0,32539.900876012205,1372.1171897940083,271877.29780185857,940.7249541226995,2025-09-24,67.1,SWARM_ACTIVE,NORMAL,NORMAL,Clear,NORMAL,Clear,NORMAL,Clear,NORMAL,Clear,NORMAL,Clear,NORMAL,Clear,
18048305.09,6917021.97,11131283.13,-483.97,2181435.55,0.0,0.0,9189.17745202534,0.0,32539.900876012205,1092.9957173116,273545.6861091163,0.0,2025-09-25,68.1,SWARM_ACTIVE,NORMAL,NORMAL,Clear,NORMAL,Clear,NORMAL,Clear,NORMAL,Clear,NORMAL,Clear,NORMAL,Clear,
18114429.04,6952965.55,11161463.49,-483.97,2403160.71,0.0,0.0,9189.17745202534,0.0,32539.900876012205,778.5816980421191,281682.380697641,0.0,2025-09-26,71.3,SWARM_ACTIVE,NORMAL,NORMAL,Clear,NORMAL,Clear,NORMAL,Clear,NORMAL,Clear,NORMAL,Clear,NORMAL,Clear,
18514581.62,6951031.48,11563550.15,-483.97,2380563.74,0.0,0.0,9189.17745202534,0.0,32539.900876012205,628.2889948967396,290019.47196554,0.0,2025-09-29,76.9,SWARM_ACTIVE,NORMAL,NORMAL,Clear,NORMAL,Clear,NORMAL,Clear,NORMAL,Clear,NORMAL,Clear,NORMAL,Clear,
18761386.68,6950595.05,11810791.63,-483.97,2954083.49,0.0,0.0,9189.17745202534,0.0,32539.900876012205,446.6411357948346,279279.4114803536,0.0,2025-09-30,71.6,SWARM_ACTIVE,NORMAL,NORMAL,Clear,NORMAL,Clear,NORMAL,Clear,NORMAL,Clear,NORMAL,Clear,NORMAL,Clear,
18787243.25,6977025.71,11810217.54,-483.97,2786379.47,0.0,0.0,9189.17745202534,0.0,32539.900876012205,317.3276113943987,291194.1870464193,0.0,2025-10-01,77.6,SWARM_ACTIVE,NORMAL,NORMAL,Clear,NORMAL,Clear,NORMAL,Clear,NORMAL,Clear,NORMAL,Clear,NORMAL,Clear,
18794949.6,6985266.43,11809683.17,-483.97,2886478.35,0.0,0.0,9189.17745202534,0.0,32539.900876012205,0.0,303070.803650902,0.0,2025-10-02,77.6,SWARM_ACTIVE,NORMAL,NORMAL,Clear,NORMAL,Clear,NORMAL,Clear,NORMAL,Clear,NORMAL,Clear,NORMAL,Clear,
18778329.62,6969446.65,11808882.97,-483.97,3106585.21,0.0,0.0,9189.17745202534,0.0,32539.900876012205,0.0,295586.86409696017,0.0,2025-10-03,77.6,SWARM_ACTIVE,NORMAL,NORMAL,Clear,NORMAL,Clear,NORMAL,Clear,NORMAL,Clear,NORMAL,Clear,NORMAL,Clear,
18826780.94,7018118.29,11808662.65,-483.97,3154400.27,0.0,0.0,9189.17745202534,0.0,32539.900876012205,0.0,293961.0853486843,0.0,2025-10-06,77.6,SWARM_ACTIVE,NORMAL,NORMAL,Clear,NORMAL,Clear,NORMAL,Clear,NORMAL,Clear,NORMAL,Clear,NORMAL,Clear,
18799624.28,6991009.49,11808614.78,-483.97,3011797.46,0.0,0.0,9189.17745202534,0.0,32539.900876012205,0.0,298800.09180999565,0.0,2025-10-07,77.6,SWARM_ACTIVE,NORMAL,NORMAL,Clear,NORMAL,Clear,NORMAL,Clear,NORMAL,Clear,NORMAL,Clear,NORMAL,Clear,
18854692.04,7046219.72,11808472.32,-483.97,2874197.93,0.0,0.0,9189.17745202534,0.0,32539.900876012205,0.0,303469.3194993062,0.0,2025-10-08,77.6,SWARM_ACTIVE,NORMAL,NORMAL,Clear,NORMAL,Clear,NORMAL,Clear,NORMAL,Clear,NORMAL,Clear,NORMAL,Clear,
19720442.76,7019907.94,12700534.82,-483.97,2295308.65,0.0,0.0,9189.17745202534,0.0,32539.900876012205,0.0,321329.4476404561,0.0,2025-10-09,77.6,SWARM_ACTIVE,NORMAL,NORMAL,Clear,NORMAL,Clear,NORMAL,Clear,NORMAL,Clear,NORMAL,Clear,NORMAL,Clear,
18999120.56,6784371.58,12214748.97,-483.97,1408505.85,0.0,0.0,9189.17745202534,0.0,32539.900876012205,0.0,350027.7586670896,0.0,2025-10-10,78.2,SWARM_ACTIVE,NORMAL,NORMAL,Clear,NORMAL,Clear,NORMAL,Clear,NORMAL,Clear,NORMAL,Clear,NORMAL,Clear,
19282268.22,6917893.79,12364374.43,-483.97,1083371.44,0.0,0.0,9189.17745202534,0.0,32539.900876012205,0.0,323326.9239778347,3094.461702590197,2025-10-13,78.5,SWARM_ACTIVE,NORMAL,NORMAL,Clear,NORMAL,Clear,NORMAL,Clear,NORMAL,Clear,NORMAL,Clear,NORMAL,Clear,
18610264.51,6880931.52,11729332.98,-483.97,835544.99,0.0,0.0,9189.17745202534,0.0,32539.900876012205,759.3399738034975,306808.42548326025,2116.332884703692,2025-10-14,78.6,SWARM_ACTIVE,NORMAL,NORMAL,Clear,NORMAL,Clear,NORMAL,Clear,NORMAL,Clear,NORMAL,Clear,NORMAL,Clear,
19132454.12,6918853.07,12213601.05,68304.1,436011.68,0.0,0.0,9189.17745202534,0.0,30930.91379634304,1340.578935601845,286292.2323763221,2652.2411750226092,2025-10-15,71.6,SWARM_ACTIVE,NORMAL,NORMAL,Clear,NORMAL,Clear,NORMAL,Clear,NORMAL,Clear,NORMAL,Clear,NORMAL,Clear,
18976370.4,6882370.72,12093999.67,567405.06,172402.33,0.0,0.0,8957.161776293779,0.0,22402.624704109745,1639.206736039769,280491.72419299727,2662.3434068433603,2025-10-16,73.4,SWARM_ACTIVE,NORMAL,NORMAL,Clear,NORMAL,Clear,NORMAL,Clear,NORMAL,Clear,NORMAL,Clear,NORMAL,Clear,
18858337.77,6924891.64,11933446.13,546842.47,120903.93,0.0,0.0,9309.662664481562,0.0,17887.738739348253,1759.7137701191332,280491.72419299727,2323.9351823412,2025-10-17,76.5,SWARM_ACTIVE,NORMAL,NORMAL,Clear,NORMAL,Clear,NORMAL,Clear,NORMAL,Clear,NORMAL,Clear,NORMAL,Clear,
18843155.34,7003311.59,11839843.75,617227.98,268497.87,0.0,0.0,8565.556735199782,0.0,26784.243193402486,1844.0542325166566,280491.72419299727,1590.2717239309493,2025-10-20,73.3,SWARM_ACTIVE,NORMAL,NORMAL,Clear,NORMAL,Clear,NORMAL,Clear,NORMAL,Clear,NORMAL,Clear,NORMAL,Clear,
18944850.78,6998450.02,11946400.77,629533.35,-268.5,0.0,0.0,8747.70244904943,0.0,23904.736075505036,2030.799025767484,280491.72419299727,1590.2717239309493,2025-10-21,69.1,SWARM_ACTIVE,NORMAL,NORMAL,Clear,NORMAL,Clear,NORMAL,Clear,NORMAL,Clear,NORMAL,Clear,NORMAL,Clear,
18725806.56,6959912.13,11765894.44,679157.74,121280.39,0.0,0.0,8790.857022017017,0.0,22162.8525357224,2030.799025767484,280491.72419299727,1263.9546999033528,2025-10-22,70.8,SWARM_ACTIVE,NORMAL,NORMAL,Clear,NORMAL,Clear,NORMAL,Clear,NORMAL,Clear,NORMAL,Clear,NORMAL,Clear,
18876317.8,7017354.17,11858963.63,300358.54,88237.66,0.0,0.0,8936.317916444577,0.0,28731.11620662882,2114.82290851609,279370.0588848631,1117.4971990602078,2025-10-23,67.5,SWARM_ACTIVE,NORMAL,NORMAL,Clear,NORMAL,Clear,NORMAL,Clear,NORMAL,Clear,NORMAL,Clear,NORMAL,Clear,
18986318.34,7062345.15,11923973.18,329007.85,668104.15,0.0,0.0,9423.670922495969,0.0,21181.490039015538,2176.7125925523333,271452.49780354684,0.0,2025-10-24,65.6,SWARM_ACTIVE,NORMAL,NORMAL,Clear,NORMAL,Clear,NORMAL,Clear,NORMAL,Clear,NORMAL,Clear,NORMAL,Clear,
19333354.04,7167354.14,12165999.9,43737.36,914916.99,0.0,0.0,9948.16855171208,0.0,20173.64019414002,2144.8187952875646,264939.9538070269,0.0,2025-10-27,68.0,SWARM_ACTIVE,NORMAL,NORMAL,Clear,NORMAL,Clear,NORMAL,Clear,NORMAL,Clear,NORMAL,Clear,NORMAL,Clear,
19073869.1,7205766.86,11868102.23,-43.74,482216.15,0.0,0.0,10017.361674134747,0.0,20173.64019414002,2280.3989907106957,272970.6195463603,0.0,2025-10-28,68.4,SWARM_ACTIVE,NORMAL,NORMAL,Clear,NORMAL,Clear,NORMAL,Clear,NORMAL,Clear,NORMAL,Clear,NORMAL,Clear,
19384761.16,7240737.33,12144023.82,-43.74,711872.79,0.0,0.0,10017.361674134747,0.0,20173.64019414002,2154.22352224778,271283.26321480004,0.0,2025-10-29,70.6,SWARM_ACTIVE,NORMAL,NORMAL,Clear,NORMAL,Clear,NORMAL,Clear,NORMAL,Clear,NORMAL,Clear,NORMAL,Clear,
19311849.63,7138292.73,12173556.89,-43.74,1171672.8,0.0,0.0,10017.361674134747,0.0,20173.64019414002,1943.8107962459542,265976.87036826735,0.0,2025-10-30,66.7,SWARM_ACTIVE,NORMAL,NORMAL,Clear,NORMAL,Clear,NORMAL,Clear,NORMAL,Clear,NORMAL,Clear,NORMAL,Clear,
19192007.8,7174907.23,12017100.58,-43.74,1196341.76,0.0,0.0,10017.361674134747,0.0,20173.64019414002,1855.3943015301447,269236.77307617065,0.0,2025-10-31,65.9,SWARM_ACTIVE,NORMAL,NORMAL,Clear,NORMAL,Clear,NORMAL,Clear,NORMAL,Clear,NORMAL,Clear,NORMAL,Clear,
19096482.19,7205120.5,11891361.7,-43.74,1614598.89,0.0,0.0,10017.361674134747,0.0,20173.64019414002,1620.2754555825509,266339.1477495411,0.0,2025-11-03,63.2,SWARM_ACTIVE,NORMAL,NORMAL,Clear,NORMAL,Clear,NORMAL,Clear,NORMAL,Clear,NORMAL,Clear,NORMAL,Clear,
18623712.43,7067261.85,11556450.57,-43.74,1751407.51,0.0,0.0,10017.361674134747,0.0,20173.64019414002,1417.6235965213484,271464.25109247526,0.0,2025-11-04,68.5,SWARM_ACTIVE,NORMAL,NORMAL,Clear,NORMAL,Clear,NORMAL,Clear,NORMAL,Clear,NORMAL,Clear,NORMAL,Clear,
18715901.98,7109880.45,11606021.53,-43.74,2300347.39,0.0,0.0,10017.361674134747,0.0,20173.64019414002,975.2039693382612,273812.6594792799,0.0,2025-11-05,73.1,SWARM_ACTIVE,NORMAL,NORMAL,Clear,NORMAL,Clear,NORMAL,Clear,NORMAL,Clear,NORMAL,Clear,NORMAL,Clear,
18810927.19,7002229.5,11808697.69,-43.74,2020650.72,0.0,0.0,10017.361674134747,0.0,20173.64019414002,912.1614512561466,286209.9338714813,0.0,2025-11-06,78.9,SWARM_ACTIVE,NORMAL,NORMAL,Clear,NORMAL,Clear,NORMAL,Clear,NORMAL,Clear,NORMAL,Clear,NORMAL,Clear,
18936767.12,6995622.55,11941144.57,-242.04,2156529.18,0.0,0.0,9619.417951429028,0.0,25626.11225506556,964.5044944478107,279251.66427077685,0.0,2025-11-07,72.5,SWARM_ACTIVE,NORMAL,NORMAL,Clear,NORMAL,Clear,NORMAL,Clear,NORMAL,Clear,NORMAL,Clear,NORMAL,Clear,
19103362.91,7135028.14,11968334.77,-98.12,1518004.73,0.0,0.0,9461.230388624737,0.0,27816.622027858568,1359.8210418482563,281555.042911983,0.0,2025-11-10,74.3,SWARM_ACTIVE,NORMAL,NORMAL,Clear,NORMAL,Clear,NORMAL,Clear,NORMAL,Clear,NORMAL,Clear,NORMAL,Clear,
18943835.61,7135419.51,11808416.1,-170.69,1437269.85,0.0,0.0,9185.83557182908,0.0,31578.073324019144,1399.0755102584321,282376.824373028,0.0,2025-11-11,67.9,SWARM_ACTIVE,NORMAL,NORMAL,Clear,NORMAL,Clear,NORMAL,Clear,NORMAL,Clear,NORMAL,Clear,NORMAL,Clear,
18890643.73,7110543.37,11780100.37,-501.86,939594.16,0.0,0.0,8375.658878300315,0.0,42794.514080668276,1813.7835642612151,278970.2633229047,0.0,2025-11-12,69.9,SWARM_ACTIVE,NORMAL,NORMAL,Clear,NORMAL,Clear,NORMAL,Clear,NORMAL,Clear,NORMAL,Clear,NORMAL,Clear,
19140215.33,7008352.49,12131862.85,19151.85,523192.96,0.0,0.0,7331.9811471355915,0.0,56465.66726735885,2463.6782747553725,261891.57758433366,0.0,2025-11-13,70.6,SWARM_ACTIVE,DEFENSIVE,NORMAL,Clear,NORMAL,Clear,NORMAL,Clear,NORMAL,Clear,NORMAL,Clear,NORMAL,Clear,
18967277.56,7053583.93,11913693.63,819883.78,-523.19,0.0,0.0,5711.436722880092,0.0,60488.239097057565,2828.9818068607506,261891.57758433366,0.0,2025-11-14,82.1,SWARM_ACTIVE,DEFENSIVE,NORMAL,Clear,NORMAL,Clear,NORMAL,Clear,NORMAL,Clear,NORMAL,Clear,NORMAL,Clear,
18653231.42,6972373.09,11680858.33,715517.59,-100.79,0.0,0.0,4158.773289869147,0.0,83674.39575594458,2758.865050076683,265369.5071181547,0.0,2025-11-17,83.8,SWARM_ACTIVE,DEFENSIVE,NORMAL,Clear,NORMAL,Clear,NORMAL,Clear,NORMAL,Clear,NORMAL,Clear,NORMAL,Clear,
18507390.84,6969739.13,11537651.71,1272044.14,-100.79,0.0,0.0,3990.846391864261,0.0,73549.81211467095,2758.865050076683,265369.5071181547,0.0,2025-11-18,85.2,SWARM_ACTIVE,DEFENSIVE,NORMAL,Clear,NORMAL,Clear,NORMAL,Clear,NORMAL,Clear,NORMAL,Clear,NORMAL,Clear,
18716560.35,6940343.77,11776216.59,1568474.59,-100.79,0.0,0.0,4003.807765599175,0.0,66716.1765604132,2758.865050076683,265369.5071181547,0.0,2025-11-19,86.1,SWARM_ACTIVE,DEFENSIVE,NORMAL,Clear,NORMAL,Clear,NORMAL,Clear,NORMAL,Clear,NORMAL,Clear,NORMAL,Clear,
18516963.07,6849512.89,11667450.18,1773179.0,-100.79,0.0,0.0,4015.144418051204,0.0,61914.0847308994,2758.865050076683,265369.5071181547,0.0,2025-11-20,84.6,SWARM_ACTIVE,DEFENSIVE,NORMAL,Clear,NORMAL,Clear,NORMAL,Clear,NORMAL,Clear,NORMAL,Clear,NORMAL,Clear,
18329937.88,6884127.85,11445810.04,2030787.97,-100.79,0.0,0.0,3622.04174050314,0.0,61322.92828124541,2758.865050076683,265369.5071181547,0.0,2025-11-21,85.8,SWARM_ACTIVE,DEFENSIVE,NORMAL,Clear,NORMAL,Clear,NORMAL,Clear,NORMAL,Clear,NORMAL,Clear,NORMAL,Clear,
18299908.93,6930855.6,11369053.33,2239902.65,-100.79,0.0,0.0,3728.1395759784627,0.0,55134.56916047295,2758.865050076683,265369.5071181547,0.0,2025-11-24,85.1,SWARM_ACTIVE,DEFENSIVE,NORMAL,Clear,NORMAL,Clear,NORMAL,Clear,NORMAL,Clear,NORMAL,Clear,NORMAL,Clear,
18413552.75,6929099.03,11484453.72,2106580.93,-100.79,0.0,0.0,3423.3278507654672,0.0,62377.28227631796,2758.865050076683,265369.5071181547,0.0,2025-11-25,81.1,SWARM_ACTIVE,DEFENSIVE,NORMAL,Clear,NORMAL,Clear,NORMAL,Clear,NORMAL,Clear,NORMAL,Clear,NORMAL,Clear,
18443140.23,6967708.94,11475431.28,2072776.8,-100.79,0.0,0.0,3639.5198461220225,0.0,60139.349053114456,2758.865050076683,265369.5071181547,0.0,2025-11-26,81.3,SWARM_ACTIVE,DEFENSIVE,NORMAL,Clear,NORMAL,Clear,NORMAL,Clear,NORMAL,Clear,NORMAL,Clear,NORMAL,Clear,
18483003.08,6967477.26,11515525.83,2109280.71,-100.79,0.0,0.0,3542.654921518681,0.0,60655.325064033794,2758.865050076683,265369.5071181547,0.0,2025-11-27,81.7,SWARM_ACTIVE,DEFENSIVE,NORMAL,Clear,NORMAL,Clear,NORMAL,Clear,NORMAL,Clear,NORMAL,Clear,NORMAL,Clear,
18539096.79,7020198.08,11518898.7,1882868.92,-100.79,0.0,0.0,4061.1784138379676,0.0,58543.81087657935,2758.865050076683,265369.5071181547,0.0,2025-11-28,82.5,SWARM_ACTIVE,DEFENSIVE,NORMAL,Clear,NORMAL,Clear,NORMAL,Clear,NORMAL,Clear,NORMAL,Clear,NORMAL,Clear,
18941461.46,7036597.65,11904863.8,1658214.69,-100.79,0.0,0.0,4149.311053007869,0.0,62301.08272143221,2758.865050076683,265369.5071181547,0.0,2025-12-01,82.7,SWARM_ACTIVE,DEFENSIVE,NORMAL,Clear,NORMAL,Clear,NORMAL,Clear,NORMAL,Clear,NORMAL,Clear,NORMAL,Clear,
18807416.6,7019941.84,11787474.76,1619108.43,-100.79,0.0,0.0,3800.039358808488,0.0,68020.62939290081,2758.865050076683,265369.5071181547,0.0,2025-12-02,82.6,SWARM_ACTIVE,DEFENSIVE,NORMAL,Clear,NORMAL,Clear,NORMAL,Clear,NORMAL,Clear,NORMAL,Clear,NORMAL,Clear,
18911940.31,7082229.5,11829710.81,1499769.26,-100.79,0.0,0.0,3584.100859620622,0.0,73587.00749759981,2758.865050076683,265369.5071181547,0.0,2025-12-03,81.4,SWARM_ACTIVE,DEFENSIVE,NORMAL,Clear,NORMAL,Clear,NORMAL,Clear,NORMAL,Clear,NORMAL,Clear,NORMAL,Clear,
19100881.8,7093993.57,12006888.22,1244665.22,-100.79,0.0,0.0,4540.043160648382,0.0,66138.23834957546,2758.865050076683,265369.5071181547,0.0,2025-12-04,82.4,SWARM_ACTIVE,DEFENSIVE,NORMAL,Clear,NORMAL,Clear,NORMAL,Clear,NORMAL,Clear,NORMAL,Clear,NORMAL,Clear,
19282543.31,7092115.0,12190428.31,507147.81,794221.15,0.0,0.0,6532.543073503375,0.0,54961.42087980963,1952.2269987567224,276173.9356136744,0.0,2025-12-05,79.4,SWARM_ACTIVE,NORMAL,NORMAL,Clear,NORMAL,Clear,NORMAL,Clear,NORMAL,Clear,NORMAL,Clear,NORMAL,Clear,
19271319.9,7055284.26,12216035.64,-507.15,1489979.17,0.0,0.0,7345.962041338453,0.0,54961.42087980963,1396.518906036192,278659.9948924003,0.0,2025-12-08,80.5,SWARM_ACTIVE,NORMAL,NORMAL,Clear,NORMAL,Clear,NORMAL,Clear,NORMAL,Clear,NORMAL,Clear,NORMAL,Clear,
18960709.96,7075685.38,11885024.58,-507.15,1689251.44,0.0,0.0,7345.962041338453,0.0,54961.42087980963,994.4984919004039,290292.41449836304,0.0,2025-12-09,83.3,SWARM_ACTIVE,NORMAL,NORMAL,Clear,NORMAL,Clear,NORMAL,Clear,NORMAL,Clear,NORMAL,Clear,NORMAL,Clear,
19108095.24,7120625.19,11987470.06,-507.15,2137667.88,0.0,0.0,7345.962041338453,0.0,54961.42087980963,699.8408776724211,288912.2653174278,0.0,2025-12-10,83.2,SWARM_ACTIVE,NORMAL,NORMAL,Clear,NORMAL,Clear,NORMAL,Clear,NORMAL,Clear,NORMAL,Clear,NORMAL,Clear,
19147759.4,7093743.13,12054016.27,-507.15,2003362.97,0.0,0.0,7345.962041338453,0.0,54961.42087980963,492.62771835244087,290457.4511324233,960.0289071085556,2025-12-11,82.7,SWARM_ACTIVE,NORMAL,NORMAL,Clear,NORMAL,Clear,NORMAL,Clear,NORMAL,Clear,NORMAL,Clear,NORMAL,Clear,
19256613.38,6981474.6,12275138.78,-507.15,2377065.47,0.0,0.0,7345.962041338453,0.0,54961.42087980963,488.91007191750566,290685.88301960065,0.0,2025-12-12,80.7,SWARM_ACTIVE,NORMAL,NORMAL,Clear,NORMAL,Clear,NORMAL,Clear,NORMAL,Clear,NORMAL,Clear,NORMAL,Clear,
19134461.95,6941439.07,12193022.89,-507.15,831279.17,0.0,0.0,7345.962041338453,0.0,54961.42087980963,1934.8884902042541,275271.3566738985,0.0,2025-12-15,77.0,SWARM_ACTIVE,DEFENSIVE,NORMAL,Clear,NORMAL,Clear,NORMAL,Clear,NORMAL,Clear,NORMAL,Clear,NORMAL,Clear,
18757965.84,6875110.51,11882855.33,144105.36,-28.52,0.0,0.0,6843.535318330773,0.0,58688.02763661893,2508.457134836588,276211.89750323456,0.0,2025-12-16,82.8,SWARM_ACTIVE,DEFENSIVE,NORMAL,Clear,NORMAL,Clear,NORMAL,Clear,NORMAL,Clear,NORMAL,Clear,NORMAL,Clear,
18914901.22,6853581.74,12061319.48,541596.22,-28.52,0.0,0.0,5693.1848498865265,0.0,65249.09315120321,2508.457134836588,276211.89750323456,0.0,2025-12-17,80.9,SWARM_ACTIVE,DEFENSIVE,NORMAL,Clear,NORMAL,Clear,NORMAL,Clear,NORMAL,Clear,NORMAL,Clear,NORMAL,Clear,
18943775.21,6860014.48,12083760.73,908380.42,-28.52,0.0,0.0,5520.726841181726,0.0,59255.98062495894,2508.457134836588,276211.89750323456,0.0,2025-12-18,85.8,SWARM_ACTIVE,DEFENSIVE,NORMAL,Clear,NORMAL,Clear,NORMAL,Clear,NORMAL,Clear,NORMAL,Clear,NORMAL,Clear,
19036035.83,6903425.3,12132610.53,1132492.25,-28.52,0.0,3457.053781739381,3954.921419702062,0.0,61848.226056736334,2508.457134836588,276211.89750323456,0.0,2025-12-19,84.4,SWARM_ACTIVE,DEFENSIVE,NORMAL,Clear,NORMAL,Clear,NORMAL,Clear,NORMAL,Clear,NORMAL,Clear,NORMAL,Clear,
19468459.51,6950755.47,12517704.04,1254214.51,-28.52,0.0,2494.312734604069,3729.6791252062676,0.0,66238.3082138272,2508.457134836588,276211.89750323456,0.0,2025-12-22,82.7,SWARM_ACTIVE,DEFENSIVE,NORMAL,Clear,NORMAL,Clear,NORMAL,Clear,NORMAL,Clear,NORMAL,Clear,NORMAL,Clear,
19389206.53,6994038.79,12395167.74,1337604.48,-28.52,0.0,0.0,5012.804916794228,0.0,56994.08435476443,2508.457134836588,276211.89750323456,0.0,2025-12-23,83.9,SWARM_ACTIVE,DEFENSIVE,NORMAL,Clear,NORMAL,Clear,NORMAL,Clear,NORMAL,Clear,NORMAL,Clear,NORMAL,Clear,
19432547.2,6994071.27,12438475.93,1598399.94,-28.52,0.0,0.0,4794.6715396667005,0.0,54177.84427570376,2508.457134836588,276211.89750323456,0.0,2025-12-24,83.9,SWARM_ACTIVE,DEFENSIVE,NORMAL,Clear,NORMAL,Clear,NORMAL,Clear,NORMAL,Clear,NORMAL,Clear,NORMAL,Clear,
19388233.38,6993810.22,12394423.16,1818343.28,-28.52,0.0,0.0,4813.296288870836,0.0,48953.42883545758,2508.457134836588,276211.89750323456,0.0,2025-12-25,83.8,SWARM_ACTIVE,DEFENSIVE,NORMAL,Clear,NORMAL,Clear,NORMAL,Clear,NORMAL,Clear,NORMAL,Clear,NORMAL,Clear,
19793692.94,6985052.37,12808640.57,2011194.65,-28.52,0.0,0.0,3984.496510092752,0.0,56269.90095638258,2508.457134836588,276211.89750323456,0.0,2025-12-26,83.8,SWARM_ACTIVE,DEFENSIVE,NORMAL,Clear,NORMAL,Clear,NORMAL,Clear,NORMAL,Clear,NORMAL,Clear,NORMAL,Clear,
19530959.16,6995811.9,12535147.26,2480519.75,-28.52,0.0,0.0,3708.3335693839167,0.0,49583.80453719404,2508.457134836588,276211.89750323456,0.0,2025-12-29,84.6,SWARM_ACTIVE,DEFENSIVE,NORMAL,Clear,NORMAL,Clear,NORMAL,Clear,NORMAL,Clear,NORMAL,Clear,NORMAL,Clear,
19723886.16,7006860.6,12717025.57,1670345.79,-28.52,0.0,0.0,5168.788262517877,0.0,47460.23691243465,2508.457134836588,276211.89750323456,0.0,2025-12-30,84.9,SWARM_ACTIVE,NORMAL,NORMAL,Clear,NORMAL,Clear,NORMAL,Clear,NORMAL,Clear,NORMAL,Clear,NORMAL,Clear,
19943124.3,6967531.24,12975593.06,1054720.59,346327.47,0.0,3186.374008610714,4199.119194541765,0.0,61220.88734531702,2508.457134836588,266153.79832474026,0.0,2025-12-31,75.9,SWARM_ACTIVE,NORMAL,NORMAL,Clear,NORMAL,Clear,NORMAL,Clear,NORMAL,Clear,NORMAL,Clear,NORMAL,Clear,
20001011.24,7025764.89,12975246.36,843444.02,-346.33,0.0,2235.173235110747,4215.469412253015,0.0,69552.02011726784,2759.932945961518,266153.79832474026,0.0,2026-01-02,79.1,SWARM_ACTIVE,NORMAL,NORMAL,Clear,NORMAL,Clear,NORMAL,Clear,NORMAL,Clear,NORMAL,Clear,NORMAL,Clear,
20487499.8,7130336.88,13357162.92,1404812.87,-346.33,0.0,0.0,4276.749963292814,0.0,65726.11729073134,2759.932945961518,266153.79832474026,0.0,2026-01-05,79.1,SWARM_ACTIVE,NORMAL,NORMAL,Clear,NORMAL,Clear,NORMAL,Clear,NORMAL,Clear,NORMAL,Clear,NORMAL,Clear,
21019012.16,7070764.21,13948247.96,911965.29,130381.22,0.0,0.0,5156.219405436841,0.0,64498.344094259184,2759.932945961518,262673.52143976983,0.0,2026-01-06,74.1,SWARM_ACTIVE,NORMAL,NORMAL,Clear,NORMAL,Clear,NORMAL,Clear,NORMAL,Clear,NORMAL,Clear,NORMAL,Clear,
20744491.13,7040359.77,13704131.37,787700.1,-130.38,0.0,0.0,5552.04413478696,0.0,61770.50293458111,2851.5339611857635,262673.52143976983,0.0,2026-01-07,73.4,SWARM_ACTIVE,NORMAL,NORMAL,Clear,NORMAL,Clear,NORMAL,Clear,NORMAL,Clear,NORMAL,Clear,NORMAL,Clear,
20670133.43,7107993.63,13562139.8,-253.46,297690.51,0.0,0.0,6412.21601891151,0.0,67215.30580008072,2851.5339611857635,254460.87623347447,0.0,2026-01-08,71.5,SWARM_ACTIVE,NORMAL,NORMAL,Clear,NORMAL,Clear,NORMAL,Clear,NORMAL,Clear,NORMAL,Clear,NORMAL,Clear,
20970236.48,7154900.07,13815336.41,-150.05,109792.09,0.0,0.0,6172.122287438488,0.0,70430.45125250018,2908.0817093624287,257348.13574873144,0.0,2026-01-09,73.9,SWARM_ACTIVE,NORMAL,NORMAL,Clear,NORMAL,Clear,NORMAL,Clear,NORMAL,Clear,NORMAL,Clear,NORMAL,Clear,
20972019.17,7134566.9,13837452.27,-41.59,281117.52,0.0,0.0,6105.500984913105,0.0,71327.97061624214,2892.83516124266,253327.80342849618,0.0,2026-01-12,68.2,SWARM_ACTIVE,NORMAL,NORMAL,Clear,NORMAL,Clear,NORMAL,Clear,NORMAL,Clear,NORMAL,Clear,NORMAL,Clear,
21226045.46,7175881.91,14050163.56,-69.81,641129.95,0.0,0.0,5993.8529250362035,0.0,72813.2253055957,2739.4456661786026,249563.67615524863,0.0,2026-01-13,72.9,SWARM_ACTIVE,NORMAL,NORMAL,Clear,NORMAL,Clear,NORMAL,Clear,NORMAL,Clear,NORMAL,Clear,NORMAL,Clear,
21291929.36,7212825.41,14079103.95,354435.97,731873.28,0.0,0.0,4945.339304637343,0.0,78933.84637861619,2307.646580514629,236811.3056440105,2830.063676213992,2026-01-14,72.7,SWARM_ACTIVE,DEFENSIVE,NORMAL,Clear,NORMAL,Clear,NORMAL,Clear,NORMAL,Clear,NORMAL,Clear,NORMAL,Clear,
