date,combined_nav,swarm_alpha,swarm_beta,swarm_gamma,swarm_delta,swarm_epsilon,ew_benchmark,btc_benchmark
2018-04-10,101564.54393032775,20421.049591592073,20779.096102747782,20330.364150857964,20439.52751217095,19594.506572958988,101963.65627094252,100945.6851084145
2018-04-11,107477.22699906312,21120.3965314432,21650.648841637714,23030.18947598904,21899.356416449704,19776.63573354346,108431.75670625552,102918.29454608262
2018-04-12,122328.90860615761,24364.399922124925,24017.22882633093,25124.728995033114,24834.06904007934,23988.481822589303,122861.02730339188,116519.93245569973
2018-04-13,121882.85520429519,24305.99079187673,23871.15864256296,24958.716300849737,24624.632039977438,24122.357429028314,122295.60566825712,116619.03492998029
2018-04-14,123475.06155431175,24361.06329675991,24056.465554216662,25286.75042326586,25115.107556097737,24655.674723971577,123800.4852933503,117952.4254757254
2018-04-15,131969.7007360774,25526.1808990095,25606.26045152545,26901.71733582186,27174.526545733792,26761.01550398679,132079.29003018796,123016.43065945838
2018-04-16,128122.46850110762,25673.721790729644,24910.741380843934,25991.613893615464,26300.934665536683,25245.45677038191,128684.08138005045,119022.17257402845
2018-04-17,128925.92044190012,24890.604164750763,25090.229593707063,26700.181673947587,26471.442291116608,25773.462718378094,129520.02749672378,116709.56996579151
2018-04-18,141657.98394754133,25930.4248007897,27280.92170923895,29663.54068391146,29912.495443945907,28870.601309655314,142975.36023717307,120569.27311270253
2018-04-19,148017.40404443484,26903.698662800238,29554.38131055742,30923.58387336491,31127.147719940964,29508.59247777132,149818.60530625546,122502.4420444879
2018-04-20,159350.3965206429,28752.02857154473,32451.543136979257,34292.623382199185,33347.21648833113,30506.98494158862,161934.49219688965,130648.10003710388
2018-04-21,154819.831039959,28876.529099210074,32015.59370009801,33284.854092923306,31531.02196437985,29111.83218334779,157766.64627842547,131382.88048387272
2018-04-22,154936.30286203386,28600.80587600199,32306.841149307445,33158.23515659536,32228.24804944452,28642.172630684556,158254.24789538875,130007.54699020041
2018-04-23,160871.63528517692,29403.07182974183,34081.31757775072,34917.38772051788,33246.105979409665,29223.752177756818,165070.06789384515,131904.23940365433
2018-04-24,177074.98052368962,32290.475094830716,36136.99808343878,41327.792575821724,35257.052020886,32062.66274871237,181964.58497118703,143226.8016591118
2018-04-25,155363.9570732945,28416.23736099231,31073.670689026418,37002.72937133241,30640.122216341042,28231.19743560234,159507.1713439243,130646.77309377193
2018-04-26,163198.4617565168,29760.08711749098,32613.351803882313,39483.798185936925,32060.13537349378,29281.089275712817,173055.42189364915,137082.85210603572
2018-04-27,159505.61105052306,29223.565278844577,31330.700309064978,39928.42204273751,30831.23922683782,28191.68419303817,167299.55005506135,132733.83860546906
2018-04-28,167207.03934148146,31212.917935702477,32320.760241582237,43344.20654439666,31420.696504432595,28908.458115367488,178642.7144792495,138071.97297362587
2018-04-29,172685.6162092941,31384.071578355837,32925.78448925721,46663.51342680136,32416.128589472104,29296.118125407607,185441.10550122795,139114.69081318905
2018-04-30,170156.0552983287,30883.544133520387,32718.29056074479,45729.54502513892,31875.1281958538,28949.5473830708,177510.1621060098,136477.89575634143
2018-05-01,170742.60124470663,30959.22172475158,32754.775354131958,46125.76911915211,31865.15513798652,29037.679908684455,179176.61964401408,134682.81547086113
2018-05-02,171487.61749327133,31214.26561213392,33103.43646695896,46105.11938993411,32017.262918152144,29047.53310609218,182216.46668901123,136409.51490485488
2018-05-03,172900.45040689557,31933.289733771668,33466.263071946596,45798.63406712386,32345.59686230299,29356.666671750463,186953.38245910796,143911.51884169385
2018-05-04,172075.6548104167,31752.094230898176,33713.414936048735,45511.82414530385,31940.19808304803,29158.123415117894,184585.0382115496,143274.9466247862
2018-05-05,173422.47138980564,32045.78423735327,34298.220534165615,45732.25444612289,31990.049501635593,29356.162670528265,188645.06130573127,145599.52056960482
2018-05-06,172047.7585398527,31529.006263526237,33903.92671339623,45839.75242889333,31706.661492385592,29068.41164165129,184576.48048508202,142596.14299400963
2018-05-07,170109.68180772735,31002.649056567792,33645.34931266222,45425.61530836596,31345.392319717586,28690.675810413777,178984.57947102454,138434.25734984173
2018-05-08,169217.38632831868,30827.223432124963,33300.28236576014,45171.322099043035,31345.493048751323,28573.065382639197,176455.40311023348,136393.27427233564
2018-05-09,168887.1449558985,31101.047497234464,33185.6991808659,44769.88754426952,31256.80002482915,28573.710708699447,175547.82631901396,137727.83310514473
2018-05-10,165881.9698611198,30317.52322275508,32552.296579735746,43457.584614070314,30991.737854358875,28562.827590199784,166459.34025442423,133574.08220053356
2018-05-11,161254.19036975427,29113.11484975462,31211.47153286351,42028.36938914511,30338.407007791277,28562.827590199784,150491.2902435815,124676.22041826838
2018-05-12,162292.16985946108,29345.444623405107,31644.53591880153,42407.11875964517,30332.2429674095,28562.827590199784,154662.3138593785,125612.59528841363
2018-05-13,163794.47187321843,30061.227329790487,31734.475768552744,43103.69821726593,30332.2429674095,28562.827590199784,161161.1995690568,128847.85621126667
2018-05-14,163208.61350897705,29813.58932052089,31570.33186582059,42929.621765026284,30332.2429674095,28562.827590199784,161728.15550542306,128742.24883000014
2018-05-15,162199.2909908099,29282.46306829572,31011.0912760243,41814.52467157843,30332.2429674095,29758.96900750197,156942.60157120874,125693.68306463328
2018-05-16,161933.2123214603,29070.873263463018,30213.815952184385,42129.77156075505,30332.2429674095,30186.50857764835,153711.5038901646,123603.06942185292
2018-05-17,157807.78732410836,28615.69889749306,29686.8407439299,40994.604677097224,30332.2429674095,28178.400038178686,145960.08732642658,119548.70224581551
2018-05-18,161606.96317615145,30312.622883037082,29693.398717283177,41698.58186584776,30332.2429674095,29570.116742573955,152193.99745656736,121862.33611979411
2018-05-19,160204.54716709274,29488.81675889536,29543.225733584386,41768.903143526324,30332.2429674095,29071.358563677186,150513.17550192436,121806.35930380186
2018-05-20,164043.14459919385,29744.16573561126,30256.53050068456,44396.14585420274,30332.2429674095,29314.059541285795,156530.10062537336,125736.07313477018
2018-05-21,163839.8301512993,29821.67018766727,29850.61077265164,45329.97793508697,30332.2429674095,28505.32828848394,152918.44534229764,124343.90765339804
2018-05-22,157575.31782409246,28409.72664641487,29227.22936869865,41584.59634233556,30332.2429674095,28021.52249923387,141685.47467195493,118772.71443927087
2018-05-23,153932.83038119186,27428.016680011224,28336.051192681323,40645.53537056097,30332.2429674095,27190.984170528845,130919.37997733573,111624.88898568522
2018-05-24,156110.61358670134,27683.779518862906,28328.76373873791,42584.631163957056,30332.2429674095,27181.196197733952,135894.78612075717,112060.88362166102
2018-05-25,155419.97733707266,27688.849247433005,28328.76373873791,41888.92518575828,30332.2429674095,27181.196197733952,131468.14730615032,110477.60224224575
2018-05-26,155632.599603421,27514.28645381074,28328.76373873791,42276.11024572887,30332.2429674095,27181.196197733952,130821.92073126808,108642.3458627313
2018-05-27,155165.98372855238,27408.03852568232,28328.76373873791,41915.7422989887,30332.2429674095,27181.196197733952,128987.33042432855,108824.6058563634
2018-05-28,152246.10954807518,26919.908524033057,28328.76373873791,39483.998120160744,30332.2429674095,27181.196197733952,118088.97364092946,105394.69532768107
2018-05-29,153601.55527802865,27366.920364969697,28328.76373873791,40392.43200917759,30332.2429674095,27181.196197733952,127664.1996764013,110366.08852082235
2018-05-30,153114.09834160056,27365.85842489794,28328.76373873791,39906.037012821245,30332.2429674095,27181.196197733952,126364.70174351706,109390.27314479437
2018-05-31,154075.6529777611,28470.50078488458,28328.76373873791,39762.94928899519,30332.2429674095,27181.196197733952,128739.75672108473,110684.8145398373
2018-06-01,153841.8565075394,28506.042737705975,28328.76373873791,39493.61086595203,30332.2429674095,27181.196197733952,130016.71620118424,111383.11846827467
2018-06-02,155742.40229530173,28828.84973180032,28328.76373873791,41071.34965962005,30332.2429674095,27181.196197733952,135797.5961932659,112889.60300235348
2018-06-03,155656.99425103085,28741.397962696992,28328.76373873791,41073.39338445249,30332.2429674095,27181.196197733952,138178.67285609603,114023.89435511813
2018-06-04,154311.3931064754,28510.145551344063,28328.76373873791,39959.04465124997,30332.2429674095,27181.196197733952,131845.02472261342,110984.63882802054
2018-06-05,155902.79170560505,29504.322757141832,28328.76373873791,40556.26604458186,30332.2429674095,27181.196197733952,134984.45693972797,112746.48062536528
2018-06-06,156877.25385303568,30795.979917736968,28328.76373873791,40239.071031417334,30332.2429674095,27181.196197733952,134796.66969334907,113045.12220318743
2018-06-07,156452.5500073076,29980.432863015016,28328.76373873791,40629.91424041124,30332.2429674095,27181.196197733952,133941.2929140878,113403.43296105595
2018-06-08,155927.23384861503,29989.11656350771,28328.76373873791,40095.91438122595,30332.2429674095,27181.196197733952,131655.56983168333,112615.92094013929
2018-06-09,155656.99624867062,29728.916068079106,28328.76373873791,40085.87727671016,30332.2429674095,27181.196197733952,129742.1145710985,111243.2485447794
2018-06-10,150990.99794488022,28272.70481008987,28328.76373873791,36876.09023090897,30332.2429674095,27181.196197733952,113658.54244142992,100225.82556248149
2018-06-11,151791.52183571825,29089.95664546175,28328.76373873791,36859.36228637513,30332.2429674095,27181.196197733952,116011.31258551918,102011.45137672167
2018-06-12,151669.83332721528,28968.268136958806,28328.76373873791,36859.36228637513,30332.2429674095,27181.196197733952,108445.29925912434,97217.87580170989
2018-06-13,151189.02076421934,28487.455573962838,28328.76373873791,36859.36228637513,30332.2429674095,27181.196197733952,103882.55788647123,93784.56858656369
2018-06-14,151409.82651829143,28708.26132803493,28328.76373873791,36859.36228637513,30332.2429674095,27181.196197733952,111379.92828847519,98591.2909968697
2018-06-15,151069.25431110605,28820.526695972738,28328.76373873791,36406.52471125196,30332.2429674095,27181.196197733952,106255.44894296658,95360.17677192902
2018-06-16,151627.48683635064,29386.57678019498,28328.76373873791,36398.707152274284,30332.2429674095,27181.196197733952,107354.55213462118,96742.30363852902
2018-06-17,152227.13317334244,29986.223117186815,28328.76373873791,36398.707152274284,30332.2429674095,27181.196197733952,106669.40846434775,95990.68399241182
2018-06-18,152473.3922357237,30232.48217956805,28328.76373873791,36398.707152274284,30332.2429674095,27181.196197733952,109669.77332568035,99469.62651953935
2018-06-19,152321.66804065317,30080.757984497493,28328.76373873791,36398.707152274284,30332.2429674095,27181.196197733952,110815.82932736739,99988.33155265705
2018-06-20,151793.02905950515,29552.119003349497,28328.76373873791,36398.707152274284,30332.2429674095,27181.196197733952,110573.46536681407,100085.95563898626
2018-06-21,152924.6085281273,30334.14542199921,28328.76373873791,36748.260202246754,30332.2429674095,27181.196197733952,109848.43442436836,99394.60373974453
2018-06-22,148020.46082502752,29099.483373035677,28328.76373873791,33078.77454811048,30332.2429674095,27181.196197733952,97119.0818395536,89852.79222411204
2018-06-23,147966.23657092068,29065.274787577506,28328.76373873791,33058.75887946182,30332.2429674095,27181.196197733952,98048.35296803141,91016.47825633874
2018-06-24,147138.55925403413,28237.59747069094,28328.76373873791,33058.75887946182,30332.2429674095,27181.196197733952,94927.40132106937,91175.24991066568
2018-06-25,147456.3307809899,28555.368997646732,28328.76373873791,33058.75887946182,30332.2429674095,27181.196197733952,96166.72779079863,92296.99299496516
2018-06-26,146882.02196401032,27981.06018066714,28328.76373873791,33058.75887946182,30332.2429674095,27181.196197733952,91311.12403847651,90000.19110868637
2018-06-27,146833.51250098844,27932.550717645237,28328.76373873791,33058.75887946182,30332.2429674095,27181.196197733952,93314.048669727,90937.460223251
2018-06-28,146884.0481758503,27983.08639250709,28328.76373873791,33058.75887946182,30332.2429674095,27181.196197733952,88207.46224948182,87190.5977410953
2018-06-29,147145.86907095576,28244.90728761257,28328.76373873791,33058.75887946182,30332.2429674095,27181.196197733952,92354.64546964965,91840.90670614803
2018-06-30,147249.05737530472,28348.095591961537,28328.76373873791,33058.75887946182,30332.2429674095,27181.196197733952,97152.7293214549,94583.5976102039
2018-07-01,147074.71912393387,28173.757340590684,28328.76373873791,33058.75887946182,30332.2429674095,27181.196197733952,96742.34979265484,94315.0862999952
2018-07-02,147186.0250910634,28285.063307720196,28328.76373873791,33058.75887946182,30332.2429674095,27181.196197733952,103607.2036100004,97687.84451397274
2018-07-03,146925.4757407832,28024.51395744004,28328.76373873791,33058.75887946182,30332.2429674095,27181.196197733952,101820.78332805273,96438.49130870147
2018-07-04,146819.56555947877,27918.6037761356,28328.76373873791,33058.75887946182,30332.2429674095,27181.196197733952,103096.39157544429,97442.22297624014
2018-07-05,146723.47668370642,27822.51490036324,28328.76373873791,33058.75887946182,30332.2429674095,27181.196197733952,101788.86051154365,98056.48956420369
2018-07-06,147019.48987976508,27628.816127854712,28328.76373873791,33548.47084802902,30332.2429674095,27181.196197733952,101356.21462892377,98563.96606053963
2018-07-07,147263.97498834226,27620.457011412298,28328.76373873791,33801.315073048616,30332.2429674095,27181.196197733952,104777.1863192083,101273.1300105182
2018-07-08,146690.87891336245,27384.22890848287,28328.76373873791,33464.447100998215,30332.2429674095,27181.196197733952,102762.26148563925,100046.52234475216
2018-07-09,146516.4213276364,27206.81358181986,28328.76373873791,33467.4048419352,30332.2429674095,27181.196197733952,99984.63986495814,99571.98144731298
2018-07-10,145548.40506275924,27199.237886602874,28328.76373873791,32506.964272274978,30332.2429674095,27181.196197733952,92316.032866796,93489.92226203454
2018-07-11,145540.45415909163,27199.237886602874,28328.76373873791,32499.013368607386,30332.2429674095,27181.196197733952,92829.69500842324,94446.38878502115
2018-07-12,145540.45415909163,27199.237886602874,28328.76373873791,32499.013368607386,30332.2429674095,27181.196197733952,89805.51964937695,91996.13744104028
2018-07-13,145540.45415909163,27199.237886602874,28328.76373873791,32499.013368607386,30332.2429674095,27181.196197733952,92847.16628302212,92132.60346642314
2018-07-14,145540.45415909163,27199.237886602874,28328.76373873791,32499.013368607386,30332.2429674095,27181.196197733952,92951.09563891702,92694.8812800388
2018-07-15,145540.45415909163,27199.237886602874,28328.76373873791,32499.013368607386,30332.2429674095,27181.196197733952,95563.68638879852,93928.42655170341
2018-07-16,145540.45415909163,27199.237886602874,28328.76373873791,32499.013368607386,30332.2429674095,27181.196197733952,103979.16088383894,99571.981447313
2018-07-17,145759.6150767294,27199.237886602874,28328.76373873791,32718.174286245132,30332.2429674095,27181.196197733952,112859.06320733913,108127.78031587746
2018-07-18,145120.6703802198,27199.237886602874,27913.488776325605,32494.50455214785,30332.2429674095,27181.196197733952,112255.91046222959,108862.40931802691
2018-07-19,145262.95351601072,27199.237886602874,27902.234358945574,32648.042105318807,30332.2429674095,27181.196197733952,110547.8806301397,110281.45982516806
2018-07-20,142361.06283872348,27199.237886602874,27902.234358945574,30899.60202204082,29178.79237340024,27181.196197733952,102902.16342083208,108616.49931435258
2018-07-21,142332.45904477185,27199.237886602874,27902.234358945574,30880.837060082555,29168.953541406892,27181.196197733952,105012.75769467659,109578.87938914457
2018-07-22,142048.24533460778,27199.237886602874,27902.234358945574,30596.623349918504,29168.953541406892,27181.196197733952,103478.5275760897,109567.06670883083
2018-07-23,142039.0352297928,27199.237886602874,27902.234358945574,30587.41324510349,29168.953541406892,27181.196197733952,103289.22599863619,113888.8995060382
2018-07-24,142798.416062649,27958.61871945907,27902.234358945574,30587.41324510349,29168.953541406892,27181.196197733952,110404.73814473063,124421.87999744716
2018-07-25,142682.09322209615,27681.091560624463,27194.15985367908,31456.69206865177,29168.953541406892,27181.196197733952,110873.91117178446,120834.68341403776
2018-07-26,141621.0116095894,27424.919509673873,27068.586378660744,30777.35598211393,29168.953541406892,27181.196197733952,108559.76548896788,117440.51381553548
2018-07-27,142620.5069629252,27657.384423467003,27622.253330947235,30990.719469370124,29168.953541406892,27181.196197733952,110115.51554930695,120592.7542403593
2018-07-28,143070.74876877584,27687.19997834478,28091.92275212796,30941.476299162263,29168.953541406892,27181.196197733952,110164.54868057586,120993.60651298412
2018-07-29,144746.87252811118,27468.74368264037,30188.244267515467,30739.734838814496,29168.953541406892,27181.196197733952,111026.70156520726,121382.18455978844
2018-07-30,143671.13814778422,27421.963452049014,29523.201455104514,30375.82350148983,29168.953541406892,27181.196197733952,108111.52418610803,120821.24090115327
2018-07-31,141123.13045486473,26997.975187750802,27910.065451674567,29864.940076298524,29168.953541406892,27181.196197733952,101382.23699484517,114912.8670593891
2018-08-01,140728.0436502631,26837.85283938801,27683.459910798818,29856.58116093542,29168.953541406892,27181.196197733952,101317.33882214289,112615.77670716858
2018-08-02,141367.31647782552,26779.072875901966,28381.512701847292,29856.58116093542,29168.953541406892,27181.196197733952,98937.82260982442,111762.68916604866
2018-08-03,140487.94294999755,26741.365979546197,27539.84607037507,29856.58116093542,29168.953541406892,27181.196197733952,98624.33444087522,109801.89962034284
2018-08-04,139542.15034015782,26585.631473899895,26749.78796618165,29856.58116093542,29168.953541406892,27181.196197733952,93908.90420665042,103871.37159425397
2018-08-05,139424.12014277678,26578.089157405375,26639.300085295145,29856.58116093542,29168.953541406892,27181.196197733952,96379.55534710985,104397.60558845077
2018-08-06,139417.12308810453,26578.089157405375,26632.303030622905,29856.58116093542,29168.953541406892,27181.196197733952,94604.89458564584,102674.30284092085
2018-08-07,139417.12308810453,26578.089157405375,26632.303030622905,29856.58116093542,29168.953541406892,27181.196197733952,89781.04704588963,99739.91189528983
2018-08-08,139417.12308810453,26578.089157405375,26632.303030622905,29856.58116093542,29168.953541406892,27181.196197733952,81330.68421405918,93133.23412508829
2018-08-09,139417.12308810453,26578.089157405375,26632.303030622905,29856.58116093542,29168.953541406892,27181.196197733952,85992.5502761298,97009.18511616712
2018-08-10,139417.12308810453,26578.089157405375,26632.303030622905,29856.58116093542,29168.953541406892,27181.196197733952,80102.83716304791,91344.8029795648
2018-08-11,139417.12308810453,26578.089157405375,26632.303030622905,29856.58116093542,29168.953541406892,27181.196197733952,78178.14597334784,92984.50829718204
2018-08-12,139417.12308810453,26578.089157405375,26632.303030622905,29856.58116093542,29168.953541406892,27181.196197733952,78486.98054932068,93382.69225984588
2018-08-13,139417.12308810453,26578.089157405375,26632.303030622905,29856.58116093542,29168.953541406892,27181.196197733952,72564.84537294834,93011.68178889278
2018-08-14,139417.12308810453,26578.089157405375,26632.303030622905,29856.58116093542,29168.953541406892,27181.196197733952,70215.49163760232,91566.34482281169
2018-08-15,139417.12308810453,26578.089157405375,26632.303030622905,29856.58116093542,29168.953541406892,27181.196197733952,71392.03325948972,93173.41021912244
2018-08-16,139417.12308810453,26578.089157405375,26632.303030622905,29856.58116093542,29168.953541406892,27181.196197733952,72647.6753090015,93560.51708962393
2018-08-17,139417.12308810453,26578.089157405375,26632.303030622905,29856.58116093542,29168.953541406892,27181.196197733952,81322.60358891975,97192.3249309215
2018-08-18,138788.3966336561,26578.089157405375,26003.576576174462,29856.58116093542,29168.953541406892,27181.196197733952,76296.25410767553,94875.43860344992
2018-08-19,138778.77401773699,26578.089157405375,25993.953960255334,29856.58116093542,29168.953541406892,27181.196197733952,77991.81907946993,96091.11341002448
2018-08-20,138337.52309916719,26578.089157405375,25552.703041685538,29856.58116093542,29168.953541406892,27181.196197733952,72785.9092967336,93173.55445209326
2018-08-21,139020.87147078937,26578.089157405375,26236.05141330772,29856.58116093542,29168.953541406892,27181.196197733952,74876.87130113048,95835.45325751974
2018-08-22,139099.16393891646,26578.089157405375,26314.343881434823,29856.58116093542,29168.953541406892,27181.196197733952,72514.09215474276,94180.53857312491
2018-08-23,139287.5326005097,26578.089157405375,26502.71254302806,29856.58116093542,29168.953541406892,27181.196197733952,74527.5554513849,96516.62230901848
2018-08-24,139764.1516626045,26578.089157405375,26979.33160512287,29856.58116093542,29168.953541406892,27181.196197733952,75943.3382171207,99250.15441942449
2018-08-25,139226.8627122271,26578.089157405375,26442.04265474545,29856.58116093542,29168.953541406892,27181.196197733952,76172.95884347432,99888.63772319607
2018-08-26,139497.11028423702,26578.089157405375,26712.290226755387,29856.58116093542,29168.953541406892,27181.196197733952,75501.48300917972,99062.57944081603
2018-08-27,139716.25724146242,26578.089157405375,26931.437183980757,29856.58116093542,29168.953541406892,27181.196197733952,81214.37127590165,101682.39106534442
2018-08-28,139706.8452811446,26578.089157405375,26922.025223662946,29856.58116093542,29168.953541406892,27181.196197733952,85015.5666620306,104808.19358660886
2018-08-29,138809.06165817435,26520.978166548048,26081.352591550025,29856.58116093542,29168.953541406892,27181.196197733952,82583.85138866692,104082.7233781093
2018-08-30,138642.5045810564,26450.98659155164,25984.787089428493,29856.58116093542,29168.953541406892,27181.196197733952,82425.77545065114,103064.66216491528
2018-08-31,143419.93796895104,26511.3960818597,26631.28617325148,29856.58116093542,33239.4783551705,27181.196197733952,86475.0538551506,103941.23083369182
2018-09-01,147407.15902098815,26669.046139911006,26635.112507382895,29856.58116093542,37065.22301502489,27181.196197733952,92276.01811181993,106240.39092904425
2018-09-02,144192.10470109043,26749.907156500292,26114.169776738556,29856.58116093542,34290.25040918222,27181.196197733952,89630.04657654447,107414.1227876916
2018-09-03,144423.2206211882,26736.61875296438,25912.604857966766,29856.58116093542,34736.21965158769,27181.196197733952,90707.13795701179,107227.1391642637
2018-09-04,144514.72576242272,26841.368071724195,25794.85608518948,29856.58116093542,34840.72424683968,27181.196197733952,90990.11282102448,108727.71735818565
2018-09-05,141532.38581294735,26247.70950179323,25000.77623402006,29856.58116093542,33246.12271846471,27181.196197733952,78574.97126426219,100326.40642471347
2018-09-06,141726.02370391245,26240.142053133583,25097.84993931378,29856.58116093542,33350.25435279572,27181.196197733952,79339.26538639043,96432.28929095433
2018-09-07,141837.98751845333,26240.142053133583,24789.671980891606,29856.58116093542,33770.39612575876,27181.196197733952,77467.5202569859,95515.10461758252
2018-09-08,141905.0919663324,26240.142053133583,24309.53364798952,29856.58116093542,34317.63890653991,27181.196197733952,73071.3600111143,91954.33872608392
2018-09-09,142094.70103333972,26240.142053133583,24302.95241438049,29856.58116093542,34513.82920715629,27181.196197733952,73748.15078439383,93060.27387677673
2018-09-10,143628.28995862073,26240.142053133583,24302.95241438049,29856.58116093542,36047.41813243728,27181.196197733952,75075.78274764074,93486.2298979804
2018-09-11,142791.5117349321,26240.142053133583,24302.95241438049,29856.58116093542,35210.63990874866,27181.196197733952,73495.46971408877,93360.6895201405
2018-09-12,142970.27481951992,26240.142053133583,24302.95241438049,29856.58116093542,35389.40299333648,27181.196197733952,71879.01294069328,93812.62911104532
2018-09-13,143112.09070228128,26240.142053133583,24302.95241438049,29856.58116093542,35531.218876097824,27181.196197733952,76468.72351233358,96257.1255594887
2018-09-14,143437.85915613343,26240.142053133583,24302.95241438049,29856.58116093542,35856.98732994999,27181.196197733952,75827.27766416206,96189.18461856329
2018-09-15,143658.9920696318,26240.142053133583,24302.95241438049,29856.58116093542,36078.12024344835,27181.196197733952,76819.18450300267,96639.50880019442
2018-09-16,143487.16760933274,26240.142053133583,24302.95241438049,29856.58116093542,35906.295783149304,27181.196197733952,76617.38765469659,96255.20726097623
2018-09-17,142364.66697899436,26240.142053133583,24302.95241438049,29856.58116093542,34783.79515281091,27181.196197733952,71839.72192729173,92769.91127148217
2018-09-18,142970.4840001549,26240.142053133583,24302.95241438049,29856.58116093542,35389.61217397144,27181.196197733952,75796.16007372412,94100.63350726629
2018-09-19,142743.42281724745,26240.142053133583,24302.95241438049,29856.58116093542,35162.55099106401,27181.196197733952,76723.00634116217,94502.95695619394
2018-09-20,143572.7973973526,26240.142053133583,24302.95241438049,29856.58116093542,35991.92557116916,27181.196197733952,81981.54629813919,96291.97945689797
2018-09-21,144632.1920293834,26240.142053133583,24213.332538297407,29856.58116093542,37140.94007928305,27181.196197733952,88090.51828919978,99471.55202970047
2018-09-22,144032.40264466833,26240.142053133583,24130.95980778945,29856.58116093542,36623.523425075924,27181.196197733952,85700.69472316535,99279.98900944764
2018-09-23,144102.0966796383,26240.142053133583,24120.97359355355,29856.58116093542,36703.20367428179,27181.196197733952,88973.5320854023,99112.35423906111
2018-09-24,141802.30468516337,26240.142053133583,24120.97359355355,29251.298126035097,35008.694714707184,27181.196197733952,84701.74500432491,97410.62153232389
2018-09-25,141461.02612070946,26240.142053133583,24120.97359355355,29243.89334783565,34674.820928452726,27181.196197733952,83266.64919268343,95210.85958884229
2018-09-26,141058.58306014538,26240.142053133583,24120.97359355355,29243.89334783565,34272.377867888645,27181.196197733952,83746.89039878192,95927.61812590169
2018-09-27,142033.13975083324,26240.142053133583,24069.459813297264,29243.89334783565,35298.4483388328,27181.196197733952,87214.65395113592,98611.9667932431
2018-09-28,140779.7688775194,26240.142053133583,23564.92673778725,29243.89334783565,34549.61054102899,27181.196197733952,85772.12937312688,98130.18540066655
2018-09-29,141268.98255891,26240.142053133583,24288.983964779145,29247.28560848751,34311.374734775825,27181.196197733952,85835.12517495768,97507.35858588225
2018-09-30,141395.79423823673,26240.142053133583,24265.870471057257,29259.625326192578,34448.960190119375,27181.196197733952,86356.19683520164,97855.91919492038
2018-10-01,140989.87377441322,26240.142053133583,24207.85911656563,29184.936277795652,34175.74012918439,27181.196197733952,85597.24481253387,97325.10580389867
2018-10-02,139786.46835740487,26240.142053133583,23348.16263094313,28790.329419454756,34226.638056139454,27181.196197733952,84568.3851213491,96830.03334305702
2018-10-03,138465.84034933115,26240.142053133583,23033.399862281665,28319.802430449403,33691.29980573254,27181.196197733952,82884.82935058857,96039.71599085706
2018-10-04,138877.2226004943,26240.142053133583,23220.063476908614,28685.81777706603,33550.00309565213,27181.196197733952,84013.2272293175,97134.13413882638
2018-10-05,139951.87994673854,26240.142053133583,23885.76076389275,29040.19923890557,33604.58169307267,27181.196197733952,85179.29495573344,97810.42811590993
2018-10-06,138753.19877433922,26240.142053133583,23018.189224551294,29010.72317708487,33302.94812183551,27181.196197733952,83869.4032101746,97305.75695085729
2018-10-07,140517.65445629973,26240.142053133583,22893.338646701377,30860.110681038903,33342.86687769189,27181.196197733952,84509.00528446981,97521.98380912785
2018-10-08,141126.45120191743,26240.142053133583,23236.943780106263,31087.226814958365,33380.94235598525,27181.196197733952,85896.27361245884,98249.8194383496
2018-10-09,140457.6454133516,26240.142053133583,22829.05805033293,30690.11207832955,33517.137033821564,27181.196197733952,85005.29535689097,98108.18266096129
2018-10-10,139434.04024630692,26240.142053133583,22478.628414026,30217.593594953894,33316.47998645948,27181.196197733952,84360.79792101937,97264.69382405235
2018-10-11,131441.315682475,26240.142053133583,20029.26228351636,25987.48394047976,32003.23120761132,27181.196197733952,74297.46894908015,92401.2662212512
2018-10-12,131931.62993158758,26240.142053133583,20014.069720621595,25963.524684747463,32532.697275350987,27181.196197733952,76456.21080610997,92672.13574053353
2018-10-13,132004.84384466778,26240.142053133583,20088.452995814743,26108.139427159895,32386.9131708256,27181.196197733952,76641.36536610396,92840.65754369086
2018-10-14,131924.44903064176,26240.142053133583,20065.383218543666,26104.010064552716,32333.717496677837,27181.196197733952,75834.59888063448,92913.61779200235
2018-10-15,132259.19731877802,26240.142053133583,20268.254786828355,26104.010064552716,32465.594216529425,27181.196197733952,79617.75523551415,97427.3092870528
2018-10-16,132252.79179460948,26240.142053133583,20708.226921462265,26104.010064552716,32019.216557726955,27181.196197733952,79807.39787753683,97420.95582468624
2018-10-17,131607.4061978968,26240.142053133583,20962.079036280702,26104.010064552716,31119.978846195856,27181.196197733952,79752.29294384795,96657.67494287471
2018-10-18,131073.2329142209,26240.142053133583,20876.72611879402,26086.496348068755,30688.672196490556,27181.196197733952,78831.6730860419,95657.48419477075
2018-10-19,131049.33748830981,26240.142053133583,20627.741162223825,26147.07416715761,30853.183908060844,27181.196197733952,78951.84800157214,95490.59222418418
2018-10-20,131402.85022288066,26240.142053133583,20799.256960367988,26168.55320964637,31013.701801998755,27181.196197733952,79384.63543741251,95841.80671988623
2018-10-21,131292.77492001018,26240.142053133583,20794.459994442695,26131.607063754138,30945.369610945803,27181.196197733952,79203.03154793581,95740.78594709317
2018-10-22,131252.51152659213,26240.142053133583,21047.20975811447,26139.96042293728,30644.003094672866,27181.196197733952,79107.03421656696,95811.82789689218
2018-10-23,131691.4435111077,26240.142053133583,21868.517144836274,26137.90072366441,30263.68739173949,27181.196197733952,79473.31726121237,95643.16186076398
2018-10-24,131160.24576913237,26240.142053133583,21403.258297009786,26080.477765454863,30255.171455800177,27181.196197733952,78810.98774785074,95940.02216139597
2018-10-25,131554.777926885,26240.142053133583,21800.914894579888,26077.35332563739,30255.171455800177,27181.196197733952,78940.15280263615,95651.2821770236
2018-10-26,131476.4588080739,26240.142053133583,21722.59577576878,26077.35332563739,30255.171455800177,27181.196197733952,78942.33072592432,95628.53663751838
2018-10-27,131647.09462430907,26240.142053133583,21893.23159200398,26077.35332563739,30255.171455800177,27181.196197733952,78795.61165087968,95711.6869452214
2018-10-28,131388.02764588522,26240.142053133583,21893.160854863538,26077.35332563739,29996.175214516752,27181.196197733952,79266.32941333274,95800.45512713955
2018-10-29,130382.50679367637,26240.142053133583,21292.48277781642,26077.35332563739,29591.33243935501,27181.196197733952,75713.65073723339,93529.49978923956
2018-10-30,130897.23336785933,26240.142053133583,21814.77260761009,26077.35332563739,29583.769183744316,27181.196197733952,76120.27959848821,93553.72371669614
2018-10-31,131811.83368804524,26240.142053133583,22729.37292779601,26077.35332563739,29583.769183744316,27181.196197733952,76346.16069888345,93307.6622684024
2018-11-01,132090.17600801028,26240.142053133583,23007.71524776104,26077.35332563739,29583.769183744316,27181.196197733952,77213.19998355466,94196.33929508296
2018-11-02,131847.62041791936,26240.142053133583,22765.159657670112,26077.35332563739,29583.769183744316,27181.196197733952,78543.1427680655,94353.78400607796
2018-11-03,132734.21393911733,26240.142053133583,23621.803645321947,26107.302859183514,29583.769183744316,27181.196197733952,79411.07044821985,93952.34758992112
2018-11-04,132090.964639369,26240.142053133583,22830.985415707968,26254.871789049168,29583.769183744316,27181.196197733952,81171.6146731513,94171.97113465551
2018-11-05,131681.2205246478,26240.142053133583,22303.77924223572,26372.333847800204,29583.769183744316,27181.196197733952,81775.40254969992,94814.88960228117
2018-11-06,133819.80328892695,26240.142053133583,23550.080684531902,27035.895345258785,29812.489008268716,27181.196197733952,85576.17214223517,95425.60084751292
2018-11-07,132986.88790883683,26240.142053133583,23292.001687043554,26679.871034611533,29593.676936314223,27181.196197733952,84420.49851798794,96446.61883660965
2018-11-08,131712.97472078074,26240.142053133583,22739.053363870185,26437.725555763813,29114.85755027919,27181.196197733952,82707.38902638877,95317.9381464116
2018-11-09,130955.53615941711,26240.142053133583,22133.64636104964,26415.41990780294,29097.562564485987,27068.76527294496,80963.56215644022,94312.13673574103
2018-11-10,131385.3773714336,26240.142053133583,22652.74809954339,26560.46677126992,29097.562564485987,26834.457883000738,81702.32284384067,94660.69734477918
2018-11-11,131135.43888840507,26240.142053133583,22119.22321160989,26852.39441753859,29097.562564485987,26826.116641637014,81342.40013082848,94690.97184536349
2018-11-12,131226.13579431307,26240.142053133583,22426.039580192562,26636.27495486394,29097.562564485987,26826.116641637014,81736.99624492628,94100.19359670512
2018-11-13,130810.52992824497,26240.142053133583,22677.998620086055,26340.42832100741,29097.562564485987,26454.398369531948,80453.39948956318,93926.2125756006
2018-11-14,128558.72116190156,26240.142053133583,21166.717320664855,25607.80793361636,29097.562564485987,26446.491290000777,71221.85860161246,84752.31052204763
2018-11-15,128809.65439165465,26240.142053133583,21146.99154703195,25878.46693700236,29097.562564485987,26446.491290000777,70732.99400696672,83418.32862112197
2018-11-16,128309.87356007613,26240.142053133583,20743.556660978073,25782.120991477714,29097.562564485987,26446.491290000777,69054.4190566604,82347.83872301897
2018-11-17,128356.50636480686,26240.142053133583,20603.077422570517,25969.233034616,29097.562564485987,26446.491290000777,68577.52573501364,82034.43490062888
2018-11-18,129060.83159315391,26240.142053133583,21156.760445889748,26119.87523964382,29097.562564485987,26446.491290000777,70053.74147232712,83056.62838843814
2018-11-19,126719.9457750125,26240.142053133583,19616.615192299603,25319.134675092555,29097.562564485987,26446.491290000777,59947.51896155763,71949.26172550951
2018-11-20,125888.10582071714,26240.142053133583,18792.480462554362,25311.429450542448,29097.562564485987,26446.491290000777,52579.39670697168,65751.7007771633
2018-11-21,125882.36123562735,26240.142053133583,18786.735877464555,25311.429450542448,29097.562564485987,26446.491290000777,55448.84508310178,67971.54716183769
2018-11-22,125589.99425788247,26240.142053133583,18494.368899719688,25311.429450542448,29097.562564485987,26446.491290000777,52064.61398539052,64482.558808289505
2018-11-23,125585.20147633771,26240.142053133583,18489.576118174915,25311.429450542448,29097.562564485987,26446.491290000777,51367.03694049861,64204.448793869815
2018-11-24,125585.20147633771,26240.142053133583,18489.576118174915,25311.429450542448,29097.562564485987,26446.491290000777,45879.655253553945,57316.71505081869
2018-11-25,125585.20147633771,26240.142053133583,18489.576118174915,25311.429450542448,29097.562564485987,26446.491290000777,46502.78971748159,59225.07591161549
2018-11-26,125585.20147633771,26240.142053133583,18489.576118174915,25311.429450542448,29097.562564485987,26446.491290000777,44152.27570452033,55815.69334051134
2018-11-27,125585.20147633771,26240.142053133583,18489.576118174915,25311.429450542448,29097.562564485987,26446.491290000777,45135.95880535287,56429.95632265061
2018-11-28,125585.20147633771,26240.142053133583,18489.576118174915,25311.429450542448,29097.562564485987,26446.491290000777,50164.732632085696,62879.777131213435
2018-11-29,125585.20147633771,26240.142053133583,18489.576118174915,25311.429450542448,29097.562564485987,26446.491290000777,50024.4572341999,63196.23869258583
2018-11-30,125585.20147633771,26240.142053133583,18489.576118174915,25311.429450542448,29097.562564485987,26446.491290000777,47111.38401221392,59332.872028214864
2018-12-01,125585.20147633771,26240.142053133583,18489.576118174915,25311.429450542448,29097.562564485987,26446.491290000777,49093.39322056566,62248.41172455399
2018-12-02,125585.20147633771,26240.142053133583,18489.576118174915,25311.429450542448,29097.562564485987,26446.491290000777,48512.36841739119,61143.74582400478
2018-12-03,125585.20147633771,26240.142053133583,18489.576118174915,25311.429450542448,29097.562564485987,26446.491290000777,45337.2329167599,57514.195228701225
2018-12-04,125585.20147633771,26240.142053133583,18489.576118174915,25311.429450542448,29097.562564485987,26446.491290000777,45490.501391308266,58441.169714970434
2018-12-05,125585.20147633771,26240.142053133583,18489.576118174915,25311.429450542448,29097.562564485987,26446.491290000777,42306.342361288844,55444.46291427768
2018-12-06,125585.20147633771,26240.142053133583,18489.576118174915,25311.429450542448,29097.562564485987,26446.491290000777,37760.97264480844,52004.75896687368
2018-12-07,125585.20147633771,26240.142053133583,18489.576118174915,25311.429450542448,29097.562564485987,26446.491290000777,37283.111207097485,50510.61356345226
2018-12-08,125585.20147633771,26240.142053133583,18489.576118174915,25311.429450542448,29097.562564485987,26446.491290000777,37642.193993645626,51340.324545819414
2018-12-09,125585.20147633771,26240.142053133583,18489.576118174915,25311.429450542448,29097.562564485987,26446.491290000777,39297.170118830596,53380.276357583854
2018-12-10,125585.20147633771,26240.142053133583,18489.576118174915,25311.429450542448,29097.562564485987,26446.491290000777,37553.36842453438,51732.32451985749
2018-12-11,125585.20147633771,26240.142053133583,18489.576118174915,25311.429450542448,29097.562564485987,26446.491290000777,36533.995561596246,50579.304515826174
2018-12-12,125585.20147633771,26240.142053133583,18489.576118174915,25311.429450542448,29097.562564485987,26446.491290000777,37450.53071605065,51500.35823864142
2018-12-13,125585.20147633771,26240.142053133583,18489.576118174915,25311.429450542448,29097.562564485987,26446.491290000777,35486.403649083666,48941.211001658354
2018-12-14,125585.20147633771,26240.142053133583,18489.576118174915,25311.429450542448,29097.562564485987,26446.491290000777,34205.10879522034,47889.73822076374
2018-12-15,125585.20147633771,26240.142053133583,18489.576118174915,25311.429450542448,29097.562564485987,26446.491290000777,34346.83400051857,47805.210488188975
2018-12-16,125585.20147633771,26240.142053133583,18489.576118174915,25311.429450542448,29097.562564485987,26446.491290000777,34826.899552705254,48042.664833946415
2018-12-17,125585.20147633771,26240.142053133583,18489.576118174915,25311.429450542448,29097.562564485987,26446.491290000777,39509.335741674964,52370.49411691744
2018-12-18,125585.20147633771,26240.142053133583,18489.576118174915,25311.429450542448,29097.562564485987,26446.491290000777,42010.53133604137,54588.7827855065
2018-12-19,125783.0511998261,26240.142053133583,18489.576118174915,25311.429450542448,29295.412287974385,26446.491290000777,42895.117052994894,55325.65461035286
2018-12-20,125849.31420017256,26240.142053133583,18489.576118174915,25311.429450542448,29361.675288320832,26446.491290000777,49141.615082493714,61063.45132912489
2018-12-21,124714.41084017353,26240.142053133583,18489.576118174915,25311.429450542448,28226.77192832181,26446.491290000777,46669.32137251908,57549.83158997742
2018-12-22,124698.13668818968,26240.142053133583,18489.576118174915,25311.429450542448,28210.497776337954,26446.491290000777,47907.295033299946,59287.2944094219
2018-12-23,124698.13668818968,26240.142053133583,18489.576118174915,25311.429450542448,28210.497776337954,26446.491290000777,49576.241534072535,59062.76333785386
2018-12-24,124673.32944166854,26240.142053133583,18489.576118174915,25311.429450542448,28185.690529816806,26446.491290000777,50875.21677584427,60238.691143482625
2018-12-25,123261.39334072152,26240.142053133583,17812.416577653657,25311.429450542448,27450.913969391055,26446.491290000777,47222.86640909016,56352.7231725773
2018-12-26,123237.66707070879,26240.142053133583,17802.23337413363,25311.429450542448,27437.370902898354,26446.491290000777,48124.39172635678,56970.18812666975
2018-12-27,122690.45601607118,26240.142053133583,17802.23337413363,25311.429450542448,26890.15984826076,26446.491290000777,43583.211831916036,53979.90329900472
2018-12-28,122678.51829818431,26240.142053133583,17802.23337413363,25311.429450542448,26878.22213037387,26446.491290000777,48584.722308556535,57954.145453902995
2018-12-29,122678.51829818431,26240.142053133583,17802.23337413363,25311.429450542448,26878.22213037387,26446.491290000777,47388.211962725036,56425.35889670434
2018-12-30,122678.51829818431,26240.142053133583,17802.23337413363,25311.429450542448,26878.22213037387,26446.491290000777,47884.71332619993,57098.01820292212
2018-12-31,122678.51829818431,26240.142053133583,17802.23337413363,25311.429450542448,26878.22213037387,26446.491290000777,45865.063835600595,55277.650271825085
2019-01-01,122678.51829818431,26240.142053133583,17802.23337413363,25311.429450542448,26878.22213037387,26446.491290000777,47689.884785528346,56766.700645550736
2019-01-02,122905.16270506081,26240.142053133583,18028.87778101012,25311.429450542448,26878.22213037387,26446.491290000777,49953.22290020829,58242.01282880161
2019-01-03,123766.0537947592,26240.142053133583,18889.768870708518,25311.429450542448,26878.22213037387,26446.491290000777,48451.5526157596,56666.581328825596
2019-01-04,126041.81769633012,26240.142053133583,21165.53277227943,25311.429450542448,26878.22213037387,26446.491290000777,49669.846246715075,56976.39014441689
2019-01-05,125563.32329654564,26240.142053133583,20687.038372494975,25311.429450542448,26878.22213037387,26446.491290000777,49454.614879183784,56791.43299422962
2019-01-06,126328.68560142884,26240.142053133583,21452.400677378162,25311.429450542448,26878.22213037387,26446.491290000777,52258.83100497196,60209.64622897491
2019-01-07,125569.98259080971,26240.142053133583,20693.69766675902,25311.429450542448,26878.22213037387,26446.491290000777,51131.521748839325,59450.728394532
2019-01-08,126585.46737478727,26240.142053133583,21709.18245073658,25311.429450542448,26878.22213037387,26446.491290000777,52393.50311465486,59533.43158002534
2019-01-09,126551.87175764238,26240.142053133583,21155.96482329479,25831.051460839357,26878.22213037387,26446.491290000777,52851.09318536334,59599.1333040781
2019-01-10,124117.13368900427,26240.142053133583,19394.43528130937,25157.842934186683,26878.22213037387,26446.491290000777,46511.10773217617,54335.71522065302
2019-01-11,124926.03585685628,26240.142053133583,20383.29618773634,24977.884195611703,26878.22213037387,26446.491290000777,46983.08770760118,54460.3829890192
2019-01-12,124129.92086605048,26240.142053133583,19988.435015356943,24576.63037718531,26878.22213037387,26446.491290000777,46559.10723935579,54075.42518978356
2019-01-13,124314.98614236467,26240.142053133583,20179.628149423443,24570.50251943298,26878.22213037387,26446.491290000777,44182.4520218115,52475.18561881894
2019-01-14,124800.66072655942,26240.142053133583,20665.302733618224,24570.50251943298,26878.22213037387,26446.491290000777,47406.53051950352,54736.376384591444
2019-01-15,124860.03811665163,26240.142053133583,20975.09629053253,24320.086352610877,26878.22213037387,26446.491290000777,46220.431220921,53623.09977568167
2019-01-16,124978.63988674952,26240.142053133583,20746.347868099492,24667.436545141798,26878.22213037387,26446.491290000777,46794.209924992065,53982.463434237514
2019-01-17,124891.47214768587,26240.142053133583,20576.848679554863,24749.767994622773,26878.22213037387,26446.491290000777,47386.20604125018,54330.389418203864
2019-01-18,124549.76519853329,26240.142053133583,20728.15758564518,24256.75213937989,26878.22213037387,26446.491290000777,46741.97813038772,54024.29820743659
2019-01-19,124586.21514861223,26240.142053133583,20756.84373516797,24264.515939936035,26878.22213037387,26446.491290000777,47796.34001739259,55068.92713386371
2019-01-20,123506.0692437926,26240.142053133583,20583.960937758722,23357.25283252564,26878.22213037387,26446.491290000777,46047.06355308278,53185.01376162834
2019-01-21,124375.42681791725,26240.142053133583,20746.494086602313,24064.077257806715,26878.22213037387,26446.491290000777,46021.60322206313,52816.05500468578
2019-01-22,125236.37877360724,26240.142053133583,21247.36316501422,24424.1601350848,26878.22213037387,26446.491290000777,46772.32455363746,53237.644372696566
2019-01-23,124892.52235093697,26240.142053133583,20904.271285829218,24423.395591599536,26878.22213037387,26446.491290000777,46437.36998446837,52950.31787143868
2019-01-24,125109.04421386008,26240.142053133583,20922.172626545445,24622.016113806396,26878.22213037387,26446.491290000777,46837.683015687675,53182.82502629549
2019-01-25,124676.52206459372,26240.142053133583,20533.119620482976,24578.546970602503,26878.22213037387,26446.491290000777,46819.802427960334,53166.58439377622
2019-01-26,125146.3049822483,26240.142053133583,20435.356819901288,25146.092688838777,26878.22213037387,26446.491290000777,46781.00903592544,53206.38187626183
2019-01-27,124698.93028485884,26240.142053133583,19707.09874846238,25426.976062888218,26878.22213037387,26446.491290000777,45904.682258918336,52933.226264391305
2019-01-28,123027.79959659277,26240.142053133583,19224.035549735603,24238.908573348926,26878.22213037387,26446.491290000777,43140.198890690765,51256.665816894085
2019-01-29,123853.42599145645,26240.142053133583,19862.51099646002,24426.05952148819,26878.22213037387,26446.491290000777,43068.613794463075,50926.81222417699
2019-01-30,123379.11128547804,26240.142053133583,19410.661891979413,24403.593919990406,26878.22213037387,26446.491290000777,43971.563344016155,51489.0071038344
2019-01-31,121901.52614994992,26240.142053133583,18712.212385315128,23624.45829112657,26878.22213037387,26446.491290000777,42957.20830803948,51069.71825170891
2019-02-01,122722.17611119505,26240.142053133583,19224.104561129545,23933.216076557277,26878.22213037387,26446.491290000777,43563.63163913148,51515.05557837243
2019-02-02,122585.10846120869,26240.142053133583,19148.543832821015,23871.70915487944,26878.22213037387,26446.491290000777,44400.33654381092,52004.15318839604
2019-02-03,122015.08228646171,26240.142053133583,18827.460358317883,23622.766454635585,26878.22213037387,26446.491290000777,43326.100514819285,51161.59465414918
2019-02-04,122560.1611216977,26240.142053133583,18799.254536238222,24196.051111951238,26878.22213037387,26446.491290000777,43524.382654804474,51089.824327847324
2019-02-05,122663.11847188832,26240.142053133583,19246.119846829435,23852.14315155065,26878.22213037387,26446.491290000777,43726.912193080185,51196.21417298077
2019-02-06,122057.81117739367,26240.142053133583,18863.314241667835,23629.64146221759,26878.22213037387,26446.491290000777,42743.783383640584,50419.494384108984
2019-02-07,122132.87635959564,26240.142053133583,18893.209849939933,23674.811036147486,26878.22213037387,26446.491290000777,42798.67617966518,50208.348132237115
2019-02-08,123104.03447200388,26240.142053133583,19470.98346273519,24068.195535760453,26878.22213037387,26446.491290000777,47508.75259579598,54156.35070391098
2019-02-09,123842.0000672337,26240.142053133583,20113.020933955308,24164.123659770175,26878.22213037387,26446.491290000777,47817.914975370775,54221.68102806377
2019-02-10,124241.42348709218,26495.62670104271,20148.86364960008,24272.21971607475,26878.22213037387,26446.491290000777,48341.472802076525,54502.07352924738
2019-02-11,122882.12981728291,26761.85753935522,19215.337456398855,23580.22140115418,26878.22213037387,26446.491290000777,47508.20290526937,53885.336951657795
2019-02-12,123398.7252960475,26594.067994409023,19227.694704396406,24252.249176867426,26878.22213037387,26446.491290000777,47840.022096496265,53960.630168273005
2019-02-13,122783.65858247668,26278.076294599192,19332.837157245922,23848.031710256928,26878.22213037387,26446.491290000777,47587.02180954811,53643.707061393856
2019-02-14,121856.93603762863,26155.00659456295,19028.303982908285,23348.91203978275,26878.22213037387,26446.491290000777,46781.33879292628,53419.36349268793
2019-02-15,122607.60523947013,26531.342849938515,19217.58183315452,23533.96713600243,26878.22213037387,26446.491290000777,47455.12260865383,53477.40644598782
2019-02-16,122779.52510389667,26417.577909389078,19442.521457582025,23594.712316550926,26878.22213037387,26446.491290000777,47602.337756805064,53609.98899863016
2019-02-17,123425.89946155636,26484.95099021401,19776.194599414197,23840.04045155351,26878.22213037387,26446.491290000777,48508.11923141882,54260.562631184395
2019-02-18,126868.33313188476,26811.724601369966,20602.413990502842,26129.48111963732,26878.22213037387,26446.491290000777,52452.03187837465,57832.97172925596
2019-02-19,128133.22658389191,27552.77688998688,20227.70983885142,26905.91298340695,27000.335581645893,26446.491290000777,53144.39919859328,58296.43914035706
2019-02-20,130809.4804796602,27963.939535782836,20896.7721509909,28522.357675683645,26979.91982720205,26446.491290000777,54370.55360663632,59075.17458499665
2019-02-21,127962.85028588492,27475.68249205818,20043.038545610936,27705.66801875732,26291.96993945772,26446.491290000777,52666.75157979963,58400.1750988266
2019-02-22,129224.29590934706,27837.782506380925,20221.855172111194,28354.208992667554,26363.957948186606,26446.491290000777,53615.33947597247,59159.44990987238
2019-02-23,132286.73261267174,28002.89429036918,20653.098666947306,29871.918346013226,27312.330019341243,26446.491290000777,56016.511977928094,61182.86901735155
2019-02-24,123716.30056027291,26821.884859868635,18579.344870043005,26444.978105593167,25423.601434767323,26446.491290000777,50185.04926425231,56277.9419830086
2019-02-25,124105.45321214171,26707.06463743646,18802.378020980606,26429.29844625893,25720.220817464942,26446.491290000777,51844.60656202353,57345.31284311667
2019-02-26,123079.437846261,26483.549462473053,18414.667146810014,26263.99306381922,25470.736883157937,26446.491290000777,50973.75232318564,56926.77039661538
2019-02-27,123169.40771258873,26667.173646990905,18362.328742702044,26359.787865783743,25333.62616711126,26446.491290000777,50709.44654849779,56877.87541949253
2019-02-28,123296.39423643422,26908.56827620289,18363.02033743742,26328.84161825202,25249.472714541113,26446.491290000777,50835.96255903433,56933.08419491494
2019-03-01,124169.21311087259,27687.614079882303,18482.861161423327,26268.46582108832,25283.78075847787,26446.491290000777,51159.51583083489,57003.9530651489
2019-03-02,124375.67088366799,28074.787594174566,18537.783708434887,26106.0416105282,25210.566680529562,26446.491290000777,50955.00866314059,57075.30872165952
2019-03-03,123890.02820674337,27770.84682755844,18458.89545815687,26101.119109798135,25112.67552122917,26446.491290000777,50753.905116613096,56820.69425819356
2019-03-04,122704.87646881072,27639.188325106265,18147.473692203384,25824.628822813174,24647.094338687126,26446.491290000777,49205.660177486614,55556.153321090314
2019-03-05,126387.00915904976,29627.86621585271,18829.19771945472,26633.207323662453,24850.246610079084,26446.491290000777,52553.03521686564,57547.33996540568
2019-03-06,127087.06386445067,30295.686897263826,18981.90823834347,26488.289678220804,24874.687760621786,26446.491290000777,52813.51586235188,57659.109700352354
2019-03-07,128058.57201694453,30931.631260193073,19362.757980920185,26455.29017470116,24862.40131112933,26446.491290000777,53183.91096133724,57770.49721792623
2019-03-08,126615.76965669838,30087.734777501988,19420.15254637627,26130.475936358023,24530.915106461332,26446.491290000777,52301.30134679938,57617.592239689184
2019-03-09,127644.1607362147,30424.1405490977,19701.011516394923,26350.883431718834,24721.633949002462,26446.491290000777,53670.06217451679,58535.988470016266
2019-03-10,127748.42788745127,30322.614077691702,19957.209166054276,26355.558279519544,24666.555074184962,26446.491290000777,53918.53739154119,58362.981021465064
2019-03-11,126564.18244780393,30229.58906144493,19328.329647492897,25971.350963710618,24588.42148515471,26446.491290000777,52900.747725483576,57678.08354766949
2019-03-12,128515.03786038622,31109.516409045165,19705.492004673182,26132.82294418102,25120.715212486077,26446.491290000777,54332.81094260037,57736.1120776723
2019-03-13,128373.50254524787,30792.723751706475,19566.373984039394,26387.791166763873,25180.122352737348,26446.491290000777,53809.889909702666,57700.089893199045
2019-03-14,128795.80406948588,31029.52011246963,19710.18288975223,26368.623346147484,25240.986431115776,26446.491290000777,54688.462506296375,57960.79819968402
2019-03-15,129964.98608660135,31713.195243684648,19893.862335955662,26524.29270597627,25387.14451098399,26446.491290000777,55514.639561487376,58500.503553359486
2019-03-16,131987.2658137469,33064.33561652077,20065.016215188312,26726.027617707008,25685.39507433004,26446.491290000777,57175.5205588246,59797.47887978574
2019-03-17,130790.12949866767,32227.43285081438,19969.318316536122,26631.097879204168,25515.78916211221,26446.491290000777,56475.79568112183,59450.44353441447
2019-03-18,131147.61652906958,32234.65345541495,19822.15237641135,27204.792075471887,25439.527331770616,26446.491290000777,56699.71573723048,59557.940367599316
2019-03-19,132019.7901338577,33078.99389755695,19936.47805139121,26969.02819654113,25588.79869836762,26446.491290000777,57378.52485820312,60129.26519431242
2019-03-20,132600.08523391507,33581.17983559112,19970.60813802378,26786.52856836888,25815.277401930507,26446.491290000777,57558.44980000414,60369.80251982207
2019-03-21,129868.09391329905,32823.9521375144,19379.489182573307,26270.645009492648,25323.659117384475,26070.348466334213,56253.07997519373,59510.96729481322
2019-03-22,131905.27192557402,34630.907560930624,19503.55816340609,26302.209614515545,25405.56629935312,26063.03028736867,57131.00663424465,59431.82305787595
2019-03-23,134095.01306195994,36605.60367148514,19579.315985932684,26337.938635541548,25509.1244816319,26063.03028736867,58109.81592220441,59606.96154857166
2019-03-24,132567.8331799148,35865.16102629561,19367.809651205087,25844.941084782327,25426.891130263117,26063.03028736867,57982.48309231546,59405.23731552147
2019-03-25,130949.36067519951,34961.13049817125,19635.724305676293,25392.362767637944,25084.79293130976,25875.350172404273,56892.7542981873,58532.39706904174
2019-03-26,131878.10568205244,35916.41269888251,19405.150194813006,25559.56746177018,25125.58299860647,25871.392327980277,56764.89406082225,58857.47655042325
2019-03-27,136537.00906540226,37955.4611518292,20245.506722275473,26740.545667746344,25724.10319557096,25871.392327980277,59700.54455353976,60363.74473504577
2019-03-28,135650.91937467008,37305.125522266004,20201.974407517348,26602.84727836629,25669.579838540176,25871.392327980277,59043.172902699946,60098.500301627144
2019-03-29,137570.5955961651,39087.93144419926,20142.33683049261,26633.72078822292,25835.214205270015,25871.392327980277,59810.28371460857,60530.76290948186
2019-03-30,137348.23281095424,39173.19210837483,19979.343608880474,26375.703357351926,25948.60140836673,25871.392327980277,59765.78754902243,60653.1373736113
2019-03-31,137860.65353741538,38571.19953188607,20228.219193378365,26468.337467437865,26721.505016732794,25871.392327980277,60454.20774773444,60634.5890135582
2019-04-01,140543.06756875222,39267.30162007737,21109.80674387739,26687.400799868192,27607.166076948986,25871.392327980277,62345.32240632163,61414.103316240464
2019-04-02,153460.119055798,44873.864132270886,23632.555395862208,28563.757691837138,30518.549507847492,25871.392327980277,72221.02339711534,72073.14342418441
2019-04-03,154568.07879391583,45684.140444355595,23061.613409750193,28152.83452015149,32207.813849742157,25461.67656991639,73630.72720028326,73448.83028863536
2019-04-04,155314.6303527344,44851.05894026091,22397.653731591497,27880.09079339092,34727.916936404385,25457.909951086698,74121.96410411755,72707.06175442816
2019-04-05,158619.9084806475,45956.99298618929,23037.8206446149,29120.07185280928,35134.63150249126,25370.391494542768,77520.49544426522,74389.04175580558
2019-04-06,157220.8018535288,45816.75992471914,23200.41624771422,28762.277361816417,34282.65496941663,25158.693349862384,77185.62221605344,74730.75129872769
2019-04-07,161216.39068824812,46415.53907506454,23597.64621171971,30335.225812208166,34502.60644345696,26365.373145798752,80266.04048100483,76784.88121152803
2019-04-08,158306.13457246072,46137.011261008505,23245.041084188408,29992.064077115392,33059.93077417576,25872.087375972653,79279.82404806506,78127.04112190167
2019-04-09,153997.04872171403,45279.86082325527,22422.92133236154,29518.46117387742,32235.223774142585,24540.58161807722,76543.19367466707,76874.40661654322
2019-04-10,157751.51592896652,46425.96598038758,22520.82631548058,30122.05983064205,32896.25447239907,25786.40933005725,78528.29340279708,78640.73405928184
2019-04-11,149505.57274307768,44452.12154542096,21299.894376719338,27478.57030139044,31650.10012758642,24624.886391960532,72672.26826929244,74799.73071704332
2019-04-12,150517.43281692395,44419.23707198558,21581.280827313847,27601.570225935855,31748.041467820727,25167.303223867937,73227.67736661811,75169.72434555182
2019-04-13,150762.78917935325,44450.066004661356,21867.34742995202,27523.645128715925,31679.252401859576,25242.478214164355,73566.75321407442,75273.81006897573
2019-04-14,152916.35313113485,44787.32610477952,21996.62820707961,27864.633844617936,31811.578416255048,26456.186558402762,75533.77193589788,76324.44629863933
2019-04-15,151942.04929799485,44014.11117410421,22280.08601227151,27344.518987074716,31337.046437495686,26966.286687048738,74184.36172297852,74838.43563477464
2019-04-16,153415.2136269941,44586.59624769863,22481.190733509226,27652.70247491396,31842.65488155716,26852.069289315146,75975.23823971642,77326.36784239367
2019-04-17,154324.77569056992,44419.504879136664,22269.45536142216,27474.809227911413,31645.079664688026,28515.92655741164,75937.77624188329,77568.26816947799
2019-04-18,155132.8323791977,44592.370298710295,22414.354976557046,27549.18499529545,32191.676425257156,28385.24568337775,77585.74968053063,78254.2762371492
2019-04-19,154240.5707620135,44155.74550837662,22312.757136920398,27343.605429407147,31973.466216554963,28454.996470754366,77446.44324191682,78334.42649905825
2019-04-20,152595.0734607473,43605.5666819311,22178.85647104611,27217.359695648873,32082.326982873474,27510.96362924776,76848.81213800945,78837.67696934789
2019-04-21,150481.15217222273,42974.52758482463,21780.61220133266,26698.350916000192,31571.66845506579,27455.99301499947,74647.07762556667,78492.73660787843
2019-04-22,151474.35782680765,43744.6685435202,21808.86152201602,26760.55200713256,31675.082190174486,27485.193563964396,75248.34375547068,79745.68842577277
2019-04-23,150130.34266270898,42749.458432418,21686.80901412,26428.354304516553,31647.555358681915,27618.16555297251,74191.57275685771,82300.76108132894
2019-04-24,146507.97361231653,41861.846184272006,21166.818387387113,25485.2626430752,30693.89044312272,27300.15595445952,71540.1503143747,80713.10944289647
2019-04-25,140328.40214206785,40292.25832105786,20337.096114818785,25067.43709298207,29396.447236867356,25235.163376341767,67724.02899422991,76956.48238861331
2019-04-26,140988.07676538592,40754.475717980655,20379.558569992983,25215.56332876694,29509.951354766326,25128.52779387902,68281.7578660771,77973.10127209868
2019-04-27,140818.94252524892,40391.17643931492,20309.859741617023,25247.654799501895,29543.1295442751,25327.12200053998,68465.34945725203,77809.79349083807
2019-04-28,141304.48710060873,40773.24266582525,20019.233402986403,25242.403777760355,29470.443278676612,25799.163975360116,68393.61954956262,78058.63142382095
2019-04-29,139411.66208890406,39928.12764022583,19634.599920023476,25045.39736851761,29177.187555865625,25626.349604271516,66694.25351239508,77500.54357800887
2019-04-30,141815.45383966848,40353.909755985616,20457.064935708284,25646.198336346093,29479.53776574731,25878.743045881187,70171.64544039987,79027.32169108823
2019-05-01,142219.94736215402,40415.68489700554,20449.287656143184,25659.337964396156,29779.15436877949,25916.482475829645,70417.64547616678,79794.90071543153
2019-05-02,143325.4182180805,41390.05559253963,20271.60052775891,25531.231792983428,30058.82594250983,26073.704362288692,70705.46798971554,81310.04643941073
2019-05-03,147593.2863907193,42223.42600557189,20972.751505238528,25972.460162104708,30736.953614028025,27687.695103776146,74148.99149275808,85194.49996412198
2019-05-04,148297.44461172013,41984.69573868351,20609.435401840925,25513.89252634938,30653.457784166665,29535.96316067967,73284.08494243024,86123.17279362309
2019-05-05,145274.96883157297,41947.17666306085,20655.51550754636,25362.0527579367,30361.299887150508,26948.924015878565,71952.90428713999,85599.46287641642
2019-05-06,145051.15970457485,41399.59102384568,21624.331255302626,25309.793214899382,29977.245899185553,26740.198311341617,72230.91182431167,84877.21627481566
2019-05-07,143778.57082315788,40982.966578654785,21062.102995273315,25254.832612017693,29856.34288066942,26622.325756542654,70857.08491408135,86098.56664879373
2019-05-08,145740.43451797994,41327.099215698385,21754.232209596386,25344.077117929523,30031.630470539156,27283.395504216496,72032.44786775224,88357.64440154308
2019-05-09,144146.83637273367,40854.340644126256,22494.6087890662,25156.875267546562,29633.531395305017,26007.48027668962,70047.757923617,91194.43289579052
2019-05-10,145981.4251492915,41757.23726917392,23336.04233934463,25194.01768488131,30030.20544349571,25663.922412395903,71299.74672511003,94212.13280539251
2019-05-11,154773.34216959745,44746.82760936576,24775.644933264743,26207.844247287536,31985.351350648903,27057.674029030524,80106.55835836663,106410.55698806932
2019-05-12,150932.56030430432,43819.248957121985,24305.892157711467,25342.738063953,31105.089189395945,26359.59193612192,76754.46293553412,102978.13680569394
2019-05-13,158328.2162994832,48399.71477778741,24760.04724754762,25729.599869043865,32148.5984831901,27290.255921914195,81358.5561165861,115422.04550478104
2019-05-14,165385.64515705392,48779.01425672004,28228.69082386142,27335.29044307018,33868.60540876308,27174.044224639227,88885.63481627824,118073.17731893255
2019-05-15,174151.23670048613,51365.077866690255,28738.86908322518,30427.880266328983,37038.36737250151,26581.042111740186,97726.26801291616,121185.86906314545
2019-05-16,173649.6961863423,52341.85202767626,29692.03878707151,29335.596048251882,35152.478373993,27127.73094934967,95939.36487969749,116455.82090015068
2019-05-17,166849.9745130387,49585.168430411504,28595.669511030745,28116.75157365171,33848.48709245936,26703.897905485395,90020.43667690121,108465.34316088712
2019-05-18,164627.6813552718,48371.05473086175,28942.795971294265,28090.64617756754,33642.849947819435,25580.334527728806,88766.93936164377,107391.78831215326
2019-05-19,172296.64098554736,51016.39741932506,30713.62244219109,29452.744032680443,35118.10343918298,25995.773652167776,98098.15184146825,121075.41545405793
2019-05-20,171888.49494414014,50032.31889294198,32082.440580828672,28827.530183053444,34602.1185854858,26344.086701830245,96691.1637350179,117835.28666843826
2019-05-21,173456.00763198006,50221.01876177503,32765.475839748004,28893.484130787874,34638.38415130624,26937.6447483629,98212.43175376201,117614.01886783603
2019-05-22,169302.0189164335,48630.42767098111,32629.445415127306,27938.71890581597,33415.811971881514,26687.61495262761,93344.16713827108,113430.40452660751
2019-05-23,171580.65942186804,49029.547845814566,34122.83317834095,28125.60049830367,33459.8361443808,26842.84175502805,95167.57139027318,116410.5894404878
2019-05-24,172476.55451359623,49261.06873090426,34113.841928290356,28695.714548436576,33636.171813176334,26769.75749278873,97227.8660037957,117969.13486539994
2019-05-25,170491.12989032172,49352.58741319653,32069.85475354432,28698.681392639424,33774.97426016769,26595.032070773737,96762.15977890721,118931.69523140552
2019-05-26,175122.31266173063,50976.688094886376,32110.3495370154,29633.084870769824,34522.796255050234,27879.3939040088,102151.24467534041,128098.68131400559
2019-05-27,179915.9791003805,52143.80449224361,33248.82736004623,31431.464985899474,35322.79566453474,27769.08659765646,107098.91053088625,130056.55735369994
2019-05-28,179946.252516309,52223.35338800329,33669.89487068885,31534.104652332306,35108.36868570565,27410.53091957891,107921.47880311398,128789.09569893671
2019-05-29,178516.6069655443,51772.220060070984,33181.94258922425,31399.612710959966,34809.74765682392,27353.08394846521,107334.57289954944,127895.91860356518
2019-05-30,173385.3727073645,49897.799915539246,31354.36255357315,30755.313555058012,34879.739641637985,26498.15704155613,102206.48930743776,122874.0871405128
2019-05-31,176937.65859639458,51246.11887253417,31562.50147065695,32478.652656084243,35412.360441219775,26238.02515589946,106725.10645234027,126640.73117462244
2019-06-01,174410.74491269703,51203.09877661519,31007.625770528986,31692.842370989056,35220.805396932476,25286.372597631318,105405.79765743116,126485.86823380592
2019-06-02,178468.25970281396,52403.637680753614,31459.163646839137,32838.857792728115,35307.830571996,26458.770010497094,109101.14937600728,129128.73549872689
2019-06-03,171448.2245909671,49157.361143201866,30283.891506508735,31725.208486687083,34070.717915561916,26211.045539007493,101829.93449337862,121242.39396442704
2019-06-04,165445.4243484081,47527.72324171221,29675.474462843642,29941.613745544615,32780.36618744232,25520.246710865325,95524.23506021763,113839.58625329973
2019-06-05,167630.12128260286,48022.79403844542,31515.52680777653,30018.459618558063,33188.821025670615,24884.51979215225,97652.34320069343,115559.6437589852
2019-06-06,168741.2453368982,48191.25143323805,32143.123695355793,29748.5740924766,33060.63621741739,25597.659898410355,98890.16403565825,115527.03268427287
2019-06-07,170569.45438532493,48642.43875309051,32764.381484593083,30293.84796147886,33294.51779721872,25574.26838894374,101542.387484001,118804.78464034239
2019-06-08,169304.13298966057,47987.5937924934,32311.530101166925,30343.298971556225,33110.71058444733,25550.999539996705,100144.0906958106,117478.14419763372
2019-06-09,164304.5088930367,46147.642747627746,31202.522389384725,29670.69178025449,32352.83031197875,24930.821663790954,95607.29158853694,113548.7188326071
2019-06-10,169185.16376876325,47992.56258463893,32560.529355071307,30103.99377523229,32982.72372900708,25545.35432481363,100780.42226126594,118160.51759443915
2019-06-11,167772.1348242211,47984.446847227795,31882.28246226001,29963.28115124263,32861.011476412,25081.112887078696,100002.80689161815,117088.03006968969
2019-06-12,171016.76400910283,49757.473913374604,32079.67582618465,30772.446415954753,33376.46287623832,25030.70497735049,104071.99683581716,120309.88453790093
2019-06-13,178650.00521443368,50194.80769099257,39624.59303092053,30372.260426108453,33264.99030581607,25193.353760596037,106936.77151780191,121566.26910050181
2019-06-14,177885.2914146123,49707.94536367561,38894.626686959586,30405.328303711838,33593.29147096168,25284.099589303583,107734.22738114462,128403.18596209332
2019-06-15,179744.47537666332,49805.905500751775,39149.63223775038,30613.616848057736,34333.98792021359,25841.332869889848,109979.40739034045,130537.99258714638
2019-06-16,183574.6335122828,49943.89099722944,38975.90990003105,30989.73528544099,34618.23778476062,29046.859544820694,112917.092916337,132843.700859376
2019-06-17,183326.93590565905,50586.62403629875,40618.36946659025,31312.512812902783,35049.1180768482,25760.311513019045,114501.36839459873,137656.53874764664
2019-06-18,178602.2966057132,48963.54408706208,39578.91852312008,30148.882950340034,34448.63916090425,25462.311884286748,111242.19756323505,134132.69649668923
2019-06-19,180088.6125511502,49424.604807555035,39712.88193864686,30378.637859897583,35144.88791229691,25427.60003275379,112954.28467398639,136964.86953586905
2019-06-20,180713.80920892092,49179.11617800449,39305.16777553311,30282.319061904313,36047.35558458622,25899.85060889277,113334.30683722062,140710.97479492766
2019-06-21,184556.48412474815,51483.99915053274,39358.13413766251,30948.611961432336,37093.51244819523,25672.22642692532,116533.25993562235,149829.58513909997
2019-06-22,194585.40582911583,53666.05151909184,40586.9550425773,32211.73257374824,38889.14980494564,29231.51688875282,127812.58264885671,158058.16266666556
2019-06-23,191855.79157199472,53969.354379335644,40311.09688671881,32104.31853970448,38707.18208494715,26763.839681288624,124564.81577724092,160327.92808255594
2019-06-24,193119.1464973002,54474.64613627766,40651.261409913786,32043.685891251655,39208.39261480158,26741.160445055473,126106.96680798732,162627.9968456248
2019-06-25,195109.27853718385,54981.850519742264,42533.083287384514,31986.01678972671,38967.07581743326,26641.252122897105,128011.79479829472,174145.43226801645
2019-06-26,195975.215605233,57019.09641334813,42978.69992627605,30890.86514956562,38240.3979604862,26846.156155556982,131017.54661986465,192242.6604348406
2019-06-27,180408.84255518252,50259.83246916842,41912.620581456365,27366.123568183724,34236.090887637816,26634.175048736197,117309.71993068479,165163.97305583858
2019-06-28,186334.49993308051,51199.07613102099,45245.15438911416,27575.619222020232,35484.52698957745,26830.123201347677,123801.89759737157,183249.54719861696
2019-06-29,190251.13037147184,51690.45393860338,48147.040045146474,27847.626119478307,35683.87022510876,26882.140043134925,127150.89515916663,176633.40774552673
2019-06-30,183489.09097687277,49453.24521700757,46532.474455769734,26969.748051444833,33942.79714108541,26590.826111565213,116010.31117313751,159763.5011976744
2019-07-01,183882.43081516193,49384.356998512485,46955.772618691415,27066.36194736066,33866.28238566219,26609.656864935183,117301.17883137339,156307.14555378415
2019-07-02,183701.73459162426,49042.21965003198,46944.30663997277,26868.79891817105,34281.80117869777,26564.608204750675,116862.10967299485,159534.90636215225
2019-07-03,185799.4984773454,50362.464146972714,46790.288763543846,27135.528526268525,34826.080115001685,26685.136925558614,120203.22635981397,176661.44663506266
2019-07-04,183163.79117521585,49627.27934013934,45808.451360609295,26754.909602099735,34424.550921438175,26548.599950929274,116325.11446230218,165645.91310468304
2019-07-05,185362.9048088729,49334.870726373076,46360.55105301035,26844.552007001468,36306.07434357381,26516.856678914235,117374.88229311412,162145.88371721524
2019-07-06,184296.73131231987,49530.76114860903,45528.23863510918,26849.86041624365,35778.0167056931,26609.854406664897,117658.280224566,165544.20001362983
2019-07-07,185602.97628841072,49950.807318204425,44694.46125004412,27243.43337174858,37005.20057781335,26709.073770600244,121343.95996913646,169122.77867703012
2019-07-08,186016.15542959957,50892.75613372247,45024.52500735867,27238.440920439378,36206.50958991413,26653.923778164917,122605.91695658323,181456.9188736413
2019-07-09,184134.8774588971,51002.95107342251,43537.334505765735,27141.141252502268,35954.7417276891,26498.708899517496,119547.93897852523,185708.3731927156
2019-07-10,181963.12885562607,50200.781683813075,43549.000283986854,26481.072951275506,35237.60592586469,26494.668010685953,112805.29956370963,179545.08199824666
2019-07-11,177501.67642139632,48879.24381596572,42216.582639108725,25591.809478375504,34319.37247726042,26494.668010685953,103686.13878576482,167761.26270196654
2019-07-12,181112.50849805825,49861.15852961046,43830.031155079414,25583.94833156768,35342.70247111476,26494.668010685953,109264.3110305059,174515.692727521
2019-07-13,179295.31265694654,49338.937046934065,43479.159514848936,25326.22545555453,34656.32262892307,26494.668010685953,105489.43457613955,168259.24145717107
2019-07-14,174571.14143551982,47426.001683657836,41839.23207022603,25318.44974421362,33492.7899267364,26494.668010685953,93385.08472505583,151476.40835382926
2019-07-15,175139.9845296258,47915.214104887295,41611.59304252655,25318.44974421362,33800.05962731241,26494.668010685953,99173.8893272627,160914.55242165335
2019-07-16,169144.06616014987,45864.03937264965,39487.01233737976,25318.44974421362,31979.896695220898,26494.668010685953,85786.98493665706,139979.61266956822
2019-07-17,169958.56551783945,46046.34521006455,40131.774539110804,25318.44974421362,31967.328013764545,26494.668010685953,91099.24525800034,143172.1950563426
2019-07-18,172410.32111335357,47214.606165278085,41207.49351315364,25318.44974421362,32175.103680022276,26494.668010685953,96615.94389439985,157538.14511351293
2019-07-19,171687.03301227628,47081.85032276324,40899.77947256175,25318.44974421362,31892.285462051725,26494.668010685953,96446.12880372534,155533.19143212863
2019-07-20,172833.246155171,47919.68619144628,41075.96691999239,25318.44974421362,32024.47528883276,26494.668010685953,99811.63670710023,159024.797614098
2019-07-21,171819.12877658982,47594.118000221155,40603.67066368996,25318.44974421362,31808.222357779134,26494.668010685953,98840.43453683931,156543.02415433488
2019-07-22,170825.73409639127,47421.12467942268,39994.20772911588,25318.44974421362,31597.283932953163,26494.668010685953,95555.90588377224,152762.05778621844
2019-07-23,169697.39237396303,46560.76122336836,39734.03923655898,25318.44974421362,31589.474159136134,26494.668010685953,91311.9452329431,146228.95325445457
2019-07-24,169619.3578233721,46307.985923837885,39894.76375629791,25318.44974421362,31603.490388336733,26494.668010685953,93434.34868067245,144916.8082253177
2019-07-25,169651.6554253438,46410.3236768866,39794.866674210025,25318.44974421362,31633.34731934763,26494.668010685953,93652.75186957716,146392.51344341418
2019-07-26,169653.8398552633,46360.66157420246,39885.369254666984,25318.44974421362,31594.691271494317,26494.668010685953,95199.21962957842,145779.01850184475
2019-07-27,168190.64618066212,45900.004834020554,39201.477711096406,25318.44974421362,31276.045880645594,26494.668010685953,90834.72289755232,139980.14633156045
2019-07-28,168014.8555925242,45924.38869127788,39014.56443129723,25318.44974421362,31262.78471504953,26494.668010685953,91055.91084006081,141090.55270435
2019-07-29,167375.54230767206,45636.04695460985,38663.592883113124,25318.44974421362,31262.78471504953,26494.668010685953,90286.28389759983,140592.60279573963
2019-07-30,167108.22633666018,45597.61037775761,38434.71348895348,25318.44974421362,31262.78471504953,26494.668010685953,90417.57035232293,141896.42558245762
2019-07-31,167079.7889191099,45578.764391397206,38425.12205776362,25318.44974421362,31262.78471504953,26494.668010685953,93463.65165738494,148959.24012301612
2019-08-01,167079.7889191099,45578.764391397206,38425.12205776362,25318.44974421362,31262.78471504953,26494.668010685953,93424.25009861725,153597.4551534619
2019-08-02,167079.7889191099,45578.764391397206,38425.12205776362,25318.44974421362,31262.78471504953,26494.668010685953,92533.15700701842,155347.72225489482
2019-08-03,167158.1448826504,45578.764391397206,38503.478021304094,25318.44974421362,31262.78471504953,26494.668010685953,93759.50784308731,159831.0166513357
2019-08-04,167173.22056008992,45578.764391397206,38487.81860355303,25318.44974421362,31293.51981024013,26494.668010685953,93989.13072446686,162023.66069770514
2019-08-05,167160.5834157081,45578.764391397206,38487.81860355303,25318.44974421362,31280.882665858284,26494.668010685953,97092.91553197807,174363.07982104993
2019-08-06,165989.59106855319,45208.889320291855,38487.81860355303,25318.44974421362,30479.76538980874,26494.668010685953,92937.15101682993,169526.31368291297
2019-08-07,167003.3436414743,46241.23637197005,38487.81860355303,25318.44974421362,30461.17091105165,26494.668010685953,94093.64171949614,176376.38459144725
2019-08-08,166646.94840791065,46297.199865904535,38487.81860355303,25318.44974421362,30048.81218355351,26494.668010685953,92460.14753423317,176737.32760103405
2019-08-09,166196.9978595373,46140.26807168246,38487.81860355303,25318.44974421362,29755.793429402267,26494.668010685953,88712.98601795895,175209.12158154312
2019-08-10,165069.17132027543,45406.04612459732,38487.81860355303,25318.44974421362,29362.188837225513,26494.668010685953,88593.7580716534,167692.76646410325
2019-08-11,165506.0662158424,45634.484569700246,38487.81860355303,25318.44974421362,29570.645287689556,26494.668010685953,92216.14995344938,170196.9969974299
2019-08-12,165150.9051942977,45446.59391501153,38487.81860355303,25318.44974421362,29403.374920833576,26494.668010685953,90588.38760519572,168115.05175619846
2019-08-13,163647.17559368417,44810.61712914826,38487.81860355303,25318.44974421362,28535.622106083298,26494.668010685953,89179.51628871982,160925.4852808448
2019-08-14,163618.55605683633,44795.74901792793,38487.81860355303,25318.44974421362,28521.870680455806,26494.668010685953,81919.29529820975,148458.20362882921
2019-08-15,163618.55605683633,44795.74901792793,38487.81860355303,25318.44974421362,28521.870680455806,26494.668010685953,82901.9502761459,152295.9256709806
2019-08-16,163618.55605683633,44795.74901792793,38487.81860355303,25318.44974421362,28521.870680455806,26494.668010685953,82108.40835014917,153223.3436736352
2019-08-17,163618.55605683633,44795.74901792793,38487.81860355303,25318.44974421362,28521.870680455806,26494.668010685953,82072.14489501694,151117.2971029724
2019-08-18,163618.55605683633,44795.74901792793,38487.81860355303,25318.44974421362,28521.870680455806,26494.668010685953,84754.07635482929,152801.9958958506
2019-08-19,163618.55605683633,44795.74901792793,38487.81860355303,25318.44974421362,28521.870680455806,26494.668010685953,86998.90540882634,161224.17734020678
2019-08-20,162808.69234761808,44587.360839044,38487.81860355303,25318.44974421362,27920.395150121494,26494.668010685953,84840.71235923613,158967.09000245534
2019-08-21,162782.75160581668,44573.35038960327,38487.81860355303,25318.44974421362,27908.464857760828,26494.668010685953,81109.48103950669,149733.4827106133
2019-08-22,162782.75160581668,44573.35038960327,38487.81860355303,25318.44974421362,27908.464857760828,26494.668010685953,83373.98355037672,149630.1830568806
2019-08-23,162541.19843768218,44573.35038960327,38487.81860355303,25076.89657607911,27908.464857760828,26494.668010685953,84829.21808994314,153719.98106221072
2019-08-24,162012.3815930081,44573.35038960327,38487.81860355303,24548.079731405032,27908.464857760828,26494.668010685953,83377.90585925108,150057.09822734055
2019-08-25,162507.1975228106,44573.35038960327,38487.81860355303,25042.89566120754,27908.464857760828,26494.668010685953,83133.860692763,149740.3914699177
2019-08-26,162891.64434088653,44573.35038960327,38487.81860355303,25427.34247928347,27908.464857760828,26494.668010685953,84070.33071172734,153171.376534233
2019-08-27,162576.26547911947,44573.35038960327,38487.81860355303,25111.963617516398,27908.464857760828,26494.668010685953,82895.55913759347,150434.29629274373
2019-08-28,161175.45301575132,44573.35038960327,38487.81860355303,23711.151154148243,27908.464857760828,26494.668010685953,76988.92242738818,144067.52122298002
2019-08-29,160303.72680509757,44573.35038960327,38487.81860355303,22839.424943494505,27908.464857760828,26494.668010685953,73206.12459216155,140460.48539442834
2019-08-30,160293.32210459796,44573.35038960327,38487.81860355303,22829.020242994888,27908.464857760828,26494.668010685953,74581.61816518528,141759.80811245542
2019-08-31,160251.37772695287,44573.35038960327,38487.81860355303,22787.07586534981,27908.464857760828,26494.668010685953,74294.16729545483,142239.67120651944
2019-09-01,160242.4568541836,44573.35038960327,38487.81860355303,22778.15499258053,27908.464857760828,26494.668010685953,75381.64543021642,144119.92106129488
2019-09-02,160242.4568541836,44573.35038960327,38487.81860355303,22778.15499258053,27908.464857760828,26494.668010685953,77514.09213550364,152816.0297639157
2019-09-03,160242.4568541836,44573.35038960327,38487.81860355303,22778.15499258053,27908.464857760828,26494.668010685953,78520.25456105906,156903.9094707333
2019-09-04,160186.01298220773,44516.9065176274,38487.81860355303,22778.15499258053,27908.464857760828,26494.668010685953,77100.3743718916,156474.90292219585
2019-09-05,160157.38130614784,44488.27484156752,38487.81860355303,22778.15499258053,27908.464857760828,26494.668010685953,76301.96871687619,156194.87460926367
2019-09-06,159837.4207185042,44168.31425392388,38487.81860355303,22778.15499258053,27908.464857760828,26494.668010685953,75289.99037484574,152912.6514310974
2019-09-07,159822.096618814,44152.990154233674,38487.81860355303,22778.15499258053,27908.464857760828,26494.668010685953,78156.43626751476,155334.13550903942
2019-09-08,159702.7381414569,44033.63167687658,38487.81860355303,22778.15499258053,27908.464857760828,26494.668010685953,79399.77903922563,154211.97414912443
2019-09-09,159558.29339385504,43889.18692927471,38487.81860355303,22778.15499258053,27908.464857760828,26494.668010685953,78432.17287035362,152641.9549913801
2019-09-10,159543.98163279754,43874.87516821723,38487.81860355303,22778.15499258053,27908.464857760828,26494.668010685953,77486.63659086867,149407.45850327265
2019-09-11,159543.98163279754,43874.87516821723,38487.81860355303,22778.15499258053,27908.464857760828,26494.668010685953,75958.65607634827,150329.0206473102
2019-09-12,159543.98163279754,43874.87516821723,38487.81860355303,22778.15499258053,27908.464857760828,26494.668010685953,76940.762865592,153751.91424195998
2019-09-13,159543.98163279754,43874.87516821723,38487.81860355303,22778.15499258053,27908.464857760828,26494.668010685953,77130.76698281492,153019.64344888416
2019-09-14,159543.98163279754,43874.87516821723,38487.81860355303,22778.15499258053,27908.464857760828,26494.668010685953,78301.70674148964,152982.7486549372
2019-09-15,159543.98163279754,43874.87516821723,38487.81860355303,22778.15499258053,27908.464857760828,26494.668010685953,78177.46723669583,152830.0924785749
2019-09-16,159543.98163279754,43874.87516821723,38487.81860355303,22778.15499258053,27908.464857760828,26494.668010685953,79078.56376862596,151782.65822086448
2019-09-17,160778.38894775062,45109.28248317029,38487.81860355303,22778.15499258053,27908.464857760828,26494.668010685953,81697.1323414135,151258.02521264428
2019-09-18,162863.52935016822,45435.1438756907,40247.09761345022,22778.15499258053,27908.464857760828,26494.668010685953,86397.89073982427,150622.57801290936
2019-09-19,163090.85121244917,46356.23474352192,39553.328607899944,22778.15499258053,27908.464857760828,26494.668010685953,84923.85503355968,151629.36741943035
2019-09-20,161661.3195159237,45889.158640204114,38590.873014692304,22778.15499258053,27908.464857760828,26494.668010685953,83108.15447414662,150377.30984595537
2019-09-21,160842.05202839593,45437.89863668613,38222.865530682524,22778.15499258053,27908.464857760828,26494.668010685953,82272.76270620093,147985.76853276466
2019-09-22,158823.58230231944,44055.22876039154,37587.06568090061,22778.15499258053,27908.464857760828,26494.668010685953,80301.59663666945,148734.22226517138
2019-09-23,156566.36214584703,42210.13963416139,37174.93465065832,22778.15499258053,27908.464857760828,26494.668010685953,76508.85863302124,143696.82806456278
2019-09-24,153565.7271037729,39220.277079394466,37164.16216335112,22778.15499258053,27908.464857760828,26494.668010685953,64585.781285887126,127321.0780981871
2019-09-25,153548.9538614728,39203.50383709439,37164.16216335112,22778.15499258053,27908.464857760828,26494.668010685953,66243.64230345904,125348.27394600835
2019-09-26,153548.9538614728,39203.50383709439,37164.16216335112,22778.15499258053,27908.464857760828,26494.668010685953,64038.37478365759,119912.73905262718
2019-09-27,153548.9538614728,39203.50383709439,37164.16216335112,22778.15499258053,27908.464857760828,26494.668010685953,65749.9782196329,121875.27381728045
2019-09-28,153548.9538614728,39203.50383709439,37164.16216335112,22778.15499258053,27908.464857760828,26494.668010685953,65761.41244351887,121787.68113407484
2019-09-29,153548.9538614728,39203.50383709439,37164.16216335112,22778.15499258053,27908.464857760828,26494.668010685953,64405.52350916272,119694.41360463058
2019-09-30,153548.9538614728,39203.50383709439,37164.16216335112,22778.15499258053,27908.464857760828,26494.668010685953,66904.42628201476,122495.9227142047
2019-10-01,153548.9538614728,39203.50383709439,37164.16216335112,22778.15499258053,27908.464857760828,26494.668010685953,66344.23078380877,123225.6550069933
2019-10-02,153548.9538614728,39203.50383709439,37164.16216335112,22778.15499258053,27908.464857760828,26494.668010685953,67321.9901410663,123960.66622651552
2019-10-03,153548.9538614728,39203.50383709439,37164.16216335112,22778.15499258053,27908.464857760828,26494.668010685953,65935.1772478934,121995.59296157505
2019-10-04,153548.9538614728,39203.50383709439,37164.16216335112,22778.15499258053,27908.464857760828,26494.668010685953,66461.20320582105,121197.2634678436
2019-10-05,153548.9538614728,39203.50383709439,37164.16216335112,22778.15499258053,27908.464857760828,26494.668010685953,66023.79240376258,120393.22956011449
2019-10-06,153548.9538614728,39203.50383709439,37164.16216335112,22778.15499258053,27908.464857760828,26494.668010685953,66399.81818412217,117980.71677296016
2019-10-07,153548.9538614728,39203.50383709439,37164.16216335112,22778.15499258053,27908.464857760828,26494.668010685953,69800.5036746754,121783.36856824596
2019-10-08,154743.8645617954,39203.50383709439,38359.07286367369,22778.15499258053,27908.464857760828,26494.668010685953,69536.1630655813,121534.65323328834
2019-10-09,156427.70156631,39203.50383709439,40042.9098681883,22778.15499258053,27908.464857760828,26494.668010685953,73092.33189623263,126954.409039657
2019-10-10,154480.3184048265,39203.50383709439,38095.52670670481,22778.15499258053,27908.464857760828,26494.668010685953,71059.04921473179,126817.5463736043
2019-10-11,155399.462186425,39203.50383709439,39014.67048830329,22778.15499258053,27908.464857760828,26494.668010685953,69558.14413366286,122907.8232323977
2019-10-12,154252.90296229604,39203.50383709439,37868.11126417433,22778.15499258053,27908.464857760828,26494.668010685953,69777.19300431249,123126.3938764448
2019-10-13,153677.86387227243,39203.50383709439,37293.07217415074,22778.15499258053,27908.464857760828,26494.668010685953,70514.88471527051,122896.73171693827
2019-10-14,154671.0071278569,39203.50383709439,38286.21542973519,22778.15499258053,27908.464857760828,26494.668010685953,72167.28526888858,123689.56593447982
2019-10-15,153254.74434968704,39203.50383709439,36869.95265156535,22778.15499258053,27908.464857760828,26494.668010685953,70605.15325615859,121188.84026234515
2019-10-16,151591.56216634027,39203.50383709439,36698.247171258394,22778.15499258053,27908.464857760828,25003.191307646124,68849.74165762287,118857.59554262407
2019-10-17,152418.12878318288,39203.50383709439,37534.82252006855,22778.15499258053,27908.464857760828,24993.18257567859,70424.38477481979,119690.3606581493
2019-10-18,151463.99772640673,39203.50383709439,36783.73484570166,22778.15499258053,27705.421475351573,24993.18257567859,69429.99074715491,117759.93936445886
2019-10-19,151740.31270076544,39203.50383709439,36717.13707729106,22778.15499258053,27847.510488702388,25194.00630509707,69600.4493471729,117986.69522960248
2019-10-20,151797.1323603256,39203.50383709439,37298.88083215181,22778.15499258053,27796.639425982605,24719.953272516268,70480.12997591088,121435.62287549324
2019-10-21,153224.8161323828,39203.50383709439,38563.99839402924,22778.15499258053,27967.231942489914,24711.92696618873,71579.99250372611,121755.27198552171
2019-10-22,151870.5738497151,39203.50383709439,38302.419472304464,22778.15499258053,27144.148324632122,24442.347223103592,70032.81550616764,119310.66736235018
2019-10-23,150470.3136918883,39203.50383709439,37628.533051593025,22778.15499258053,27133.436253115047,23726.68555750532,65792.3466214935,110987.61723886874
2019-10-24,151540.5281261374,39203.50383709439,38705.50060844672,22778.15499258053,27133.436253115047,23719.932434900722,67100.10742363852,110674.75429011941
2019-10-25,152972.73245245044,39203.50383709439,40137.70493475974,22778.15499258053,27133.436253115047,23719.932434900722,74871.98028740576,127913.83233854632
2019-10-26,150983.61467713938,39203.50383709439,39086.5915581719,22778.15499258053,26907.81967409334,23007.54461519923,74064.49745970382,136543.2188688455
2019-10-27,150595.39125247998,39203.50383709439,38713.459365543706,22778.15499258053,26898.450103107152,23001.822954154206,78148.5399928606,141073.63417686764
2019-10-28,150773.78470534744,39203.50383709439,38852.75863033524,23250.808624066314,26464.890659697314,23001.822954154206,77673.85676406662,136708.2790807021
2019-10-29,152765.27862681978,39203.50383709439,39930.63369950661,24119.114649518597,26486.843968261586,23025.182472438624,79826.13305230875,139241.8177537083
2019-10-30,152325.92005230905,39203.50383709439,39633.575106003096,23126.23072976195,26610.05849727241,23752.551882177213,78716.29073021936,135963.57540553785
2019-10-31,153645.44240054727,39203.50383709439,40289.34811974953,23023.04749038886,26284.562668889772,24844.980284424706,78776.54792095836,135872.86729016158
2019-11-01,152795.85331899216,39203.50383709439,39826.579163791495,22919.756037872023,26342.877920800816,24503.13635943344,79107.78385207616,136781.47731341553
2019-11-02,153911.25546791175,39203.50383709439,40377.10115262884,23219.894600831587,26519.69824046613,24591.05763689082,79962.02253467847,137721.0108856227
2019-11-03,153469.57498404066,39203.50383709439,40141.487265169446,22898.3817567711,26578.670884969524,24647.531240036216,79398.69346912052,136401.16381584172
2019-11-04,154561.52882411095,39203.50383709439,40226.20398107213,23590.828668898528,26697.822500426486,24843.16983661942,81295.5151597013,139019.16531658577
2019-11-05,158491.58503534106,39203.50383709439,40290.828015458246,24125.39284250962,26594.248024361805,28277.61231591701,83379.80464585163,137984.04855458712
2019-11-06,156937.40534281256,39284.52959456872,41486.969712091966,23721.434492803208,26565.983935957356,25878.487607391326,83101.28406625961,138255.10557673158
2019-11-07,157031.5053549273,39144.93461484713,40347.685168002274,23102.782243105827,26923.71737224492,27512.385956727132,82957.40753689091,136876.84415375072
2019-11-08,155201.32480175057,39137.51633978566,39783.535112446814,22442.55384867403,26401.644291521254,27436.075209322833,80131.69175206321,130043.30234367742
2019-11-09,156482.28611580774,39137.51633978566,40672.140901604515,22585.314092183773,26595.15375564508,27492.161026588703,80990.63314212626,130171.8139207171
2019-11-10,157992.50974656563,39137.51633978566,41070.85229180069,23333.67106243037,26974.767197824865,27475.702854724055,83059.99626274257,133745.2001971663
2019-11-11,156840.3668994847,38975.694356054104,40452.76855459841,23427.438821216223,26845.121145542093,27139.344022073885,81481.25240679331,129347.76768828064
2019-11-12,157040.58928422388,38968.33203139419,41100.37076166907,23263.807830999664,27394.995228386866,26313.08343177409,81826.66805885301,130202.53554351113
2019-11-13,159533.16305816334,38968.33203139419,42642.62968069118,23365.81011054374,27863.846502310866,26692.54473322335,83048.29734190191,130093.25022148759
2019-11-14,157728.11902425266,38874.53366681132,42607.689093863584,22927.86005587022,27528.80977264169,25789.226435065855,81428.52687121871,128613.82379274283
2019-11-15,154692.40069445054,38336.2309974854,41472.938146712004,22359.421616512172,27087.573760932213,25436.23617280874,78959.4373986472,125422.10680379359
2019-11-16,155027.5096435185,38324.616275467306,41454.30879020458,22361.23941508676,27346.544312373055,25540.800850386815,79637.09833294908,126290.08639915522
2019-11-17,154300.23259053298,38324.616275467306,40928.53505750147,22414.859825728232,27113.452088777798,25518.76934305817,79699.1419532927,126692.03484235863
2019-11-18,150150.42598159617,37931.720557402165,39197.877884161986,21559.591408490505,26507.029141916446,24954.206989625065,75902.13744082066,122723.63772860462
2019-11-19,149335.8888727668,37919.08144356748,38757.07681896144,21228.038855297924,26562.070293102508,24869.62146183747,74798.41397225908,121200.30678352891
2019-11-20,149016.75721757204,37919.08144356748,38472.688237951064,21068.961673303907,26415.5026447676,25140.52321798196,73924.58925858788,118558.38424456709
2019-11-21,148470.512111646,37919.08144356748,37558.39173138158,21062.89916708675,26136.13459134504,25794.005178265157,70035.34519985913,112879.26149834249
2019-11-22,149537.73751102533,37919.08144356748,37542.92555202003,21062.89916708675,25364.521598525276,27648.309749825796,66991.32429947062,107766.48393551189
2019-11-23,147869.86886214613,37919.08144356748,38089.22950501729,21062.89916708675,25602.163538497385,25196.495207977223,67837.6496905254,109261.43704357014
2019-11-24,146269.1770095859,37919.08144356748,36926.34770130307,21062.89916708675,25074.254419750716,25286.594277877895,63373.5310303558,104093.90143335109
2019-11-25,146276.62995586693,37919.08144356748,36911.75270146772,21062.89916708675,25068.915489325176,25313.9811544198,63836.16874568624,105544.51011451724
2019-11-26,144946.9215093891,37919.08144356748,36906.52060040879,21062.89916708675,25068.915489325176,23989.504809000908,64527.79855278825,106611.4158232943
2019-11-27,144678.5523326547,37919.08144356748,36644.15436659791,21062.89916708675,25068.915489325176,23983.501866077393,66074.16578012313,111238.57539652336
2019-11-28,144665.84791659671,37919.08144356748,36631.44995053991,21062.89916708675,25068.915489325176,23983.501866077393,65895.99817184928,110226.0166711678
2019-11-29,145031.67836029513,37919.08144356748,36997.28039423832,21062.89916708675,25068.915489325176,23983.501866077393,68390.56137661095,114629.34830856178
2019-11-30,144481.88137779172,37919.08144356748,36447.48341173491,21062.89916708675,25068.915489325176,23983.501866077393,66381.08968077396,111799.3171289993
2019-12-01,144469.1145861478,37919.08144356748,36434.71662009101,21062.89916708675,25068.915489325176,23983.501866077393,65819.74199742755,109652.7627284694
2019-12-02,144469.1145861478,37919.08144356748,36434.71662009101,21062.89916708675,25068.915489325176,23983.501866077393,64413.28257189323,108141.78533734818
2019-12-03,144469.1145861478,37919.08144356748,36434.71662009101,21062.89916708675,25068.915489325176,23983.501866077393,64414.45161329228,108114.56857574615
2019-12-04,144161.03978826854,37919.08144356748,36434.71662009101,21062.89916708675,25068.915489325176,23675.427068198132,63213.7267759702,107108.60850880764
2019-12-05,144155.15231550732,37919.08144356748,36434.71662009101,21062.89916708675,25068.915489325176,23669.539595436916,64136.37272174145,110007.45323876926
2019-12-06,144155.15231550732,37919.08144356748,36434.71662009101,21062.89916708675,25068.915489325176,23669.539595436916,64650.21110366264,111465.0355840767
2019-12-07,144155.15231550732,37919.08144356748,36434.71662009101,21062.89916708675,25068.915489325176,23669.539595436916,64759.16959781603,111601.52324440518
2019-12-08,144155.15231550732,37919.08144356748,36434.71662009101,21062.89916708675,25068.915489325176,23669.539595436916,65002.14472608814,111721.26545681633
2019-12-09,144155.15231550732,37919.08144356748,36434.71662009101,21062.89916708675,25068.915489325176,23669.539595436916,64671.76978497903,109307.25985841357
2019-12-10,144338.612856025,37919.08144356748,36434.71662009101,21062.89916708675,25068.915489325176,23853.000135954582,64148.81579297623,107493.86919728208
2019-12-11,144370.17598803437,37919.08144356748,36434.71662009101,21062.89916708675,25068.915489325176,23884.563267963957,63699.834897989305,106597.47570666029
2019-12-12,144327.52048778394,37919.08144356748,36434.71662009101,21062.89916708675,25068.915489325176,23841.907767713546,63807.0928041872,106977.15457916232
2019-12-13,144169.06692622963,37919.08144356748,36434.71662009101,21062.89916708675,25068.915489325176,23683.454206159233,64177.75679703136,107369.28796869845
2019-12-14,144497.31143130496,37919.08144356748,36434.71662009101,21062.89916708675,25068.915489325176,24011.698711234556,63284.50260915762,105227.55816104393
2019-12-15,144414.93455635683,37919.08144356748,36434.71662009101,21062.89916708675,25068.915489325176,23929.32183628642,63556.424607863606,105635.60765891486
2019-12-16,143641.6228121762,37919.08144356748,36434.71662009101,21062.89916708675,25068.915489325176,23156.010092105797,59820.46515767711,102388.9667546607
2019-12-17,143634.36005693124,37919.08144356748,36434.71662009101,21062.89916708675,25068.915489325176,23148.747336860826,55221.9658528853,98076.7975665012
2019-12-18,143634.36005693124,37919.08144356748,36434.71662009101,21062.89916708675,25068.915489325176,23148.747336860826,59088.380271530295,107474.41938116112
2019-12-19,143634.36005693124,37919.08144356748,36434.71662009101,21062.89916708675,25068.915489325176,23148.747336860826,57983.71818294724,106382.09261126931
2019-12-20,143634.36005693124,37919.08144356748,36434.71662009101,21062.89916708675,25068.915489325176,23148.747336860826,60311.85772456157,106617.99284676572
2019-12-21,143397.51104803756,37919.08144356748,36434.71662009101,21062.89916708675,25068.915489325176,22911.89832796715,59739.60650694918,106209.50343833365
2019-12-22,143296.0889802027,37919.08144356748,36434.71662009101,21062.89916708675,25068.915489325176,22810.476260132313,61746.613428857636,110942.0828899671
2019-12-23,141510.5566154541,37919.08144356748,36434.71662009101,21062.89916708675,25068.915489325176,21024.94389538369,58861.40579062077,108638.63186373148
2019-12-24,141505.2236070842,37919.08144356748,36434.71662009101,21062.89916708675,25068.915489325176,21019.610887013776,60728.718354334545,108149.81911382533
2019-12-25,141505.2236070842,37919.08144356748,36434.71662009101,21062.89916708675,25068.915489325176,21019.610887013776,58538.393261695695,107450.09449062495
2019-12-26,141505.2236070842,37919.08144356748,36434.71662009101,21062.89916708675,25068.915489325176,21019.610887013776,60107.01346415739,106915.6031588462
2019-12-27,141505.2236070842,37919.08144356748,36434.71662009101,21062.89916708675,25068.915489325176,21019.610887013776,60702.77909060865,107670.64112637288
2019-12-28,141380.1234971789,37919.08144356748,36434.71662009101,20937.79905718146,25068.915489325176,21019.610887013776,60991.6596383327,108082.73635907655
2019-12-29,141374.9406920515,37919.08144356748,36434.71662009101,20932.61625205403,25068.915489325176,21019.610887013776,62706.00610949618,109628.54601266139
2019-12-30,141346.8991332165,37919.08144356748,36434.71662009101,20904.574693219063,25068.915489325176,21019.610887013776,61571.15654005698,107713.57207015049
2019-12-31,141178.58003517918,37919.08144356748,36434.71662009101,20736.255595181727,25068.915489325176,21019.610887013776,59853.96024683575,106245.5472577525
2020-01-01,141173.1778320666,37919.08144356748,36434.71662009101,20730.853392069166,25068.915489325176,21019.610887013776,60821.59524504993,106342.65931703516
2020-01-02,141173.1778320666,37919.08144356748,36434.71662009101,20730.853392069166,25068.915489325176,21019.610887013776,59436.92029869549,103171.59648951361
2020-01-03,141173.1778320666,37919.08144356748,36434.71662009101,20730.853392069166,25068.915489325176,21019.610887013776,62178.84256982215,108479.94674918705
2020-01-04,141173.1778320666,37919.08144356748,36434.71662009101,20730.853392069166,25068.915489325176,21019.610887013776,63245.999757984304,109451.3702312522
2020-01-05,141356.09964297985,37919.08144356748,36434.71662009101,20730.853392069166,25068.915489325176,21202.53269792702,64638.4020441366,109461.12759173113
2020-01-06,141803.84275627325,37919.08144356748,36434.71662009101,20730.853392069166,25068.915489325176,21650.27581122044,69137.28654576215,114747.14337586626
2020-01-07,141666.44782993448,37919.08144356748,36391.166676115616,20730.853392069166,25068.915489325176,21556.430828857043,70012.36653714108,120573.29721258947
2020-01-08,141259.0144455387,37919.08144356748,36329.07240357652,20730.853392069166,25068.915489325176,21211.091717000345,68594.0955857488,119335.17975574848
2020-01-09,141235.1455884933,37919.08144356748,36277.395951756545,20730.853392069166,25068.915489325176,21238.89931177493,67791.00221730807,116369.59843016815
2020-01-10,142690.769017876,37919.08144356748,37164.978522773374,20730.853392069166,25068.915489325176,21806.940170140835,70926.01225573126,120615.56468470111
2020-01-11,142704.27108568404,37919.08144356748,36880.718036233506,20730.853392069166,25068.915489325176,22104.702724488707,71518.17359422788,118710.05963672743
2020-01-12,143068.8414015782,37919.08144356748,37093.40566976373,20718.803462904416,25068.915489325176,22268.63533601737,73482.89052995617,120998.68351355822
2020-01-13,143209.86586813186,37919.08144356748,36766.30533783251,20681.2741685972,24994.412146608152,22848.79277152654,72775.19755184559,120285.32166296267
2020-01-14,147333.8241740485,37919.08144356748,38989.51272181824,21415.246259833446,24990.834750172085,24019.148998657263,83302.12634171003,130381.28346430263
2020-01-15,152245.17620705778,37919.08144356748,38976.919684537344,21958.736959050864,27300.192282944812,26090.24583695727,87171.73188368554,130074.75955462275
2020-01-16,151408.93139925878,37919.08144356748,39444.10789676773,22263.092949852842,26340.22445235047,25442.424656720268,87641.48197828361,128845.57733032678
2020-01-17,155523.6739413027,37919.08144356748,41935.338050755396,23182.163808339803,25339.69544649048,27147.395192149525,93769.01945703593,131877.0370653492
2020-01-18,152987.09266358093,37919.08144356748,41828.139743881875,23358.77876484927,24148.507118564667,25732.585592717645,90958.0161029061,132080.4199775643
2020-01-19,150602.11167265993,37919.08144356748,40097.99006123148,22768.174045212014,24065.927037581223,25750.939085067756,88849.28787788801,128586.50606806112
2020-01-20,152126.58380754798,37919.08144356748,40844.772773161414,23059.824791855746,24294.865332155397,26008.039466807968,90045.93723396929,127868.67299536879
2020-01-21,152369.9353857724,37919.08144356748,40642.841299044325,23370.30086082217,24473.735367312616,25963.976415025805,91451.14575766903,129172.10635306546
2020-01-22,151420.92128842298,37854.86476497998,40579.64453538606,22982.966649917926,24175.407718176088,25828.03761996291,90887.43469639217,128211.81765635099
2020-01-23,147336.0091005889,37462.85936063888,38305.32057939645,22495.11000362112,23579.56036183837,25493.158795094096,85447.0485207292,124159.66445641633
2020-01-24,147040.3867084143,37455.167271635124,38381.51153377411,22278.595856652388,23453.82148250823,25471.290563844454,85419.70202792378,124734.47611520007
2020-01-25,145936.69683472934,37159.44117512017,37879.278222683235,22043.10153188304,23377.929853306585,25476.94605173632,84528.51625685192,123588.5595849838
2020-01-26,149212.12029903266,37152.05600587709,39464.766172058706,22742.61579909446,23870.439722756946,25982.242599245463,89318.58288407576,126970.50543920536
2020-01-27,151164.0797119611,37658.386897846554,40136.68298917892,22999.893344636763,24210.248380184054,26158.868100114803,93301.39460560711,131593.1865786891
2020-01-28,153753.16903743552,38450.04857379584,40751.79472060647,23629.86807173386,24586.188308214318,26335.269363085034,95199.88532665385,138221.28294506393
2020-01-29,155594.10389404776,38487.65570023679,41491.246471240185,24127.17527695798,24555.788039500556,26932.238406112247,97356.5288896025,137601.55713915318
2020-01-30,158798.75101043668,39077.29507394396,42714.20309136705,24415.3507733296,25126.179716154154,27465.722355641923,100594.32951528864,140442.65819922948
2020-01-31,155218.83190613528,38540.33406300598,41413.655327669774,23093.691165533884,24712.88966563701,27458.261684288645,97990.66072451709,138102.2330509129
2020-02-01,155963.95937562236,38554.43593018151,41683.83531708208,23417.742910721143,24908.295178391432,27399.650039246193,100508.45134348376,138727.6560591728
2020-02-02,156188.75879504872,38656.620051516256,41553.081618195036,23308.878867181586,25210.124081909355,27460.054176246496,101628.56537666624,138011.19319970364
2020-02-03,156275.40724157152,38624.33833624977,41359.73967051613,23685.06332018442,25251.32403331041,27354.94188131079,100791.35888159354,137260.25866019807
2020-02-04,155156.2951667527,38359.53607905897,41006.681073843705,23375.319197860415,25217.102034978867,27197.65678101074,101456.83051816763,135597.82943802123
2020-02-05,161464.25905364292,39318.39713739768,43749.92527486321,24394.685444395174,25834.86227390606,28166.388923080798,107797.83705027224,141985.0423197563
2020-02-06,163379.7894288606,40304.18749774787,44057.25086477993,24827.875165126145,26190.017121119377,28000.458780087283,110637.84424021709,143703.88105683797
2020-02-07,167973.98372008934,41367.35701036612,47357.00546548122,24474.5197140242,26948.21804661632,27826.88348360148,110774.48030782292,144680.75654520182
2020-02-08,170999.10884182833,41236.57759470368,48164.56105669,24345.395597407638,29260.417184081794,27992.157408945237,112563.56817069888,145702.445217613
2020-02-09,175437.99286264164,43337.5751808473,48815.74584609978,24451.280944355385,30672.323134844315,28161.067756494867,115992.1454067691,149417.77116068933
2020-02-10,173770.27384123043,43741.48899650922,48473.32578751271,24405.661552349142,29144.731532505615,28005.065972353754,114238.29688363185,145576.78945339646
2020-02-11,180605.95838311725,44594.221446749216,52558.974585103555,25084.548638221346,30028.543513624852,28339.670199418306,121106.68822958205,150770.09949550885
2020-02-12,183926.73465254877,45519.89052861666,53294.584750307054,25617.24017590219,31065.056282376045,28429.96291534682,127088.18599492901,152510.21259579295
2020-02-13,180574.1238404392,44341.53423883994,52276.32620418681,25343.360545834006,30331.988261650426,28280.914589928023,126114.14162943966,150860.8364574793
2020-02-14,186712.09235808344,45969.64101305522,56019.278330522684,25305.821997506548,31027.632327588886,28389.718689410092,131718.94091410408,152304.34887647897
2020-02-15,174854.79481723267,42387.09338882706,53566.96629663531,22351.000305636477,29288.472685270623,27261.262140863193,120980.076626155,146061.4266587961
2020-02-16,172967.80839019964,41866.4561378204,53808.40955787912,21669.818972939604,28869.100608728346,26754.02311283218,117306.97628865651,146726.18199821052
2020-02-17,171456.54736189594,41820.54726329155,52720.083411350046,21609.76421255256,28051.27651094023,27254.87596376156,115309.67384665711,143118.13653886277
2020-02-18,174910.0393908014,43150.19749500389,53957.14011929916,21828.454168468932,28576.553856194107,27397.693751835337,119236.69946066596,149791.76725413933
2020-02-19,168360.11758407133,40922.00475102735,52253.14194389941,21006.258933189198,27209.67930250251,26969.032653452847,110807.07303090321,142279.8833587962
2020-02-20,167096.87259871227,40791.673928709075,51516.365891547044,20928.10906944979,27062.900870344733,26797.822838661596,109921.6340667135,141911.9594734196
2020-02-21,167513.8424451146,40808.16029099443,51773.97034775006,21016.739707514695,27020.362650530966,26894.609448324445,111168.81602537034,143063.47224290538
2020-02-22,166120.5374832484,40670.75933910803,50945.700710601464,20888.323654307977,26819.96950371579,26795.784275515147,109904.18875918318,142719.93815290186
2020-02-23,169178.55291643686,41349.6755350698,52121.8258449535,21308.639656490337,27306.6032740394,27091.808605883827,114683.11262703576,146579.69899300122
2020-02-24,165287.94796591063,40669.388420775125,50265.39878157599,20819.254599811844,26763.713798610424,26770.19236513724,109391.1770579056,142527.8342590083
2020-02-25,161145.92172519697,39513.301522862625,48428.6148585869,20498.62454762955,26376.56584213519,26328.81495398268,103836.59653896747,137971.90413844032
2020-02-26,157642.627542067,38382.826153392576,47651.81233216441,19512.89226190197,25773.69864909209,26321.398145515934,95935.92434381637,130274.32029311001
2020-02-27,158686.0254653185,38504.26170051949,48656.892659082405,19506.60191571201,25696.871044488646,26321.398145515934,96957.8242476916,129742.20159370198
2020-02-28,158796.7795231425,38304.25269243955,49079.92770417151,19506.60191571201,25584.599065303493,26321.398145515934,94368.70046884584,128087.4455655751
2020-02-29,158607.18892027874,38588.92842505347,48743.60759114812,19506.60191571201,25446.652842849202,26321.398145515934,93192.36294175634,127010.06854311335
2020-03-01,157346.7892212158,38247.14016908427,47985.78847849512,19506.60191571201,25285.86051240846,26321.398145515934,92766.97242623231,126462.79095846754
2020-03-02,160097.01919623662,38896.22111920584,49364.67652379826,19506.60191571201,25637.75643504369,26691.76320247681,97353.04715103228,131000.20156557654
2020-03-03,160870.81871224692,38738.391432095224,50755.22298021521,19438.343418665874,25400.32657563633,26538.534305634308,97062.7242504604,129790.82252818017
2020-03-04,160793.03173985332,38883.67888090557,50841.8522461437,19433.304237350458,25103.054111718688,26531.142263734924,96548.61284216295,129310.2238459647
2020-03-05,162604.6422099585,39602.4270744197,51466.979112594076,19433.304237350458,25570.789521859333,26531.142263734924,99835.58239058213,134088.38812803966
2020-03-06,162950.75242861197,39932.096810553485,51492.959533338864,19433.304237350458,25561.249583634235,26531.142263734924,100947.57751946048,134735.04222961067
2020-03-07,159354.21158338888,39024.20732104734,49298.467961779475,19433.304237350458,25067.08979947668,26531.142263734924,96768.13925563172,131595.17699368703
2020-03-08,152769.42779114115,36421.564992289954,46476.4339179456,19433.304237350458,23906.982379820205,26531.142263734924,84416.78348656248,119752.46737540321
2020-03-09,152645.15274653147,36402.73760201088,46381.155717797934,19433.304237350458,23896.812925637285,26531.142263734924,84303.25612109657,117027.92097908203
2020-03-10,152711.55485696808,36402.73760201088,46447.557828234545,19433.304237350458,23896.812925637285,26531.142263734924,83916.65909535253,116822.40341889812
2020-03-11,151844.32752101799,36402.73760201088,45580.33049228444,19433.304237350458,23896.812925637285,26531.142263734924,81632.86328441094,116847.52159077405
2020-03-12,146354.11206365566,36402.73760201088,40090.11503492212,19433.304237350458,23896.812925637285,26531.142263734924,52326.36763066626,73415.83699655016
2020-03-13,146343.48571937188,36402.73760201088,40079.48869063834,19433.304237350458,23896.812925637285,26531.142263734924,60018.031223594546,82172.9273992522
2020-03-14,146343.48571937188,36402.73760201088,40079.48869063834,19433.304237350458,23896.812925637285,26531.142263734924,55444.96558588055,76806.58106199442
2020-03-15,146343.48571937188,36402.73760201088,40079.48869063834,19433.304237350458,23896.812925637285,26531.142263734924,56850.01887962876,79641.55943245752
2020-03-16,146343.48571937188,36402.73760201088,40079.48869063834,19433.304237350458,23896.812925637285,26531.142263734924,51470.08362169717,74061.14251984359
2020-03-17,146343.48571937188,36402.73760201088,40079.48869063834,19433.304237350458,23896.812925637285,26531.142263734924,53341.67315956454,77179.70454597066
2020-03-18,146343.48571937188,36402.73760201088,40079.48869063834,19433.304237350458,23896.812925637285,26531.142263734924,58261.23650363466,77368.88772220424
2020-03-19,146343.48571937188,36402.73760201088,40079.48869063834,19433.304237350458,23896.812925637285,26531.142263734924,67568.62349100011,91440.55203727247
2020-03-20,146343.48571937188,36402.73760201088,40079.48869063834,19433.304237350458,23896.812925637285,26531.142263734924,66266.32559094526,91552.58499739098
2020-03-21,146343.48571937188,36402.73760201088,40079.48869063834,19433.304237350458,23896.812925637285,26531.142263734924,66538.34128497128,91350.06748300102
2020-03-22,146343.48571937188,36402.73760201088,40079.48869063834,19433.304237350458,23896.812925637285,26531.142263734924,61955.94857788631,86109.69422249575
2020-03-23,146343.48571937188,36402.73760201088,40079.48869063834,19433.304237350458,23896.812925637285,26531.142263734924,66919.33734874858,94765.48259811156
2020-03-24,146343.48571937188,36402.73760201088,40079.48869063834,19433.304237350458,23896.812925637285,26531.142263734924,67557.0715920291,99469.38853513724
2020-03-25,146343.48571937188,36402.73760201088,40079.48869063834,19433.304237350458,23896.812925637285,26531.142263734924,66493.22040213112,98675.6672848249
2020-03-26,146343.48571937188,36402.73760201088,40079.48869063834,19433.304237350458,23896.812925637285,26531.142263734924,68894.41760780683,99198.17285672484
2020-03-27,146343.48571937188,36402.73760201088,40079.48869063834,19433.304237350458,23896.812925637285,26531.142263734924,66959.10732041145,95555.40330964162
2020-03-28,146343.48571937188,36402.73760201088,40079.48869063834,19433.304237350458,23896.812925637285,26531.142263734924,64779.863041281715,92193.80872760895
2020-03-29,146343.48571937188,36402.73760201088,40079.48869063834,19433.304237350458,23896.812925637285,26531.142263734924,61859.38201281562,87465.35433894221
2020-03-30,146343.48571937188,36402.73760201088,40079.48869063834,19433.304237350458,23896.812925637285,26531.142263734924,66035.1330714753,94965.26689770361
2020-03-31,146343.48571937188,36402.73760201088,40079.48869063834,19433.304237350458,23896.812925637285,26531.142263734924,67953.13069895327,95095.27849764029
2020-04-01,146343.48571937188,36402.73760201088,40079.48869063834,19433.304237350458,23896.812925637285,26531.142263734924,68183.26547079888,97578.49428711209
2020-04-02,146343.48571937188,36402.73760201088,40079.48869063834,19433.304237350458,23896.812925637285,26531.142263734924,69769.19935792635,100338.13977689299
2020-04-03,146343.48571937188,36402.73760201088,40079.48869063834,19433.304237350458,23896.812925637285,26531.142263734924,70610.95839621538,99448.46754271345
2020-04-04,146343.48571937188,36402.73760201088,40079.48869063834,19433.304237350458,23896.812925637285,26531.142263734924,72607.600568521,101429.64441885088
2020-04-05,146343.48571937188,36402.73760201088,40079.48869063834,19433.304237350458,23896.812925637285,26531.142263734924,71412.07081271526,100301.28825283729
2020-04-06,146343.48571937188,36402.73760201088,40079.48869063834,19433.304237350458,23896.812925637285,26531.142263734924,79528.12642076136,107400.25478754278
2020-04-07,145728.01391888736,36402.73760201088,40079.48869063834,19433.304237350458,23281.34112515275,26531.142263734924,80972.30456051683,105991.74049892323
2020-04-08,145713.84998670823,36402.73760201088,40079.48869063834,19433.304237350458,23267.17719297361,26531.142263734924,82756.45217874707,108320.64864451632
2020-04-09,146141.04750167573,36402.73760201088,40179.44197131945,19565.59242373386,23462.133240876625,26531.142263734924,83969.52994867739,107847.8890242673
2020-04-10,141484.51891850948,36402.73760201088,39431.7435913288,18961.669388046314,21467.367049999626,25221.00128712387,76910.63221678695,101399.60069101992
2020-04-11,141887.14578751277,36402.73760201088,39860.14770310029,18954.46055656328,21460.61556279024,25209.184363048083,78085.4459093471,101304.92616894489
2020-04-12,143144.65697700874,36402.73760201088,41084.08738396823,18933.66448531313,21514.98314266841,25209.184363048083,78431.69628075405,102959.23507486208
2020-04-13,142036.3266725036,36402.73760201088,40434.24334783119,18793.75881958888,21196.40254002457,25209.184363048083,78012.11796799886,101097.48309859994
2020-04-14,141510.20450161156,36805.48869686444,39535.55547695914,18777.985405392967,21181.990559346912,25209.184363048083,77813.2902269688,101058.93683713659
2020-04-15,139456.91070261708,35641.13208630341,38858.52750760507,18566.076186313596,21181.990559346912,25209.184363048083,75276.06282881585,98100.35081064315
2020-04-16,142601.45337325145,36735.5634685788,40914.25168728855,18560.46329498909,21181.990559346912,25209.184363048083,81753.35786756732,105111.32802147316
2020-04-17,142400.9820544741,36573.44906248087,40960.30899706196,18476.04907253627,21181.990559346912,25209.184363048083,81783.11999802444,104806.78731514266
2020-04-18,147639.39476614047,38805.00138866168,43504.63145523269,18938.586999851115,21181.990559346912,25209.184363048083,85088.70129649862,107191.76602815908
2020-04-19,144369.8373258997,37800.520619586205,41783.98893735663,18394.152846561843,21181.990559346912,25209.184363048083,83871.30152424605,106183.89487435661
2020-04-20,140527.19401332331,36112.195783759555,40129.69673353156,17894.126573637204,21181.990559346912,25209.184363048083,80295.38712139233,101642.78469154495
2020-04-21,140895.83221081988,36318.00657885838,40200.15117418726,17986.49953537923,21181.990559346912,25209.184363048083,80579.53352738077,101618.6328805738
2020-04-22,144197.14618408255,37895.85688184602,41414.28010500566,18495.83427483587,21181.990559346912,25209.184363048083,83750.01710816528,105117.28484316985
2020-04-23,146978.61953103283,39705.3812397547,41808.559086358284,19073.50428252483,21181.990559346912,25209.184363048083,86311.8359162027,109732.9923185123
2020-04-24,148795.250872513,40692.7967262238,42415.12086505108,19296.158358843106,21181.990559346912,25209.184363048083,88020.71516151114,111522.69992582795
2020-04-25,150026.16086963765,41652.39310600361,42400.82786314906,19581.764978089992,21181.990559346912,25209.184363048083,89083.62854941394,111803.83883263578
2020-04-26,152378.29488308018,43138.20689616829,42305.26807783453,20543.64498668235,21181.990559346912,25209.184363048083,91016.69729907125,113427.46217400167
2020-04-27,151578.72302174862,43372.67587567682,41710.17153827899,20292.049688094372,20994.641556650353,25209.184363048083,91059.37147872479,115136.7887466549
2020-04-28,152389.1942992589,43716.94114694474,41909.7026280923,20607.15809194437,20946.208069229404,25209.184363048083,92349.70236472049,115306.01007972092
2020-04-29,160935.4369805626,47480.157731015555,43911.93546413106,22486.735737692,21847.423684675916,25209.184363048083,99892.21054578476,129986.5466696424
2020-04-30,155727.0672597474,45435.3572709813,42400.45319650131,21492.066217381165,21190.00621183554,25209.184363048083,94534.15463327346,127882.12993155037
2020-05-01,158373.38682991712,46745.70394453082,43068.37459770458,21884.23860671099,21465.88531792265,25209.184363048083,98308.71348668516,130927.78219090575
2020-05-02,160404.41674788334,46779.78469055242,43513.90400848365,23171.388191046994,21730.15549475218,25209.184363048083,99583.65906093926,132756.68510805364
2020-05-03,157485.37688538767,45874.28013446698,42448.73591916772,22567.463775847224,21385.712692857673,25209.184363048083,96985.85058254788,131410.7751404376
2020-05-04,156991.94742571664,45819.43647786926,42326.33224764778,22455.854682393925,21181.13965475759,25209.184363048083,96511.25478317257,131635.05741013086
2020-05-05,156280.4631347219,45636.899086537036,41882.68035675464,22366.78499984166,21184.91432854049,25209.184363048083,96140.5758510821,132970.45279417097
2020-05-06,155644.8429815289,45505.49676210463,41692.18272429422,21908.022133316274,21329.95699876569,25209.184363048083,95406.73867027959,136894.5703858698
2020-05-07,158337.8121068334,46494.04198407782,42665.16035434914,22197.31819720171,21772.107208156645,25209.184363048083,98395.95402842193,146978.5175807368
2020-05-08,159438.71867296175,46848.00628601604,43530.84041401794,22299.67417593229,21551.013433947395,25209.184363048083,99882.54465647123,145370.82477100284
2020-05-09,160541.87864081486,46559.02016834051,45271.581408678714,22187.48080872129,21314.61189202625,25209.184363048083,100537.1321385227,141696.63407121692
2020-05-10,150219.85437711343,43217.0927060033,41126.11529740739,20473.17860495896,20194.283405695696,25209.184363048083,89787.7170295924,129327.71930533047
2020-05-11,148844.94016972947,43098.708235376565,40246.60287707266,20266.47935569345,20023.965338538725,25209.184363048083,88963.74761205442,127043.84790488963
2020-05-12,150424.69725164934,43749.68646133707,40763.020130994,20421.22577768282,20281.580518587365,25209.184363048083,91980.94790053343,130037.34552198065
2020-05-13,152055.03740955668,44695.06074937604,41181.930106705775,20405.30536083935,20563.55682958744,25209.184363048083,93760.31888512966,136912.6716237132
2020-05-14,152514.64612813937,44878.839686457744,41318.24657268808,20370.548002114,20737.827503831475,25209.184363048083,95172.99413880699,143761.7761713427
2020-05-15,150844.3799649211,44168.89689540957,40844.663687944245,20260.30738353711,20361.327634982114,25209.184363048083,92799.76922406738,137772.4010931414
2020-05-16,151895.48428504812,44671.01138832453,41159.50814179273,20305.17435661064,20550.606035272132,25209.184363048083,94105.3003164582,138493.39286789566
2020-05-17,152751.56773336636,45312.951822261675,41249.77368611721,20371.51662954008,20608.14123239931,25209.184363048083,96561.77254564762,142831.56004905334
2020-05-18,154679.6270204727,46648.53043367808,41631.204590713896,20439.945775844197,20750.76185718843,25209.184363048083,98257.94910155512,143656.2264832645
2020-05-19,155227.44567969433,47097.11964629409,41773.40649876717,20451.991074283036,20695.74409730193,25209.184363048083,98826.23561824771,143692.60203851637
2020-05-20,155207.95513142654,46792.7767588655,42393.16522633225,20325.869642250032,20486.959140930674,25209.184363048083,98516.98155286397,140649.2575066948
2020-05-21,150546.07273163693,44053.644976747215,41393.509517174716,19668.31584183299,20221.418032833928,25209.184363048083,93668.92237487264,134132.68207339192
2020-05-22,153385.95617022537,45639.825719997556,42319.1750157774,19782.476529908414,20435.29454149393,25209.184363048083,96289.45557370441,135621.6711481049
2020-05-23,153026.33621112094,45664.510285977005,41819.85791361625,19821.07215217331,20511.711496306285,25209.184363048083,96388.23751049348,136016.16274671466
2020-05-24,150459.72907542018,44280.791520859886,41312.670391806605,19562.23342021304,20094.849379492563,25209.184363048083,95425.37193776152,129828.95772567649
2020-05-25,151656.94974881483,44863.95178441774,41450.39503880202,19807.46217750086,20325.956385046145,25209.184363048083,95518.22647685332,131550.58015909584
2020-05-26,150762.73362883678,44398.27558605456,41309.84445084112,19644.85319248195,20200.57603641108,25209.184363048083,94656.36645778995,130488.92453045826
2020-05-27,152254.7470499535,45438.05478239915,41398.260810775224,19763.357250262852,20445.889843468194,25209.184363048083,98728.62453566754,135598.63714265797
2020-05-28,156771.25186326084,48850.41367643103,42109.74060164412,19945.613840208964,20656.299381928642,25209.184363048083,102743.0641576398,140690.1619772318
2020-05-29,156703.54563126553,48925.97723384275,41808.73061894663,20139.87195497619,20619.78146045187,25209.184363048083,102932.51004381277,139410.72898588685
2020-05-30,164232.43566041684,54599.144084543106,42645.33819468333,20781.940272266154,20996.82874587615,25209.184363048083,110656.88231616464,143269.8407776173
2020-05-31,160926.86669352188,53167.21424067282,41882.106143182675,20093.62860917795,20574.73333744034,25209.184363048083,107457.28218310385,139734.69066174416
2020-06-01,166133.2159608625,55767.09937948043,43389.0774109639,20764.14949427697,21003.70531309313,25209.184363048083,113748.10569504621,150165.0277594378
2020-06-02,163314.25198999385,54491.368846177116,42712.65415397178,20234.23222955357,20666.8123972433,25209.184363048083,110451.90935816756,140750.0186601403
2020-06-03,166361.59228015743,56522.24536509628,43336.53874036123,20468.650299972152,20824.97351167967,25209.184363048083,112385.09857530656,142624.47034948698
2020-06-04,167289.418081134,57406.521961773964,43320.66271953173,20464.4753499815,20888.573686798718,25209.184363048083,113702.94115492425,144750.0749109989
2020-06-05,165564.5307031459,56354.82058662712,43047.826309318225,20294.964584833833,20657.734859318658,25209.184363048083,111378.22893806102,142754.66945228577
2020-06-06,165328.09858095567,56523.05512755871,42682.75488027478,20296.275363078792,20616.828846995286,25209.184363048083,112894.18824295996,142579.5994722512
2020-06-07,166167.24502444276,56842.27451964325,42773.86994580762,20742.103098665695,20599.813097278107,25209.184363048083,112806.86522659753,144132.9452985637
2020-06-08,166581.86959387528,56852.02640122872,43331.505220925595,20710.88062362792,20478.27298504495,25209.184363048083,113753.6927519199,144319.5827628615
2020-06-09,165466.318267705,56064.635939747866,43302.39837971316,20457.311199972824,20432.788385223066,25209.184363048083,114038.44799393303,144677.16514422718
2020-06-10,165719.38774359395,56221.46462631745,43266.60934329384,20461.455198773187,20560.674212161397,25209.184363048083,115084.46578539748,145775.93191626808
2020-06-11,157392.60409379273,53277.87643939041,39852.79381585679,19219.90501032839,19832.844465169048,25209.184363048083,105275.86428900473,137677.6400312838
2020-06-12,159478.39916657883,54370.14979090537,40274.44194816818,19522.569036779772,20102.05402767742,25209.184363048083,108373.2881409913,140026.9066607143
2020-06-13,159758.0668409755,54323.845439886296,40363.27530794169,19680.46268305179,20181.29904704761,25209.184363048083,109164.68057103532,139944.6938673219
2020-06-14,157875.01114284116,53598.03155450913,39643.5898269732,19352.180208804075,20072.02518950667,25209.184363048083,107045.43570255511,138637.75564843323
2020-06-15,157638.245445078,53746.60212156101,39466.663506888115,19284.867895391508,19930.927558189287,25209.184363048083,106444.57770823967,139581.73159614298
2020-06-16,158466.30552874526,54099.75737469567,39845.701772821936,19287.163452999586,20024.49856518,25209.184363048083,106339.5968644613,140871.43397501344
2020-06-17,159769.18343335317,54962.952636355665,40294.40799205524,19327.89242069849,19974.746021195682,25209.184363048083,107560.72420104097,140018.20941257122
2020-06-18,159179.91564300418,54602.34569483789,40202.34533434344,19229.900110705992,19936.140140068772,25209.184363048083,106059.40917897754,139007.77091188738
2020-06-19,157566.93651509384,53725.97033316058,39669.30467011458,19182.18607512573,19780.29107364486,25209.184363048083,104701.37747937527,137178.98338111615
2020-06-20,157978.54504039013,53789.72692158932,39976.4206652537,19195.30453659798,19807.90855390104,25209.184363048083,105483.5653388098,137833.59914267884
2020-06-21,157662.44701222816,53493.05589995267,39972.147864958904,19144.448921532712,19843.609962735794,25209.184363048083,105171.43430546814,137409.5542083391
2020-06-22,161877.33849104235,56075.19611297912,41214.1618465175,19391.236452422483,19987.55971607517,25209.184363048083,108645.15529353675,142506.31469975525
2020-06-23,163178.1744346015,55959.58797246525,42520.370474175186,19416.896965034142,20072.13465987883,25209.184363048083,110122.3403247289,142224.81521052026
2020-06-24,160681.20417135698,54801.00743107489,41743.409784745985,19112.660863215533,19814.941729272483,25209.184363048083,106698.07606479495,137556.96030456197
2020-06-25,160391.76889258708,54261.342561146106,42100.670535036275,19064.612070731633,19755.95936262497,25209.184363048083,107112.47726882865,136836.25699574946
2020-06-26,158989.73671488362,53647.089908253416,41567.01595294774,18967.06797087616,19599.378519758204,25209.184363048083,105727.40836922127,135331.3157544589
2020-06-27,156125.57147987967,52265.255449236436,40584.52934384962,18662.78365329147,19403.818670454075,25209.184363048083,100683.55462504021,133595.50079670653
2020-06-28,157596.17171660587,53013.64778481068,41079.27858556284,18809.469764709298,19484.591218474972,25209.184363048083,102265.55619558711,135045.73447214847
2020-06-29,159178.22155519165,54214.39267576152,41281.84974385645,18969.91438490688,19502.880387618694,25209.184363048083,103816.43487616612,135743.92301420914
2020-06-30,158736.97088876134,53830.13330918255,41097.15182298974,19116.893552512014,19483.60784102894,25209.184363048083,104072.96696438339,134963.18994292308
2020-07-01,163870.40262193422,58110.40313714792,41579.3994196634,19354.401646740578,19617.01405533423,25209.184363048083,106254.96406358459,136297.34492341377
2020-07-02,163701.90535450997,57349.32689122255,42150.05957696572,19289.57398357593,19703.760539697687,25209.184363048083,106555.19904216126,134747.8068475321
2020-07-03,163315.8951353413,57726.36630508568,41740.10711803837,19215.59860127571,19424.63874789345,25209.184363048083,108423.58173550748,134214.53428435716
2020-07-04,164905.97902512542,58875.5573563016,41974.16939010409,19295.760704331136,19551.30721134049,25209.184363048083,109765.85140126567,134881.88581724712
2020-07-05,163795.66144769694,58103.951099313235,41727.618571380626,19269.60230153014,19485.30511242485,25209.184363048083,108721.24889509958,134017.1947336212
2020-07-06,169404.3599280564,60378.43261831439,44146.208048776876,19918.4028356477,19752.13206226935,25209.184363048083,116084.53115095283,138470.66175168744
2020-07-07,175146.5350854399,64056.91408335802,45453.35210491925,19698.040226647252,20729.04430746729,25209.184363048083,117931.78039893664,136651.10513105153
2020-07-08,187726.55150333454,68114.59618709021,49074.449251656246,20625.859767666,24702.461933874005,25209.184363048083,128491.95586796496,139251.3515530822
2020-07-09,184285.93296393048,66425.69128941215,47133.51054462241,21302.40179727859,24215.144969569265,25209.184363048083,126818.66445259486,137030.53880750304
2020-07-10,181943.5199551534,64928.80443401488,47188.55548021238,21024.876016962062,24182.86740847337,24618.41661549071,123476.1340272003,137042.94284299732
2020-07-11,182685.6190648256,66238.29857482493,47047.13335045844,21627.12668337175,24291.483797181954,23481.57665898852,124728.07743873846,136474.8957105471
2020-07-12,187363.56797977805,66771.0421623835,51072.17707864959,21619.179201344265,24326.272862115642,23574.896675285032,126455.66849064018,137008.8605919822
2020-07-13,184761.6166819687,65966.90096797027,50525.341534617895,20902.624331686977,24303.323974696006,23063.425872997545,123818.0036814934,136523.15606259814
2020-07-14,189162.35813350911,67713.81440531844,53334.62581576664,21099.44698147087,24184.929424509035,22829.54150644415,125139.13707821252,136517.24251079274
2020-07-15,190241.66800555633,67176.80940663726,54751.204097584065,21258.4723586002,24443.501338694183,22611.680804040647,124468.68978664547,135773.20230729444
2020-07-16,187772.16328976292,65746.15860286418,53663.533139421874,21761.413682661252,23994.997276398994,22606.060588416625,121886.1277693237,134878.034796925
2020-07-17,187312.57911500375,64922.507381218704,53530.109593398854,22108.97145361399,24144.93009835559,22606.060588416625,122124.82857606132,135161.09200224534
2020-07-18,187642.19958705362,64956.37292596034,53062.768881671785,21855.512745019896,25161.484445984974,22606.060588416625,122338.69835593729,135274.04084172883
2020-07-19,188662.8174404042,65945.18467657601,53321.71886563821,21800.58776159904,24989.265548174317,22606.060588416625,123602.24444982284,135669.5276478375
2020-07-20,183894.44169932842,64425.51928396685,50957.742434302265,21205.50083271113,24699.618559931543,22606.060588416625,120637.9132012597,135350.71508904005
2020-07-21,185674.3843348823,65618.02957946286,51182.7988520315,21399.266679401564,24868.228635569776,22606.060588416625,124206.48272300736,138461.99335013848
2020-07-22,188652.57221781719,67271.4154500881,51833.129169524924,21637.444672354548,24958.420804634094,22952.162121215544,127489.4327956173,140684.4359282884
2020-07-23,191373.57466216566,68894.69389385595,52696.52231773873,21778.864005525462,25082.545282282987,22920.949162762543,128678.96239411272,141507.22733387837
2020-07-24,189127.8658841451,69128.57425602463,51526.79876023955,21353.59277776165,24807.240425548483,22311.6596645708,126732.07119743289,140854.71737369028
2020-07-25,199908.16975855402,76932.8072550926,52681.90249136342,22290.181073919146,24971.269810527177,23032.009127651658,133434.8912788375,142925.70090913607
2020-07-26,202331.8593094195,78175.51986959518,52163.343984780404,22077.388648063257,25289.441734050644,24626.165072930016,134682.30779200405,146293.93020782847
2020-07-27,203555.2369656214,78053.15944582959,52197.24166399112,23180.387178751393,25204.17057284769,24920.27810420162,137775.30818228147,162329.21824647996
2020-07-28,207010.7128630574,79156.43341080622,53507.97770217819,23902.490115041866,25569.990885209714,24873.82074982139,141332.21335115432,161176.46507344476
2020-07-29,205093.42339329643,77850.58549653609,53136.77048503986,24093.20913476887,25255.41370644962,24757.44457050198,141220.4919357035,163947.8727619996
2020-07-30,208754.44828166644,79803.41307296508,54381.2333031806,24335.608982573965,25557.14327621435,24677.04964673247,142857.45209362998,164106.5867231382
2020-07-31,213054.98568072874,80763.74193305123,56182.540256603075,24575.99074797542,26339.160065070606,25193.552678028398,146191.93070808024,167241.44707497288
2020-08-01,229390.7283178455,86318.01853192711,59195.94281804362,26022.886595184962,28526.444033124728,29327.436339565073,158906.4682623468,173682.79059067316
2020-08-02,217474.93232770803,82987.17299168117,55403.33067751996,23637.76119938306,26759.694798945508,28686.97266017831,149316.8789098385,163255.87181438896
2020-08-03,222558.37882697085,84882.55021398816,58311.79636958027,23797.86793220747,27392.52327559646,28173.641035598466,153984.93614740044,166102.45372735805
2020-08-04,224881.3762616362,86156.48382097944,59761.24987102033,23736.228069791297,27044.30722502316,28183.10727482197,155236.0950185653,165504.93979896035
2020-08-05,226893.82753872778,87224.66597611523,59382.68125569561,23885.614491554068,27401.03132279695,28999.83449256595,159052.34544785458,173497.13391057716
2020-08-06,231416.89805292722,86820.00601232577,62104.775304581,23810.18255240845,28821.188870053596,29860.745313558422,161729.11811398665,173980.84802496328
2020-08-07,227026.32147632015,84411.25775844218,61533.91343521065,23426.15669160042,28256.704687761994,29398.288903304903,157931.34904371292,171347.44244293097
2020-08-08,236697.206642134,86696.87982827553,69077.78618884413,23511.298418039296,28288.844809999347,29122.397396975717,161859.28008639364,173600.86626322247
2020-08-09,237768.89604946828,86330.51759769478,71165.55939501323,23501.959678960466,27915.551362634786,28855.308015165014,161522.2609990316,172444.31976305356
2020-08-10,237922.59826964515,86546.60681661584,70471.54427600015,23806.344288760247,28093.836717657632,29004.266170611303,164368.75634194785,175433.2451949682
2020-08-11,230316.3028367137,83956.16115581726,68679.97180702261,23087.96745137055,26977.20903196424,27614.99339053905,155206.77510018685,168527.25516363003
2020-08-12,238385.51914769996,84816.62552512503,74969.12655671034,23219.450344283287,27470.516223089482,27909.800498491855,160570.7582080053,171103.18390677308
2020-08-13,245251.402150874,88608.87487653655,76762.77233466141,23711.028430609622,27835.646728137493,28333.07978092893,166405.0156978483,174045.30573964238
2020-08-14,244578.94945901897,88845.43175127075,75772.47590121008,24405.577180024266,27762.30580262476,27793.158823889138,166624.03293176243,173819.82633629092
2020-08-15,247759.24446066705,88340.89540609567,79519.27851957401,24669.202650758343,27542.05399771374,27687.813886525266,170765.97430600334,175249.91066570315
2020-08-16,249501.78883736278,88428.60710126956,79386.96409731705,26276.14122482999,27652.831025593052,27757.245388353138,174474.73083536074,175650.24369963288
2020-08-17,248409.04363883473,88527.15302353376,76900.48097410834,27129.192363779417,28055.337822441357,27796.879454971866,176913.52255576992,180990.85887488854
2020-08-18,244294.0522218692,87009.15908990779,75643.17740848167,26074.227849552022,27904.16739361289,27663.320480314844,172077.71058045496,177103.99665956385
2020-08-19,238088.62651741362,83290.61131356527,75117.62477503603,24905.806046214788,27423.516449722418,27351.067932875092,165722.04225479224,173663.4489492803
2020-08-20,240366.78921951394,84325.23318151201,75029.21222540135,25208.28760174685,28664.443026231358,27139.613184622376,170542.92005229942,175437.09621529028
2020-08-21,230350.95567279804,79994.44537827068,71747.20969401232,24589.499626968303,26986.858795969823,27032.94217757693,160997.3392218743,171214.76253303332
2020-08-22,235766.64947225887,80646.74037534659,74284.71437840123,24965.118033561026,28195.74353308574,27674.333151864306,166719.2196554319,172534.20575049592
2020-08-23,235132.47783726075,80234.43618455809,73189.30936106436,24848.393159809955,27321.354868420287,29538.984263408078,166251.38850580694,172283.4567306491
2020-08-24,238464.64515588083,81837.13400579974,73476.80312591029,25155.420001249277,27507.21470961578,30488.073313305762,169112.10932298936,173904.3757038113
2020-08-25,230598.51702237397,78868.40663766635,71627.87388086996,23905.80019987147,26378.21767531896,29818.21862864722,159791.76228971232,167871.62977127123
2020-08-26,232944.0981132022,80041.66852796524,72781.28082276572,24042.95474003696,26555.766617859015,29522.427404575254,161408.60593576808,169676.87848119746
2020-08-27,232294.96171168174,80845.24793621,71389.18035950745,23547.09393881795,26745.787375752207,29767.65210139413,157703.50725334923,167240.42302087974
2020-08-28,236435.16648442092,81358.2450951777,72315.69451245014,23862.652686569832,27580.567815609662,31318.00637461359,162928.41986594777,170476.44837847835
2020-08-29,240481.3242629261,81099.36504600396,74405.5859115644,24149.911953991,29446.96959865371,31379.49175271302,166547.4279894592,169950.14226779615
2020-08-30,243519.3197618281,82455.90249149573,75925.17809731825,24670.182917483067,29390.94473934543,31077.11151618563,170933.68982676274,172972.57301884246
2020-08-31,241245.81353036553,82077.3795530659,74071.99022329287,25361.39145503013,28997.350760882706,30737.701538093897,169899.69459808094,172519.36417779405
2020-09-01,251202.7711798049,86994.00116595082,75247.6290021528,27308.847434675055,29984.532288784863,31667.761288241378,178278.94623732436,176797.45832658693
2020-09-02,240158.88207483743,84434.10787641931,70089.65316994523,26721.881210998683,28652.087926933305,30261.15189054088,167440.4447767973,168579.0780700614
2020-09-03,219760.17912762146,74382.54177468525,64072.40513387183,27755.367677151527,26302.061955034347,27247.802586878515,146139.72478309457,151317.46361993704
2020-09-04,219068.29249075855,74434.23741155559,64796.90017356528,26124.336980773624,26679.31291135272,27033.505013511345,150663.87212868768,155253.76889767384
2020-09-05,211451.1677743145,71658.71940155438,62243.99844959485,24890.12516229687,25933.056391787853,26725.268369080524,138888.1924150739,150198.9802007791
2020-09-06,214740.56874520128,74346.39793139286,62222.28617183001,25205.03458523388,26151.89693032845,26814.953126416076,145226.5486369101,151835.20229214994
2020-09-07,214540.71786675364,73844.62969249269,61847.25199399459,25364.889099422533,26592.87956812289,26891.067512720947,146817.48330995953,153152.81375088255
2020-09-08,213269.3462549093,73939.91127089837,60384.70238177978,25843.711521134846,26322.62164386392,26778.399437232394,144380.23255419944,149636.99085310515
2020-09-09,214321.28246714664,75102.9190010569,60356.74743757211,25589.0386500171,26426.183348142436,26846.39403035812,146552.5381533153,151273.90526273617
2020-09-10,214773.70734011044,75585.99359192194,60356.74743757211,25352.346792384167,26743.38079978684,26735.2387184454,149065.67296001737,153057.92287935122
2020-09-11,216390.84730648232,76364.58929959139,60356.74743757211,25459.578620816927,27766.5719700009,26443.359978501023,150958.81729391197,153615.8592805439
2020-09-12,218849.95031318974,78810.54396810541,60356.74743757211,25267.995680842283,28142.17592225392,26272.48730441602,153835.16082254823,154225.18588925534
2020-09-13,218970.77066764917,79850.47474682916,60356.74743757211,24731.6889450128,27808.713697128638,26223.145841106438,149344.23067508,152476.26015445145
2020-09-14,220422.84630006473,80386.10045283852,60356.74743757211,24700.700795576347,28774.46871537268,26204.82889870508,152125.103658686,157750.16758068258
2020-09-15,215978.23110867332,77600.29583884704,60356.74743757211,24105.991156342894,27785.165417215816,26130.031258695446,147338.74047460285,159465.09760425385
2020-09-16,216439.25137425112,78307.60417879447,60356.74743757211,23828.574872863697,27779.07378958213,26167.251095438703,146897.02623630047,162093.3829158205
2020-09-17,217749.91092261748,77627.50080518289,60356.74743757211,24101.550943798964,29307.335313329677,26356.776422733816,150515.15497764669,161710.6318810391
2020-09-18,219003.37461635048,77893.65432822237,60356.74743757211,24273.528682439675,29990.515344865067,26488.928823251255,149731.76249315013,161645.58281117948
2020-09-19,218494.53486140422,77958.06028152833,60356.74743757211,24027.767560765406,29967.273654797144,26184.68592674121,149574.28754620804,163857.46753586218
2020-09-20,216269.68164618398,77168.2894306149,60356.74743757211,23888.874473125266,29212.528375133632,25643.24192973805,145406.45289221255,161552.32177221891
2020-09-21,211129.70356623796,74488.26856687316,60356.74743757211,23560.180715211456,27088.207550588962,25636.299295992267,134403.23552716526,154521.8875336194
2020-09-22,211786.59627717428,75142.30755434079,60356.74743757211,23568.679767091602,27082.562222177476,25636.299295992267,136888.01355121317,155647.322981973
2020-09-23,210019.2389241649,73931.52721757964,60356.74743757211,23533.56496676967,26561.100006251225,25636.299295992267,130632.9473892875,151330.60324358277
2020-09-24,213037.0268752912,75561.00697502684,60356.74743757211,23811.888888478123,27482.791582949045,25824.59199126503,139267.07458701511,158920.32967330108
2020-09-25,212936.90989371896,75497.87731737614,60356.74743757211,24029.644384990377,27347.98822241895,25704.65253136138,142624.26816575375,157925.61256644138
2020-09-26,214752.24876961586,77098.97567896105,60356.74743757211,24052.55122145052,27384.484990703357,25859.489440928824,144132.9640255718,158782.34199007563
2020-09-27,214455.55895354084,77117.48365802674,60356.74743757211,23900.989180291337,27566.062751088193,25514.275926562466,144598.11754319066,159144.87156234193
2020-09-28,215198.5731143046,77804.6424478456,60356.74743757211,23839.820070430498,26960.774711126134,26236.58844733027,144601.8057380563,158175.74138451347
2020-09-29,219618.4726179922,79970.24278970035,60356.74743757211,23837.733250088833,27271.67342330945,28182.075717321466,148515.76387422526,160169.4448941704
2020-09-30,221184.32941536698,80354.08969619026,60356.74743757211,23788.19906473927,27679.078152205668,29006.215064659642,149450.77132425187,159281.07075672864
2020-10-01,217801.83252412578,77922.58868959523,60356.74743757211,23695.191231541212,27069.80037232615,28757.504793091077,146625.20068973143,156843.53354912944
2020-10-02,216694.42567960112,77663.01747783784,60356.74743757211,23758.75831833185,26736.361925682,28179.540520177303,143234.5075000758,156201.39393954643
2020-10-03,217713.20500591592,78551.86872908272,60356.74743757211,23999.075918345992,26831.879291840913,27973.633629074175,143285.26262867384,155807.8542785444
2020-10-04,219496.65800960409,79587.74147372135,60356.74743757211,23840.183092107636,27098.64838699881,28613.337619204198,146275.83099579858,157583.93908176193
2020-10-05,219444.8470178722,79470.10197751025,60356.74743757211,23856.361608892494,27575.449119127163,28186.186874770192,147282.50783344198,159411.76025162835
2020-10-06,216103.04655078897,78048.8861953825,60356.74743757211,23682.923812424964,26509.932800910632,27504.556304498765,143129.63718337825,156621.31381091947
2020-10-07,216389.93530276173,78015.89114833104,60356.74743757211,23664.161941927312,26834.89989628021,27518.234878651067,143832.1606218946,157574.86682789464
2020-10-08,217352.31543357536,78404.85453519542,60356.74743757211,23697.940254193556,27013.91009770931,27878.86310890499,146104.8211656512,161218.73975720495
2020-10-09,220214.011859726,79475.06964262537,60356.74743757211,23797.440108050818,27700.54568804109,28884.208983436605,151115.76322853816,163416.0281052362
2020-10-10,222761.01442809583,79753.65031915999,60405.57185107936,23823.662899288225,27741.367000402708,31036.76235816556,154286.12643750594,166841.11404104315
2020-10-11,225402.3686654873,80191.95189895056,60534.111176517465,23840.957912082624,28937.234100327598,31898.11357760904,157826.76422550227,168138.17230142764
2020-10-12,229623.5375315275,82997.93717335782,60584.89728390318,23949.73665489726,29505.19482186994,32585.771597499286,160751.5237183632,170666.43204770022
2020-10-13,233672.89009893575,82684.23504481402,62246.80648652465,23895.818563835768,28985.74133964211,35860.28866411916,160982.46142242124,168754.32112966097
2020-10-14,232543.4111576611,82937.24709553647,62305.61542738522,23902.35162722,29084.496765762346,34313.70024175707,159163.02276529119,168807.6007890981
2020-10-15,244461.86204683786,83544.1902388945,62406.36833822135,23851.627866601808,29221.13230190186,45438.54330121836,167060.65258413352,169780.0627485535
2020-10-16,236071.0130322806,81465.21081871199,60112.134159488094,23712.694461450705,28037.34196095705,42743.63163167275,160309.62062405745,167221.60061818204
2020-10-17,235911.99611958917,81834.27368483265,59614.3366403431,23713.802922102073,28018.725935914994,42730.85693639637,160611.29846671285,167752.98372943865
2020-10-18,237496.6525261464,82595.72027773484,60013.88441746132,23747.97592316729,28408.214971386617,42730.85693639637,160411.08016501268,169602.97350692682
2020-10-19,237449.2728344904,82244.50090208248,60117.91647593687,23734.479886340705,28607.87594419258,42744.49962593776,163204.48250615504,173423.50297895123
2020-10-20,233763.55106052436,81224.65878478698,59196.34393824385,23760.80474284851,27324.67514533817,42257.06844930684,156779.29484109755,175997.78746622647
2020-10-21,239321.68202890843,84151.99006862713,60960.89381737084,23889.534699415766,28065.78162638485,42253.48181710986,163583.32837764057,189398.91991139716
2020-10-22,245615.83834335982,85675.51328592109,65130.517377914155,23946.357038160335,28609.968824254396,42253.48181710986,167495.3416985481,191499.16831663126
2020-10-23,246324.83628099383,85555.65562931828,66235.326653808,23885.06337517504,28349.415812630465,42299.374810062065,166314.85830215804,190991.79999502347
2020-10-24,249719.22957965636,85895.83478543375,68561.4502204642,23947.666176546525,28667.879899641408,42646.39849757048,169163.0455931463,193598.95517635858
2020-10-25,249564.50196504596,85071.80434807316,66311.94290740654,23927.369673253874,28617.91113221944,45635.47390409295,171974.5326844904,192463.35130355906
2020-10-26,243763.25567513265,82773.3801499251,64134.56574591384,23897.125668068875,28534.792991803588,44423.391119421256,167820.44926952766,193114.30354766184
2020-10-27,246118.45916668113,83677.24584701771,65049.983451190106,23932.133161133428,28710.055492333566,44749.04121500633,170360.07633554534,201665.38599807903
2020-10-28,241264.36090105036,81346.09865824542,64019.79197112271,23913.096681776246,27588.12092077318,44397.25266913277,164535.08115793395,196009.6650513771
2020-10-29,240300.1212743773,81459.15014106374,63424.77712606275,23849.89925908407,27380.154840384937,44186.139907781784,162451.35450901554,198470.22184112616
2020-10-30,238366.1893071067,81292.57365799537,62668.10337154451,23699.07554349519,27255.068502977003,43451.368231094624,159597.61723379148,200074.7703720953
2020-10-31,240114.8441958883,82037.7452696466,62940.37285457448,23694.461030729115,27568.061193147216,43874.20384779087,161128.63025715135,203537.80400253655
2020-11-01,241817.19227455847,82511.2268106421,64050.332208843865,23694.461030729115,27588.51785509128,43972.65436925212,162287.45887480315,202889.63545477143
2020-11-02,236969.039127899,81332.42537933569,61535.95908644337,23694.461030729115,26841.768148917854,43564.42548247298,156196.11513178924,200133.35780486016
2020-11-03,234720.34433199718,80729.49125750423,59941.09421534543,23694.461030729115,27011.2874028571,43344.01042556131,154444.86865883716,206038.3565951061
2020-11-04,234798.05547432965,81116.43112004558,60031.143263865975,23694.461030729115,26595.68663090801,43360.33342878095,154410.61363329843,208747.16717430606
2020-11-05,239623.4881781336,84421.32080796978,60887.21947959103,23694.461030729115,26910.830724010822,43709.65613583283,161054.00669066788,230105.89224138335
2020-11-06,244752.62498347653,86417.6886474218,62213.78467184787,23694.461030729115,26883.432438656553,45543.25819482123,170413.1259284602,229899.59582315676
2020-11-07,236267.79947854753,82877.6694273706,60498.73758235024,23694.461030729115,26243.653184937633,42953.27825315995,162561.6549176873,219086.4788440875
2020-11-08,240534.94511009596,85504.40793058132,60982.684496134054,23694.461030729115,26913.230066216212,43440.16158643528,168591.06839397727,228624.79271017655
2020-11-09,238843.6684753431,84457.87295135648,60358.81442356155,23694.461030729115,26541.764345738593,43790.75572395736,165842.23540384753,226449.96143570877
2020-11-10,239292.56821083114,85014.36421335544,60867.024313910304,23694.461030729115,26516.409653595063,43200.3089992412,166632.67298354048,225838.31267616642
2020-11-11,240269.53551280132,86335.772175874,60855.57902281803,23694.461030729115,26370.098698810376,43013.62458456979,167174.33046634425,231900.2513620093
2020-11-12,238684.3470701989,85712.2023103389,60378.81621351175,23694.461030729115,26274.063219154,42624.80429646514,168289.72311565687,240392.7463796616
2020-11-13,242459.34006017837,87052.53134239616,62457.46706565269,23694.461030729115,26418.517673435035,42836.36294796536,172339.46165310635,241005.15957394952
2020-11-14,239218.57707684112,84841.23652258026,61365.44651585597,23694.461030729115,26593.54025589672,42723.89275177905,170246.18086827052,237317.67059425
2020-11-15,234120.9254381578,82652.53888818156,60113.5818826411,23694.461030729115,26449.713444865556,41210.63019174045,166695.3490251553,235655.35675844984
2020-11-16,239696.77533526235,84838.51740783478,63288.85616476828,23694.461030729115,26695.84050644384,41179.10022548635,173528.89780656193,246887.87437019704
2020-11-17,247405.15979834474,88325.73689181362,65890.80618595256,23694.461030729115,27292.949499025337,42201.2061908241,181405.74246570407,260613.05503100756
2020-11-18,246868.08245047723,88529.77507816811,66132.92607550434,23724.32470184203,27077.067953427508,41403.98864153527,178997.71325004788,262955.48501761915
2020-11-19,248098.549551134,87695.90519659898,68716.04654871528,23631.483673168575,26771.893499450278,41283.2206332009,179497.29510943266,263148.72835198254
2020-11-20,256438.90285995495,93257.0038053787,70342.87385713251,24138.27656156292,27182.001053401156,41518.74758247967,186480.31709785428,275026.68850834545
2020-11-21,273891.3144425063,97346.2879976997,78422.35728554399,26534.541124926687,29589.574025219208,41998.554009116706,209279.98501010353,275335.6355319358
2020-11-22,271579.23664723086,101138.33187160672,75419.56572843158,25174.758758410848,28319.52871774289,41527.05157103886,202688.99251848215,271314.9395429466
2020-11-23,288393.41253258346,108081.05679056645,79210.87150603946,28268.113423523257,30011.477122833672,42821.89368962063,223318.49645868974,271228.08244789235
2020-11-24,304158.65478148655,110592.27065281736,81481.9207755448,34561.96961095269,33007.06975356172,44515.42398860999,245651.95793845746,282206.86541729583
2020-11-25,290984.47760785127,105243.55535636419,76410.95375760045,34345.30788319346,31102.447909393057,43882.2127013001,231227.5918823174,276663.24233554926
2020-11-26,274231.5317009932,98857.86574011663,71764.11708283096,32531.861846375945,29421.645156250404,41656.041875419294,205072.2689342669,253305.3761758135
2020-11-27,275153.6284958349,99305.35023730638,71446.01864972877,33534.51557733409,29413.06834281544,41454.67568865018,207560.65555416225,252681.7993495807
2020-11-28,283388.66464179085,104723.71625819513,72551.66894351869,33532.47759318995,30361.083800821354,42219.71804606573,218755.5629661473,261676.57126496927
2020-11-29,285786.52269957965,106729.82149775208,72559.64778778503,33648.06634104874,30522.800028462018,42326.18704453179,222280.3624655768,268471.5596019306
2020-11-30,292662.6557068887,109558.49718094981,74636.71132086286,34360.29005940522,31021.079653971006,43086.07749169983,235095.25013561687,289862.9245903144
2020-12-01,283675.73220772925,104979.43106902142,72576.01379614415,33302.64877968049,30305.547305533375,42512.09125734985,221511.52288021988,277710.0563914849
2020-12-02,286169.70035201963,105967.09281372174,73575.28294931343,33460.968352657765,30477.604504328905,42688.751731997734,225884.72967873924,283589.6846021559
2020-12-03,288790.500226998,107892.28353072134,73586.9513090542,33875.54892515854,30822.198459784875,42613.51800227902,229336.09589101764,287197.960834257
2020-12-04,278044.5540832964,102430.27964983818,70713.89953885518,32882.17554592947,30241.190205450675,41777.0091432229,212609.93298783796,276185.36965648306
2020-12-05,282892.5807249431,105262.67156445314,71622.92415310856,33303.67460972574,30726.79115251996,41976.519245135685,220803.60013867306,282897.56826816854
2020-12-06,283985.74183002906,105441.8425571581,72583.31651705937,33246.799075862946,30757.570304882604,41956.213375066014,222286.6879903836,285716.91899623856
2020-12-07,282879.654658421,104206.50381063111,71888.61248499155,33169.86976071449,30820.943215325668,42793.72538675818,220377.39672247486,283449.951699983
2020-12-08,274676.2821873569,100357.9780643339,69883.9854511216,32545.904079687865,30276.91728607224,41611.49730614132,206711.85827970892,270593.3419897146
2020-12-09,277719.44221098284,102099.78407671154,70820.78317895159,32863.42013547307,30107.988396113404,41827.466423733196,211736.28630543727,274031.2502366313
2020-12-10,274560.5147846042,100635.66140791598,69811.06152921896,32593.241879767982,30029.363825423046,41491.186142278246,206392.4830303757,269764.0024072474
2020-12-11,272180.4231222182,99619.82991851703,69085.17549144104,32307.855141531196,30250.462104234422,40917.10046649452,202789.2176436109,266720.19632991904
2020-12-12,274597.73706111097,101396.14101768233,68815.52866642318,32588.278432852898,30700.141075764706,41097.64786838786,208225.32160343084,277719.77769372106
2020-12-13,279261.93642505555,103692.38632352429,70166.12568890669,32859.046753146955,31232.953683073694,41311.423976403945,215859.0531113774,282722.5848279165
2020-12-14,279867.13257197314,104893.85093676957,70046.93697628079,32746.43067497609,31230.19134571932,40949.722638227344,215348.0768143135,284262.4737180474
2020-12-15,279743.92449699866,104477.37339372298,70468.31241821588,32881.97681908647,30976.647012779806,40939.614853193525,214280.98847098745,286779.6563721576
2020-12-16,289890.1871595844,108519.56231945837,73157.12030648225,34807.921373639125,32364.55412003259,41041.02903997212,231105.67180917965,314745.9390305587
2020-12-17,295574.7932451777,112621.88204700362,73115.29008655138,34675.06047055145,33639.64743750809,41522.91320356319,234555.1950031504,336819.84328366444
2020-12-18,298078.8389746848,114240.79934472327,74783.32644435899,34536.14226720048,33083.288377541394,41435.28254086072,236927.41088701558,341735.1010045455
2020-12-19,301905.47505358804,116040.08794091006,76943.47939004228,34588.89269743409,33038.412798294805,41294.60222690683,239838.445771026,352544.4390797781
2020-12-20,296702.40198140667,113214.22787840516,74555.41433492501,35083.91321849178,32543.24006197602,41305.606487608675,241094.51871270622,346746.87942952866
2020-12-21,284378.5766638677,109491.02933513082,70971.7510939872,33108.89878828454,32215.916011718946,38590.98143474621,227313.33770791168,336789.12166087044
2020-12-22,290422.1425631181,113046.22647626429,73250.15856016694,32921.607346772544,32689.767374926483,38514.382804987814,228443.5764547118,351262.4098949577
2020-12-23,270872.748341392,108640.93180882532,66714.49460293619,28137.95291265402,30160.344340922657,37219.024676053865,194487.9425235318,343262.03777389287
2020-12-24,277334.90730056417,111017.49124192195,68759.55335324703,28115.275665407265,32230.29055795768,37212.29648203023,216775.4654753182,350567.062742423
2020-12-25,283606.32312123483,114042.352860175,71838.67230000088,28041.22699147559,32471.774487553143,37212.29648203023,221415.15263425853,364285.55099338543
2020-12-26,289869.62925720407,119151.5162232943,72404.91371381185,28035.4709256169,33065.43191245079,37212.29648203023,221825.15914388365,390460.66207981657
2020-12-27,292282.9385480906,121956.03188672723,72747.70299872692,28035.4709256169,32204.98212855291,37338.75060846662,223469.09762597366,388027.5095545316
2020-12-28,299588.5404680845,127175.21707702492,73853.26385890173,28035.4709256169,33067.435706402386,37457.15290013855,229560.62390871654,400027.8946565638
2020-12-29,297804.5702160811,127999.22208002763,72152.65837390906,28035.4709256169,32374.092539503006,37243.12629702448,224101.42439966538,404128.3226318466
2020-12-30,303338.7368390359,133357.52990974003,72402.81488241261,28035.4709256169,32502.639561975408,37040.28155929091,222321.43304658422,425965.19442063465
2020-12-31,301283.42599043495,132843.05944658341,71017.73556463246,28035.4709256169,32352.65552537643,37034.50452822577,221580.1915577476,428339.644126778
2021-01-01,301263.21481622127,133310.9705736838,71196.52373332957,28035.4709256169,32508.467564816157,36211.78201877483,221156.48545060132,433840.25693661295
2021-01-02,325495.2942781251,143679.71613688557,73222.07712830153,28035.4709256169,44355.72395320809,36202.306134112994,235186.84287751545,474502.2718495809
2021-01-03,343640.2937290278,157699.030279225,78186.46613743593,28035.4709256169,43517.02025263698,36202.306134112994,253184.02671710367,484172.65984709
2021-01-04,344359.6815006406,158996.78960557224,77408.5729898917,28243.76655898651,43508.24621207713,36202.306134112994,259195.06957359993,472207.78490248445
2021-01-05,353379.6516426531,165804.69842893124,79680.88510702952,28069.216198624697,43622.545773954655,36202.306134112994,268389.08281952265,502049.70196059335
2021-01-06,373593.7666512096,176353.66733912798,86400.4314881658,29863.498733742847,44773.86295605998,36202.306134112994,302911.97600957693,543875.8211814034
2021-01-07,375976.05251191405,182198.45533124122,84053.15706106543,28918.42379534723,44603.71019014715,36202.306134112994,307059.8985441033,581488.8953232801
2021-01-08,376388.4745197399,184894.07801937117,82430.0405896763,28398.28568640244,44431.235735252776,36234.834489037166,303232.13855472504,602558.5054002609
2021-01-09,392056.37431726133,186257.38657605357,91222.02225366385,30394.97174225122,45087.16638988523,39094.82735540745,328590.4990532546,594537.76758371
2021-01-10,390365.1740611678,181602.24407995588,89971.35628271096,30860.996833889145,45753.44177369698,42177.135090914824,340707.5872649086,566503.7819687856
2021-01-11,366106.17983008485,169474.13574640208,83110.28509464557,27854.236682535626,44631.93731245247,41035.58499404909,300796.0966934673,525300.1722502239
2021-01-12,361526.41782333795,166087.95977921717,81588.33092763436,27781.54940264462,43614.96070260231,42453.61701123951,296074.25646748184,501023.6862990562
2021-01-13,376320.1208796103,172807.75623351673,85451.99083306514,28900.31839820126,44316.80618240976,44843.24923241747,320588.5646026499,551142.335946713
2021-01-14,381465.7393705579,174992.09526301635,89064.31626356504,29065.737269162215,44916.24569735823,43427.344877456075,326210.3677791733,578775.526982201
2021-01-15,378431.40548095485,170298.73804941654,92343.06668798972,28482.873317088983,45001.23349866645,42305.49392779317,319172.5494636262,543890.6483308084
2021-01-16,379651.3241850196,171089.49619579432,91536.16604418859,28872.63993300313,44955.732292306675,43197.28971972687,326476.1813507088,534331.4639538353
2021-01-17,385421.1755840893,174284.20658855926,95359.1346215724,28939.448146372717,44826.65535331007,42011.73087427486,330520.3532233021,528617.7036596577
2021-01-18,385850.4661962695,173822.12747290343,95209.0278156556,29000.923469416317,45598.84037094712,42219.547067347004,337516.03086438903,541006.277379473
2021-01-19,380736.9250139779,170625.85714055953,93388.31938373802,29097.454744734812,45417.9500807159,42207.34366422966,335237.9167916733,532731.4010682601
2021-01-20,380469.3979851377,170555.97899777166,94451.77221212037,29073.68492459965,45296.085582396045,41091.876268249995,331867.1561081732,525020.9372186316
2021-01-21,353897.0837721933,156456.3445075636,86387.04085303537,27138.023143637856,43715.11494261314,40200.56032534336,289623.06979598955,455278.8149530636
2021-01-22,362510.03027886176,160045.96577256615,90062.54564653999,27730.0816670131,44290.24283902503,40381.19435371742,307525.60445650306,487477.1525959579
2021-01-23,365646.2489721519,159775.22907739866,92848.3621510224,27718.907235925144,45009.99641359704,40293.75409420865,310796.3463969248,473621.64302267483
2021-01-24,368464.9680067421,161332.455414683,93122.17241679026,27933.085872837495,45498.95811730886,40578.2961851225,317202.5245259123,476896.56801251543
2021-01-25,363195.3449678378,159816.32548067154,91639.75233949372,27599.469860953115,43620.235881380424,40519.561405339,310280.61490550986,478034.018067342
2021-01-26,362460.1671442464,160492.87478865677,90894.05484452595,27535.570489715417,43181.98194095598,40355.68508039227,308581.0663479692,481038.96778231964
2021-01-27,350630.48810655257,157549.74677659463,86804.08530945942,26547.798457381075,39957.101549904,39771.75601321346,286099.7870678311,449472.1686256499
2021-01-28,409227.9478035115,160808.54179689582,88689.38860978578,28362.419485628612,91018.96613542206,40348.63177577923,364682.88838133734,494276.06406972685
2021-01-29,410456.036561123,162217.68891264984,88429.24422889133,28386.175936614654,91145.9819373964,40276.94554557076,379429.55415685824,506834.37114965456
2021-01-30,414538.00218194304,164272.59663700667,89658.80142951525,29221.328260850325,91267.02524420437,40118.250610366376,387445.7592925108,506142.2259690731
2021-01-31,409788.66604115063,162210.83666202854,87831.43117603252,28510.460706601618,90944.80965442972,40291.12784205817,388979.9664876488,489081.08092515235
2021-02-01,417731.02018890344,173054.5537248619,83532.43397697558,29189.286753932975,91418.10355045252,40536.642182680414,398261.3234979698,495325.8493248623
2021-02-02,422626.8439478619,174969.38896514324,84819.41512464163,30050.84149589828,91770.02321739109,41017.17514478768,409981.84359939385,524467.6595423981
2021-02-03,429659.9873141578,178510.76729459234,86680.66428330149,30433.32000613167,92657.65959496218,41377.57613517011,430714.64917432296,553442.390286485
2021-02-04,428916.8855614819,182011.344107753,85097.8530466518,29330.466060569415,91532.18325812205,40945.039088385645,433904.5809099955,545377.9210331682
2021-02-05,464322.6304028561,212756.4496384724,88104.21244836302,31333.540123383085,90685.51092731587,41442.91726532172,466692.36559751583,563370.6956824928
2021-02-06,479147.72296037624,224941.7099997037,86765.61897042362,32448.30374895494,93614.52859917672,41377.56164211729,476534.301860701,579937.6408750456
2021-02-07,482078.20941286697,223599.9948830273,85923.87172887786,31869.29253969345,99651.87481877468,41033.175442493615,481795.5958291823,574582.6745191888
2021-02-08,497259.28133241244,233750.21257703032,88538.20329548424,32767.03695715408,100688.11151221617,41515.71699052765,520738.8857605918,682296.6648649548
2021-02-09,518749.0761084483,236246.9991320726,92878.87965589279,35680.597718052195,100286.33787975402,53656.26172267668,576905.425521518,686500.6521133177
2021-02-10,548144.2244060477,264454.00144642533,91920.9449247761,36773.73742083306,101981.3197664212,53014.22084759194,601142.2413071413,663417.1459107592
2021-02-11,554044.1872204529,261913.35651883425,95427.63420864448,39847.59101109359,102204.17626950484,54651.42921237582,645395.2981461764,707594.7817953452
2021-02-12,569454.950944141,266956.696367483,103500.35169652132,40686.86290720823,102848.79160948432,55462.2483634441,679312.038851194,701620.8252217293
2021-02-13,586260.8272708508,263751.83955106605,113338.85607039188,48407.81699269833,103984.01311768674,56778.3015390077,757870.0804405934,695722.8505771644
2021-02-14,582796.6645808106,259994.55408456188,114919.65364810232,47396.6482008941,104048.38467309653,56437.42397415565,739164.7824337041,719527.8677931724
2021-02-15,573453.0089243591,257032.6672782422,113488.65448107354,45661.730607666024,101879.48061915961,55390.47593821774,712222.9594780795,708122.4436959536
2021-02-16,571686.5239782357,257801.4012455076,112510.30379542832,45400.26804591001,101034.69074250876,54939.86014888102,703585.0822952762,726655.341974569
2021-02-17,595539.2739881296,277406.78872182727,113262.40873414924,46274.12277187069,102789.42155481032,55806.53220547205,745325.956124701,770212.4876184989
2021-02-18,615929.6091060776,294598.04343477817,113074.60943153665,46070.165641338026,106345.10738138584,55841.683217038866,765787.5191142454,763282.497220809
2021-02-19,689532.3353172954,356597.5884033549,116740.0267193266,46942.125816972686,113006.44609796217,56246.14827967897,832652.7429518171,825437.3305938662
2021-02-20,656748.3583572002,337655.3908693528,114215.57074864562,46191.800728898226,103033.13733263165,55652.45867767182,796565.3691150295,828559.3974811853
2021-02-21,666304.5297449376,345809.2364045368,115324.08398039197,46945.20352745718,102238.23951175096,55987.76632080067,825960.2357232849,849833.702990416
2021-02-22,642481.6191634288,339543.79087083664,107991.03151669577,45055.9375872367,96035.33374969306,53855.52543896659,762124.6909065631,800612.6439670393
2021-02-23,610649.7341816088,325571.41227330844,98390.29810376107,42190.107991077435,92391.65467580032,52106.261137661575,651316.4998000842,721110.2188699256
2021-02-24,622504.894855969,333855.8257477471,100151.47961972986,42568.13434541393,93334.18768842121,52595.26745465694,683587.0293555489,734120.7251601057
2021-02-25,612094.6049102885,330336.8768728204,97192.59529071538,41774.07261812839,90850.91640314613,51940.14372547821,640852.6722192732,695550.5787167646
2021-02-26,615306.7537128126,333175.9850894157,97257.8907986309,41830.71015407867,91282.98013086448,51759.18753982281,637931.1227245327,684413.0817862225
2021-02-27,621552.7366844427,336985.4809877053,97898.80190854672,42606.06347170864,91584.47304393904,52477.91727254305,655625.2225693378,682178.336135658
2021-02-28,613354.6472046104,331807.3037762305,96372.9795312795,41734.628205129484,91814.20657699031,51625.52911498063,625191.0713522977,666660.3108004156
2021-03-01,631710.0000781893,344465.9250334442,98787.39406540473,42359.202334226036,93450.70475251514,52646.773892599136,677621.8437440252,733026.4584567557
2021-03-02,624027.5552795149,337591.4304547365,99539.35289331558,42145.388314779266,92577.60765610174,52173.77596058185,666120.7795279857,714531.3492165066
2021-03-03,628304.3226892092,337709.23900257784,100668.72001728996,42346.29940981294,92562.81809743032,55017.24616209813,689046.3816542348,746422.3552450842
2021-03-04,616975.619894253,330401.9962331193,98612.31935591463,42071.136964268975,92220.0499828892,53670.1173580609,671780.0480891854,717222.044134566
2021-03-05,616789.1314140332,331447.2854641912,98701.51412694015,41917.190985274356,91199.1152139267,53524.02562370082,664513.6339236078,722629.6843713821
2021-03-06,616548.7620233566,330137.37552533514,99167.1280877062,41978.4916676882,91430.60739527742,53835.15934734965,671068.951100877,722409.2963919021
2021-03-07,624077.2431655442,334044.9451740958,100276.09779103425,42650.06364148261,92019.33418916182,55086.80236976979,690367.5628979551,756294.9867143385
2021-03-08,629663.9292073813,334907.2429829085,103457.71590087362,42974.20168539743,93303.00914323228,55021.759494969454,712196.7476230648,771652.7403723571
2021-03-09,652910.4345188551,352453.55355712865,104532.90617990626,44229.51803391465,95259.47362532423,56434.983122581274,746285.5325059389,809722.3984068003
2021-03-10,646487.4430913253,349398.39164212276,102568.37415009584,42855.068758772846,94234.32810359614,57431.28043673772,726612.2769930648,827215.8385109943
2021-03-11,653440.5502111897,354563.3181297375,102764.37083514122,42880.57394302807,94322.45672909913,58909.83057418373,733484.6723378723,853750.2050812531
2021-03-12,634235.1542477247,335319.01583807723,103112.65941285015,41901.522183294845,94178.92698260308,59723.029830899395,716170.9146354594,846763.7907453612
2021-03-13,662624.8072719753,349347.52768527943,105151.15057530829,44167.089337840815,98436.05633678783,65522.983336758945,771771.7809532129,904527.0763147443
2021-03-14,647338.0328559409,338396.0762616447,102825.95360493592,42559.563625093695,96233.72266227582,67322.71670199085,741549.8007869598,875862.9656967097
2021-03-15,628368.3959409519,327093.2064789857,99731.57330524568,41855.93609271273,94276.1439686679,65411.53609533989,713652.7627594633,825718.9310461808
2021-03-16,639587.2482473728,330181.10288331605,100205.6222534833,42430.97045490437,95642.34046637033,71127.2121892987,744630.3595626587,838977.5180462466
2021-03-17,668041.6783498846,339764.54149720364,104428.40814829573,42829.503380896,96130.29056558516,84888.93475790405,789708.2432180227,869491.0992030744
2021-03-18,654938.8901723042,333327.52561632264,101699.06025051838,42315.17529597232,95428.52876725938,82168.60024223155,767371.4860132092,854544.8133643364
2021-03-19,659634.6554709439,335332.3692577909,102245.99315001146,42402.52552602581,95949.37289825239,83704.39463886323,782166.6434463745,861748.3271679726
2021-03-20,661050.3662646235,335530.15256610455,101926.84832475538,43169.253962963245,96531.9662736771,83892.14513712323,791064.7195535818,861260.8197264528
2021-03-21,655401.2445771953,333754.5315265374,100830.15566977076,42369.640778751724,95583.53520928501,82863.3813928504,776823.8215857821,849589.6608037144
2021-03-22,637571.813930393,323421.04928856506,98059.17238873415,41846.85313121971,93106.41854715433,81138.3205747197,746825.4906294397,805365.8126752635
2021-03-23,638393.871863423,323606.1732620482,97643.39323100209,42431.90337403254,92495.86960733369,82216.53238900643,749933.5605481679,808464.4561281144
2021-03-24,626036.1747595161,317724.6112490497,94293.53368320371,40468.25730574047,91104.56727375515,82445.20524776715,710418.075526252,779447.2055042167
2021-03-25,619001.053243341,309244.85930057213,94839.60878011941,40187.82142426399,91212.93920651617,83515.8245318694,707923.1054175944,763642.3296365202
2021-03-26,645445.7955203545,322029.8628593459,97511.47465814033,41299.89988749887,92921.98454751911,91682.57356785028,774812.876753327,814348.1228619695
2021-03-27,654076.1005623568,329346.99130402633,96722.45536207175,41218.959565548255,93279.94305013555,93507.75128057496,775879.9077240103,826698.3306115348
2021-03-28,653626.3600945992,329339.0195848327,96437.51388216327,41783.46542353269,94030.88085500056,92035.48034906988,784401.2637352826,826362.094709857
2021-03-29,663143.1010244688,334796.838993754,98517.45955953046,42623.76675823293,94250.56123703253,92954.47447591877,809278.2308420409,852939.0388531148
2021-03-30,685302.7955236422,350800.9631723777,98626.6348360585,42911.28510482156,95366.02960588457,97597.88280449982,831876.8702786716,870182.2635994541
2021-03-31,690835.6497351443,345581.2710469069,100806.68700620842,43994.05952515453,95352.27071438493,105101.3614424895,884333.2222016009,870199.1100104509
2021-04-01,711992.5298467882,359537.9658904103,102601.92155718929,45245.36701754003,99219.21046165022,105388.06491999836,920171.0394521959,872812.957601634
2021-04-02,718416.9994346976,362292.65538371843,106513.85548382485,47589.556086216995,98447.66597944188,103573.26650149534,950263.2711485706,877074.0034132707
2021-04-03,689979.0258514085,344097.76703174534,99819.82389796685,43469.906119028405,97683.83490287568,104907.69389979228,911293.86978174,850778.1404836325
2021-04-04,716387.3479379013,360849.81421590946,102352.14516797157,47605.68432445642,98462.86960130694,107116.83462825685,980464.1341775529,867831.900799445
2021-04-05,735287.4881735167,370327.1309454116,107279.30346155423,51308.09878033538,99667.00236508601,106705.95262112949,1054085.7653096372,872252.7567427988
2021-04-06,757633.6894375484,389780.3507847588,111073.27187865322,49636.27691688506,102737.85750401166,104405.93235323974,1089935.199988279,859469.5039215118
2021-04-07,717488.0418571805,366967.84633809875,103596.89288149177,49444.49535027129,98087.57842546247,99391.22886185616,1006742.2648947998,827812.3283852988
2021-04-08,743239.9874225934,385814.2088103587,106062.19882176646,50656.29129151228,100614.00674525858,100093.28175369732,1066775.294482315,861413.0720504966
2021-04-09,758807.288735851,398099.76091059396,104491.09217245065,49602.74099618271,101199.22015156694,105414.47450505679,1063863.231287722,860247.0350208448
2021-04-10,778167.12516842,408522.5225925542,106005.89313644,51592.49579112965,104810.49585423918,107235.7177940569,1142142.640847505,883113.5571420358
2021-04-11,814519.4278116063,428380.62402414076,107860.1522177603,51867.653501185974,115787.07809610557,110623.91997241366,1189350.141493067,889194.592273221
2021-04-12,832909.1078085762,453316.71725352184,108922.99770390046,50581.01773830705,111674.75603274137,108413.61908010546,1186186.789092991,884593.733582229
2021-04-13,850428.4293404565,445501.07577617036,119505.17867133746,53444.91042469721,123204.13316665238,108773.13130159913,1285963.6695875698,937911.5282168344
2021-04-14,870635.3698738618,444768.018204857,126186.94720765074,54637.34456102731,133627.22917552743,111415.83072479913,1347957.3355671398,932095.8817520386
2021-04-15,911542.6356162656,448742.5908534811,126428.91849262267,60944.72015313081,160409.27862071287,115017.12749631806,1455953.3625807683,935113.5239684524
2021-04-16,961343.8080874842,434751.5716416279,134872.67162586568,68589.43465163137,201694.89097862074,121435.23918973847,1609809.7394934534,909396.6121838616
2021-04-17,946557.7139216679,431243.667485571,128640.14539651563,67488.97606663247,195063.59294552458,124121.33202742427,1572678.1177827532,896267.0271529363
2021-04-18,925997.5605235258,415492.8706181864,126236.76370417065,65924.56577513482,204614.7240124315,113728.63641360242,1493403.5489742057,830282.4622443134
2021-04-19,926965.2430578615,418826.00595657376,121785.78723229285,63571.44586087114,213177.35628551626,109604.64772260754,1442529.0856391622,823017.1013427709
2021-04-20,950012.1457409682,445397.47048416693,124851.43418801927,63693.986524428,204074.8063453925,111994.4481989615,1494547.6236204489,834075.9624575981
2021-04-21,932873.3413043928,435663.6837861306,122568.57167750789,62704.30921797409,201606.4859423472,110330.29068043293,1421926.1937059818,796163.6337477729
2021-04-22,912826.8290830107,426629.1624878345,120059.49816374088,62598.64263947079,195438.18462584983,108101.34116611471,1339293.1944300723,764500.631199537
2021-04-23,910614.0213652469,427874.77329620864,119509.54015567891,61883.28394540982,194548.71566809082,106797.70829985863,1315048.4637430387,754625.4612299954
2021-04-24,891068.2551518478,413839.0022151072,115213.50803749131,60062.56973395261,197931.477806998,104021.69735829858,1245232.66535061,739224.0915215876
2021-04-25,893550.8696965498,419570.33501069015,115074.46402680085,59789.61847998332,194818.38252051923,104298.06965855643,1232691.0951732951,723766.1824886012
2021-04-26,924443.7775545832,434934.92089363065,119493.54886277244,62389.3142708041,198971.51813572593,108654.47539164999,1398313.815520242,797871.9290546845
2021-04-27,943355.2582025526,449201.7637009199,121574.52592777174,63314.509277651734,199101.7512545526,110162.7080416565,1452103.0583977904,812809.2147560407
2021-04-28,953438.0703488827,453974.8342480097,122026.34242663777,63342.73884711931,204035.21639564377,110058.93843147214,1465179.6398443973,809731.0523850525
2021-04-29,959224.0258894402,464285.2188507014,121093.49314890064,63011.13651523405,202107.8235221484,108726.35385245575,1450075.4715473622,790979.8430817376
2021-04-30,979622.2557019794,471730.05466164555,125315.13941265042,64716.192265260936,205596.5192502009,112264.35011222165,1558503.4043427748,852938.6926939852
2021-05-01,998649.1096797478,479333.2740979334,127703.39647142972,67647.2388240126,210149.7843951427,113815.41589122948,1623663.1380365759,854088.864096842
2021-05-02,993125.1955681704,480388.9287601304,125223.84397666292,68499.35407801827,207261.69255300966,111751.37620034907,1595398.596427649,836410.2288580589
2021-05-03,1065889.755664701,540272.9128672117,128412.08492833794,71905.09715715598,212905.24224198234,112394.418470013,1684115.2950944128,844817.2225705832
2021-05-04,1052265.3837092682,515525.35263244336,130662.4975321015,78889.33962551133,218454.63357347413,108733.56034573773,1658180.869158226,787707.3700524019
2021-05-05,1131995.4991955673,535996.8432964941,155955.7211062749,93665.2329959002,230418.56626873062,115959.13552816743,1966864.197644373,848121.3691603208
2021-05-06,1155551.823193912,549029.7179709075,154888.80039858434,108647.19447234039,224590.05348147592,118396.0568706038,2078065.3040210514,832945.868284286
2021-05-07,1170490.8399512316,549051.9331032196,151672.82897546404,104378.70844187876,245904.72907908587,119482.64035158313,2057550.9790970213,847122.8731496247
2021-05-08,1180638.9798255346,561457.5914091363,152260.51754031857,105409.53326927203,242601.58717667524,118909.7504301324,2070435.6814501197,868499.8148409221
2021-05-09,1188234.5957413053,576701.2560353267,155862.70519778001,104025.23675078158,235160.24391736666,116485.15384005038,2086827.9661098572,860059.6475450991
2021-05-10,1142121.7804294992,567187.5595935262,148229.82538236544,99997.2453489492,213844.38218421015,112862.76792044826,1920790.4475811147,825018.8242056083
2021-05-11,1185674.7975093026,589717.4126288313,154032.04471336066,107418.80200653442,218780.9255356367,115725.61262493947,2117488.614341396,837495.7261967806
2021-05-12,1099622.196656357,547627.588385908,140891.6523525377,96528.15040584932,203161.33697868997,111413.46853337203,1765109.3742485563,725926.6770057655
2021-05-13,1135758.1901493585,569665.155117295,142772.14551459695,97624.67377593409,211395.59285359946,114300.62288793283,1862089.4429305182,734281.1122237069
2021-05-14,1168329.4119188625,588257.4103219546,145699.33492006085,100706.18917348243,217461.3883149331,116205.0891884314,1963116.2638668548,736708.3800437805
2021-05-15,1148658.8908201265,590936.7226520696,140222.28982002026,98322.34183420648,211054.47689542826,108123.05961840187,1841564.5206265757,690622.5419546656
2021-05-16,1159885.7943714021,602771.3747764892,139724.44058958135,98236.77454177533,212252.7890075357,106900.4154560204,1840123.7791008821,686130.7233896466
2021-05-17,1103027.5344075074,562171.6885962322,136105.81824485405,96411.59790335437,205710.32195788258,102628.10770518408,1698024.5240230744,643025.3731036508
2021-05-18,1108335.706910446,562909.4013820672,139544.07346568527,96317.58961797757,205125.67948655685,104438.96295815919,1738614.4820499364,633748.5391904408
2021-05-19,990203.4065552251,496978.7856703769,124593.60342660014,89535.52487685077,184784.72586315757,94310.76671823976,1163530.5205240764,546505.9382517006
2021-05-20,1006045.6172836713,511271.0897676955,124555.58898197315,91199.6145617118,184730.97232511055,94288.35164718026,1387987.5320732812,602338.86743223
2021-05-21,979872.5608836658,493989.3882541902,121950.05688003694,88854.3412569577,180790.4228453006,94288.35164718026,1188469.5412878494,550970.0063931254
2021-05-22,970883.5229011725,488112.4565747139,121933.69299881897,88213.37201084294,178335.6496696165,94288.35164718026,1106000.7201370823,554395.6548375187
2021-05-23,956738.9712853895,479536.5509713682,121933.69299881897,87422.17899001662,173558.19667800545,94288.35164718026,976672.0568098378,513542.5889313445
2021-05-24,959303.23829854,479433.1949293256,121933.69299881897,90138.3395600888,173509.6591631263,94288.35164718026,1218985.255894939,571666.2838483221
2021-05-25,958687.3154668006,480585.28964469675,121933.69299881897,90736.47247580858,171143.50870029602,94288.35164718026,1215484.43708269,567179.946136196
2021-05-26,984386.4116134284,505121.0255096505,121933.69299881897,90994.73586814047,172048.60558963814,94288.35164718026,1315613.5089581085,580353.9549221474
2021-05-27,961278.1920117459,485767.5327099995,121933.69299881897,89787.56916837192,169501.0454873752,94288.35164718026,1260728.815905299,567693.1270465296
2021-05-28,948351.2534153562,474159.14126571233,121933.69299881897,88513.62407584288,169456.4434278017,94288.35164718026,1173157.4425054048,527234.2210031322
2021-05-29,938644.4445321468,465314.8293990062,121933.69299881897,87651.12705933962,169456.4434278017,94288.35164718026,1106316.6057898551,511260.47717314825
2021-05-30,938953.080851538,465175.5354198901,121933.69299881897,88099.05735784699,169456.4434278017,94288.35164718026,1151295.7854342042,526946.5627660413
2021-05-31,956205.0122909185,477316.7118369666,121933.69299881897,88912.17938654113,173754.07642141145,94288.35164718026,1254684.7509810166,551385.9742810967
2021-06-01,964040.3470653519,476680.652967008,121933.69299881897,88852.95410929226,182284.69534305244,94288.35164718026,1236000.1441930688,541816.4051302215
2021-06-02,977078.8747533741,478161.93024114746,121933.69299881897,89281.60927674973,193413.2905894776,94288.35164718026,1285463.0490586264,554964.9712201125
2021-06-03,981821.16856458,485699.6193746242,121933.69299881897,90791.83080648689,189107.67373746968,94288.35164718026,1347713.787592803,579092.147199842
2021-06-04,962831.6751693162,473991.61876501254,121933.69299881897,87515.98054591748,185102.03121238694,94288.35164718026,1250518.9887122102,544910.3177416279
2021-06-05,957864.0409681072,469496.03376588935,121933.69299881897,87114.51141199462,185031.45114422406,94288.35164718026,1214333.9029269968,525083.0727824802
2021-06-06,960242.6265893588,471160.4424076921,121933.69299881897,87828.68839144344,185031.45114422406,94288.35164718026,1228743.5949190082,529667.8350739238
2021-06-07,946512.5830338497,460502.8148373286,121933.69299881897,84756.27240629785,185031.45114422406,94288.35164718026,1122700.8347284656,495673.39309145615
2021-06-08,948597.1694375655,462624.6832008345,121933.69299881897,84718.99044650767,185031.45114422406,94288.35164718026,1110819.2380624886,494372.58477382915
2021-06-09,953148.676681052,467176.190444321,121933.69299881897,84718.99044650767,185031.45114422406,94288.35164718026,1174829.9834001986,551567.1308925017
2021-06-10,933266.0301018105,448687.9510594182,121933.69299881897,83324.583252169,185031.45114422406,94288.35164718026,1114432.8599288447,542077.4091142968
2021-06-11,917999.5556584318,433450.742334569,121933.69299881897,83295.31753363961,185031.45114422406,94288.35164718026,1071407.611112159,551408.7630904933
2021-06-12,921684.5649871357,437135.7516632728,121933.69299881897,83295.31753363961,185031.45114422406,94288.35164718026,1064078.7085016402,525091.3229084136
2021-06-13,929347.0614200756,444798.24809621274,121933.69299881897,83295.31753363961,185031.45114422406,94288.35164718026,1128447.3989770028,577454.1221963355
2021-06-14,931868.4195830191,447319.6062591562,121933.69299881897,83295.31753363961,185031.45114422406,94288.35164718026,1144737.578203153,594005.0286825281
2021-06-15,936710.3023496936,452161.4890258307,121933.69299881897,83295.31753363961,185031.45114422406,94288.35164718026,1164695.5490794936,596778.6287122401
2021-06-16,916420.9652126613,431872.1518887984,121933.69299881897,83295.31753363961,185031.45114422406,94288.35164718026,1086926.4288370989,566365.2606235687
2021-06-17,916253.9712521255,431705.15792826255,121933.69299881897,83295.31753363961,185031.45114422406,94288.35164718026,1099545.1254959481,562029.5598262127
2021-06-18,910948.9662472549,426400.15292339196,121933.69299881897,83295.31753363961,185031.45114422406,94288.35164718026,1036160.2233004473,528558.1642892857
2021-06-19,910819.1820783115,426270.36875444854,121933.69299881897,83295.31753363961,185031.45114422406,94288.35164718026,1017782.8381299269,526027.04873019
2021-06-20,910819.1820783115,426270.36875444854,121933.69299881897,83295.31753363961,185031.45114422406,94288.35164718026,1026999.5838010446,527244.4326974693
2021-06-21,910819.1820783115,426270.36875444854,121933.69299881897,83295.31753363961,185031.45114422406,94288.35164718026,805424.6234385843,467847.5356534881
2021-06-22,910819.1820783115,426270.36875444854,121933.69299881897,83295.31753363961,185031.45114422406,94288.35164718026,790227.3911786509,480090.92446483177
2021-06-23,910819.1820783115,426270.36875444854,121933.69299881897,83295.31753363961,185031.45114422406,94288.35164718026,866055.7124226813,498070.7758399669
2021-06-24,910819.1820783115,426270.36875444854,121933.69299881897,83295.31753363961,185031.45114422406,94288.35164718026,913240.949630727,511945.3530119983
2021-06-25,910819.1820783115,426270.36875444854,121933.69299881897,83295.31753363961,185031.45114422406,94288.35164718026,832487.6590948866,467272.7961111899
2021-06-26,910819.1820783115,426270.36875444854,121933.69299881897,83295.31753363961,185031.45114422406,94288.35164718026,843145.8649958185,475373.8139993235
2021-06-27,910819.1820783115,426270.36875444854,121933.69299881897,83295.31753363961,185031.45114422406,94288.35164718026,886315.3359718502,511756.4078201666
2021-06-28,910819.1820783115,426270.36875444854,121933.69299881897,83295.31753363961,185031.45114422406,94288.35164718026,903997.763979886,508576.41697174864
2021-06-29,910819.1820783115,426270.36875444854,121933.69299881897,83295.31753363961,185031.45114422406,94288.35164718026,964876.665636154,529747.5670602175
2021-06-30,910819.1820783115,426270.36875444854,121933.69299881897,83295.31753363961,185031.45114422406,94288.35164718026,974078.6232856599,517534.0921670311
2021-07-01,910819.1820783115,426270.36875444854,121933.69299881897,83295.31753363961,185031.45114422406,94288.35164718026,920220.6997100466,495841.91489461367
2021-07-02,910819.1820783115,426270.36875444854,121933.69299881897,83295.31753363961,185031.45114422406,94288.35164718026,925058.1245067806,500640.9496875726
2021-07-03,910819.1820783115,426270.36875444854,121933.69299881897,83295.31753363961,185031.45114422406,94288.35164718026,943300.5419446459,512035.5851585708
2021-07-04,910819.1820783115,426270.36875444854,121933.69299881897,83295.31753363961,185031.45114422406,94288.35164718026,963658.6562778068,521181.3401478597
2021-07-05,906889.5692628722,422340.7559390093,121933.69299881897,83295.31753363961,185031.45114422406,94288.35164718026,918987.810658418,498410.12717381556
2021-07-06,906775.4231852479,422226.609861385,121933.69299881897,83295.31753363961,185031.45114422406,94288.35164718026,944317.0719229267,505635.2182298929
2021-07-07,906775.4231852479,422226.609861385,121933.69299881897,83295.31753363961,185031.45114422406,94288.35164718026,933066.9277447974,500024.7864360422
2021-07-08,906775.4231852479,422226.609861385,121933.69299881897,83295.31753363961,185031.45114422406,94288.35164718026,881584.4981883873,485580.8928814171
2021-07-09,906775.4231852479,422226.609861385,121933.69299881897,83295.31753363961,185031.45114422406,94288.35164718026,907212.2640703142,499178.2542834481
2021-07-10,906775.4231852479,422226.609861385,121933.69299881897,83295.31753363961,185031.45114422406,94288.35164718026,892736.8613300677,495079.8455697574
2021-07-11,906775.4231852479,422226.609861385,121933.69299881897,83295.31753363961,185031.45114422406,94288.35164718026,902583.7036969624,505708.9501245986
2021-07-12,906775.4231852479,422226.609861385,121933.69299881897,83295.31753363961,185031.45114422406,94288.35164718026,881214.8383072439,489693.84027857083
2021-07-13,906775.4231852479,422226.609861385,121933.69299881897,83295.31753363961,185031.45114422406,94288.35164718026,854273.8567580163,482991.1321963682
2021-07-14,906775.4231852479,422226.609861385,121933.69299881897,83295.31753363961,185031.45114422406,94288.35164718026,854413.3188074125,484768.2266303818
2021-07-15,906775.4231852479,422226.609861385,121933.69299881897,83295.31753363961,185031.45114422406,94288.35164718026,823826.1434780103,469384.1071852893
2021-07-16,906775.4231852479,422226.609861385,121933.69299881897,83295.31753363961,185031.45114422406,94288.35164718026,796803.9058099902,464079.0454373517
2021-07-17,906775.4231852479,422226.609861385,121933.69299881897,83295.31753363961,185031.45114422406,94288.35164718026,800146.2804981862,465726.2725043994
2021-07-18,906775.4231852479,422226.609861385,121933.69299881897,83295.31753363961,185031.45114422406,94288.35164718026,803701.9991728492,469621.60119511373
2021-07-19,906775.4231852479,422226.609861385,121933.69299881897,83295.31753363961,185031.45114422406,94288.35164718026,771955.7801436062,455162.6208717362
2021-07-20,906775.4231852479,422226.609861385,121933.69299881897,83295.31753363961,185031.45114422406,94288.35164718026,737034.3037553426,440238.31613775773
2021-07-21,906775.4231852479,422226.609861385,121933.69299881897,83295.31753363961,185031.45114422406,94288.35164718026,804513.8010787197,474257.4796514315
2021-07-22,906775.4231852479,422226.609861385,121933.69299881897,83295.31753363961,185031.45114422406,94288.35164718026,826725.672181993,477246.99643852666
2021-07-23,906775.4231852479,422226.609861385,121933.69299881897,83295.31753363961,185031.45114422406,94288.35164718026,848104.3830578614,495981.2439444681
2021-07-24,906775.4231852479,422226.609861385,121933.69299881897,83295.31753363961,185031.45114422406,94288.35164718026,864964.2295755013,506480.7695982852
2021-07-25,906775.4231852479,422226.609861385,121933.69299881897,83295.31753363961,185031.45114422406,94288.35164718026,865294.137582857,522103.04652486806
2021-07-26,906775.4231852479,422226.609861385,121933.69299881897,83295.31753363961,185031.45114422406,94288.35164718026,888145.4134384384,551455.0907207349
2021-07-27,908299.9785133428,422226.609861385,121933.69299881897,83295.31753363961,186556.00647231896,94288.35164718026,913346.9339587882,582019.0957241766
2021-07-28,912229.6338294379,422226.609861385,120233.64558430928,82976.54671956056,192504.4800170028,94288.35164718026,930983.1429264385,590717.786196976
2021-07-29,924941.0144999344,422226.609861385,123564.96035241247,82927.56731051904,201933.5253284376,94288.35164718026,949473.4611176879,590902.6351724351
2021-07-30,940795.4608007653,422226.609861385,135895.02744146835,85364.31653295223,203021.15531777946,94288.35164718026,988588.9684491538,623796.0603485166
2021-07-31,946872.3451883487,420287.68919113727,137005.10866158333,85771.98012918033,209519.21555926747,94288.35164718026,1000178.9496740585,614796.2691257419
2021-08-01,924787.2984185105,415458.22130845435,132743.45960321688,83570.52562955488,198726.74023010413,94288.35164718026,982421.1271258133,590407.4545368653
2021-08-02,930494.9357177509,414482.27905763657,138390.19782005288,84188.66954067511,199250.2769893321,94183.51231005424,992568.6265962614,578991.414892991
2021-08-03,918551.3557260145,411124.34941525874,139019.79604988432,82161.7869309956,192549.63608927236,93695.78724060352,973845.4853652267,563498.7745606205
2021-08-04,936654.6112397208,411040.9940091843,140898.2419832566,84743.71156504552,202826.70104332265,97144.96263891167,1011257.5190771954,587049.0186568946
2021-08-05,948885.65997004,416255.66015750554,140701.19286868,86138.09745827538,206887.581217958,98903.12826762104,1025712.2718824483,603621.0985432101
2021-08-06,972103.9788652804,423471.8539610599,140824.0263727322,87666.23104065638,212570.55726304918,107571.31022778277,1053438.1202318806,632376.422092019
2021-08-07,1015547.4438475699,436363.89716194756,145864.6358922565,97408.59476981896,221028.18547998928,114882.13054355758,1129150.6604076761,658064.9488279439
2021-08-08,976583.5145633082,429320.00075147965,138308.33227823666,92378.14632997422,209333.06129879184,107243.97390482586,1071552.6791299134,646874.3741641239
2021-08-09,1007579.1720006169,441930.496602542,143628.4108472682,94965.06155713896,216410.40550191843,110644.79749174944,1131452.9405976068,684791.7798745235
2021-08-10,1003321.0815273897,438624.4553472594,144344.7482300115,95091.44379983823,215158.96050646537,110101.47364381514,1144691.9167094724,673266.1231727926
2021-08-11,1030675.0742966586,449651.61030849005,150160.12863677464,97453.54302742139,218742.61247837808,114667.17984559442,1207201.8537767415,673393.2212667178
2021-08-12,1017752.8637945643,450096.7057832507,146200.17745809339,96040.89742505163,214305.8540909674,111109.2290372013,1179095.7869689697,656181.6700807802
2021-08-13,1090709.3098014225,487364.6860347087,156087.41392318322,102038.08685230564,228016.55261791137,117202.57037331344,1295420.9316674343,705881.3517946716
2021-08-14,1100009.9116531939,492700.6909078698,157061.0579241516,105829.67589076555,228574.15385767823,115844.33307272861,1325106.847479433,695596.2717219349
2021-08-15,1122473.9877772983,492259.6416669498,159561.98585735203,112118.95105555568,239392.27322770396,119141.13596973679,1370190.7920331336,694858.6643089372
2021-08-16,1097241.1277053524,482386.97106241307,157246.973684821,107974.88581241999,231547.0681259996,118085.2290196989,1322683.955342043,679461.2177373369
2021-08-17,1047058.7545195638,458360.1917632806,151032.55005452526,102489.48431536068,221450.11718310515,113726.4112032921,1241782.1718881535,660126.1533679649
2021-08-18,1060911.365937239,473840.7137460647,149876.9575754967,102717.70208526464,221447.95800873134,113028.0345216817,1252058.248292928,661689.1772266222
2021-08-19,1115759.5497720446,515391.5999710145,153594.85945667245,104856.90171863233,226497.4646642952,115418.72396143024,1323509.7230808027,689993.2246561924
2021-08-20,1144122.5450165158,526735.421324074,159533.5004464769,106997.38567522651,232714.96253610196,118141.27503463656,1381275.2750720687,728712.7964573483
2021-08-21,1136971.9091605893,522501.868810095,156175.80091165853,105385.2167454123,232356.93469677246,120552.08799665084,1365072.9749785406,722307.5256076611
2021-08-22,1169443.3125798863,548694.2011164324,156083.7252913661,105654.16034061612,237502.56180727365,121508.66402419799,1391017.623354709,728453.9848144302
2021-08-23,1217268.7756836484,584958.6205521693,157737.58080479433,106632.82597450422,243885.3832937692,124054.36505841145,1438496.7983219312,731769.6700418368
2021-08-24,1161128.4676353117,559093.2012542565,147468.00964108217,101918.11471764832,233493.3261043064,119155.81591801833,1338385.0818620923,704593.4090580454
2021-08-25,1178311.2921926756,568323.485151222,149437.89448929596,102689.26427021464,236080.4365830903,121780.21169885271,1375571.6761999328,723124.2303818804
2021-08-26,1127971.7754518285,547182.9427270076,143264.419748754,99526.67185793846,222692.58715716976,115305.15396095857,1278867.5572272043,693311.0445315677
2021-08-27,1174210.885969213,576141.8907064536,147016.27435732915,102179.62411056265,230846.81817047732,118026.2786243903,1364820.6523199975,724569.8486022546
2021-08-28,1159210.3843550892,567330.8365724206,147076.551741689,101874.7119534823,225780.8738579637,117147.41022953355,1343850.3596995482,722261.8902956796
2021-08-29,1155427.80335473,566364.0616815155,148117.30025388833,101443.32268988146,223116.6717328435,116386.44699660098,1335016.7394867716,721190.066242596
2021-08-30,1129222.6524449121,553171.0012976131,144747.40372734197,99489.89896438418,218725.48064139622,113088.86781417669,1285779.4523170479,694976.5314927268
2021-08-31,1141942.544565884,556620.4213134587,148174.34882835537,101087.68227899497,220559.94895390922,115500.14319116561,1328373.5996450724,696626.325906656
2021-09-01,1173730.4836708773,568678.1913819828,155207.40384216025,103808.03205809198,227219.93616055103,118816.92022809142,1406249.1846288994,721444.0316576932
2021-09-02,1180737.0738826802,573076.2542103487,156233.3484311498,106066.50969028153,227300.86786126118,118060.09368963905,1413936.5366526446,728543.640029119
2021-09-03,1192162.6100876653,574732.5680447371,161780.34055421397,107428.2674908567,227907.845587158,120313.58841069943,1462247.831332582,738847.5857744446
2021-09-04,1193425.9128062036,567760.0012581261,159220.16439490378,107615.53206044763,229023.34092768998,129806.87416503594,1477005.4099797322,737654.9521849656
2021-09-05,1241120.0904194957,574997.6943127618,171997.12448972912,112207.28037425994,237058.0587583291,144859.93248441588,1578438.2943193165,764369.7253551809
2021-09-06,1229158.6457462327,566653.4014922852,176077.4615390814,110672.21405989793,234731.52716400474,141024.04149096351,1571945.0721189198,777368.6930076919
2021-09-07,1087325.862194212,519947.9516000496,153572.07792345493,89110.99897536429,199643.95090695913,125050.88278838398,1292850.5844789054,691374.9188238794
2021-09-08,1083892.270678425,517920.75665155234,152200.78409029465,89019.08622223831,198689.35623325795,126062.28748108182,1290426.8341534985,680744.7757916482
2021-09-09,1089845.3562119373,521583.9124890446,153034.0853669996,89019.08622223831,199848.80214343435,126359.46999022028,1299581.4199327359,685176.0742020926
2021-09-10,1070216.6756701777,509644.52572894935,150390.71295071166,89019.08622223831,197288.8020060938,123873.54876218447,1237923.4093887624,662910.9458762155
2021-09-11,1085288.6515028724,523518.2718628999,151246.68986761884,89019.08622223831,197784.15591648186,123720.44763363356,1262730.9346352932,667600.9405432014
2021-09-12,1090397.8606722895,523257.9799051363,154001.12054117693,89019.08622223831,199620.34378066025,124499.33022307763,1313101.381440351,680329.4425287484
2021-09-13,1066645.3781505919,506376.1875755473,150417.41878454792,87981.9963565434,199147.65623841053,122722.11919554275,1255972.5546731597,664080.1560312262
2021-09-14,1081662.4302903805,509806.5231727887,155261.34328320096,91272.59236414786,201374.92781414566,123947.04365609726,1312657.36123318,695530.5014872205
2021-09-15,1092745.4701323435,517356.47991481057,155725.94421250772,91885.43765983626,201785.62531006496,125991.9830351238,1353425.9899354228,711538.4573778934
2021-09-16,1083998.5170094178,513715.4668769826,154179.79101680627,90615.22746706639,200152.92933845607,125335.10231010633,1324403.263828822,705734.23416439
2021-09-17,1070472.1861859553,505578.6153505132,151129.45227064154,89933.49051283386,199014.5226346415,124816.10541732526,1286492.8964694424,698115.5601774193
2021-09-18,1079324.288770715,510390.6060989685,152185.3287690972,91158.6163078375,200702.8236879227,124886.91390688924,1305435.2377702557,713045.1726847256
2021-09-19,1066626.5785887353,505881.9091754854,150412.6551864703,88056.78421406956,198388.5967535482,123886.63325916184,1262955.7214914493,698007.7316084015
2021-09-20,1017613.9521134448,476576.6686093391,143966.19322284858,85967.18763322182,191303.9228669812,119799.97978105409,1114369.4849848475,632779.6397853654
2021-09-21,1004308.2443012546,467686.89179530414,141217.49531781563,85535.27441506971,191245.2661179292,118623.316655136,1050134.9689080406,601023.4627379514
2021-09-22,1007134.4877761625,467463.34489567735,142968.33545447703,85520.6870131055,191245.2661179292,119936.8542949733,1167590.798322642,643571.785290471
2021-09-23,1011178.8915493395,470568.93733825855,143798.49571772796,85565.80806363784,191245.2661179292,120000.38431178594,1187813.4746046253,663076.1791676373
2021-09-24,1004146.9512938285,470355.87293010677,140860.0750494983,84611.36117471695,191245.2661179292,117074.37602157738,1098041.3890837457,632719.8119490511
2021-09-25,1004073.7013803255,470355.87293010677,140819.48153736704,84597.56464116191,191245.2661179292,117055.51615376047,1093663.141628812,630900.8611068928
2021-09-26,1004073.7013803255,470355.87293010677,140819.48153736704,84597.56464116191,191245.2661179292,117055.51615376047,1081608.13810309,638166.6258607538
2021-09-27,1004073.7013803255,470355.87293010677,140819.48153736704,84597.56464116191,191245.2661179292,117055.51615376047,1051907.6097901491,623798.7719283681
2021-09-28,1003094.3876525466,470355.87293010677,140819.48153736704,83618.25091338306,191245.2661179292,117055.51615376047,1016487.3410582196,606057.8857393602
2021-09-29,1003855.0190970658,470355.87293010677,140819.48153736704,84378.8823579023,191245.2661179292,117055.51615376047,1047593.5496280075,613883.0436474197
2021-09-30,1005219.6846754509,470355.87293010677,140819.48153736704,85743.54793628739,191245.2661179292,117055.51615376047,1095477.6283822097,646767.6994588726
2021-10-01,1007366.0861055017,470355.87293010677,140819.48153736704,87889.94936633819,191245.2661179292,117055.51615376047,1191302.3154822486,710661.0593695345
2021-10-02,1010765.6436004238,471690.0809826124,140819.48153736704,89955.29880875461,191245.2661179292,117055.51615376047,1199088.7168368874,704672.7371920204
2021-10-03,1013402.429227795,474408.98106197343,140819.48153736704,89873.18435676479,191245.2661179292,117055.51615376047,1218890.8476607653,711887.0973150656
2021-10-04,1010182.0791885178,474856.0892234427,137664.97304899635,89360.2346443891,191245.2661179292,117055.51615376047,1208262.8866979135,725370.8608292441
2021-10-05,1029581.4341493004,494376.6436000488,137575.5514730373,89328.45680452479,191245.2661179292,117055.51615376047,1258255.596166316,760845.7677178468
2021-10-06,1053066.7150193723,512721.49843051814,136367.18788930002,89105.58136820309,197816.93117759077,117055.51615376047,1282165.6693047653,817658.5003160485
2021-10-07,1040400.6358641138,505660.9325002109,135384.31441898187,88089.62210931674,194210.25068184387,117055.51615376047,1272801.5431558527,794685.1304100415
2021-10-08,1031767.1539395199,497888.5065956744,134664.53162408536,87933.46568442293,194225.13388157668,117055.51615376047,1269826.7471756458,797075.7630555159
2021-10-09,1040736.952421238,502896.6773438685,135500.3611599787,90930.69040868178,194353.7073549485,117055.51615376047,1305318.851121101,811850.757818056
2021-10-10,1016943.2882015745,494929.2304234972,128649.14950479251,84920.98477324656,191388.40734627776,117055.51615376047,1243459.5133989141,808946.4250235532
2021-10-11,1036243.6533536916,513117.02935812273,129148.72209146894,85653.20334709824,191269.18240324117,117055.51615376047,1259953.2041335413,849019.0751709772
2021-10-12,1021647.9289748603,502516.0337347012,126474.13088164793,84308.96182937498,191293.2863753757,117055.51615376047,1236911.715437214,827695.9612244061
2021-10-13,1041960.2252724711,520003.9874893142,127445.33710080033,86972.41938664297,190482.9651419531,117055.51615376047,1269421.9139696204,847782.9986106739
2021-10-14,1040415.7376388083,520093.998535821,128981.92568757539,86878.51654509114,187405.78071656032,117055.51615376047,1280284.9760694376,846607.7306708868
2021-10-15,1066202.5192033623,544093.4793687229,131228.802902475,86526.29912990949,187298.42164849458,117055.51615376047,1300847.9311807796,909709.1361851294
2021-10-16,1060362.2577545603,536670.8478335817,131788.57566252878,89514.31323196432,185333.00487272503,117055.51615376047,1299681.7182988678,899344.3818192877
2021-10-17,1059621.4911974587,542154.6875006491,129306.74881397244,88157.31391961302,182947.22480946357,117055.51615376047,1285348.6548328698,909113.4540154616
2021-10-18,1066909.4821504,551187.6053691955,128069.96951090054,87742.58961886556,182853.80149767816,117055.51615376047,1284545.3518982555,916091.4451458551
2021-10-19,1080743.8822264334,564482.428042055,129083.52834317437,87849.37701555403,182273.03267188958,117055.51615376047,1298103.4963899825,949114.6799957138
2021-10-20,1106815.4006154616,579558.4354366756,133485.46648406368,90017.34283700139,186698.6397039605,117055.51615376047,1358871.7268316757,974678.3009788706
2021-10-21,1062200.249879067,545854.9010558812,129170.47556110645,88763.88173397827,181355.47537434072,117055.51615376047,1326820.5696259742,918810.4097262038
2021-10-22,1057490.5044514472,542345.9989034093,129797.94819239264,87916.30854057951,180374.73266130517,117055.51615376047,1327018.6912928799,896391.7598261393
2021-10-23,1072794.2361376453,547330.7836488958,135749.60433119428,88644.06959608947,182366.4691777133,118703.30938375262,1356949.3530502412,906750.3410208282
2021-10-24,1074736.9553703072,542415.7700279069,131038.38851042753,87798.85145606876,194763.73978803703,118720.20558786692,1352033.0978418079,899915.313611155
2021-10-25,1085036.7576932528,552880.8385847898,136693.2478762624,88372.88459988739,189041.6750462789,118048.11158603439,1372819.4670942503,931063.9236921022
2021-10-26,1063075.5256842047,539317.0025629312,135993.7914434329,86784.62050420958,184539.04530542938,116441.0658682016,1348942.3283093227,891540.3973113509
2021-10-27,1009493.3633541443,519964.906676913,123316.49911587122,79215.10671240545,173118.4233410058,113878.42750794887,1221921.7719325665,863753.0500766034
2021-10-28,1047276.298057416,538870.9665078478,125900.24132145726,79674.97034093134,188980.7685967895,113849.35129039007,1307107.9763815422,895355.9940157718
2021-10-29,1067783.31465207,559189.8650266718,127218.57223581716,80948.86356005246,186149.80019288452,114276.21363664402,1341102.3278503073,919073.2021991177
2021-10-30,1055648.8101075876,557428.8606531206,125852.63764873693,81033.77922666253,180854.22518206845,110479.30739699918,1317827.0466536998,914064.3949733344
2021-10-31,1062816.9714138056,554203.1738457141,126238.27407704855,81894.98139721186,184784.60767152184,115695.93442230916,1353032.0146171656,905647.6511119797
2021-11-01,1076080.2652873395,566214.5861161477,129059.85541016585,81166.93764248065,182928.76946256254,116710.11665598268,1354901.3587703612,901001.9071204549
2021-11-02,1090780.717827677,574650.7948051074,130479.25867342463,83945.37716513762,184003.24898958157,117702.03819442587,1391632.6058093128,933819.5811402386
2021-11-03,1094192.5027537637,581709.9056911533,131056.14529049695,83637.62941816506,181505.88722256507,116282.93513138339,1401437.4745194828,930033.3502686856
2021-11-04,1076566.2097034424,571404.6977705843,129009.89279662218,81970.39891867859,179751.66996711853,114429.55025043884,1368832.6471667837,907616.027311953
2021-11-05,1103530.6639915423,597825.1758455666,131169.9944811354,81525.31117304422,178732.18362914483,114277.99886265128,1368253.3726390598,902792.9921526423
2021-11-06,1117394.492711087,614257.7730010538,129719.6571415405,81141.21524210687,178784.89839372018,113490.94893266555,1362218.234039182,908727.4288922418
2021-11-07,1135106.1276228542,628296.1209884831,130714.86306267112,81964.89492626378,179654.99719819738,114475.25144723876,1392016.8555422823,935305.1807401367
2021-11-08,1166380.321081745,645533.3807846525,137837.37743279137,84322.2344430982,182729.75763074346,115957.5707904593,1470803.5535789437,997925.3096772007
2021-11-09,1172687.2498159106,633282.4905206261,145485.438620761,87405.2573453539,184300.22653650565,122213.83679266386,1544041.1332277826,989137.4832284076
2021-11-10,1120911.5627305852,606744.922875082,140859.1166749116,82818.02136711913,177303.82354574057,113185.67826773203,1461114.0756847512,959944.2106868677
2021-11-11,1137572.1737891987,612630.7742411448,142090.25058801027,83756.77035250419,179426.19991258025,119668.17869495918,1491789.5779753786,959275.6043271312
2021-11-12,1127825.526696606,608711.4240848318,140780.76954494108,82768.28759163014,176955.58605987063,118609.45941533231,1461917.8094317012,947548.3676253209
2021-11-13,1141726.6701281895,620183.8520949037,140459.67746488363,84609.12105284038,178339.9781495728,118134.04136598896,1483880.5896716556,952179.8613993243
2021-11-14,1148364.9919030706,623728.0576479001,141128.76207838327,85585.90359826674,179285.8838965587,118636.38468196178,1493515.2121950635,966909.6247022017
2021-11-15,1127013.9908256317,608689.8687237125,137896.3346183125,86736.77477225658,176713.48475520007,116977.52795614999,1461036.8764613243,938715.1943304881
2021-11-16,1071506.7125945897,578994.373023325,129620.38009666798,80497.62999525145,172721.1605524158,109673.16892692947,1330451.8389308648,888548.8901092579
2021-11-17,1066381.9816636883,575157.0271572891,129348.74574159,80884.94774803793,172686.52006451544,108304.74095225582,1326759.83149168,891602.7059547642
2021-11-18,1034647.6948731749,550277.5896511006,126375.94871288292,78258.67928965845,172686.52006451544,107048.95715501752,1233385.9901937845,841004.3951392026
2021-11-19,1055674.7471851676,567708.9297272834,127941.23651138916,79044.36125884515,172686.52006451544,108293.69962313442,1302096.411687712,858394.564436258
2021-11-20,1069527.5493258385,578200.3957790603,128979.69200302279,79060.09959552165,172686.52006451544,110600.84188371833,1331468.4617449518,881695.1124133727
2021-11-21,1071165.4813122065,569755.9606610885,128642.50416217074,79272.97467269948,172686.52006451544,120807.52175173239,1340242.5574058415,867417.2021616178
2021-11-22,1044537.5454142012,556032.5829469376,123779.44335913904,78133.63962260535,170550.6366037497,116041.2428817694,1279654.5598964868,831362.1902642007
2021-11-23,1059935.426917384,568032.4789818629,124947.95945552886,78361.5361196579,170508.869983103,118084.58237723127,1304364.0076348805,850263.9210959092
2021-11-24,1057933.932473335,562198.880932587,123835.21318149395,77877.36287769424,170508.869983103,123513.6054984569,1289485.288948048,831231.2844198446
2021-11-25,1072497.7288900814,570875.5327956108,124807.58500667925,77368.66246829444,170508.869983103,128937.07863639375,1314106.3938671837,845915.8739562473
2021-11-26,1044099.80142275,555866.8267716987,121259.81403327754,77345.44398487688,165910.46222778547,123717.25440511147,1227881.1960325642,791196.3079244102
2021-11-27,1049873.5728767428,561920.9589395166,121302.61153131867,77345.44398487688,165869.77849298037,123434.77992805046,1247857.683507537,809588.8963689693
2021-11-28,1059159.6014459396,570912.2172298956,121969.3135928139,77345.44398487688,165869.77849298037,123062.84814537276,1267162.8825682453,845528.5795828837
2021-11-29,1067001.8543271734,576796.3362763824,123156.67974938796,77345.44398487688,165869.77849298037,123833.61582354571,1285056.7435178799,853771.5515609415
2021-11-30,1060723.9665982607,574226.2051955356,123555.16081517893,77345.44398487688,165869.77849298037,119727.37810968889,1276972.123705355,841939.1401767774
2021-12-01,1062451.30517931,574306.8192675614,123734.30086305356,77345.44398487688,165869.77849298037,121194.96257083782,1273263.856878034,845253.4407676638
2021-12-02,1055290.1044204019,568947.7212637577,122701.47046919233,77345.44398487688,165869.77849298037,120425.69020959456,1269869.538744584,834146.6366133215
2021-12-03,1033122.675224129,552969.2302235302,119851.57975200273,77345.44398487688,165869.77849298037,117086.64277073878,1199333.3354753642,791616.9489606376
2021-12-04,1019411.7798156649,542354.968320069,119813.43677870742,77345.44398487688,165869.77849298037,114028.15223903117,1072119.0547429384,726667.6306236871
2021-12-05,1017448.5476575749,541171.6181627891,119813.43677870742,77345.44398487688,165869.77849298037,113248.27023822107,1038507.9222374109,729151.0339160211
2021-12-06,1030528.9433672539,554425.9043519525,119813.43677870742,77345.44398487688,165869.77849298037,113074.37975873673,1071981.265691242,747077.8652510667
2021-12-07,1025283.8146686713,550182.7094369519,119813.43677870742,77345.44398487688,165869.77849298037,112072.44597515473,1071706.2773106839,748812.6994246172
2021-12-08,1037664.5695287347,562001.4977191593,119813.43677870742,77345.44398487688,165869.77849298037,112634.41255301058,1114217.1623600328,745928.3861664701
2021-12-09,1015073.2064587714,540843.0298510143,119813.43677870742,77345.44398487688,165869.77849298037,111201.51735119245,1029736.1572251107,704091.3052398743
2021-12-10,1003582.046487961,530169.8632151798,119813.43677870742,77345.44398487688,165869.77849298037,110383.52401621648,998013.6932297515,697757.9201028656
2021-12-11,1011175.9935047675,536921.6328130149,119813.43677870742,77345.44398487688,165869.77849298037,111225.70143518792,1051060.3778356998,729057.3978713362
2021-12-12,1014259.4105436825,539804.4232872537,119813.43677870742,77345.44398487688,165869.77849298037,111426.32799986411,1052763.1114007123,739925.1791463629
2021-12-13,989590.714166436,517970.6428055573,119813.43677870742,77345.44398487688,165869.77849298037,108591.4121043141,960068.1847638864,690287.1714508128
2021-12-14,987045.6197776115,515447.5676461048,119813.43677870742,77345.44398487688,165869.77849298037,108569.39287494204,972713.3891744191,688443.2394581009
2021-12-15,986902.5428220448,515304.49069053814,119813.43677870742,77345.44398487688,165869.77849298037,108569.39287494204,1024821.8533356921,722178.0043998252
2021-12-16,980377.86886244,509615.9194862752,119813.43677870742,77345.44398487688,165869.77849298037,107733.2901196001,992181.0287146716,703992.41911505
2021-12-17,980112.265822045,509369.8410028382,119813.43677870742,77345.44398487688,165869.77849298037,107713.76556264207,968289.900619824,682380.5507608096
2021-12-18,980112.265822045,509369.8410028382,119813.43677870742,77345.44398487688,165869.77849298037,107713.76556264207,989472.0376053556,691930.9657731542
2021-12-19,980112.265822045,509369.8410028382,119813.43677870742,77345.44398487688,165869.77849298037,107713.76556264207,983640.8460933686,689837.222274906
2021-12-20,980112.265822045,509369.8410028382,119813.43677870742,77345.44398487688,165869.77849298037,107713.76556264207,982485.9312585368,692396.2036439726
2021-12-21,980112.265822045,509369.8410028382,119813.43677870742,77345.44398487688,165869.77849298037,107713.76556264207,1012162.650766835,722767.1672392101
2021-12-22,980410.2382978305,509369.8410028382,119813.43677870742,77345.44398487688,165869.77849298037,108011.73803842759,1022142.080911623,718216.6747016438
2021-12-23,980632.4797055215,509369.8410028382,119813.43677870742,77345.44398487688,165869.77849298037,108233.97944611855,1082543.042717181,750060.026156648
2021-12-24,980432.9366419357,509369.8410028382,119813.43677870742,77345.44398487688,165869.77849298037,108034.43638253286,1060980.2827448454,750616.1884922988
2021-12-25,980953.9729697418,509369.8410028382,119813.43677870742,77345.44398487688,165869.77849298037,108555.47271033886,1077922.854892938,744821.6000412492
2021-12-26,980706.3154761763,509369.8410028382,119813.43677870742,77345.44398487688,165869.77849298037,108307.81521677341,1080254.4634159072,750428.9164029291
2021-12-27,980905.9378395916,509369.8410028382,119813.43677870742,77345.44398487688,165869.77849298037,108507.4375801887,1090205.0249459078,747931.435972639
2021-12-28,978651.5693737718,509369.8410028382,119813.43677870742,77345.44398487688,165869.77849298037,106253.06911436882,1009964.2633533526,702861.5172371006
2021-12-29,978632.3660867607,509369.8410028382,119813.43677870742,77345.44398487688,165869.77849298037,106233.86582735777,981973.8286960927,685963.1246775028
2021-12-30,978632.3660867607,509369.8410028382,119813.43677870742,77345.44398487688,165869.77849298037,106233.86582735777,1000572.4016751109,696795.2515621318
2021-12-31,978632.3660867607,509369.8410028382,119813.43677870742,77345.44398487688,165869.77849298037,106233.86582735777,986603.6198015134,683921.0165828238
2022-01-01,978632.3660867607,509369.8410028382,119813.43677870742,77345.44398487688,165869.77849298037,106233.86582735777,1019857.3678491862,704308.2893212418
2022-01-02,976430.6733775432,509369.8410028382,119813.43677870742,77345.44398487688,163668.08578376294,106233.86582735777,1034662.2014265108,699263.1353868007
2022-01-03,976379.2749759963,509369.8410028382,119813.43677870742,77345.44398487688,163616.68738221616,106233.86582735777,1017598.4781525765,686161.1276999046
2022-01-04,976379.2749759963,509369.8410028382,119813.43677870742,77345.44398487688,163616.68738221616,106233.86582735777,1005485.6695356738,677882.2128655075
2022-01-05,976379.2749759963,509369.8410028382,119813.43677870742,77345.44398487688,163616.68738221616,106233.86582735777,948638.0567476744,643490.4955880924
2022-01-06,976379.2749759963,509369.8410028382,119813.43677870742,77345.44398487688,163616.68738221616,106233.86582735777,948046.5663501988,637463.4612811985
2022-01-07,976379.2749759963,509369.8410028382,119813.43677870742,77345.44398487688,163616.68738221616,106233.86582735777,920712.4601300408,613787.6191138963
2022-01-08,975724.6254985033,509369.8410028382,119158.7873012143,77345.44398487688,163616.68738221616,106233.86582735777,903715.4984080163,616387.6203398765
2022-01-09,975690.5593353576,509369.8410028382,119124.72113806874,77345.44398487688,163616.68738221616,106233.86582735777,921327.6326423578,619011.5642390202
2022-01-10,976026.9247103242,509369.8410028382,119461.08651303529,77345.44398487688,163616.68738221616,106233.86582735777,891983.8623717745,617677.2938721528
2022-01-11,974631.022994639,509369.8410028382,118065.18479735011,77345.44398487688,163616.68738221616,106233.86582735777,919086.8849118652,631185.346218625
2022-01-12,974729.1317818082,509369.8410028382,118163.29358451931,77345.44398487688,163616.68738221616,106233.86582735777,960607.2226161897,649104.3312800556
2022-01-13,972541.5376628704,509369.8410028382,115975.6994655814,77345.44398487688,163616.68738221616,106233.86582735777,939160.6922365392,629054.3329207056
2022-01-14,972510.4489773539,509369.8410028382,115944.61078006488,77345.44398487688,163616.68738221616,106233.86582735777,966517.6277078362,636559.1205538822
2022-01-15,972510.4489773539,509369.8410028382,115944.61078006488,77345.44398487688,163616.68738221616,106233.86582735777,970527.2877593586,637706.6957632635
2022-01-16,972510.4489773539,509369.8410028382,115944.61078006488,77345.44398487688,163616.68738221616,106233.86582735777,972084.5679298368,636768.5468275766
2022-01-17,1011006.7770766845,547866.1691021689,115944.61078006488,77345.44398487688,163616.68738221616,106233.86582735777,955733.7397373489,624017.6598849514
2022-01-18,984477.5841003467,521336.97612583113,115944.61078006488,77345.44398487688,163616.68738221616,106233.86582735777,938488.5075214884,625865.0534689641
2022-01-19,962451.6433590701,499311.0353845544,115944.61078006488,77345.44398487688,163616.68738221616,106233.86582735777,909267.7755968781,616541.0265276874
2022-01-20,949261.6668361876,486121.05886167206,115944.61078006488,77345.44398487688,163616.68738221616,106233.86582735777,865887.0939789292,600827.652056707
2022-01-21,949014.2935679151,485873.6855933995,115944.61078006488,77345.44398487688,163616.68738221616,106233.86582735777,761638.5065301722,538454.7384317034
2022-01-22,949014.2935679151,485873.6855933995,115944.61078006488,77345.44398487688,163616.68738221616,106233.86582735777,706142.0966492008,517377.74362661445
2022-01-23,949014.2935679151,485873.6855933995,115944.61078006488,77345.44398487688,163616.68738221616,106233.86582735777,734800.4769958309,535788.6785050675
2022-01-24,949014.2935679151,485873.6855933995,115944.61078006488,77345.44398487688,163616.68738221616,106233.86582735777,707453.799818727,541364.4943859108
2022-01-25,949014.2935679151,485873.6855933995,115944.61078006488,77345.44398487688,163616.68738221616,106233.86582735777,707649.829945253,545790.5427162158
2022-01-26,949014.2935679151,485873.6855933995,115944.61078006488,77345.44398487688,163616.68738221616,106233.86582735777,712665.4380441931,544285.7889777874
2022-01-27,949014.2935679151,485873.6855933995,115944.61078006488,77345.44398487688,163616.68738221616,106233.86582735777,707467.8092622411,548511.5265581567
2022-01-28,949014.2935679151,485873.6855933995,115944.61078006488,77345.44398487688,163616.68738221616,106233.86582735777,726716.3547091407,558054.0376036979
2022-01-29,949014.2935679151,485873.6855933995,115944.61078006488,77345.44398487688,163616.68738221616,106233.86582735777,738877.5744581501,563280.1750699788
2022-01-30,949014.2935679151,485873.6855933995,115944.61078006488,77345.44398487688,163616.68738221616,106233.86582735777,729162.7915347817,560022.3561104827
2022-01-31,949014.2935679151,485873.6855933995,115944.61078006488,77345.44398487688,163616.68738221616,106233.86582735777,738715.2385116636,568374.8297600205
2022-02-01,949014.2935679151,485873.6855933995,115944.61078006488,77345.44398487688,163616.68738221616,106233.86582735777,751364.7500037029,572217.0807174569
2022-02-02,949014.2935679151,485873.6855933995,115944.61078006488,77345.44398487688,163616.68738221616,106233.86582735777,725158.2903221659,545775.4847940577
2022-02-03,949014.2935679151,485873.6855933995,115944.61078006488,77345.44398487688,163616.68738221616,106233.86582735777,734678.6087064517,548753.2610173246
2022-02-04,949014.2935679151,485873.6855933995,115944.61078006488,77345.44398487688,163616.68738221616,106233.86582735777,798537.8978983772,612945.3562572398
2022-02-05,949014.2935679151,485873.6855933995,115944.61078006488,77345.44398487688,163616.68738221616,106233.86582735777,810504.491039829,612063.45818019
2022-02-06,949014.2935679151,485873.6855933995,115944.61078006488,77345.44398487688,163616.68738221616,106233.86582735777,833048.4562500336,626408.5809963675
2022-02-07,949014.2935679151,485873.6855933995,115944.61078006488,77345.44398487688,163616.68738221616,106233.86582735777,887134.2742504098,647497.172132314
2022-02-08,951607.1161390311,485873.6855933995,118537.43335118087,77345.44398487688,163616.68738221616,106233.86582735777,877722.4329104525,651605.4463812116
2022-02-09,952970.7708459982,485873.6855933995,119901.08805814803,77345.44398487688,163616.68738221616,106233.86582735777,891293.4146099213,654859.9191357838
2022-02-10,948538.7910972427,485873.6855933995,115469.1083093924,77345.44398487688,163616.68738221616,106233.86582735777,866566.9563346285,643433.0331725004
2022-02-11,941886.5273947186,485873.6855933995,108816.84460686838,77345.44398487688,163616.68738221616,106233.86582735777,812547.6202982854,626342.1761365818
2022-02-12,944939.0705936124,485873.6855933995,111869.38780576203,77345.44398487688,163616.68738221616,106233.86582735777,814121.4032261563,623927.8315906976
2022-02-13,944278.5422859368,485873.6855933995,111208.85949808656,77345.44398487688,163616.68738221616,106233.86582735777,813941.2169903277,623234.3594667842
2022-02-14,943856.9132026617,485873.6855933995,110787.2304148115,77345.44398487688,163616.68738221616,106233.86582735777,813304.4331509594,628985.6203333864
2022-02-15,946447.7845450811,485873.6855933995,113378.10175723088,77345.44398487688,163616.68738221616,106233.86582735777,859447.3092457155,658351.5108944561
2022-02-16,944807.9767579742,485873.6855933995,111738.29397012397,77345.44398487688,163616.68738221616,106233.86582735777,860090.7170303742,649292.7572331923
2022-02-17,941030.3665108728,485873.6855933995,107960.68372302264,77345.44398487688,163616.68738221616,106233.86582735777,789555.700614803,598724.3891823819
2022-02-18,941931.6331459134,485873.6855933995,108861.95035806307,77345.44398487688,163616.68738221616,106233.86582735777,789180.1999312887,591235.755641942
2022-02-19,941892.7672509208,485873.6855933995,108823.08446307047,77345.44398487688,163616.68738221616,106233.86582735777,790983.6983067292,592582.4300443038
2022-02-20,941892.7672509208,485873.6855933995,108823.08446307047,77345.44398487688,163616.68738221616,106233.86582735777,755083.4217865304,567610.5680940073
2022-02-21,941892.7672509208,485873.6855933995,108823.08446307047,77345.44398487688,163616.68738221616,106233.86582735777,703023.7618316347,547581.7431347802
2022-02-22,941892.7672509208,485873.6855933995,108823.08446307047,77345.44398487688,163616.68738221616,106233.86582735777,729338.0921370812,565463.8045556697
2022-02-23,941892.7672509208,485873.6855933995,108823.08446307047,77345.44398487688,163616.68738221616,106233.86582735777,709006.3528779307,550850.0622545552
2022-02-24,941892.7672509208,485873.6855933995,108823.08446307047,77345.44398487688,163616.68738221616,106233.86582735777,711937.2146639448,566151.7958266902
2022-02-25,941892.7672509208,485873.6855933995,108823.08446307047,77345.44398487688,163616.68738221616,106233.86582735777,741490.103563815,579172.6868907725
2022-02-26,941892.7672509208,485873.6855933995,108823.08446307047,77345.44398487688,163616.68738221616,106233.86582735777,744820.0591105832,577561.7776857882
2022-02-27,941892.7672509208,485873.6855933995,108823.08446307047,77345.44398487688,163616.68738221616,106233.86582735777,716406.9212093888,556953.0207973117
2022-02-28,941892.7672509208,485873.6855933995,108823.08446307047,77345.44398487688,163616.68738221616,106233.86582735777,793373.7390824647,637940.5839488164
2022-03-01,941892.7672509208,485873.6855933995,108823.08446307047,77345.44398487688,163616.68738221616,106233.86582735777,799923.3596640119,655093.8650145249
2022-03-02,941892.7672509208,485873.6855933995,108823.08446307047,77345.44398487688,163616.68738221616,106233.86582735777,793133.0974578795,648735.3256473975
2022-03-03,941892.7672509208,485873.6855933995,108823.08446307047,77345.44398487688,163616.68738221616,106233.86582735777,777616.9216254483,626989.8398689488
2022-03-04,941892.7672509208,485873.6855933995,108823.08446307047,77345.44398487688,163616.68738221616,106233.86582735777,721519.6522467987,578041.1503877513
2022-03-05,941892.7672509208,485873.6855933995,108823.08446307047,77345.44398487688,163616.68738221616,106233.86582735777,737165.8102207533,581925.2289067383
2022-03-06,941892.7672509208,485873.6855933995,108823.08446307047,77345.44398487688,163616.68738221616,106233.86582735777,707386.5801127444,567442.2770636033
2022-03-07,941892.7672509208,485873.6855933995,108823.08446307047,77345.44398487688,163616.68738221616,106233.86582735777,697368.5188149449,562155.6194427479
2022-03-08,941892.7672509208,485873.6855933995,108823.08446307047,77345.44398487688,163616.68738221616,106233.86582735777,733053.4809270725,572128.40628697
2022-03-09,938586.8680747243,485873.6855933995,108823.08446307047,77345.44398487688,159938.3134471453,106606.34058623221,765829.7013512275,620064.9841650217
2022-03-10,940168.3882756735,485873.6855933995,108823.08446307047,77345.44398487688,157900.14248999185,110226.03174433488,741884.7612863946,582469.8526047204
2022-03-11,939068.043191931,485873.6855933995,108823.08446307047,77345.44398487688,157858.26626373216,109167.56288685201,734993.507157976,572980.6500652104
2022-03-12,937770.885831573,485873.6855933995,108031.14794101042,77345.44398487688,157858.26626373216,108662.34204855392,740515.9580930779,574591.0977246879
2022-03-13,937528.6361807575,485873.6855933995,106888.58233060643,77345.44398487688,157858.26626373216,109562.65800814261,719200.6630842744,559018.9561787773
2022-03-14,936018.5163496315,485873.6855933995,106852.20087050248,77345.44398487688,157858.26626373216,108088.91963712042,737544.3692203206,585856.3850674153
2022-03-15,932934.9314369384,485873.6855933995,106496.46007413558,77345.44398487688,157858.26626373216,105361.07552079423,732217.7045645243,581012.4649739236
2022-03-16,936476.9659556055,485873.6855933995,106463.77668873842,77345.44398487688,157858.26626373216,108935.79342485851,766642.1470367034,607673.4680926009
2022-03-17,936122.3641511315,485873.6855933995,106433.26990074807,77345.44398487688,157858.26626373216,108611.69840837493,764135.3103059931,604829.5977594841
2022-03-18,943793.2887879754,485873.6855933995,106604.90435315143,77345.44398487688,161385.31532528985,112583.93953125778,786174.950300357,617380.3470317385
2022-03-19,947835.6409004692,485873.6855933995,107325.89362592451,77345.44398487688,162556.89372979314,114733.7239664751,817424.4128431398,623132.9925348611
2022-03-20,954640.8751491167,485873.6855933995,106886.11739988536,80283.34759486215,168589.9816858038,113007.74287516592,815755.1889273096,609207.9338230274
2022-03-21,961298.266151392,485873.6855933995,107932.58966715516,80461.09516842107,171909.2543380375,115121.64138437888,834109.2633985536,606699.6647665165
2022-03-22,970359.4574945697,485873.6855933995,107894.37202229326,86130.55412654781,177084.04794319544,113376.79780913373,871916.9232305486,625616.5689067601
2022-03-23,972917.5933182972,487382.5183451154,106440.83343600095,85518.05617017038,178405.53414866954,115170.65121834086,888788.6036934502,633505.6508675063
2022-03-24,988716.9996888122,494008.3718347843,106780.28433176449,88300.3030990311,181829.74601647147,117798.29440676088,910631.4314032595,649279.0839475545
2022-03-25,977530.4914136812,489481.6411243032,106014.29514030907,87966.38928098275,175677.97939858076,118390.18646950541,896288.5227349111,655006.6329137466
2022-03-26,984389.6222316785,490841.1132759055,105870.51365491263,87075.25576303901,179611.71256348887,120991.02697433252,911957.9029284505,657253.032588357
2022-03-27,1010842.3833839231,502459.1752579961,108093.57962927342,89133.9498619682,188718.12671441186,122437.5519202736,960865.5073964834,691513.2093963443
2022-03-28,1001346.0643668786,499837.9785696508,106818.59228694612,88327.25226280911,186983.82794321337,119378.41330425917,956416.1071831383,696054.9902624706
2022-03-29,1016789.3479720308,504971.26713721285,107801.35971866055,90382.19051305974,190775.38666499086,122859.14393810669,976637.602522631,701043.0279404494
2022-03-30,1017678.5527286254,507617.10225617676,108704.40681500138,91160.76270013662,189623.47426415907,120572.80669315152,984084.4216236345,695089.9563010145
2022-03-31,985304.1570152197,493546.6568537429,107283.79383605036,87182.05304567202,182462.97581942045,114828.67746033405,948211.9301189433,672581.478106696
2022-04-01,1001878.4794010315,503084.35585038416,106876.16187522562,87243.00166409193,186419.78619181743,118255.17381951236,968944.8413804434,683554.7225300184
2022-04-02,986414.9569347525,498137.7459699137,106462.71203456607,85221.9007589921,182853.80845092225,113738.78972035844,953153.4217831524,677459.4371813118
2022-04-03,1008366.9999077863,507777.160725657,107960.82657003241,86761.43228846743,189311.27057198554,116556.30975164397,978346.5796006441,686093.9151354824
2022-04-04,1013466.3329896934,512005.4154950065,106158.54529207876,87502.20007675652,192495.49400854614,115304.67811730546,970788.4543703708,688591.5686453377
2022-04-05,1016643.0388029153,502872.98533889465,104743.78484403821,84036.72137586278,211542.23773533062,113447.30950878911,953469.3171265818,672837.2320106319
2022-04-06,947821.0906345999,472652.61698597507,99128.07205704968,77002.65568305847,191586.81938439657,107450.92652412018,866082.6029081957,638140.0293009271
2022-04-07,960722.777334996,479091.96048016084,99065.8184032696,79590.94897898809,194371.15570416677,108602.89376841082,898373.0276666381,642528.1732064891
2022-04-08,941388.4172261299,466019.01914885436,98342.65940286597,77512.40131251121,191629.34195572,107884.99540617842,860180.138620304,624565.8028674226
2022-04-09,949226.0599917648,468819.7455986721,98326.11035360763,78118.57488323293,195680.03342572734,108281.595730525,881536.029007785,631868.8951141433
2022-04-10,944487.3506352737,464374.87280392833,98163.97517596158,77485.98532862136,197019.6073358448,107442.9099909177,866112.710037012,623384.3617564826
2022-04-11,918899.8648069985,449663.91865407495,98147.76306958609,75998.82674082505,189712.98458391952,105376.37175859293,791321.1354670873,583717.0062571861
2022-04-12,922869.5271245656,450445.69659267744,98147.76306958609,76533.49321569974,191848.37619596,105894.19805064244,815745.7618278454,592656.6811777047
2022-04-13,929068.2925155992,455167.9563459338,98147.76306958609,76749.43590847743,192602.31044355096,106400.82674805101,840544.2018635165,608010.223232974
2022-04-14,920563.8175127628,450128.5210341923,97789.32138587334,75991.20192951625,191125.03955771076,105529.73360547017,821432.1877760402,589825.8495051538
2022-04-15,924468.6374395163,451400.8440217299,98022.57250793841,76129.82953259019,193137.8314905596,105777.55988669815,844005.9544446331,598952.623435477
2022-04-16,924891.8370749993,451967.55441416637,98101.57538800246,77429.89259062734,191883.81751789246,105508.99716431079,855863.0535169698,597047.6520494956
2022-04-17,916696.9996616388,447262.642186179,98055.85049255266,75519.13466121355,191068.5179985455,104790.85432314817,824403.9549399812,586597.8002308441
2022-04-18,925597.2191333072,448607.60124037316,98055.85049255266,75748.51208574502,196290.47345954485,106894.78185509163,850928.5104983972,602980.9926185163
2022-04-19,927646.1930561862,451116.7228872896,98055.85049255266,77110.16990428559,194178.27535845953,107185.17441359881,865843.3857013908,612973.048987646
2022-04-20,926113.1904909906,449486.9308603378,98055.85049255266,76367.2389817941,195250.4634370608,106952.7067192453,855734.3940876949,611077.0777390464
2022-04-21,920234.225632764,443915.15752415627,98055.85049255266,73844.96491664778,196778.78286763444,107639.46983177299,839244.9824374684,598567.1175509522
2022-04-22,915212.5628759182,443070.375626594,98055.85049255266,72524.24083116738,194269.65754783328,107292.4383777708,833447.8503588111,586942.9208835271
2022-04-23,914426.359548636,442999.4133358283,98055.85049255266,72495.90538373849,194021.727805131,106853.46253138558,822195.3391321301,583197.5367893229
2022-04-24,912198.8382946135,442999.4133358283,98055.85049255266,72495.90538373849,190919.416096246,107728.25298624812,811851.578979706,582939.9943965484
2022-04-25,912986.3213082488,442999.4133358283,98055.85049255266,72495.90538373849,191236.3642008709,108198.78789525836,826706.2371644345,597547.2173673797
2022-04-26,896400.988705216,442999.4133358283,98055.85049255266,72495.90538373849,176890.45962666132,105959.35986643523,763885.756497129,562974.1703989946
2022-04-27,897520.9472006798,442999.4133358283,98055.85049255266,72495.90538373849,177640.7119057971,106329.06608276327,780991.169009158,579570.0198789085
2022-04-28,895997.135672281,442999.4133358283,98055.85049255266,72495.90538373849,176348.89947349613,106097.06698666554,785485.3300364267,587437.8130531553
2022-04-29,892024.0251043568,442999.4133358283,98055.85049255266,72495.90538373849,174520.19930255704,103952.65658968034,752373.8774834487,570246.1083240086
2022-04-30,890711.8588655131,442999.4133358283,98055.85049255266,72495.90538373849,173225.03388789334,103935.65576550039,703766.5352126396,557028.1950217263
2022-05-01,890298.0863699268,442999.4133358283,98055.85049255266,72495.90538373849,172811.26139230697,103935.65576550039,736020.336904547,568167.5958274838
2022-05-02,887528.7993910859,442999.4133358283,98055.85049255266,72495.90538373849,170041.97441346606,103935.65576550039,729105.6437648282,569057.2247917721
2022-05-03,891364.0422522511,442999.4133358283,98055.85049255266,74691.9995501891,171681.12310818056,103935.65576550039,723077.3312427029,557553.6645811775
2022-05-04,903465.0667802462,442999.4133358283,98055.85049255266,83311.68771423759,175162.45947212726,103935.65576550039,788829.3694266814,586323.3537338845
2022-05-05,894216.556173848,442999.4133358283,98055.85049255266,77930.58959772195,171295.04698224468,103935.65576550039,721121.7996382589,540194.9380717705
2022-05-06,899513.9909742436,442999.4133358283,98055.85049255266,81178.7954897641,173344.2758905982,103935.65576550039,724931.0467180494,532304.817633634
2022-05-07,895763.0255763695,442999.4133358283,98055.85049255266,80116.6931364425,170655.4128460457,103935.65576550039,700033.2685157334,524344.5422784693
2022-05-08,897232.0175334497,442999.4133358283,98055.85049255266,81632.49587013011,170608.60206943817,103935.65576550039,690436.053875531,503036.83241318655
2022-05-09,884590.6343467567,442999.4133358283,98055.85049255266,76379.7467428945,163219.96800998086,103935.65576550039,587355.3184588702,447469.52267179993
2022-05-10,885637.2710922017,442999.4133358283,98055.85049255266,77464.18555411427,163182.16594420606,103935.65576550039,603467.7551863566,458191.4555666891
2022-05-11,884883.6045324337,442999.4133358283,98055.85049255266,76710.51899434626,163182.16594420606,103935.65576550039,503870.1949562314,427374.23515959876
2022-05-12,882763.8137474848,442999.4133358283,98055.85049255266,74590.72820939742,163182.16594420606,103935.65576550039,484245.8473308066,429019.5006582428
2022-05-13,882741.634333765,442999.4133358283,98055.85049255266,74568.54879567765,163182.16594420606,103935.65576550039,517350.91263527184,432495.51525606174
2022-05-14,882280.6994597362,442999.4133358283,98055.85049255266,74107.61392164888,163182.16594420606,103935.65576550039,533872.6249427227,444579.3247084416
2022-05-15,882243.5365752006,442999.4133358283,98055.85049255266,74070.45103711316,163182.16594420606,103935.65576550039,559319.1844042437,462359.49995871284
2022-05-16,881405.4480824443,442999.4133358283,98055.85049255266,73232.36254435685,163182.16594420606,103935.65576550039,523503.1670743054,441059.0594351616
2022-05-17,882214.0276039796,442999.4133358283,98055.85049255266,74040.94206589216,163182.16594420606,103935.65576550039,548638.3069584328,449373.36904060876
2022-05-18,881877.2181260836,442999.4133358283,98055.85049255266,73704.13258799617,163182.16594420606,103935.65576550039,501173.8808194308,424182.79221329425
2022-05-19,882544.3448167157,442999.4133358283,98055.85049255266,74371.25927862823,163182.16594420606,103935.65576550039,527713.3563020489,447726.22851334355
2022-05-20,881967.0794920403,442999.4133358283,98055.85049255266,73793.9939539529,163182.16594420606,103935.65576550039,515277.87315265875,431279.0543797961
2022-05-21,882654.2749850515,442999.4133358283,98055.85049255266,74481.18944696407,163182.16594420606,103935.65576550039,522659.15749603877,434697.98156774713
2022-05-22,883689.5244961766,442999.4133358283,98055.85049255266,75516.43895808923,163182.16594420606,103935.65576550039,542554.0248952556,447864.89409153204
2022-05-23,883210.5296925214,442999.4133358283,98055.85049255266,75037.44415443405,163182.16594420606,103935.65576550039,526792.6833693167,429775.07949941023
2022-05-24,884336.3517633252,442999.4133358283,98055.85049255266,76163.26622523776,163182.16594420606,103935.65576550039,541572.0251712506,437996.87807734526
2022-05-25,885807.036745366,442999.4133358283,98055.85049255266,77633.9512072785,163182.16594420606,103935.65576550039,537664.8260648001,436620.00129088474
2022-05-26,884846.8204779992,442999.4133358283,98055.85049255266,76673.73493991174,163182.16594420606,103935.65576550039,506859.6612987627,432260.99244543724
2022-05-27,884131.2635613676,442999.4133358283,98055.85049255266,75958.1780232802,163182.16594420606,103935.65576550039,491458.6231181301,422813.7040072603
2022-05-28,884376.8305595008,442999.4133358283,98055.85049255266,76203.74502141344,163182.16594420606,103935.65576550039,500905.9699679089,425580.40970096504
2022-05-29,884075.3642384075,442999.4133358283,98055.85049255266,75902.27870032002,163182.16594420606,103935.65576550039,513732.58383472555,434900.7731247817
2022-05-30,885133.297366518,442999.4133358283,98055.85049255266,76960.2118284305,163182.16594420606,103935.65576550039,556992.5669987056,468581.5372422147
2022-05-31,885495.8089333788,442999.4133358283,98055.85049255266,77322.7233952914,163182.16594420606,103935.65576550039,557377.8191505356,469555.13864213997
2022-06-01,885202.9838603748,442999.4133358283,98055.85049255266,77029.89832228736,163182.16594420606,103935.65576550039,522003.369333376,440116.20850462466
2022-06-02,885509.783345108,442999.4133358283,98055.85049255266,77336.69780702064,163182.16594420606,103935.65576550039,534439.1614212741,449988.2341954015
2022-06-03,884233.2458474966,442999.4133358283,98055.85049255266,76060.16030940918,163182.16594420606,103935.65576550039,519021.9034094517,438717.69677253463
2022-06-04,883928.9183476019,442999.4133358283,98055.85049255266,75755.83280951451,163182.16594420606,103935.65576550039,524224.06547466747,440615.91805547965
2022-06-05,884322.9192051707,442999.4133358283,98055.85049255266,76149.83366708332,163182.16594420606,103935.65576550039,523142.5412305457,441705.13660484937
2022-06-06,884428.3995384809,442999.4133358283,98055.85049255266,76255.31400039353,163182.16594420606,103935.65576550039,538099.671563263,463327.7647387163
2022-06-07,884540.1796895599,442999.4133358283,98055.85049255266,76367.0941514725,163182.16594420606,103935.65576550039,533088.7880410847,460149.4758393545
2022-06-08,884016.1157982503,442999.4133358283,98055.85049255266,75843.03026016295,163182.16594420606,103935.65576550039,527652.4261005059,446249.60020423366
2022-06-09,884140.0234877245,442999.4133358283,98055.85049255266,75966.93794963708,163182.16594420606,103935.65576550039,527346.6876192717,444737.83674342127
2022-06-10,883387.0953600127,442999.4133358283,98055.85049255266,75214.00982192527,163182.16594420606,103935.65576550039,497788.2374297038,429551.9799400783
2022-06-11,882281.1057873948,442999.4133358283,98055.85049255266,74108.0202493074,163182.16594420606,103935.65576550039,463881.4549354372,418873.74963536084
2022-06-12,882457.1419160435,442999.4133358283,98055.85049255266,74284.05637795606,163182.16594420606,103935.65576550039,441252.8340166837,395269.7643341429
2022-06-13,877707.657702558,442999.4133358283,98055.85049255266,69534.5721644706,163182.16594420606,103935.65576550039,384836.713981728,332126.5024117554
2022-06-14,877680.033327102,442999.4133358283,98055.85049255266,69506.94778901449,163182.16594420606,103935.65576550039,389993.9992715591,327982.25645992416
2022-06-15,877680.033327102,442999.4133358283,98055.85049255266,69506.94778901449,163182.16594420606,103935.65576550039,414045.01223601785,333388.5697534083
2022-06-16,877680.033327102,442999.4133358283,98055.85049255266,69506.94778901449,163182.16594420606,103935.65576550039,368719.7633377382,301025.89306351176
2022-06-17,877680.033327102,442999.4133358283,98055.85049255266,69506.94778901449,163182.16594420606,103935.65576550039,382135.4841432046,302352.66331589426
2022-06-18,877680.033327102,442999.4133358283,98055.85049255266,69506.94778901449,163182.16594420606,103935.65576550039,362202.63944591576,280880.2393978849
2022-06-19,877680.033327102,442999.4133358283,98055.85049255266,69506.94778901449,163182.16594420606,103935.65576550039,393748.5628710083,303560.6432934733
2022-06-20,877680.033327102,442999.4133358283,98055.85049255266,69506.94778901449,163182.16594420606,103935.65576550039,396150.02397866204,304243.96141623793
2022-06-21,877680.033327102,442999.4133358283,98055.85049255266,69506.94778901449,163182.16594420606,103935.65576550039,402366.72276308027,305884.2653006842
2022-06-22,877680.033327102,442999.4133358283,98055.85049255266,69506.94778901449,163182.16594420606,103935.65576550039,386464.4090733743,295197.55409728
2022-06-23,877680.033327102,442999.4133358283,98055.85049255266,69506.94778901449,163182.16594420606,103935.65576550039,406775.75652735546,311426.93644482305
2022-06-24,877680.033327102,442999.4133358283,98055.85049255266,69506.94778901449,163182.16594420606,103935.65576550039,424032.04545966594,313580.0173872845
2022-06-25,877680.033327102,442999.4133358283,98055.85049255266,69506.94778901449,163182.16594420606,103935.65576550039,426305.45121903135,317577.8380270947
2022-06-26,877680.033327102,442999.4133358283,98055.85049255266,69506.94778901449,163182.16594420606,103935.65576550039,415735.8054729945,310561.7116992049
2022-06-27,877680.033327102,442999.4133358283,98055.85049255266,69506.94778901449,163182.16594420606,103935.65576550039,411575.3468117516,306251.7420638511
2022-06-28,877680.033327102,442999.4133358283,98055.85049255266,69506.94778901449,163182.16594420606,103935.65576550039,392570.031474795,299533.947212896
2022-06-29,877680.033327102,442999.4133358283,98055.85049255266,69506.94778901449,163182.16594420606,103935.65576550039,387183.80272164417,296925.49393482314
2022-06-30,877680.033327102,442999.4133358283,98055.85049255266,69506.94778901449,163182.16594420606,103935.65576550039,380918.81257389946,292209.65271945845
2022-07-01,877680.033327102,442999.4133358283,98055.85049255266,69506.94778901449,163182.16594420606,103935.65576550039,373820.85949275456,284598.0749946543
2022-07-02,877680.033327102,442999.4133358283,98055.85049255266,69506.94778901449,163182.16594420606,103935.65576550039,378199.68219026807,284197.655420942
2022-07-03,877680.033327102,442999.4133358283,98055.85049255266,69506.94778901449,163182.16594420606,103935.65576550039,379844.0849502697,285007.3216261834
2022-07-04,877680.033327102,442999.4133358283,98055.85049255266,69506.94778901449,163182.16594420606,103935.65576550039,395220.1770932475,298804.7341588026
2022-07-05,877680.033327102,442999.4133358283,98055.85049255266,69506.94778901449,163182.16594420606,103935.65576550039,387726.0324881051,298197.0229593648
2022-07-06,877680.033327102,442999.4133358283,98055.85049255266,69506.94778901449,163182.16594420606,103935.65576550039,394861.95528152946,303486.4210066667
2022-07-07,877680.033327102,442999.4133358283,98055.85049255266,69506.94778901449,163182.16594420606,103935.65576550039,410480.5527088567,319575.4069803708
2022-07-08,877680.033327102,442999.4133358283,98055.85049255266,69506.94778901449,163182.16594420606,103935.65576550039,405289.71502863395,320956.7838355223
2022-07-09,877680.033327102,442999.4133358283,98055.85049255266,69506.94778901449,163182.16594420606,103935.65576550039,411855.29724540154,318905.1563647664
2022-07-10,877680.033327102,442999.4133358283,98055.85049255266,69506.94778901449,163182.16594420606,103935.65576550039,397047.46826949745,308097.4913919958
2022-07-11,877680.033327102,442999.4133358283,98055.85049255266,69506.94778901449,163182.16594420606,103935.65576550039,374599.62294103246,294954.2619220267
2022-07-12,877680.033327102,442999.4133358283,98055.85049255266,69506.94778901449,163182.16594420606,103935.65576550039,364506.4051534777,285403.7026767113
2022-07-13,877680.033327102,442999.4133358283,98055.85049255266,69506.94778901449,163182.16594420606,103935.65576550039,380168.3825667205,298521.3452176492
2022-07-14,877680.033327102,442999.4133358283,98055.85049255266,69506.94778901449,163182.16594420606,103935.65576550039,390125.22462701565,303806.53166220186
2022-07-15,877680.033327102,442999.4133358283,98055.85049255266,69506.94778901449,163182.16594420606,103935.65576550039,394378.1327936767,307741.2359539621
2022-07-16,877680.033327102,442999.4133358283,98055.85049255266,69506.94778901449,163182.16594420606,103935.65576550039,412128.36218652927,312969.4503750236
2022-07-17,877680.033327102,442999.4133358283,98055.85049255266,69506.94778901449,163182.16594420606,103935.65576550039,410766.2741577563,306899.60772237735
2022-07-18,877680.033327102,442999.4133358283,98055.85049255266,69506.94778901449,163182.16594420606,103935.65576550039,451048.1308946259,332101.4058748251
2022-07-19,877277.3939229393,442999.4133358283,98055.85049255266,69450.54675425704,162835.92757480088,103935.65576550039,457681.1400180027,345449.21539066744
2022-07-20,879584.1246243612,442999.4133358283,98055.85049255266,67776.40837464038,166816.7966558394,103935.65576550039,441027.4226188929,343120.0548373753
2022-07-21,881096.9848662444,442999.4133358283,98055.85049255266,69881.98004207849,166224.08523028452,103935.65576550039,448905.256464061,342128.9724013814
2022-07-22,876857.7849660605,442999.4133358283,98055.85049255266,69009.13797070622,162857.72740147298,103935.65576550039,445352.6468594401,335487.88064433174
2022-07-23,876113.4783030549,442999.4133358283,98055.85049255266,69501.60956005532,161620.9491491183,103935.65576550039,445403.18268678465,331802.90131832525
2022-07-24,878750.7311113097,442999.4133358283,98055.85049255266,69512.83261426448,164246.97890316395,103935.65576550039,453627.9650676815,333925.05871183355
2022-07-25,867403.5550057774,442999.4133358283,98055.85049255266,67752.61908827392,154660.01632362214,103935.65576550039,420085.79341142724,315500.7101670901
2022-07-26,871991.3567357385,442999.4133358283,98055.85049255266,68997.25099826121,158003.18614359596,103935.65576550039,422134.05555892695,313699.6153667248
2022-07-27,883420.8894700196,442999.4133358283,98055.85049255266,75003.94323553005,163426.02664060815,103935.65576550039,463207.34451181436,338671.7369363689
2022-07-28,893012.5963696357,442999.4133358283,98055.85049255266,82343.45081732985,165678.22595842447,103935.65576550039,493129.9655110353,352161.2409227879
2022-07-29,891382.6955529961,442999.4133358283,98055.85049255266,82262.90446190862,164128.8714972062,103935.65576550039,495458.29106066475,351581.4820731036
2022-07-30,888128.2831527777,442999.4133358283,98055.85049255266,80910.65737164558,162226.70618725076,103935.65576550039,502901.42014482926,349389.313995538
2022-07-31,884206.8875255631,442999.4133358283,98055.85049255266,78636.3303484031,160579.6375832787,103935.65576550039,502104.35023271514,344673.27085401403
2022-08-01,887031.2859344817,442999.4133358283,98055.85049255266,77818.22913090252,164222.13720969777,103935.65576550039,495614.20101410925,344338.04458313226
2022-08-02,883492.2465585796,442999.4133358283,98055.85049255266,78548.78794731632,159952.53901738196,103935.65576550039,483908.55545528646,339374.29573744675
2022-08-03,882368.6982472489,442999.4133358283,98055.85049255266,77874.20723409204,159503.57141927548,103935.65576550039,483056.99576815614,337430.4968357087
2022-08-04,884014.9054533085,442999.4133358283,98055.85049255266,77194.1237436117,161829.86211581543,103935.65576550039,487507.83570919995,334246.9290096133
2022-08-05,890874.7516250368,442999.4133358283,98055.85049255266,80735.30705056718,165148.52498058838,103935.65576550039,510332.37817082455,343970.510126777
2022-08-06,888453.1986634955,442999.4133358283,98055.85049255266,79899.96814761878,163562.31092199538,103935.65576550039,509299.6827229518,339125.60924908327
2022-08-07,890951.2228822361,442999.4133358283,98055.85049255266,79822.8807694949,166137.4225188599,103935.65576550039,514049.02350578876,342295.3018633815
2022-08-08,894026.9284865895,442999.4133358283,98055.85049255266,80411.53358311729,168624.4753095908,103935.65576550039,527444.8784225141,351653.1658596228
2022-08-09,885113.2577570656,442999.4133358283,98055.85049255266,77929.73729121688,162192.60087196736,103935.65576550039,508421.31504652643,342124.3857929079
2022-08-10,894023.8504428403,442999.4133358283,98055.85049255266,80013.53147780371,169019.39937115513,103935.65576550039,529340.7638739557,353693.658545028
2022-08-11,892372.8272473381,442999.4133358283,98055.85049255266,83095.60190193122,164286.3057515255,103935.65576550039,532346.5725947322,353839.6800047306
2022-08-12,897827.652620917,442999.4133358283,98055.85049255266,84189.1279271576,168647.60509987807,103935.65576550039,541487.9797627407,360416.3573169924
2022-08-13,898504.5747451177,442999.4133358283,98055.85049255266,84330.85226890295,169182.80288233334,103935.65576550039,541501.009130092,360730.2082615922
2022-08-14,903883.5241090031,442999.4133358283,98055.85049255266,82564.29723569124,176328.3072794305,103935.65576550039,535979.5720310742,359183.33849567146
2022-08-15,896540.1200258911,442999.4133358283,98055.85049255266,82507.90824250494,169041.29218950486,103935.65576550039,527847.3890243338,356489.960844354
2022-08-16,907920.7472503488,442999.4133358283,98055.85049255266,80686.18328350861,182243.6443729588,103935.65576550039,532548.9242908899,352743.2209602236
2022-08-17,902246.2324014558,442999.4133358283,98055.85049255266,82514.38515339879,174740.92765417558,103935.65576550039,523758.99644684914,344660.0014206946
2022-08-18,894704.3405345633,442999.4133358283,98055.85049255266,81811.68711351388,167901.73382716803,103935.65576550039,506593.0393055485,342839.5217090451
2022-08-19,874138.640322625,442999.4133358283,98055.85049255266,70415.91801390685,158731.8027148369,103935.65576550039,453402.01384898246,308350.10101716674
2022-08-20,874905.3976814107,442999.4133358283,98055.85049255266,71276.73459722663,158637.74349030273,103935.65576550039,459021.5594579374,312611.20452199184
2022-08-21,877166.5161852802,442999.4133358283,98055.85049255266,72706.10008224685,159469.496509152,103935.65576550039,473249.3642413577,318047.25865406817
2022-08-22,879761.4210368451,442999.4133358283,98055.85049255266,75518.0000490557,159252.501393908,103935.65576550039,477395.60593098786,316050.2377860814
2022-08-23,879707.9344480335,442999.4133358283,98055.85049255266,75273.47972355358,159443.53513059847,103935.65576550039,484345.92386217695,317958.1515246685
2022-08-24,878790.8055527671,442999.4133358283,98055.85049255266,75317.85171070759,158482.03424817816,103935.65576550039,481192.23602709436,315992.80421708344
2022-08-25,879007.8373487977,442999.4133358283,98055.85049255266,75577.06962066608,158439.8481342503,103935.65576550039,486167.27477670665,319033.6102486178
2022-08-26,872695.1962438043,442999.4133358283,98055.85049255266,72230.05650565289,155474.2201442701,103935.65576550039,445341.297116261,299229.4714114024
2022-08-27,872389.8640458477,442999.4133358283,98055.85049255266,71964.6821085924,155434.26234337394,103935.65576550039,448215.7323277127,296005.5760466535
2022-08-28,870664.3748083704,442999.4133358283,98055.85049255266,70239.19287111507,155434.26234337394,103935.65576550039,435925.52775624755,289729.6821718311
2022-08-29,872035.3190347699,442999.4133358283,98055.85049255266,71610.13709751461,155434.26234337394,103935.65576550039,458225.44523120846,299790.33574190363
2022-08-30,869687.6751432715,442999.4133358283,98055.85049255266,70277.4718451641,154419.28370422602,103935.65576550039,444043.7555882853,292388.09775101126
2022-08-31,869563.7102568987,442999.4133358283,98055.85049255266,70192.49096749492,154380.29969552244,103935.65576550039,444414.64349768107,296124.10670210945
2022-09-01,870475.2401752875,442999.4133358283,98055.85049255266,71104.0208858837,154380.29969552244,103935.65576550039,452707.69771814125,297266.92222345213
2022-09-02,870568.0944086876,442999.4133358283,98055.85049255266,71351.93216177038,154225.24265303576,103935.65576550039,454579.1243564794,294942.66559116944
2022-09-03,870530.620420567,442999.4133358283,98055.85049255266,71077.72652989806,154461.97429678746,103935.65576550039,460297.7109068687,292909.1537815541
2022-09-04,870796.4382242901,442999.4133358283,98055.85049255266,70985.45205900325,154820.06657140554,103935.65576550039,465366.3431694457,295192.88094902405
2022-09-05,874964.0208035302,442999.4133358283,98055.85049255266,74598.82236626229,155374.27884338662,103935.65576550039,473081.82099118154,292617.9474133799
2022-09-06,867518.59117187,442999.4133358283,98055.85049255266,71113.84987982443,151413.82169816425,103935.65576550039,437669.6746515184,278222.11228464654
2022-09-07,870223.7847380106,442999.4133358283,98055.85049255266,73870.08207118363,151362.78307294566,103935.65576550039,460032.6479833498,284907.59895012813
2022-09-08,870566.0535174592,442999.4133358283,98055.85049255266,73409.30882344261,152165.82510013535,103935.65576550039,466387.20268032217,285491.1367036491
2022-09-09,874860.2087313626,442999.4133358283,98055.85049255266,75487.4156142887,154381.87352319257,103935.65576550039,493624.50120397366,315787.9933984569
2022-09-10,875183.5124878047,442999.4133358283,98055.85049255266,76564.557347546,153628.03554637736,103935.65576550039,499139.2319861173,320209.77243282436
2022-09-11,874110.754019785,442999.4133358283,98055.85049255266,75416.94641226031,153702.88801364336,103935.65576550039,495118.70052271825,321520.07127993414
2022-09-12,874176.6270416472,442999.4133358283,98055.85049255266,74660.66312881176,154525.04431895408,103935.65576550039,492400.9004963734,330399.37027884915
2022-09-13,865010.6099647133,442999.4133358283,98055.85049255266,70923.90137498891,149095.788995843,103935.65576550039,456717.4807952557,299771.32583634387
2022-09-14,867872.0166303059,442999.4133358283,98055.85049255266,72688.7321086094,150192.36492781516,103935.65576550039,466687.96200480324,298949.89022068004
2022-09-15,863789.3668264453,442999.4133358283,98055.85049255266,69703.89674092979,149094.55049163412,103935.65576550039,448414.46724637714,290976.1723526309
2022-09-16,864358.5107915465,442999.4133358283,98055.85049255266,69287.60878991801,150079.9824077472,103935.65576550039,453058.07036507095,292030.31344348646
2022-09-17,864461.2368351466,442999.4133358283,98055.85049255266,69841.93296723872,149628.3842740265,103935.65576550039,465350.5118811066,297273.35501395277
2022-09-18,859315.7115905703,442999.4133358283,98055.85049255266,66605.54773407047,147719.24426261848,103935.65576550039,428470.69616482675,286815.54153530946
2022-09-19,859246.500886251,442999.4133358283,98055.85049255266,66576.17857567717,147679.40271669236,103935.65576550039,436856.0249222722,288656.15616969153
2022-09-20,859246.500886251,442999.4133358283,98055.85049255266,66576.17857567717,147679.40271669236,103935.65576550039,433417.9915034324,279006.68195295765
2022-09-21,859246.500886251,442999.4133358283,98055.85049255266,66576.17857567717,147679.40271669236,103935.65576550039,420486.6599591414,273935.0179984718
2022-09-22,859246.500886251,442999.4133358283,98055.85049255266,66576.17857567717,147679.40271669236,103935.65576550039,445435.73918808333,286727.58826967666
2022-09-23,859246.500886251,442999.4133358283,98055.85049255266,66576.17857567717,147679.40271669236,103935.65576550039,451521.9838501627,285015.6294453052
2022-09-24,858262.3548238287,442999.4133358283,97071.70443013051,66576.17857567717,147679.40271669236,103935.65576550039,445303.1966286475,279689.36545065045
2022-09-25,858460.4447855442,442999.4133358283,97269.7943918459,66576.17857567717,147679.40271669236,103935.65576550039,441940.32903033367,277696.75811157207
2022-09-26,857185.0864578399,442999.4133358283,95994.43606414176,66576.17857567717,147679.40271669236,103935.65576550039,445377.1083007071,283908.41062117164
2022-09-27,857159.6212183805,442999.4133358283,95968.97082468228,66576.17857567717,147679.40271669236,103935.65576550039,442329.94261477125,282252.38534290117
2022-09-28,857159.6212183805,442999.4133358283,95968.97082468228,66576.17857567717,147679.40271669236,103935.65576550039,441403.48020652507,286922.1008541836
2022-09-29,857159.6212183805,442999.4133358283,95968.97082468228,66576.17857567717,147679.40271669236,103935.65576550039,449628.62734719575,289083.3165362018
2022-09-30,856864.0748902394,442999.4133358283,95673.42449654106,66576.17857567717,147679.40271669236,103935.65576550039,446869.65509412874,286996.95776606194
2022-10-01,856840.2324293498,442999.4133358283,95649.5820356515,66576.17857567717,147679.40271669236,103935.65576550039,443657.47719307925,285229.151935372
2022-10-02,856840.2324293498,442999.4133358283,95649.5820356515,66576.17857567717,147679.40271669236,103935.65576550039,432306.5820837482,281271.110748926
2022-10-03,856840.2324293498,442999.4133358283,95649.5820356515,66576.17857567717,147679.40271669236,103935.65576550039,442874.0332747422,289829.6067740456
2022-10-04,856840.2324293498,442999.4133358283,95649.5820356515,66576.17857567717,147679.40271669236,103935.65576550039,455975.2193237961,300364.1233465943
2022-10-05,857270.959031607,442999.4133358283,96080.30863790883,66576.17857567717,147679.40271669236,103935.65576550039,453916.89843353047,297762.8240238762
2022-10-06,856541.887909929,442999.4133358283,95251.69259857564,66675.72349333245,147679.40271669236,103935.65576550039,449375.63427040254,294731.04697631794
2022-10-07,859211.4260719887,442999.4133358283,97505.95561360335,67090.99864036411,147679.40271669236,103935.65576550039,446646.163285359,288696.33947537414
2022-10-08,858628.0602581624,442999.4133358283,96180.18958979486,67833.3988503466,147679.40271669236,103935.65576550039,444175.05934662296,286772.1562576736
2022-10-09,861799.5644591739,442999.4133358283,98684.2461995053,68500.84644164765,147679.40271669236,103935.65576550039,448154.0578609729,287213.1341427927
2022-10-10,855914.1501081465,442999.4133358283,94042.07404118139,67257.60424894404,147679.40271669236,103935.65576550039,430518.6550677905,282709.3153945979
2022-10-11,851208.9457648739,442999.4133358283,91673.79895372978,64920.6749931232,147679.40271669236,103935.65576550039,424423.4828317139,281379.08355091466
2022-10-12,851419.4197581513,442999.4133358283,91841.3310624162,64963.6168777142,147679.40271669236,103935.65576550039,425293.2347481029,282945.0497621777
2022-10-13,849980.0548484048,442999.4133358283,91280.46294234147,64085.12008804227,147679.40271669236,103935.65576550039,419002.5351495626,286274.9563605116
2022-10-14,850550.1521632804,442999.4133358283,91874.70607682595,64060.974268433405,147679.40271669236,103935.65576550039,416786.6831616651,283361.7099684092
2022-10-15,848846.8186963312,442999.4133358283,91313.26842679355,62919.07845151662,147679.40271669236,103935.65576550039,415897.2420134011,281618.59682233114
2022-10-16,848490.9048420442,442999.4133358283,90983.43076128994,62893.002262733346,147679.40271669236,103935.65576550039,422116.63660400163,284579.2670152535
2022-10-17,849105.158122506,442999.4133358283,91184.0735777328,63306.61272675223,147679.40271669236,103935.65576550039,427392.3340068037,288754.0615103137
2022-10-18,847684.0102086947,442999.4133358283,90221.1318335145,62848.40655715931,147679.40271669236,103935.65576550039,421465.6747484221,285558.81081357837
2022-10-19,846544.8095709523,442999.4133358283,89242.18287988855,62688.15487304283,147679.40271669236,103935.65576550039,411371.97205700737,282680.5264936134
2022-10-20,846321.7886893023,442999.4133358283,89042.51355866241,62664.8033126188,147679.40271669236,103935.65576550039,410443.2863207566,281413.38215138606
2022-10-21,846926.5964110673,442999.4133358283,89647.32128042755,62664.8033126188,147679.40271669236,103935.65576550039,414773.3703874355,283166.93776455463
2022-10-22,847132.699007289,442999.4133358283,89853.42387664913,62664.8033126188,147679.40271669236,103935.65576550039,418668.89289240807,283694.5131253805
2022-10-23,847301.2669604726,442999.4133358283,90021.9918298327,62664.8033126188,147679.40271669236,103935.65576550039,427907.6109967502,288994.0651738312
2022-10-24,846579.3713758725,442999.4133358283,89300.09624523282,62664.8033126188,147679.40271669236,103935.65576550039,418791.8905462517,285723.5825594932
2022-10-25,846942.5413848625,442999.4133358283,89663.26625422272,62664.8033126188,147679.40271669236,103935.65576550039,437513.0629843368,296804.88632458675
2022-10-26,847312.4116577236,442999.4133358283,90033.13652708377,62664.8033126188,147679.40271669236,103935.65576550039,449970.0258528183,306768.12494613783
2022-10-27,846069.5647007176,442999.4133358283,88790.28957007772,62664.8033126188,147679.40271669236,103935.65576550039,442890.469805233,299610.7656931781
2022-10-28,846556.3743717875,442999.4133358283,89277.09924114772,62664.8033126188,147679.40271669236,103935.65576550039,454063.28226045537,304182.1431649256
2022-10-29,865670.5654227678,445225.0357782844,89116.02621799443,62664.8033126188,164729.04434836982,103935.65576550039,474747.4386100817,307477.578083223
2022-10-30,867161.9833789635,448863.3073773235,89386.7674329369,62232.34993859472,162743.90286460795,103935.65576550039,465998.4508722344,304776.6426242323
2022-10-31,877237.5660921971,453737.2105433561,90035.11082524073,62206.88654673846,167322.70241136153,103935.65576550039,469430.05690007703,302711.42840762105
2022-11-01,883725.3282059154,453028.6377347215,89155.14395824702,62206.88654673846,175399.00420070806,103935.65576550039,468423.14998143655,302556.3491173482
2022-11-02,871972.6091578272,451286.0758268356,87268.85274681365,62206.88654673846,167275.13827193913,103935.65576550039,458650.1800935359,297744.91028889496
2022-11-03,874150.8029675473,455019.48690636945,88073.8704042727,62206.88654673846,164914.90334466632,103935.65576550039,467678.86278278637,298490.53705507267
2022-11-04,897735.5871655192,470447.5112830554,94647.82187132632,62206.88654673846,166497.7116988987,103935.65576550039,500279.51129954937,312333.0945075723
2022-11-05,893673.1817637779,467211.4245311077,95223.58653937253,61925.28176268987,165377.2331651074,103935.65576550039,499691.58313970716,314333.778893019
2022-11-06,878701.5037761062,460908.4737640338,91292.30794537113,61910.0184681989,160655.04783300197,103935.65576550039,478013.553341761,309072.82358757145
2022-11-07,877416.4810917958,458557.7257526972,93600.66970320088,61910.0184681989,159412.41140219834,103935.65576550039,481212.3590176233,304292.3948478539
2022-11-08,838522.3164376899,442595.1879476185,82619.37198137351,61910.0184681989,147462.08227499868,103935.65576550039,419889.700504707,273844.49738595757
2022-11-09,808900.462603763,421623.5615746351,77976.78414342119,61910.0184681989,143454.4426520074,103935.65576550039,355737.19854857406,234550.48893174203
2022-11-10,808729.4166091746,421505.0001543372,77949.03593187625,61910.0184681989,143429.7062892618,103935.65576550039,409734.422865047,259747.0514273474
2022-11-11,803576.9382057842,417414.8206442256,78053.43719146051,61910.0184681989,142263.0061363988,103935.65576550039,399290.92461779393,251587.24418028968
2022-11-12,804737.4071127558,417323.25052622944,77343.7675290853,61910.0184681989,144224.71482374187,103935.65576550039,387561.25118943694,248114.83540674232
2022-11-13,801697.3709386213,417323.25052622944,76301.99517817654,61910.0184681989,142226.45100051604,103935.65576550039,378756.2038592026,241530.31182086546
2022-11-14,802024.097249813,417323.25052622944,76025.38078459923,61910.0184681989,142829.79170528508,103935.65576550039,385883.4915677921,245441.76575772246
2022-11-15,803114.9986589492,417323.25052622944,76440.42134693904,61910.0184681989,143505.6525520814,103935.65576550039,390351.1125607142,249376.55658926515
2022-11-16,802106.688997013,417323.25052622944,76300.68075931047,61910.0184681989,142637.0834777738,103935.65576550039,383432.94432305836,246198.55615584512
2022-11-17,803011.8576062573,417323.25052622944,77711.95994341827,61910.0184681989,142130.97290291038,103935.65576550039,384271.0711348949,246465.56023150828
2022-11-18,802998.242617864,417323.25052622944,77756.03313469772,61910.0184681989,142073.28472323762,103935.65576550039,385668.2369889267,246617.09139069784
2022-11-19,803221.8125854793,417323.25052622944,78085.79559293501,61910.0184681989,141967.09223261563,103935.65576550039,388864.75292223075,246820.4598796159
2022-11-20,796117.3152862722,417323.25052622944,77574.96344722445,61910.0184681989,135373.427079119,103935.65576550039,371937.2380387758,240621.49987145228
2022-11-21,795862.2552583925,417323.25052622944,77396.84746845366,61910.0184681989,135296.4830300102,103935.65576550039,366987.5838557965,233169.60246869148
2022-11-22,798424.2380165372,417323.25052622944,79958.83022659823,61910.0184681989,135296.4830300102,103935.65576550039,383994.67838378274,239114.09224635994
2022-11-23,800621.3166190719,417323.25052622944,82155.90882913303,61910.0184681989,135296.4830300102,103935.65576550039,405337.3711797587,245331.1102224757
2022-11-24,801159.7293435097,419113.7309796026,82357.54050205582,61910.0184681989,133842.78362815187,103935.65576550039,407555.50630314543,245238.91650749953
2022-11-25,797935.0960586849,419232.7590925788,80448.48758471625,61910.0184681989,132408.1751476906,103935.65576550039,405820.75779921666,244018.61903420876
2022-11-26,807114.0811397284,428103.0480099529,80667.05904312921,61910.0184681989,132498.29985294698,103935.65576550039,407757.04904085945,243168.48105734304
2022-11-27,808079.3409278514,424832.16543912736,79221.18637065064,61910.0184681989,138180.31488437406,103935.65576550039,407551.890794689,242878.19778018244
2022-11-28,792962.1439132185,413616.6755961164,78634.10808248128,61910.0184681989,134865.68600092153,103935.65576550039,400186.05654216505,239521.03115035527
2022-11-29,802711.192151081,415060.9493017507,79443.06473413901,61910.0184681989,142361.50388149213,103935.65576550039,409140.57683138817,242883.4478603219
2022-11-30,813315.34412257,419040.712833637,82059.22635882128,61910.0184681989,146369.73069641244,103935.65576550039,423585.5722251056,253570.38983647947
2022-12-01,803972.015731903,412249.24998327106,81213.78797768003,61910.0184681989,144663.30353725262,103935.65576550039,418529.4368232291,250595.3251930648
2022-12-02,806048.4722055618,413349.0579484114,81232.79215391881,61910.0184681989,145620.94786953225,103935.65576550039,423647.55937254213,252390.21797568304
2022-12-03,799630.6697802893,411146.2893791831,78406.00100172227,61910.0184681989,144232.7051656846,103935.65576550039,414756.48372294323,249725.4561457849
2022-12-04,801506.9494324633,410882.5718808747,79796.36484924139,61910.0184681989,144982.3384686479,103935.65576550039,419903.8092327288,253007.96778989295
2022-12-05,800495.1413438213,410882.5718808747,78619.75638516776,61910.0184681989,145147.13884407957,103935.65576550039,419643.15756795375,250708.9519275114
2022-12-06,798419.4224623491,410882.5718808747,78231.90117962948,61910.0184681989,143459.2751681456,103935.65576550039,420898.2686142304,252402.67970436573
2022-12-07,794344.8184853483,410882.5718808747,76237.7280363117,61910.0184681989,141378.8443344626,103935.65576550039,409508.1197618113,248837.67336352376
2022-12-08,797915.8823589059,410882.5718808747,76498.26792845258,61910.0184681989,144689.3683158793,103935.65576550039,418803.67164432287,254529.0487006232
2022-12-09,796465.4799800395,410882.5718808747,75317.94631444142,61910.0184681989,144419.28755102414,103935.65576550039,417585.39684302587,253047.34339093883
2022-12-10,796763.6465080916,410882.5718808747,75292.3904894638,61910.0184681989,144743.00990405382,103935.65576550039,417833.45232930157,252981.94816194917
2022-12-11,795089.2131121495,410882.5718808747,75355.55282766387,61910.0184681989,143005.41416991162,103935.65576550039,412899.01877788245,252619.63493913916
2022-12-12,797172.1057373482,410882.5718808747,75255.48461985627,61910.0184681989,145188.37500291798,103935.65576550039,413068.4298000237,254129.72529748958
2022-12-13,797248.1371270492,410882.5718808747,75531.29294995584,61910.0184681989,144988.59806251933,103935.65576550039,418789.25164080306,262620.40297970903
2022-12-14,795631.7959657344,410882.5718808747,74901.6594233222,61910.0184681989,144001.8904278382,103935.65576550039,413695.5332110456,263127.468412078
2022-12-15,792361.2601489234,410882.5718808747,73885.47914379487,61910.0184681989,141747.53489055447,103935.65576550039,404139.3699280223,256469.61678381395
2022-12-16,783979.0477622573,410882.5718808747,72052.95411640474,61910.0184681989,135197.84753127853,103935.65576550039,366671.36813411315,245874.29159074908
2022-12-17,783958.8563714948,410882.5718808747,71658.73490923572,61910.0184681989,135571.8753476851,103935.65576550039,374222.2643251949,248054.37294535627
2022-12-18,783719.5731675422,410882.5718808747,71550.88987759482,61910.0184681989,135440.4371753735,103935.65576550039,372409.92711396073,247506.20111629108
2022-12-19,782234.6250847613,410882.5718808747,71237.72406023213,61910.0184681989,134268.65490995528,103935.65576550039,358370.4185198971,242805.12935714284
2022-12-20,784039.8730642194,410882.5718808747,71863.7829518248,61910.0184681989,135447.84399782054,103935.65576550039,371174.6622566134,249696.92686414806
2022-12-21,784315.0338159642,410882.5718808747,71773.1626539089,61910.0184681989,135813.6250474814,103935.65576550039,368891.20693634177,248385.8491589956
2022-12-22,783922.2340187427,410882.5718808747,71964.93377305492,61910.0184681989,135229.05413111384,103935.65576550039,370099.3623939798,248574.99627698644
2022-12-23,783308.9657957806,410882.5718808747,71870.44018813525,61910.0184681989,134710.2794930714,103935.65576550039,369441.6075455888,248081.8637496029
2022-12-24,783902.0913111723,410882.5718808747,71870.36457554626,61910.0184681989,135303.4806210521,103935.65576550039,369356.2793546879,248832.19251063088
2022-12-25,786122.9140945654,410882.5718808747,72698.8603887975,61910.0184681989,136695.807591194,103935.65576550039,369552.7536852429,248746.97967144454
2022-12-26,787497.3900687754,410882.5718808747,73099.76081254208,61910.0184681989,137669.38314165932,103935.65576550039,373883.0379707096,249896.3145230703
2022-12-27,785595.6952641356,410882.5718808747,72595.22944181389,61910.0184681989,136272.21970774772,103935.65576550039,369474.83878239035,246903.56691742773
2022-12-28,784575.4950232372,410882.5718808747,72014.44145304066,61910.0184681989,135832.80745562247,103935.65576550039,360056.9242521158,244472.49134692323
2022-12-29,783843.541468676,410882.5718808747,72108.31721303352,61910.0184681989,135006.97814106842,103935.65576550039,360321.75876057404,245798.33850829216
2022-12-30,783778.6592256723,410882.5718808747,72426.2095611208,61910.0184681989,134624.20354997733,103935.65576550039,358446.9057913942,245211.1660839054
2022-12-31,784849.5667189733,410882.5718808747,72958.42729951003,61910.0184681989,135162.89330488935,103935.65576550039,359971.7548241191,244397.5190486682
2023-01-01,785789.4494678876,410882.5718808747,73190.22133906385,61910.0184681989,135870.98201424978,103935.65576550039,363249.9909758248,245543.39230899324
2023-01-02,787869.9473123002,410882.5718808747,74358.07183167475,61910.0184681989,136783.62936605143,103935.65576550039,370257.3717920337,246479.6373694647
2023-01-03,787734.7478949291,410882.5718808747,74591.93007432435,61910.0184681989,136414.57170603072,103935.65576550039,368605.2578583131,246352.42388916278
2023-01-04,791118.3449519638,410882.5718808747,74535.31301744352,61910.0184681989,139854.7858199462,103935.65576550039,383046.21708550176,249060.8594626385
2023-01-05,791102.6100211216,409638.0069810312,74163.78084416185,61910.0184681989,141455.14796222918,103935.65576550039,377680.4755585642,248669.44002630818
2023-01-06,795266.212163364,412656.2612758871,74711.74935390291,61910.0184681989,142052.5272998747,103935.65576550039,385233.56584263174,250371.36023590754
2023-01-07,795749.3894420168,412168.97423603886,74833.12637600112,61910.0184681989,142901.61459627762,103935.65576550039,385135.51408112585,250417.28401383062
2023-01-08,801042.2439206806,415816.13032136374,75249.19731735068,61910.0184681989,144131.24204826678,103935.65576550039,394352.8359692821,252426.91084347092
2023-01-09,819439.1966806009,430349.8467279666,76561.84255186966,61910.0184681989,146681.83316706528,103935.65576550039,405333.4639582459,253983.7615309754
2023-01-10,827911.6810832736,437591.8473367742,76257.89724145102,61910.0184681989,148216.2622713491,103935.65576550039,408320.3367955036,257672.26014147102
2023-01-11,839502.5045532953,442694.2730488839,77314.44065710079,61910.0184681989,153648.11661361135,103935.65576550039,418063.98657078604,264888.66837270244
2023-01-12,850868.698874831,450180.75768737315,80927.30768558943,61910.0184681989,153914.95926816895,103935.65576550039,426991.7570691866,278693.5521732124
2023-01-13,881285.859759919,472706.86636559555,82812.51047353033,63558.21617524479,158272.61098004793,103935.65576550039,441115.0374087466,294053.58471217065
2023-01-14,908544.2710840374,491377.3256158845,84674.77589178931,65377.907238302214,163178.60657256102,103935.65576550039,459149.81069050514,309808.52712535416
2023-01-15,902913.9720463713,488817.4507819149,83434.07541835932,65434.2611794679,161292.52890112883,103935.65576550039,455712.2009000267,308398.0440566823
2023-01-16,900488.3037883646,492608.93623068393,82937.74818142332,64851.92923749811,156154.03437325888,103935.65576550039,448907.7217259196,312663.9649427343
2023-01-17,899423.1367074715,490077.6182077914,83217.86344818224,64480.65411301956,157711.34517297777,103935.65576550039,450395.1938476552,312544.1361905406
2023-01-18,867836.8786603262,473091.4213781658,79012.3211368192,61773.185588520166,150024.29479132078,103935.65576550039,429116.9831191824,305562.0488437746
2023-01-19,883739.485396632,483846.89378510846,80644.99730026456,62467.538652860545,152844.399892898,103935.65576550039,440650.73752008274,311440.46549749037
2023-01-20,931304.36412186,517921.3503416388,84647.02170215697,65499.48887558244,159300.84743698136,103935.65576550039,468322.7070287598,334920.3527505771
2023-01-21,931643.9327855674,521795.0590740984,84129.77018949215,64080.48060562073,157702.96715085566,103935.65576550039,465583.98787620175,336413.13515242387
2023-01-22,941058.8381431306,525289.1236727188,85057.26148063625,64700.330173407165,162076.46705086794,103935.65576550039,472746.8444582042,335568.1895625092
2023-01-23,946889.2697946009,527649.7472348468,86615.07384326473,65381.696212609706,163375.34752088596,103867.40498299371,479334.9988332101,338729.0839655848
2023-01-24,917048.0558688375,514427.15591212147,82784.24150073742,61884.63156620278,156197.18988445058,101754.83700532536,457817.0453467453,334328.3340983693
2023-01-25,936420.4364540584,527634.2018072925,85168.48887734045,63558.7057637853,158330.370701158,101728.66930448216,473008.5830211533,341438.2118573207
2023-01-26,939939.3533765718,530165.3353159404,87062.61276052447,63663.732005601014,157395.7046233161,101651.96867118972,474232.85426972195,340181.59652196645
2023-01-27,949875.8607223546,535742.883850503,88655.77504176108,64215.91224205736,160641.54565367976,100619.7439343533,479645.69830839016,340860.2703430692
2023-01-28,942253.224094865,529566.8441683284,86952.49072594354,63467.01599537387,163569.87458384232,98696.99862137681,475795.75546420994,340156.6730646011
2023-01-29,968293.5812614253,546822.606282283,88996.74549359926,64640.92246270996,165814.84449217434,102018.46253065875,492513.65997918136,351137.4176024084
2023-01-30,922388.705936241,520857.45022318757,84387.59147274525,62175.67401507399,159255.32197269646,95712.66825253767,471544.2214353033,337336.4280921118
2023-01-31,943679.8720182768,532539.4214466996,85027.8070359695,62782.95194963057,166099.20689786566,97230.48468811161,481702.5704189721,341754.6301488018
2023-02-01,958490.3093964587,540717.9110413234,86890.70507134324,63800.70925102259,164348.54114037333,102732.44289239608,495127.784524471,350387.1753811629
2023-02-02,948158.6138326233,539003.0349382254,86306.49422079542,63589.476937700216,160054.93537723267,99204.67235866966,491207.143947791,346666.77243751223
2023-02-03,964859.4862193008,548457.4796885806,87618.07437888854,64680.607679697394,162025.76719063733,102077.55728149686,499606.73014902766,346333.7385077876
2023-02-04,961106.5124379938,544266.315355991,87376.14597939934,65416.54232031532,163938.91455053663,100108.59423175153,498524.19578900957,344598.7024080779
2023-02-05,944259.1903146057,538071.7361492409,85044.43132655547,64226.31273771433,160574.03761491226,96342.67248618274,485970.9132401577,339042.70413743117
2023-02-06,928944.967724451,530393.6769750862,83689.08651021685,62998.050933945684,157415.42469993175,94448.7286052705,478399.03683281364,336154.4388958824
2023-02-07,957898.928035133,544999.0938906919,86282.45970614746,65107.13730087769,162118.94598351096,99391.29115390514,499639.9119950735,343600.9275622359
2023-02-08,943898.83123053,537386.1886373578,84877.02316751012,63712.79912291642,160284.46961773155,97638.35068501421,491487.6927954568,338802.4408545662
2023-02-09,888148.4249327917,502193.8845792847,83099.28592794231,60313.38266302218,150903.85678625977,91638.0149762827,460252.61433972965,322255.3421188042
2023-02-10,887113.9427135603,500567.2801989601,82300.37139325646,60524.52747584759,151903.48617563385,91818.27746986231,461355.0851639381,319776.20812240784
2023-02-11,899296.3309842987,507821.0174896454,82865.34931013141,61089.16977451082,153655.19257123748,93865.60183877368,470629.64788926457,323020.93072814954
2023-02-12,894881.0309063448,507490.89196587,81408.78692247727,60616.49906216211,151766.27766625263,93598.5752895828,464409.045553386,321799.9120900045
2023-02-13,876847.7129348435,492559.7837206695,80887.81492846637,60637.38220606837,150982.52206929895,91780.21001034015,459121.33221445035,322093.8011914367
2023-02-14,897905.8508037545,507194.9821893195,82091.39286016936,61419.2936790919,154722.4210888412,92477.76098633264,472166.9800771151,328189.20192652004
2023-02-15,942362.3493994264,535118.6381469177,86064.966650202,63835.149448022705,161978.22730454194,95365.36784974198,503361.97435382806,359013.6051355594
2023-02-16,905928.6352560334,510476.0061110657,83047.72184712465,61259.59647240835,157897.5379789334,93247.77284650116,482650.4073567548,348905.8739237969
2023-02-17,937298.3811213534,521694.0391561028,86815.47295346273,63302.9479893365,160001.87912558613,105484.04189686527,515072.6397559819,362820.5767083226
2023-02-18,941896.9762634255,522977.32024833566,88608.86777946922,63354.28261114683,161824.51989718922,105131.98572728466,519725.9867308437,363938.26684614085
2023-02-19,942542.7623671802,517153.0777931389,88423.63240709435,63314.44977997505,163628.19341486812,110023.40897210372,521493.37189509504,359306.051907283
2023-02-20,987042.5636551607,520873.78604474367,90658.46584225474,64511.81734292436,199272.07070528984,111726.42371994811,543584.1448629254,366713.0207396198
2023-02-21,967074.2717632202,512377.52637007943,88320.23653347057,62590.89420635981,193854.63833019976,109930.97632311078,529514.9527707737,360911.65333893953
2023-02-22,964472.1114463586,511056.97675727104,88021.30794570748,62280.65232836331,194466.38773951045,108646.78667550636,527834.5179532075,357256.068692395
2023-02-23,956292.9622418196,505926.2021180907,88761.67726906895,62069.35507070709,191350.74501439583,108184.98276955711,520062.03719616326,353691.43735727726
2023-02-24,931245.1171025435,495587.2227789447,84330.6101003316,60643.59093093794,186995.5418008375,103688.15149149178,497835.82796960184,342623.7203380391
2023-02-25,928279.2936309627,493652.32159905945,84008.45254008788,60551.858148408835,186716.008271926,103350.65307148057,494751.7907399207,342287.68636252044
2023-02-26,937435.8778821601,498865.9148335161,85101.94068646997,61415.69410910649,188261.15259439847,103791.17565866912,507256.6225232027,347986.3021947574
2023-02-27,932059.4797964576,494971.9200253238,83811.732231891,61297.89037129475,188289.53731708488,103688.39985086332,505104.2420749529,347420.0147045517
2023-02-28,918537.6865238014,488671.926561011,82808.11013011199,60727.75091430312,183624.12054361962,102705.77837475562,494878.4944142693,341873.8242759238
2023-03-01,929756.8730651077,492098.96540371,84810.4667337451,61413.210228212556,186737.23788013987,104696.99281930033,511187.8091993156,349246.6964339483
2023-03-02,921716.3694387944,488912.64607334527,82991.79529172002,61432.494606969536,184679.2742576433,103700.1592091163,502683.3374482601,346719.8790173844
2023-03-03,903488.113247336,476844.91032930335,80531.11589118747,62583.012763955376,181544.60231485934,101984.47194803048,483909.644468449,330284.6185272303
2023-03-04,896347.6553042537,474066.09309881175,79875.28844285182,60070.01505481828,181962.15154684708,100374.10716092483,475798.4237240196,330146.81834686693
2023-03-05,897188.0850828894,473803.84618096444,80186.02401811813,60152.831998120004,181636.4305719207,101408.95231376625,476294.8494698121,331360.33687052707
2023-03-06,891887.1242856614,471444.0396242349,79292.52661509758,59966.021540693975,179969.13355732165,101215.4029483134,474049.67793458875,331275.3259574999
2023-03-07,887421.8090225288,469364.8967708958,78999.02121574515,59182.238045282924,179268.1383356062,100607.51465499874,469139.93531976326,328173.9132316086
2023-03-08,875383.6496863556,465426.695422239,76987.87875706257,57950.60204810831,175314.67194444832,99703.80151449726,452412.11937692575,320764.2328194196
2023-03-09,856525.0214042105,453942.5637551012,76168.60134129398,55364.37616096732,172668.45473242612,98381.0254144219,427343.69895135507,300750.7542482923
2023-03-10,852864.854747785,453150.2278407762,76151.30003096645,55195.91705215109,171172.39818951947,97195.01163437188,421027.12677788327,298154.61846593115
2023-03-11,849554.5655571902,453064.3393257141,76151.30003096645,54665.02733822028,170548.1306204433,95125.76824184606,418702.8128376749,304729.4784427601
2023-03-12,866738.3842961541,464026.4025232045,76151.30003096645,54651.884976165675,172288.31333163558,99620.48343418185,450625.84689777356,327349.4775701507
2023-03-13,894163.3693948959,481747.652886158,77079.76018758611,55352.46770648368,175873.14702197854,104110.34159268967,471920.6107514554,357384.4071898697
2023-03-14,904454.836083768,484585.8101417445,78329.61615968577,55277.517495629014,179419.1087200399,106842.78356666902,482377.02067624946,365486.05970307515
2023-03-15,877090.0690897922,481465.8276852859,75637.5086231664,53472.073089668724,168874.83283423333,97639.8268574378,451956.3181805745,360019.68780052324
2023-03-16,896510.0909722039,497635.09995358565,76027.79994823971,53422.64957483347,170715.10577765206,98709.435717893,463398.8441137977,370016.07115877885
2023-03-17,927282.4379859199,516385.41125808033,77546.35203179053,53422.64957483347,178088.38460123225,101839.6405199832,496770.79526341055,405036.52880278375
2023-03-18,908427.4971347783,508057.7903159676,75962.93329982243,51702.026465871975,172591.4094619623,100113.33759115406,480762.4610685,398271.36784419697
2023-03-19,928546.9738051741,517857.91053257795,77066.56974896757,51654.6143303055,180511.98584169862,101455.89335162446,497723.92979956616,414115.99431866355
2023-03-20,912547.1726721578,513189.4401921415,76247.82022925632,49762.32240598216,173746.9974689644,99600.59237581328,478670.1678753418,410106.9812003143
2023-03-21,921917.6627042216,517251.57051339856,77847.69491959244,50267.1106991082,176211.38702746364,100339.89954465872,507192.347869767,416141.4867750989
2023-03-22,898695.7383280083,502128.57964525506,76001.0150099078,48225.96998753716,172938.13503083267,99402.03865447555,484920.967453738,403316.0025399429
2023-03-23,920201.5982103832,512821.394995998,78460.97218297675,49522.63187443135,179097.42965753027,100299.1694994468,510615.9243096549,418477.36858483317
2023-03-24,904175.6535203331,501931.9899414163,76996.47180535946,48977.96918332382,177212.30690067593,99056.91568955754,495969.04904773796,406060.87136185874
2023-03-25,900235.3940916181,501976.65415592486,76211.95390177658,48305.76609230237,175268.71914387814,98472.30079773611,491024.368853295,406081.8716824165
2023-03-26,910754.5881302439,508738.472636382,77113.91886651816,48696.8081142225,176690.2457887067,99515.14272441456,499580.7682168766,413461.0323979707
2023-03-27,886816.4546008594,491482.72082083183,75047.3757629783,47884.25187557763,174009.5359372257,98392.57020424593,486132.8140772672,400841.3974588315
2023-03-28,890572.4185500395,493202.3237565231,75281.1742376785,48549.411273878366,174451.4559731744,99088.05330878503,497356.7258089144,402735.4648322157
2023-03-29,908049.2687626444,504954.9471689884,76963.4874096648,49269.35313207518,177185.94685244397,99675.53419947204,511988.1027446024,418691.0641544649
2023-03-30,898387.9389583574,500295.1868725387,76158.63322075151,49420.67597819417,173458.69647281093,99054.74641406207,507188.41040521674,414040.47393511905
2023-03-31,916103.8879944987,515173.32897926524,77381.88795021489,50369.02227070946,173685.96435768533,99493.68443662381,519036.1998108381,420611.72808767634
2023-04-01,906190.1766658572,506441.0574716202,77576.84421283045,49777.35699676751,172762.80225816256,99632.11572647655,518872.48736671056,419615.5398045139
2023-04-02,896935.5449268799,503173.2677296704,76872.82119949,48975.750828961645,168915.32941686874,98998.37575188922,511519.29500122275,416488.45360980876
2023-04-03,896614.0648211036,504131.4388787965,76808.59111638887,49226.198454994585,167375.32819011275,99072.50818081082,515911.2655891934,410446.4479205392
2023-04-04,900499.6171368022,507570.4308041335,77196.9729282005,49540.78803122934,166951.00757914397,99240.41779409486,520566.0906818889,416027.3696485511
2023-04-05,901100.6974827286,509179.384958649,77020.06497555847,49684.39287649388,165764.1483575705,99452.70631445681,521637.38658668875,416173.50649463036
2023-04-06,890017.0903175918,502598.19274427195,76305.49367027715,49085.31676384137,162856.91180643401,99171.17533276735,515517.3635141621,414196.7070891586
2023-04-07,888271.2361673109,502012.0013749127,76504.13287083317,48981.993578245994,160844.48519137557,99928.62315194345,514774.53965521505,412449.7573460555
2023-04-08,887959.6330786509,503099.8117419147,75936.34009205703,48498.21096580704,160571.43230740298,99853.83797146917,512430.96056091203,412773.73344521
2023-04-09,892509.7621320825,506436.11586249806,76289.07615838022,48700.56898225067,161326.39258779626,99757.60854115721,517137.0201228867,418463.75299238344
2023-04-10,902540.5661362838,513282.02029717545,77250.8236987494,49101.68671851215,161470.02874462956,101436.00667721737,528786.8026746021,437958.3967207191
2023-04-11,908005.4504181773,518169.17350810627,77230.84954148057,49378.461718352795,162037.7594977575,101189.20615248021,530311.2390709136,446555.3741024652
2023-04-12,907917.3597938908,519377.4643607353,76700.53238773347,49445.2653974081,161834.0029079894,100560.09474002453,526209.9210275632,445137.4197659026
2023-04-13,926104.9911940673,534574.9106973229,77705.74263060212,50411.87441310624,162355.2291436332,101057.23430940293,538659.6105212412,448977.6803083412
2023-04-14,940426.8986459774,545670.6858291542,79084.50570030723,50313.343663702624,163717.7248605861,101640.63859222722,549183.1450508577,450257.19983946864
2023-04-15,955618.7562029312,559345.8368111426,80103.36496784224,49926.88679312394,163572.14497188941,102670.522658933,551482.73247774,447787.700605526
2023-04-16,966680.847262162,568147.0872089533,81260.23443582392,50013.35609148499,164740.11004207257,102520.05948382718,558467.6477531011,447741.31528209615
2023-04-17,943753.053747602,550975.1341534287,81025.40965034824,49303.17694823602,162002.16776174927,100447.16523383973,545283.0269293705,434887.3017653033
2023-04-18,955175.7891477885,558035.6988562034,83301.19937479086,49642.90897488793,163239.71676870217,100956.26517320427,557161.0271387241,448955.3241978573
2023-04-19,904432.1810746556,526130.3655471731,77169.25377250556,48065.39564747555,158568.4115184248,94498.75458907666,514449.6758856847,425695.3056855555
2023-04-20,891511.6534079099,515005.3264229834,75834.90382082222,47745.59689741438,158491.86287391462,94433.96339277526,505256.5359773964,417177.88721053785
2023-04-21,884967.8164691452,510726.0104719339,73930.81361751888,47385.16611300241,158491.86287391462,94433.96339277526,485917.89338656125,402865.1302730221
2023-04-22,897006.1161943027,521960.7972241108,74498.36939109798,47621.12331240392,158491.86287391462,94433.96339277526,499279.60661803914,410849.3483013502
2023-04-23,892813.349281781,518248.10820801574,74000.55334375931,47638.86146331599,158491.86287391462,94433.96339277526,493854.6349491755,407509.7492473743
2023-04-24,890961.1881421552,516740.9417880447,73887.07451934571,47407.34556807482,158491.86287391462,94433.96339277526,490928.18606747495,406534.30166542204
2023-04-25,900009.040271171,525497.4486479964,74102.35597838025,47483.40937810444,158491.86287391462,94433.96339277526,499539.2597584123,418087.82417712384
2023-04-26,895911.3156000673,522868.59510703984,72913.05820051613,47203.83602582144,158491.86287391462,94433.96339277526,490851.8448675466,419787.8405115079
2023-04-27,899468.4296965575,526298.3437937766,72978.71337374276,47265.54626234821,158491.86287391462,94433.96339277526,498285.8775192758,435311.80824515
2023-04-28,892651.364148089,519608.2944830745,72636.0286029709,47481.21479535359,158491.86287391462,94433.96339277526,498185.3409696043,433339.71083452844
2023-04-29,890883.8875361648,517180.9175346307,72911.87263076253,47865.271104081694,158491.86287391462,94433.96339277526,502472.36026519415,431984.2670675382
2023-04-30,894021.8753540283,521058.60139004723,72440.96423177345,47596.48346551759,158491.86287391462,94433.96339277526,496485.1553527704,432284.35818671755
2023-05-01,883962.1203049249,510961.6515328242,72410.00912286794,47664.63338254292,158491.86287391462,94433.96339277526,486076.49664456456,414897.1889354562
2023-05-02,881615.3447380841,508451.77158812294,72410.00912286794,47827.73776040325,158491.86287391462,94433.96339277526,489774.32604271476,423595.9371014438
2023-05-03,884980.8716309995,511823.69510897977,72410.00912286794,47821.341132461945,158491.86287391462,94433.96339277526,494200.528469218,428407.4047764912
2023-05-04,881289.7282278945,508094.45300372614,72410.00912286794,47859.43983461053,158491.86287391462,94433.96339277526,488387.244014636,426065.0036364739
2023-05-05,886069.5246533366,512418.09539234097,72410.00912286794,48315.593871437806,158491.86287391462,94433.96339277526,498058.58537581755,436206.8026759545
2023-05-06,877951.7945063272,504654.98934081104,72410.00912286794,47960.969775958314,158491.86287391462,94433.96339277526,481863.0303132576,426905.56454407435
2023-05-07,875913.5906464393,502858.3693178996,72410.00912286794,47719.38593898185,158491.86287391462,94433.96339277526,477685.15594640234,420264.55932680715
2023-05-08,867536.8009101432,494691.2447603427,72410.00912286794,47509.7207602427,158491.86287391462,94433.96339277526,455763.28998067376,409029.35898180184
2023-05-09,867131.6573471518,494139.01915450796,72410.00912286794,47656.80280308598,158491.86287391462,94433.96339277526,460586.74371748697,408505.0721327117
2023-05-10,866703.6880759154,493635.68458232254,72410.00912286794,47732.168104035045,158491.86287391462,94433.96339277526,462585.6788060492,407958.313786761
2023-05-11,861091.9974856933,488419.0430156124,72410.00912286794,47337.119080523,158491.86287391462,94433.96339277526,450476.21924472507,398786.97186844086
2023-05-12,861172.0225244304,488182.91023968643,72410.00912286794,47653.27689518611,158491.86287391462,94433.96339277526,454301.431597729,395895.1296492147
2023-05-13,860521.7915208898,487467.5255615004,72410.00912286794,47718.43056983162,158491.86287391462,94433.96339277526,451126.0616764545,395586.2691654068
2023-05-14,861337.5185928838,488278.4787802063,72410.00912286794,47723.20442311965,158491.86287391462,94433.96339277526,454902.37547111645,397750.8887455374
2023-05-15,863500.4522785216,490246.55289167236,72410.00912286794,47918.06399729133,158491.86287391462,94433.96339277526,458524.1455356263,401621.2939788865
2023-05-16,863258.5424026928,489930.8021281386,72410.00912286794,47991.90488499641,158491.86287391462,94433.96339277526,461305.8445490426,399316.62418404705
2023-05-17,865464.9343105771,491279.14724591974,73152.4953872284,48107.46541073907,158491.86287391462,94433.96339277526,469049.19196499686,404665.4173687507
2023-05-18,860035.0210129201,487648.9843479724,71535.96656749409,47924.24383076363,158491.86287391462,94433.96339277526,462636.6088576617,396297.13578560634
2023-05-19,861422.8289237743,488441.56051173614,72038.91748322942,48016.52466211877,158491.86287391462,94433.96339277526,464112.34205653035,397152.58153579984
2023-05-20,863456.9676110726,489854.50633220177,72196.52272587243,48480.11228630846,158491.86287391462,94433.96339277526,465188.7738765368,400689.23167456995
2023-05-21,861508.8285741082,487337.5300364399,72172.22831340128,49073.243957577084,158491.86287391462,94433.96339277526,458562.0042935038,395139.4642682646
2023-05-22,862995.6257236266,488420.8852964891,71824.92296586998,49823.99119457754,158491.86287391462,94433.96339277526,463906.7839211857,396578.76508451503
2023-05-23,866757.2410951703,491926.55941684416,72001.87904995057,49902.97636168551,158491.86287391462,94433.96339277526,467857.3536428779,402109.1764261305
2023-05-24,858154.9528590348,485193.2623733503,70540.0940760145,49495.770142980014,158491.86287391462,94433.96339277526,456136.357006809,388950.9467271916
2023-05-25,858270.7977461285,485355.0062849723,70516.25421987315,49473.71097459323,158491.86287391462,94433.96339277526,454529.85063925164,391039.1805259527
2023-05-26,859092.994133138,486510.368959293,70516.25421987315,49140.544687281974,158491.86287391462,94433.96339277526,459910.65696158266,394629.39879010175
2023-05-27,860138.9387211857,487136.17368805717,70516.25421987315,49560.68454656538,158491.86287391462,94433.96339277526,466123.8494321904,396830.9708573677
2023-05-28,870859.0142067039,496616.1933642055,71107.61311329382,49625.44995108272,159075.79438534655,94433.96339277526,479338.7864797177,414809.72606192424
2023-05-29,866110.9336872648,493032.77033671376,71603.84863911121,49298.94854257578,157741.4027760888,94433.96339277526,475922.25532125623,409791.63023281726
2023-05-30,866768.8581087717,492325.3063537345,73693.65526115245,49357.64088165899,156958.29221945046,94433.96339277526,479256.1130797249,409148.63964870624
2023-05-31,860404.7011338065,488624.775532386,72849.37248467299,49078.69411354833,155417.89561042393,94433.96339277526,470109.47502448264,402019.55005803576
2023-06-01,854642.495933482,482863.4226517109,73048.66081734805,48965.83879343149,155330.61027821616,94433.96339277526,466077.92835438205,396116.41187311395
2023-06-02,859624.1955811832,484537.15029817465,74710.32901820194,50612.14259381516,155330.61027821616,94433.96339277526,477880.86956126825,402461.6241137335
2023-06-03,857004.6485332417,482462.94164963305,74411.34384255519,50365.789370061975,155330.61027821616,94433.96339277526,477354.56026087364,399884.93093584484
2023-06-04,857178.6731232574,483298.41959739843,75141.39421753425,50273.45504575675,154031.44086979263,94433.96339277526,476033.83144958806,400533.8639183555
2023-06-05,837005.0713905394,467693.92157191905,71407.83151430289,49520.866277181616,153948.48863436046,94433.96339277526,444501.69430857647,380462.63446569437
2023-06-06,840794.0326569526,470285.5460545898,72633.34362788088,49492.690947346135,153948.48863436046,94433.96339277526,459876.7976928504,402302.0159081755
2023-06-07,832578.968540125,463625.08696056803,71385.78424414975,49185.64530827137,153948.48863436046,94433.96339277526,440629.3354313393,389116.06463223655
2023-06-08,833537.5263766812,464199.6084731823,71608.23784891257,49347.22802745052,153948.48863436046,94433.96339277526,443241.28587643063,391511.94735785027
2023-06-09,833032.6050155358,463874.91714142606,72640.07672738301,48135.159119590986,153948.48863436046,94433.96339277526,440114.16098024393,391100.7391579174
2023-06-10,822472.4098459395,458676.66665166983,67609.57517465012,47803.71599248376,153948.48863436046,94433.96339277526,394757.6127478347,381808.76078276674
2023-06-11,823101.6114302895,458557.65094347077,68268.15117103736,47893.35728864552,153948.48863436046,94433.96339277526,394470.11413222685,383122.1750620472
2023-06-12,822592.2371197904,457678.74250335386,68512.58329890347,48018.45929039732,153948.48863436046,94433.96339277526,395499.9997151895,382565.8396468311
2023-06-13,822334.1584939277,457595.6877622786,68201.57139653423,48154.44730797912,153948.48863436046,94433.96339277526,398867.52145086305,382805.5259978126
2023-06-14,812718.7980219256,450192.3735020222,66146.61097759464,47997.3615151731,153948.48863436046,94433.96339277526,384645.29809728696,371077.7989039014
2023-06-15,812481.6945087552,449969.0337490782,66136.71154987287,47993.49718266836,153948.48863436046,94433.96339277526,389021.1975598254,377749.4392041801
2023-06-16,812264.5671598542,449969.0337490782,66001.37017698612,47911.71120665412,153948.48863436046,94433.96339277526,393095.9571922433,388842.310453537
2023-06-17,812567.7365134613,449969.0337490782,66120.45279440025,48095.7979428471,153948.48863436046,94433.96339277526,396582.43463590194,391548.26521991385
2023-06-18,812537.2034415802,449969.0337490782,66349.75403298125,47835.963632385006,153948.48863436046,94433.96339277526,393892.2557354353,388971.54319543106
2023-06-19,812682.4709088858,449969.0337490782,66521.41651225503,47809.568620416765,153948.48863436046,94433.96339277526,396388.3617055645,396575.1015670552
2023-06-20,812768.6349357774,449969.0337490782,66505.74674696982,47911.402412593554,153948.48863436046,94433.96339277526,407416.3601857636,418381.59789217944
2023-06-21,823182.159498406,459863.95427860075,66736.98219888573,48198.77099378376,153948.48863436046,94433.96339277526,430445.46375085425,443486.846493931
2023-06-22,819363.0637650618,456690.50424098433,66160.03537176891,48130.072125172774,153948.48863436046,94433.96339277526,427151.4674374559,441788.1282562848
2023-06-23,839430.1369891409,465568.6652832434,74882.75993375252,48312.24581941719,156232.50255995255,94433.96339277526,454862.7515721777,453355.38174681284
2023-06-24,842299.1522372137,462639.36706052104,79566.11070031389,48187.7808497305,157471.93023387293,94433.96339277526,457351.3045176254,451187.6178879174
2023-06-25,844425.4704609632,464361.1364308437,76771.5322340669,47447.61198622218,161411.22641705515,94433.96339277526,458266.8921784501,450176.89092129184
2023-06-26,842041.9423694421,458534.66132990195,80095.18632250844,47501.11688902804,161477.01443522843,94433.96339277526,456988.0576774631,447088.14185024233
2023-06-27,851773.1199825795,464681.30632178177,81085.8588055786,47583.094548888104,163988.89691355568,94433.96339277526,465434.65733781364,453247.49548460677
2023-06-28,836862.9632338887,453793.35495973635,79222.05625450608,47236.957421818195,162176.6312050528,94433.96339277526,444846.0092624268,444357.4943992536
2023-06-29,844982.315331784,458769.2461371582,82469.33806769458,47617.5350142241,161692.23271993172,94433.96339277526,455130.9918687365,449661.2868970478
2023-06-30,861810.8738995434,465678.5444857091,88416.6146973923,49108.57996825302,164173.1713554137,94433.96339277526,492728.35360492923,450132.43831967167
2023-07-01,862093.6101224775,465956.6838332009,87520.16236554892,48640.68627167819,165542.1142592742,94433.96339277526,496893.25592153217,451798.8195252501
2023-07-02,863227.523144231,467326.97666353773,88476.74352071568,48192.81317645214,165914.28325315542,93316.70653036996,496860.4385595914,452252.1149060811
2023-07-03,866948.2984587676,473747.59925771866,87675.39193770573,47729.5701834265,164508.77816415258,93286.95891576425,499534.25052980933,460163.668363688
2023-07-04,858043.0347451654,468700.7563702765,85625.00471722585,47087.283101255314,163343.03164064354,93286.95891576425,490612.9427087853,454568.1502590246
2023-07-05,851221.3162032318,464247.41599715786,84936.16249198948,46724.90138992309,162025.87740839712,93286.95891576425,482312.4400421924,450677.63894953707
2023-07-06,839531.313298327,454215.4697646087,84859.4754225647,45819.82785805195,161349.58133733738,93286.95891576425,468745.6492157196,441744.65643886646
2023-07-07,844898.2315988763,459174.68182131334,85149.92679947052,46114.75576566209,161171.9082966661,93286.95891576425,474231.13643636106,448138.7636566089
2023-07-08,844561.279602027,458368.8598165446,84629.88116618883,46086.58557093171,162188.99413259767,93286.95891576425,473760.97837952623,447404.3582155643
2023-07-09,841335.240894229,457198.5353222993,83884.99568406904,45547.380758355575,161417.37021374085,93286.95891576425,468890.9203977078,445612.72509808757
2023-07-10,844094.9435363053,460456.122220838,84516.75853599617,45612.55887326836,160222.5449904386,93286.95891576425,473558.0984820634,449205.19339658204
2023-07-11,846289.3794254166,461733.7075141241,84630.67637555557,45536.3522952168,161101.6843247559,93286.95891576425,474735.41957589186,452254.79763933906
2023-07-12,843977.2523323903,459610.6560295418,85360.55920658013,45526.96405541888,160192.11412508524,93286.95891576425,472557.4458650959,448868.092097079
2023-07-13,867251.7143137002,477549.67641001556,88537.63396232978,46874.066994781635,161003.37803080902,93286.95891576425,541072.5011198826,464884.1250341203
2023-07-14,829960.9183040175,447489.82898267754,86505.4161901793,45854.705069089105,156824.00914630742,93286.95891576425,513982.8146050813,448017.6945008657
2023-07-15,832159.2500667777,445760.07367747393,85110.86037968959,46063.6414131276,161937.71568072226,93286.95891576425,512888.22251370724,447452.5897210212
2023-07-16,820331.1100376871,439266.19655825454,82908.76976436109,45638.05571179482,159231.1290875125,93286.95891576425,505755.7874169745,446763.24266007444
2023-07-17,822595.2814704442,437446.49865504395,85459.91460008455,45841.748856491286,160560.16044306025,93286.95891576425,509597.96708261943,445238.3828455075
2023-07-18,815148.7660877431,433397.56188860006,84088.10400168353,45596.03755903815,158780.1037226571,93286.95891576425,504677.45470037137,440965.192617724
2023-07-19,824190.4742652792,441698.84131605347,84053.54042992988,45673.89135939842,159477.2422441332,93286.95891576425,513503.13616787246,441812.3882419842
2023-07-20,832210.9687338822,440856.9454573779,92579.78707596878,45657.42662997768,159829.85065479367,93286.95891576425,521535.24810414773,440011.8703735023
2023-07-21,832316.8887699231,441476.83871304186,90524.65933416158,45173.81264063963,161854.61916631588,93286.95891576425,522281.6249795927,441735.887074238
2023-07-22,823532.34303838,439160.3761308361,87689.22883342594,44956.10744946759,158439.67170888616,93286.95891576425,515213.2810344826,439713.3369704083
2023-07-23,827233.8954297134,440551.3700109023,87970.43212853513,44919.91615276176,160505.21822175005,93286.95891576425,522088.8285714714,444332.28247594665
2023-07-24,818733.9305200474,433649.0152190053,85438.1197945351,44124.17930274734,162419.6592181595,93102.95698560015,504945.87877333286,430927.1836240772
2023-07-25,828091.3045046153,433717.16278690734,84869.17172724867,44104.751223636726,172313.48036078468,93086.73840603794,506019.3462578386,431672.6661572841
2023-07-26,825396.7106855345,434259.2159658336,86448.33414905975,44104.751223636726,167497.67094096658,93086.73840603794,510687.8017648443,433556.98338183784
2023-07-27,824120.357392209,432866.5577006256,87359.0868169302,44104.751223636726,166703.2232449786,93086.73840603794,512944.3962563028,431425.99893051264
2023-07-28,824686.8150696082,434116.52781580394,86530.77504704022,44104.751223636726,166848.02257708934,93086.73840603794,515605.9557639296,433029.3214812295
2023-07-29,828665.937422104,434626.4364311722,86741.8507705809,44104.751223636726,170106.16059067627,93086.73840603794,518209.52368502214,433585.7145896339
2023-07-30,822002.4141861061,433193.4655086035,85275.10276672825,44104.751223636726,166342.35628109972,93086.73840603794,513770.66550431564,432380.38849871885
2023-07-31,821346.4192634783,432696.43648259575,85039.1535373993,44104.751223636726,166419.33961380858,93086.73840603794,507849.9398677365,431712.8494629667
2023-08-01,824508.5014034164,435397.45072538214,85607.86808234929,44104.751223636726,166311.6929660103,93086.73840603794,512095.0772169844,438294.43069623795
2023-08-02,814208.5024847667,431291.0115232843,83861.59293610681,44104.751223636726,161864.40839570097,93086.73840603794,496540.3157364346,430558.58184373734
2023-08-03,812279.7844907024,431277.3367323459,82416.7006610273,44104.751223636726,161394.2574676546,93086.73840603794,489014.6003246374,430953.23209861515
2023-08-04,810299.310100099,430845.8593643319,81688.43763237266,44104.751223636726,160573.5234737198,93086.73840603794,485329.59273262566,429408.52582725737
2023-08-05,812518.1593944612,430713.92417396995,81807.81741475617,44104.751223636726,162804.9281760604,93086.73840603794,488402.21608755854,428936.42246702575
2023-08-06,810455.2344303522,430709.4043289737,81236.87250133323,44104.751223636726,161317.4679703706,93086.73840603794,487846.71856492874,428932.4127904357
2023-08-07,810821.924966903,431263.68569971534,81911.52291826974,44104.751223636726,160455.22671924334,93086.73840603794,489156.06749715365,430981.270988151
2023-08-08,815619.8503879176,433668.2731872986,82736.74235130468,44104.751223636726,162023.34521963965,93086.73840603794,496327.0584006696,439620.133624636
2023-08-09,815784.8243676017,432578.8397203039,83656.10683897638,44104.751223636726,162358.3881786468,93086.73840603794,495931.8177715944,436607.19340307254
2023-08-10,814763.2087361695,431825.7493134618,82881.60371149526,44104.751223636726,162864.3660815378,93086.73840603794,491849.2147022252,434659.0675122086
2023-08-11,813789.8756057936,431578.1549362182,82299.94237656865,44104.751223636726,162720.28866333215,93086.73840603794,490737.59886607976,434188.2622487148
2023-08-12,814647.9790121552,431653.0219170499,81961.92763922694,44104.751223636726,163841.53982620378,93086.73840603794,490826.830494432,434457.80482466525
2023-08-13,811683.7852424748,431101.2331907252,81632.4501458022,44104.751223636726,161758.61227627276,93086.73840603794,488413.93703485664,432492.7171364277
2023-08-14,812591.6912654737,431618.38211472356,82080.34800040332,44104.751223636726,161701.47152067223,93086.73840603794,488883.5172780329,434346.7165905059
2023-08-15,805252.9223392073,430617.1711643763,79702.95812117073,44104.751223636726,157741.30342398558,93086.73840603794,471214.20158630307,430830.1725278741
2023-08-16,801466.6687998674,428620.5040430946,77993.57824923442,44104.751223636726,157661.09687786372,93086.73840603794,453235.23502037127,423909.672659667
2023-08-17,789010.9581867952,420280.9513612643,73877.4203179926,44104.751223636726,157661.09687786372,93086.73840603794,414369.7079831345,393820.9152952216
2023-08-18,788843.5546621805,420152.5765745378,73838.3915801043,44104.751223636726,157661.09687786372,93086.73840603794,417689.6285410584,384737.7862618818
2023-08-19,788843.5546621805,420152.5765745378,73838.3915801043,44104.751223636726,157661.09687786372,93086.73840603794,423083.2169497666,385426.75831710425
2023-08-20,788843.5546621805,420152.5765745378,73838.3915801043,44104.751223636726,157661.09687786372,93086.73840603794,428338.9864459897,386805.91398450447
2023-08-21,788443.0522340492,420152.5765745378,73838.3915801043,43704.24879550539,157661.09687786372,93086.73840603794,422968.7485271454,385839.35115355736
2023-08-22,788425.3742113848,420152.5765745378,73838.3915801043,43686.57077284104,157661.09687786372,93086.73840603794,418427.8550896795,384473.4072262883
2023-08-23,788425.3742113848,420152.5765745378,73838.3915801043,43686.57077284104,157661.09687786372,93086.73840603794,428948.40577061684,390380.95894011855
2023-08-24,788425.3742113848,420152.5765745378,73838.3915801043,43686.57077284104,157661.09687786372,93086.73840603794,420968.05560833664,386404.02323448943
2023-08-25,788425.3742113848,420152.5765745378,73838.3915801043,43686.57077284104,157661.09687786372,93086.73840603794,420989.44513415574,384709.8916053167
2023-08-26,788425.3742113848,420152.5765745378,73838.3915801043,43686.57077284104,157661.09687786372,93086.73840603794,419779.5467024804,384130.8539204867
2023-08-27,788425.3742113848,420152.5765745378,73838.3915801043,43686.57077284104,157661.09687786372,93086.73840603794,423884.9058770847,385330.5837721323
2023-08-28,788425.3742113848,420152.5765745378,73838.3915801043,43686.57077284104,157661.09687786372,93086.73840603794,423431.4912222483,385573.645174632
2023-08-29,788425.3742113848,420152.5765745378,73838.3915801043,43686.57077284104,157661.09687786372,93086.73840603794,442919.67874010256,409518.5106791896
2023-08-30,787519.745774373,420152.5765745378,72932.76314309247,43686.57077284104,157661.09687786372,93086.73840603794,433951.5416089562,403165.769477491
2023-08-31,787491.3112456533,420152.5765745378,72904.32861437285,43686.57077284104,157661.09687786372,93086.73840603794,418504.9609933431,382993.7500247902
2023-09-01,787491.3112456533,420152.5765745378,72904.32861437285,43686.57077284104,157661.09687786372,93086.73840603794,413244.3712541865,381062.67247108236
2023-09-02,787491.3112456533,420152.5765745378,72904.32861437285,43686.57077284104,157661.09687786372,93086.73840603794,414375.7677873847,382068.09166438016
2023-09-03,787491.3112456533,420152.5765745378,72904.32861437285,43686.57077284104,157661.09687786372,93086.73840603794,416317.39354882616,383556.37399753596
2023-09-04,787491.3112456533,420152.5765745378,72904.32861437285,43686.57077284104,157661.09687786372,93086.73840603794,417146.1399970751,381235.3481838006
2023-09-05,787491.3112456533,420152.5765745378,72904.32861437285,43686.57077284104,157661.09687786372,93086.73840603794,419129.45698672585,380756.32164096757
2023-09-06,787491.3112456533,420152.5765745378,72904.32861437285,43686.57077284104,157661.09687786372,93086.73840603794,420791.92813521856,380361.2963803656
2023-09-07,787517.2476637978,420152.5765745378,72904.32861437285,43712.50719098544,157661.09687786372,93086.73840603794,424064.45055783325,387553.4157793036
2023-09-08,787538.2930307862,420152.5765745378,72904.32861437285,43733.55255797387,157661.09687786372,93086.73840603794,421715.12473250664,382612.42689642037
2023-09-09,787544.2770131711,420152.5765745378,72904.32861437285,43739.5365403588,157661.09687786372,93086.73840603794,422424.54126640904,382465.07849338587
2023-09-10,787334.3170021836,420152.5765745378,72904.32861437285,43529.57652937133,157661.09687786372,93086.73840603794,414767.30637634895,381527.93918849505
2023-09-11,786382.3611126576,420152.5765745378,72904.32861437285,42577.62063984528,157661.09687786372,93086.73840603794,402583.4452915346,371638.7209275913
2023-09-12,786343.6718536067,420152.5765745378,72904.32861437285,42538.93138079441,157661.09687786372,93086.73840603794,410062.16195919015,381544.4394403619
2023-09-13,786422.4253788334,420152.5765745378,72904.32861437285,42617.68490602109,157661.09687786372,93086.73840603794,415723.5519066311,387378.0861799216
2023-09-14,787040.1430544995,420152.5765745378,72904.32861437285,43235.40258168719,157661.09687786372,93086.73840603794,420913.95549269236,391976.55060359725
2023-09-15,787132.300487121,420152.5765745378,72904.32861437285,43327.560014308605,157661.09687786372,93086.73840603794,429143.96010332095,392995.93154847465
2023-09-16,786555.2160347727,420152.5765745378,72463.39738008482,43191.406796248375,157661.09687786372,93086.73840603794,427067.7904903871,392399.0666684459
2023-09-17,785499.4694097951,420152.5765745378,71443.20232665309,43155.85522470265,157661.09687786372,93086.73840603794,421081.05645757535,391895.520520566
2023-09-18,787051.9043155848,420152.5765745378,72827.33797502206,43324.15448212332,157661.09687786372,93086.73840603794,428055.44205213053,395146.1855247073
2023-09-19,789223.0171865046,420152.5765745378,74863.30162773616,43459.30370032893,157661.09687786372,93086.73840603794,434808.02485770214,401893.40390171856
2023-09-20,789022.442308759,420152.5765745378,74682.66146590732,43439.368984412205,157661.09687786372,93086.73840603794,431945.4020934031,400725.00145134464
2023-09-21,786244.8588712622,420152.5765745378,72272.29062852463,43072.15638429815,157661.09687786372,93086.73840603794,423194.2440151669,392389.4895991805
2023-09-22,787672.6272170176,420152.5765745378,73627.06795412031,43145.147404457755,157661.09687786372,93086.73840603794,426229.8735910492,392565.77113617037
2023-09-23,789296.297981852,420152.5765745378,75186.21610391852,43209.67001949401,157661.09687786372,93086.73840603794,426686.58939115144,392563.14609610057
2023-09-24,787520.9988070846,420152.5765745378,73416.63454849555,43203.952400149654,157661.09687786372,93086.73840603794,420914.67473028717,387799.0445286848
2023-09-25,790593.7024131255,420152.5765745378,76241.90180808501,43451.38874660109,157661.09687786372,93086.73840603794,425805.76408268005,388414.2558426075
2023-09-26,790395.7696401462,420152.5765745378,76034.39152826693,43460.96625343977,157661.09687786372,93086.73840603794,424053.3570500352,387214.525990962
2023-09-27,794351.6075053366,420152.5765745378,79793.67472678625,43657.52092011088,157661.09687786372,93086.73840603794,427280.4373794375,389215.29691619123
2023-09-28,797260.2057411681,420152.5765745378,82366.7753298731,43993.01855285565,157661.09687786372,93086.73840603794,436478.1265199057,399093.5534713093
2023-09-29,798145.2217019093,420152.5765745378,82664.17228469525,44580.63755877458,157661.09687786372,93086.73840603794,439638.0292645123,397471.4806343802
2023-09-30,800151.3330793141,420152.5765745378,83943.04393274926,45307.87728812545,157661.09687786372,93086.73840603794,441880.2404384057,398301.4548419192
2023-10-01,801269.3550140002,420152.5765745378,84242.09768270448,46126.84547285625,157661.09687786372,93086.73840603794,452998.288597176,413304.770397337
2023-10-02,796905.8259906321,420152.5765745378,81244.53099332463,44760.88313886799,157661.09687786372,93086.73840603794,440995.7395478775,406614.7259699761
2023-10-03,794556.6559087257,420152.5765745378,79027.6951862677,44628.54886401847,157661.09687786372,93086.73840603794,439172.6804747196,405125.86670493684
2023-10-04,795812.2124905626,420152.5765745378,80649.75749262849,44262.04313949464,157661.09687786372,93086.73840603794,439258.74948855775,410581.940373369
2023-10-05,794048.8836085311,420152.5765745378,79298.99346102914,43849.47828906253,157661.09687786372,93086.73840603794,434318.5905667548,404918.11353370454
2023-10-06,794652.2715947371,420152.5765745378,80151.25939619527,43600.60034010235,157661.09687786372,93086.73840603794,438769.96810170397,412756.0504829825
2023-10-07,793964.4102478826,420152.5765745378,79454.02758404078,43609.970805402336,157661.09687786372,93086.73840603794,438903.1445286092,413084.555497422
2023-10-08,794672.7471818541,420152.5765745378,80021.67898102386,43396.561482668294,158015.19173758625,93086.73840603794,436668.5062193206,412586.08635011653
2023-10-09,790007.7287652274,420152.5765745378,76786.65481930034,43015.68799042564,156966.0709749256,93086.73840603794,422601.75308966456,407395.92058676895
2023-10-10,788696.554397325,420152.5765745378,76143.2816791338,43029.12589479425,156284.8318428213,93086.73840603794,420142.51100942097,404550.4636909726
2023-10-11,789233.4553639466,420152.5765745378,76797.84491999648,42981.66063941243,156214.634823962,93086.73840603794,417373.914257882,396904.3277463494
2023-10-12,787453.124425651,420152.5765745378,75933.08489817248,42764.46755542653,155516.25699147626,93086.73840603794,413670.8679163583,395183.36878459604
2023-10-13,787742.0708179607,420152.5765745378,76180.69929263562,42874.23569512987,155447.82084961951,93086.73840603794,416819.28282211465,396742.67143260525
2023-10-14,787557.6674781672,420152.5765745378,76451.18437450302,42796.99495149859,155070.17317158982,93086.73840603794,418307.92120063247,396732.8058973981
2023-10-15,788116.0307129956,420152.5765745378,76882.81297815217,43080.85085444726,154913.05189982048,93086.73840603794,420492.87273254734,401133.2961452661
2023-10-16,789084.5578887241,420152.5765745378,77398.45106321269,43495.34318006683,154951.4486648689,93086.73840603794,430217.6343384628,421217.016173204
2023-10-17,786069.8151362089,419428.468420198,75999.4785179221,43425.57666225875,154129.55312979204,93086.73840603794,421379.2454508665,419685.14663625316
2023-10-18,785815.726925704,418957.476919414,76149.87077463654,43557.592438394306,154064.04838722126,93086.73840603794,418587.3077606671,418394.20385383326
2023-10-19,787884.1975488676,421053.52145758073,75963.29496788594,43716.594330141714,154064.04838722126,93086.73840603794,422912.4244659744,424175.92672388186
2023-10-20,796478.0238148096,426269.8103592907,78283.06162959136,43885.37404853231,154953.03937135733,93086.73840603794,431348.2201820456,438401.0188617066
2023-10-21,805723.5652382014,427575.61575743015,84794.14153373243,44054.16451457085,156212.90502643,93086.73840603794,443952.21989466087,441878.6777153935
2023-10-22,812887.7414706491,427997.9415178634,91220.1187780257,43966.54882209228,156616.3939466299,93086.73840603794,450725.2848741648,442993.54088698275
2023-10-23,836374.9032442414,445425.49469337217,95095.15429621098,45355.115186703566,157412.40066191665,93086.73840603794,477503.2815655296,488665.6899690661
2023-10-24,836874.4595918879,448372.8390010886,94353.79969539463,45128.536194567394,155987.3565728977,93031.92812793961,476793.4907218823,500707.12377460615
2023-10-25,845391.4521021388,452566.79299184016,96825.66140011675,45237.50600427548,158262.35979393,92499.13191197641,479088.56059037196,509587.893949824
2023-10-26,849820.5594719899,453881.7040782499,96311.20460609625,45403.32026046864,161685.4503385619,92538.88018861318,482710.15533368837,504475.12359864195
2023-10-27,846972.8446352547,453386.62577244174,97049.42489052063,44785.89597704768,160287.75639671244,91463.14159853222,479074.4834895814,500829.317947522
2023-10-28,853179.0184824523,455386.9189053573,95811.85641650484,45131.39143706697,164328.68419058417,92520.16753293903,486324.13295216154,503484.47386156046
2023-10-29,859297.7757129035,460563.3803762266,97126.62685245537,45881.58355170103,162696.7124007871,93029.47253173325,492709.2886100681,510114.57506623026
2023-10-30,867386.5921071959,466477.74718576454,99120.9986671471,46226.13682083076,161950.09650297678,93611.61293047671,497692.6335886887,509581.1438467874
2023-10-31,861388.3942798626,459112.67615405616,101073.44829781502,47650.180337819336,160295.5718100111,93256.517680161,500592.6468998773,512024.27729365614
2023-11-01,885328.5056801899,474272.0209457794,102814.08849180292,48765.17039176279,165484.63093555343,93992.59491529135,510922.13592560176,523388.9699999029
2023-11-02,886229.8912639001,485765.4072450054,99614.35779262501,47787.2527550127,159461.37750878267,93601.49596247428,503490.9465522941,516018.83826832485
2023-11-03,893648.0262778018,489582.5224900697,101390.66948039045,47365.50393648817,162805.81199596266,92503.51837489092,506914.5922713423,512977.5418446895
2023-11-04,911708.4934847595,494970.79134453885,101677.23665568877,47897.982340086775,173821.92177494374,93340.56136950137,516055.49616904795,518144.9476452348
2023-11-05,957727.1050719991,513648.8510132403,107448.98940631602,49135.675308006554,193114.17020742435,94379.41913701197,532792.6809791944,517659.92101081385
2023-11-06,998675.4927419989,540781.4684417462,113990.7661741276,50565.410796438584,196745.2252201257,96592.62210956086,549307.4930837608,517482.9183089697
2023-11-07,970944.0918510105,523213.32886068634,111919.78548281407,49694.240678538044,190567.19485225654,95549.54197671534,540139.3507900023,523482.14449908107
2023-11-08,988980.8582119867,529055.7099500088,116687.67050042226,50438.83646101512,195237.24499908232,97561.39630145821,552428.5499915504,526609.0576142211
2023-11-09,997465.0861596122,540663.2185857415,114458.65273583827,53462.11189272406,191349.29465961392,97531.8082856945,555765.4016894021,541937.5031325602
2023-11-10,1024669.9563117311,555981.0223566002,116981.97702912128,54608.99442254742,198250.34684267733,98847.61566078498,569075.8619786882,551107.0277154474
2023-11-11,1024645.5536543936,554859.3493888933,120584.8396078404,53908.36023884471,195392.54754125184,99900.45687756324,571944.5096679245,548508.8149783058
2023-11-12,1020770.0464771943,550526.6127628837,118712.23754600738,54096.12049960121,193413.156474806,104021.91919389604,573998.1997131855,547275.1038387247
2023-11-13,979687.3610023415,524351.9192546775,112933.01725532537,53848.157100510754,186990.0257714591,101564.24162036882,556449.6761471556,539119.9408933287
2023-11-14,968895.95027041,524524.6170368954,109158.9480603055,51577.304557830365,184334.15153215686,99300.92908322191,541229.7115311759,524871.627247195
2023-11-15,1006695.4817880667,547696.2821008374,112663.72312607303,53488.59097924813,189335.04522978363,103511.84035212448,565401.0330466329,559475.5977645335
2023-11-16,981419.8024932528,532724.3149331248,107849.75572434523,51906.24601609099,189586.20964953027,99353.27617016155,545980.5028179194,533986.2856079657
2023-11-17,982390.9109354247,530502.59783962,107421.89837194578,52114.5102002017,194100.59207916266,98251.31244449454,546673.9622510064,540513.116005497
2023-11-18,984124.608395577,538150.0682105899,107481.96023996621,51772.088948443874,188855.8412785018,97864.64971807518,543233.5911404365,540350.9404530576
2023-11-19,996743.1289071778,544119.315339411,110774.48192938184,52366.18577081553,190085.74832013925,99397.39754743018,555086.5031479669,552178.9671549075
2023-11-20,992581.0426509709,546638.1843801348,109053.23296800892,51720.08379264633,187600.46510130182,97569.07640887906,547493.5928268324,553514.2759991651
2023-11-21,938082.4813816263,508735.0335197791,105719.05226632801,48709.46817205197,182181.66292553564,92737.26449793157,513199.17510108877,528950.5356632249
2023-11-22,963988.6702038723,524144.17147674767,108170.09878666225,49947.1379104775,186540.15534350285,95187.10668648202,537385.2514131485,552855.3044018823
2023-11-23,967340.7215016455,525616.3932959763,108826.10407219373,49937.2668791029,187459.9046808583,95501.05257351433,540821.7202940693,550747.4260724896
2023-11-24,971456.8398094327,524869.953427567,109016.63172125163,50540.91870218625,190146.85197854645,96882.48397988142,548060.17512837,557108.0423943974
2023-11-25,980530.9012930493,530244.1964858117,109754.72869095908,51286.91744881277,191235.83601056988,98009.22265689586,557214.6075313743,558238.0788745217
2023-11-26,971970.3224776551,525051.3790069792,109566.8600091112,50805.39080526038,189902.29199969955,96644.40065660483,549946.6407216849,553546.2380255087
2023-11-27,956832.6324161527,516236.4774936595,107322.39216124798,49268.10804742871,188470.36236073638,95535.29235308024,537366.9597698759,550223.8026950655
2023-11-28,967953.0894397461,522213.49053883506,108462.23442263497,49624.62574798826,191937.68241917362,95715.05631111427,543729.4237306743,558744.5673750072
2023-11-29,964000.4369236534,520031.2657347293,108334.46353687564,49535.23817446714,190682.0860896354,95417.38338794596,541612.629972051,559149.3427844394
2023-11-30,964562.9870225475,515933.15581838175,107874.67737644969,49428.30791971117,195671.10262355258,95655.7432844523,543183.4162259747,556996.7522340788
2023-12-01,977860.2201096948,524913.2084419683,109878.08800236398,49602.90143261356,197026.53571671728,96439.48651603167,551678.2429194873,571411.7991945313
2023-12-02,1000503.4012465662,536810.0604078663,113407.01851562549,50422.03976634064,200858.16464829133,99006.11790844251,566615.9274132968,583043.957521948
2023-12-03,998192.7934264748,537268.8061238804,112698.42644271327,50714.91094136318,199731.41624139145,97779.23367712651,566612.0459143717,590459.0899404356
2023-12-04,1025931.9326597087,555099.7576774269,112962.33272868035,50887.322568483774,207589.020166679,99393.49951843872,579443.7827515797,620023.2142966609
2023-12-05,1056395.7445665458,581404.7082585926,112798.94557453496,51281.82803076055,211178.73550232901,99731.52720032871,586911.956663041,651047.2070907817
2023-12-06,1060248.463113585,587762.0528240817,110376.0737152931,51674.44100776772,211615.71484679918,98820.18071964326,583773.6052779168,646111.2086686904
2023-12-07,1077296.9145606067,596213.1084711084,111713.31739871974,53903.04822218764,214201.55790928067,101265.88255931038,598989.5691229051,639409.1063649653
2023-12-08,1168346.5440208458,671164.2181548101,115683.57833962678,55302.38465188706,222224.06899026115,103972.29388426054,625778.6264585686,652316.688007137
2023-12-09,1175870.9882944894,685404.7821909594,112970.97281685154,55241.57944048695,218785.57521836643,103468.07862782512,625380.0424436439,645809.0117481365
2023-12-10,1187489.6875799538,693104.5200693521,112871.71698440134,54537.41530865652,223239.83982557163,103736.1953919724,628691.51546829,646602.350781076
2023-12-11,1142373.012733751,677401.5678228873,106883.30683846115,50307.18018989073,211384.6583562761,96396.29952623566,587182.7734933932,609148.9713845395
2023-12-12,1161302.877372428,696985.8629905153,106029.39198440229,50703.51702517841,210392.74399997547,97191.36137235648,591981.6519383076,612197.2486839647
2023-12-13,1212820.91305604,745082.16370949,106827.12594754207,51218.85708255374,212576.22425305436,97116.5420634,605310.8937021228,633472.9388297157
2023-12-14,1206023.7448445987,735392.1621179617,107311.79833717474,51511.70862227212,214095.31402192955,97712.76174526066,611578.9124667876,635440.6804046172
2023-12-15,1165880.3157551866,708841.8543448582,103383.21951713682,49730.245218357864,207791.3044157534,96133.69225908026,588748.9478158464,619279.722178452
2023-12-16,1177936.769352831,710850.1599288319,103509.86154492898,51342.65254895932,212164.86140751975,100069.23392259094,603834.2040164006,623863.561378882
2023-12-17,1153952.2868177425,696521.7621695377,102563.48240445813,50469.31711108058,207257.11824371893,97140.60688894703,590370.6771501121,610933.5947796323
2023-12-18,1160576.1466211318,705599.9891276197,103929.18044382927,49958.25679628302,204413.96066795557,96674.75958544441,591615.2774347995,629526.4939741272
2023-12-19,1151710.548442224,703361.2375900708,102341.04658038882,49515.449403992454,201736.21097577142,94756.60389200042,582998.1956950745,624312.7028501522
2023-12-20,1166878.8353410587,713410.7170732939,103067.48363198224,50232.676820132045,204174.51403563088,95993.44378001954,597251.3585732575,644719.995124926
2023-12-21,1197328.6556593725,737492.9730056907,105541.53445068127,50936.62620999616,205761.721563596,97595.80042940826,617434.1215523148,647923.5247941889
2023-12-22,1198217.8190147758,733799.6917989299,106598.9814177254,52461.17754467215,207171.67668877475,98186.29156467345,625550.196694869,649825.092282058
2023-12-23,1194270.021617861,730892.1637825174,105981.0620184599,51993.099892073034,206914.25020620687,98489.4457186037,623514.7887181616,646009.2648048837
2023-12-24,1174167.1415693806,717951.6033597782,104579.3205202488,51259.415290791556,202089.778152591,98287.02424597101,613521.5743008599,635324.6594028542
2023-12-25,1192450.00508078,729033.2642327535,106515.1738304413,51554.1968085966,205143.33610818285,100204.03410080563,631713.3690515681,644142.3709232103
2023-12-26,1212243.0412828142,755567.3688346,104580.44722021959,50239.88736207487,202941.92184418827,98913.41602173152,623112.9180145275,628003.2207222397
2023-12-27,1257879.7881506772,790436.0698706692,108770.15576353112,52381.02840606114,204993.61487410183,101298.91923631403,655261.2498349571,641627.3517636631
2023-12-28,1251297.5890234287,785046.1609318863,107328.31375299356,52356.63221924942,203795.46172828614,102771.02039101327,649134.6981858393,629590.244947249
2023-12-29,1220394.553837959,767866.1452395846,105184.74583791208,51989.76610256238,199028.4366495027,96325.4600083972,628558.4076250828,621785.2796551104
2023-12-30,1223257.6609349363,769040.0233780033,107060.68726966727,51816.22693047794,197933.6009166626,97407.12244012533,630542.3892582287,622634.5233875568
2023-12-31,1214662.5624065853,760126.8535761387,104839.18247942204,51680.7795578271,197145.75252713382,100869.99426606359,627742.3741041195,624233.8362616835
2024-01-01,1238881.4458707771,774253.4451874774,106833.22178180265,52348.415849453726,200592.3869021413,104853.97614990207,649125.4039587927,652327.4766333575
2024-01-02,1221492.7921630447,763695.48856758,104730.04919287101,51795.15104892955,199204.42415626894,102067.6791973953,638608.3802145385,664004.7510340605
2024-01-03,1190341.1913735203,756138.7004189567,99844.85975245998,49382.28035262846,187936.87173255222,97038.47911692299,588817.2860861496,632844.256156314
2024-01-04,1211280.620341511,772523.3597635176,100568.7257690717,49462.64093198576,190725.65205223637,98000.24182469952,601617.2750483159,652513.4217793951
2024-01-05,1195814.3621629637,764257.7353651923,99873.95401427316,48748.625532619284,186634.95600587723,96299.0912450018,586700.0026769995,652258.9371256029
2024-01-06,1177507.8156598888,750850.6476681859,98602.98970130623,48469.185069887055,184406.86272632948,95178.13049418012,575940.3552638206,649696.4941652355
2024-01-07,1164878.7531394185,744616.1943374879,98106.82134694846,47785.4817107821,180610.91952482387,93759.33621937617,557078.080789319,649015.6568495698
2024-01-08,1190732.222202887,762918.8016471154,99801.82403082224,48598.490371675456,184458.70072077803,94954.40543249607,583019.4946342908,693728.8009083793
2024-01-09,1175482.0851188456,753472.8508748418,98201.4697946607,48835.42644622991,181866.15062670925,93106.18737640402,566990.1283072582,681458.7289974259
2024-01-10,1196775.9062587323,761291.9973300394,100820.44382202948,53432.88487476785,186088.33430424597,95142.2459276495,606750.5142258719,688666.915949318
2024-01-11,1211285.2934791518,764489.9781624803,103429.42464189918,56553.09868941663,189164.51536135125,97648.27662400439,629853.8226730556,684838.7998230262
2024-01-12,1173347.1780851425,737999.5778373225,99959.3125547615,56228.0338886485,183862.19332295205,95298.06048145806,605611.6185560537,632917.9880510195
2024-01-13,1185574.85507663,749085.3126919698,99493.1115459753,57011.43275324389,184444.1165366966,95540.88154874422,610278.4147697347,632758.6971579975
2024-01-14,1165976.4873168168,735246.5040737996,99140.93047494491,54498.10139684956,182517.4206707729,94573.53070044979,594922.8589149704,617308.1728531193
2024-01-15,1192588.9652231415,759568.301712235,100180.38921685003,54428.45771086939,183348.02931781477,95063.78726537214,604946.4738360296,627878.6611286014
2024-01-16,1198457.3798982063,764555.2905204464,100361.47193677991,54782.4031395902,184016.48987371824,94741.72442767152,607269.4297192276,637375.0753166544
2024-01-17,1182125.3817620082,750433.8080382268,100705.45413046017,53857.1436684431,182703.09169808737,94425.88422679083,600095.8294894558,631285.7323663475
2024-01-18,1173760.7091129648,749435.036918519,98133.55280198468,52444.402823022414,180172.8600026411,93574.85656679765,580837.1464582587,609418.1678013594
2024-01-19,1179651.487005313,752858.745191315,100556.86957188357,53373.06629978814,179963.7954311195,92899.01051120674,589197.6662908095,614681.2289081817
2024-01-20,1184947.1106978736,754028.3968010098,100017.24954492775,52824.585086838706,185095.17113757198,92981.70812752547,595902.0477505988,615378.0472370192
2024-01-21,1182042.7086723277,754153.6726123721,99459.48359589872,52558.075882690515,183263.4440128705,92608.03256849597,590457.1470045219,613608.6548436497
2024-01-22,1143071.542532683,725089.2152918634,96822.29319268146,51430.92847428842,178078.75829313946,91650.34728071003,563633.3788314499,583502.3299033531
2024-01-23,1134312.6419614675,717506.6176622009,96356.39710984261,51221.0672349644,178000.05896938266,91228.50098507697,554063.6370725791,588497.1176843685
2024-01-24,1129028.0675575603,712185.4178429451,96332.02324950618,51296.75057155597,178000.05896938266,91213.8169241705,558798.5487825724,591916.5929576089
2024-01-25,1128374.203455206,711027.6147329364,96332.02324950618,51922.83490901146,178000.05896938266,91091.6715943694,558110.129261559,589800.6375818476
2024-01-26,1148569.197328836,729904.4529969161,96332.02324950618,52645.948220174694,178000.05896938266,91686.71389285641,574177.1947413343,617612.4467284536
2024-01-27,1153998.9663698482,735180.2847776824,96332.02324950618,52359.19601610862,178000.05896938266,92127.40335716838,577742.6066781813,622090.3035418929
2024-01-28,1151896.4461515395,733782.0037408791,96332.02324950618,52049.48175948012,178000.05896938266,91732.87843229139,572326.9519406892,620842.8614234856
2024-01-29,1165917.9422926563,746652.3790353669,96332.02324950618,52802.12029663948,178000.05896938266,92131.36074176113,588600.2623932463,639343.855368946
2024-01-30,1157284.0816082158,740955.202587771,96332.02324950618,52965.392116103074,175405.10565434242,91626.35800049324,580190.7766920105,634386.6835467318
2024-01-31,1145976.8031745413,730857.3162759123,96332.02324950618,52378.45648852843,175330.2514160031,91078.75574459133,569334.8153432304,628921.9270534536
2024-02-01,1147642.023973777,730352.0541950796,96332.02324950618,53081.59995637365,176812.23320608545,91064.11336673208,579136.4496561238,636205.7497752669
2024-02-02,1151458.6400907882,731279.0350954011,97086.02318744647,53682.70285333713,178158.443198089,91252.43575651456,584791.0449143561,637831.659209221
2024-02-03,1146442.1631706697,728780.0421028394,96610.12727943162,53709.17699641678,176030.6769065854,91312.13988539658,585827.696578203,634972.1540220624
2024-02-04,1148890.2467511585,729291.1002187253,98266.5186552825,54082.53927409519,176324.98404369593,90925.10455935955,577879.9764543881,628936.3503505401
2024-02-05,1147518.6603602807,725296.3522149128,101364.91569687576,53696.66746081311,176057.8373179646,91102.8876697144,580429.8057724173,630045.3288169181
2024-02-06,1113069.038762308,729472.6404976574,98715.0802702069,54434.94633843112,139121.7829670367,91324.58868897597,567701.8191013775,636337.174858318
2024-02-07,1128609.5040523272,742232.3075504381,100344.84507724846,55355.656660064626,139035.46124796037,91641.23351661587,587207.590050937,654556.0491127686
2024-02-08,1143124.0010465605,758576.7001954379,98422.37314268047,55332.77752915064,139035.46124796037,91756.68893133094,591728.6174580933,669079.5015741222
2024-02-09,1166130.2129922255,778507.5728922545,99908.5659866281,56204.58758456506,139035.46124796037,92474.02528081775,602690.3229102596,696338.4945900012
2024-02-10,1172387.5115221601,783638.7070559605,101432.58272949656,56145.481226991105,139035.46124796037,92135.27926175155,602000.1951128667,705555.7891328386
2024-02-11,1182981.1551840794,786399.1938123105,109447.28754476552,56105.597536827205,139035.46124796037,91993.61504221596,606364.5931880586,713274.906960719
2024-02-12,1209328.3430612546,809237.2882930546,111321.23567521175,57316.06433544536,139035.46124796037,92418.29350958248,623476.9280122897,737855.7821735977
2024-02-13,1199074.8517127126,803396.5120792466,107760.67594280223,57060.95664448172,138351.09310859427,92505.61393758777,613779.0935413218,734668.81044939
2024-02-14,1232509.8142362668,832692.949176669,110347.20420604757,58360.16257921202,138315.14750067983,92794.35077365828,631103.7658507996,765452.107261733
2024-02-15,1238946.8480062822,838806.3620866245,107689.13437742247,58678.337742555756,140223.76772074727,93549.2460789322,643679.6356613021,767104.2094031961
2024-02-16,1245341.2315864218,845667.3786740947,106814.69560596597,59160.05111373582,140346.2078898342,93352.89830279125,643204.9206715648,770377.8362962989
2024-02-17,1232744.80980461,833348.804133208,107084.97681312099,59296.55390960202,138542.85373944306,94471.62120923592,645682.0697421911,763034.3588177364
2024-02-18,1243356.4358152784,841813.9421270444,107649.239168451,59527.04744868997,139684.81454953554,94681.39252155743,652528.2046465814,769821.6739606478
2024-02-19,1252716.002680998,845108.933725625,107245.04789706273,60627.05423539903,141878.36058803767,97856.60623487357,665696.7970692276,764749.8080800028
2024-02-20,1247897.119603448,845282.5680873229,105715.88410960016,61102.568741820265,139794.57663483036,96001.52202987445,664425.1362144274,772219.1720955353
2024-02-21,1223796.5349772105,828103.6229119651,103160.4209271321,60341.84177114098,138281.3771176015,93909.2722493708,652317.5714595433,765636.4946916854
2024-02-22,1222970.3209102447,827220.1009070511,101764.70814339006,59888.3451130104,138326.49962201668,95770.66712477664,657827.1999291652,757746.547333114
2024-02-23,1211121.5122502455,815791.692920087,101763.6447781117,59384.386861490326,138404.7790572361,95777.00863332045,656042.0695792405,749283.3027619529
2024-02-24,1228070.360918725,827813.9651106636,103414.34200911927,59784.55209614085,139790.1788886641,97267.32281413714,668306.1489499782,761677.1265619075
2024-02-25,1238081.329362277,836925.9939400201,103421.532616217,60743.634969173516,139964.14628930777,97026.02154755853,673887.5242117512,764071.7977305661
2024-02-26,1277082.8819764052,870558.6939969682,104903.88784346933,61869.42938579304,142163.32952837896,97587.5412217957,690121.1917461477,805266.234232181
2024-02-27,1295586.7541564493,878248.0799741747,106811.03431111015,62931.07177644103,150451.23050678533,97145.33758793828,704865.6782055753,843119.8889694589
2024-02-28,1382102.5631840434,946240.0275848908,106248.04917847418,64108.410503471874,168586.20622179468,96919.86969541178,722855.8592987522,923161.7453776036
2024-02-29,1359889.6033209113,919814.6049414343,107438.5797577715,63024.0300485503,172284.4444439952,97327.94412916011,731452.6405517225,903866.83546732
2024-03-01,1404640.513057448,936467.8082763504,111153.22069145666,64491.96642619704,192863.44352184192,99664.07414160197,771006.2795891782,922214.1924522164
2024-03-02,1459186.1046717663,942586.078047721,141312.89606743437,73271.81662249587,194608.55517702986,107406.75875708509,850437.9368486675,916147.1190726107
2024-03-03,1463792.8393037198,946422.600250504,138575.96273824666,71178.06985471593,198857.2428755355,108758.9635847178,844992.7934013738,932947.7216779629
2024-03-04,1548233.3909878514,1015204.5812411912,139363.47013563727,73440.09547838797,213006.3517900862,107218.89234254872,878112.9368831348,1009203.0587486129
2024-03-05,1442602.841750295,942468.9916656401,135148.4042538371,70133.45904963021,195330.23304024024,99521.75374094733,806570.6141660475,942309.0184189107
2024-03-06,1478870.1729693767,966026.918696983,136988.09720670583,72883.8988210523,197910.27336328913,105060.98488134613,852115.4951220645,976361.5574420424
2024-03-07,1512890.5435855314,993688.5298696943,137790.65771398626,76664.7750590214,198599.19886938026,106147.38207344952,876696.4681244775,988453.011241878
2024-03-08,1533485.434149803,1009741.3018414171,137106.75378861564,75543.63126341066,200478.93633732194,110614.81091903753,888172.0233500634,1008755.2442206746
2024-03-09,1537329.7485012086,1011874.1913421185,137374.88828480366,75202.88937268399,203865.42115145279,109012.35835014956,891031.4325544802,1011691.2505755794
2024-03-10,1569064.9324757985,1050376.7234869301,136291.13857522697,73364.9181985013,201660.9521878245,107371.20002731572,882553.85286146,1019384.7526278343
2024-03-11,1591611.1152439634,1058388.251072779,142340.77845345106,75977.21782656714,205028.66893298042,109876.19895818563,935985.5193523103,1065230.8755193737
2024-03-12,1591749.8210782027,1069105.4865713608,140258.28177435667,74349.24473621711,199788.54870018124,108248.25929608663,910465.8183418161,1055739.7691046481
2024-03-13,1684240.6793966414,1159533.5738074267,140768.1169318225,74174.4338153256,201151.60804990883,108612.94679215767,926732.3685277589,1079403.5533955863
2024-03-14,1653952.9380090176,1131538.9858761446,139745.30478517394,72620.99936394149,202820.24190351277,107227.40608024494,904868.8349834566,1054488.8653949401
2024-03-15,1651013.6045598008,1144242.5176676016,136947.384695012,70412.3526428652,197388.99459963694,102022.35495468533,863152.2996829798,1025055.993042201
2024-03-16,1579626.301354056,1088394.4158651817,134313.03174209583,68131.21552194,190920.2374153015,97867.40080953689,804094.501470699,964668.7635736744
2024-03-17,1592608.5245950585,1095068.4993245592,135642.232922917,68980.8077158334,194386.03142250812,98530.95320924078,827569.5849252889,1010092.3415537709
2024-03-18,1574222.3663788266,1082706.969728486,136365.04911352543,68327.0647768973,190230.09957151205,96593.183188406,811687.5035815934,997655.9978740056
2024-03-19,1513118.7257230862,1038673.5566989867,131867.07415336114,65717.10278246408,183741.48766167904,93119.50442659538,735335.4357919765,914417.9965247063
2024-03-20,1571762.5568417555,1081695.6735789622,135730.2463745018,67816.56648471924,192566.27947841157,93953.79092516059,807426.9214853771,1003048.00325678
2024-03-21,1565475.9845754856,1071883.211083845,136805.83187907847,67958.9995590536,193691.52502395146,95136.417029557,813286.7426251434,967272.2263909553
2024-03-22,1554525.938214304,1065651.5770961847,136280.79654808846,67028.81848023555,191322.03617495482,94242.70991484038,793382.0355094152,941977.6287450537
2024-03-23,1565326.251465802,1066580.2862729605,140783.77364180647,68615.11623325001,195251.42981885327,94095.64549893183,809678.131911161,946163.9041845945
2024-03-24,1599520.225659563,1085278.7247611787,147074.71150303047,69173.0386660534,202562.45301104896,95431.29771825144,839204.4923031266,993012.157757696
2024-03-25,1625855.4022493307,1107090.0827315869,148419.54145771338,69917.5812472476,203825.83257784604,96602.36423493683,857549.9649752242,1033253.6181742192
2024-03-26,1625803.956152804,1101359.5391470718,146157.78566414875,70012.16692638895,210186.47198476354,98087.99243043076,865992.216788514,1033682.2785636267
2024-03-27,1631288.1087903602,1094705.23644901,154379.6257142066,68860.9297136007,216684.6768694314,96657.64004411153,858469.8544533714,1025817.6585147389
2024-03-28,1669489.6830542684,1106891.62403097,160510.9917429231,70158.88820144042,235129.66468276424,96798.51439617034,878522.611896296,1044864.4877151366
2024-03-29,1696241.1118120416,1126630.9926139037,169605.05274595265,72251.81035689946,230290.50721364463,97462.7488816411,900550.5841445011,1032279.0648366864
2024-03-30,1668542.619251135,1115778.0457571025,165197.2950906933,70489.86443332446,220764.48907220952,96312.92489780526,878543.8641320618,1028623.2782639827
2024-03-31,1704737.548159549,1128683.9439709948,176458.9366871456,71753.14647235168,230083.73468103775,97757.7863480193,906482.0441243364,1053559.19735794
2024-04-01,1650030.8141677512,1094295.7415840814,170967.24092875482,69428.75547003192,220448.80667171604,94890.26951316706,865716.6350156716,1029462.829540787
2024-04-02,1592697.6874683744,1056831.919407637,167890.4111104772,66330.42165422028,209676.6569420641,91968.27835397572,824508.5053180272,966616.1971462781
2024-04-03,1593878.8985953324,1068406.8375559165,160532.23381473907,66260.68783166126,207368.50161718117,91310.63777583446,815623.1446495756,974500.7213451449
2024-04-04,1636448.8400373536,1100027.021651516,166426.99223736048,68200.47560211974,209714.936423211,92079.41412314666,842105.7985807371,1011838.3682058603
2024-04-05,1623537.7318109283,1090377.7790860722,165373.96521294693,68223.26811944463,208235.02809390152,91327.69129856302,832562.3160229514,1001925.0630388223
2024-04-06,1643343.4869539773,1102043.6320505547,169737.09172204207,68734.64583336918,210995.06391164236,91833.053436369,850793.274151181,1017558.0708984375
2024-04-07,1648050.7144741272,1102734.7529157288,168670.6783191168,69059.54985139723,215023.12773901402,92562.60564887022,859962.9988503548,1024447.2145187788
2024-04-08,1684005.6155980953,1117335.663818605,169042.44582049627,71123.21241227222,232475.58440579474,94028.70914092739,906726.3924241738,1057956.2260145072
2024-04-09,1643946.1491946094,1097679.2674096539,168065.57945589078,68103.87179968375,218143.51541380555,91953.91511557564,868238.1103574121,1021145.6641225169
2024-04-10,1683806.2498308804,1132162.498440707,164272.66635858527,68281.25455599104,227954.48574137688,91135.34473422011,876191.3058680572,1042544.6446117624
2024-04-11,1671008.3787834654,1123644.4189415325,162419.60569242187,68577.93240659042,226415.66696196859,89950.7547809521,873595.245695531,1034757.1026625042
2024-04-12,1612321.9112161184,1098796.8802516623,151849.6384425747,62381.343179190735,214449.95360639025,84844.09573630034,780203.1285384417,992446.4183527798
2024-04-13,1537710.4185483921,1042568.4723748947,148469.3919747128,58955.939254785924,202907.2463332998,84809.3686106992,696872.4591401824,942608.446066424
2024-04-14,1557807.9811450897,1051657.633507292,151401.19853759694,58936.340784488406,211003.439705013,84809.3686106992,740761.4107111928,970925.2436906185
2024-04-15,1543437.6241966314,1040627.7153618652,149658.44787778865,58936.340784488406,209646.2999984149,84568.8201740741,723315.6881508311,936770.6454173035
2024-04-16,1529116.9565321817,1030681.3536049199,148359.8499199701,58936.340784488406,206580.02694979272,84559.38527301062,717692.6577622126,942466.5208230941
2024-04-17,1509390.2846859917,1017726.9692372284,146778.4753054107,58936.340784488406,201389.11408585325,84559.38527301062,695958.3843152762,905023.4108140831
2024-04-18,1535082.7212390583,1038945.0971915132,148135.46446946973,58936.340784488406,204506.43352057622,84559.38527301062,717596.3748873797,938048.8380050991
2024-04-19,1538758.938991222,1042327.516004247,147661.56430848673,58936.340784488406,205274.1326209891,84559.38527301062,723310.7616115328,942934.8164328949
2024-04-20,1562828.240885127,1059392.6811245533,151758.4744923856,58936.340784488406,208181.35921068903,84559.38527301062,759173.2626025354,959932.556662824
2024-04-21,1567063.865989302,1065879.5131403673,150260.5326790116,58705.76365306173,207658.6712438506,84559.38527301062,750837.0679754488,958931.2336858987
2024-04-22,1601095.902861701,1095838.9592850448,152316.98234874304,58691.47277372425,209689.10318117833,84559.38527301062,775105.7027481858,987156.1837542469
2024-04-23,1595468.1410499485,1094566.5852685883,150781.93158562042,58691.47277372425,206868.76614900495,84559.38527301062,764774.0616164054,980799.3174895816
2024-04-24,1578612.931392445,1084320.1788997434,147998.01793559437,58691.47277372425,203043.8765103725,84559.38527301062,739098.9783056485,949334.8372024427
2024-04-25,1583686.9947561433,1090290.2835353003,148167.74521072896,58691.47277372425,201978.10796337907,84559.38527301062,742547.3706829168,952359.748760588
2024-04-26,1567876.8554290808,1072568.6165409472,149751.9290568991,58691.47277372425,202305.4517844994,84559.38527301062,742930.2152416182,941631.4119217924
2024-04-27,1562924.4249855299,1070464.432221589,148085.31261936852,58582.62804171474,201232.66682984706,84559.38527301062,739602.2436896794,936666.2207463982
2024-04-28,1566842.0582892154,1073932.6920678543,147588.05015959567,59005.475525443566,201756.45526331107,84559.38527301062,736077.8574643559,932148.0940874936
2024-04-29,1564342.3950250014,1071384.1393298863,147066.14823643406,58337.38296393782,202995.3392217327,84559.38527301062,737217.659419717,942898.6428038023
2024-04-30,1524012.1827735002,1043851.8856434114,143572.93863383413,58457.92619826816,193570.0470249759,84559.38527301062,698193.203221638,895573.3819494599
2024-05-01,1498104.4606901198,1020385.181181848,142812.03853630327,58702.56326985661,191645.2924291012,84559.38527301062,701414.4875812718,860380.0755131717
2024-05-02,1497424.3661027642,1019391.538478386,143194.6935332327,59265.65564408588,191013.0931740487,84559.38527301062,709667.4001507079,873220.963829616
2024-05-03,1516161.166011211,1035085.5366228084,144735.74743123516,59402.82179022291,192377.67489393358,84559.38527301062,733446.9168581925,928848.6783392004
2024-05-04,1524441.4573871142,1038673.7270162052,145431.9718043121,59273.91803314567,196502.4552604406,84559.38527301062,737211.4479089727,943642.3080015762
2024-05-05,1528853.2502697962,1042622.5545903043,145835.26511976356,58924.32102067422,196911.7242660434,84559.38527301062,743603.3152441204,945705.0125644944
2024-05-06,1518332.9836176806,1035412.171744424,146126.2857394231,58232.860146403626,194002.2807144192,84559.38527301062,734719.9404081454,932867.6435325391
2024-05-07,1504843.650560819,1024358.6644093916,145963.983004414,58764.86150999635,191196.75636400623,84559.38527301062,721200.2500874039,920651.3416731238
2024-05-08,1500995.8359242785,1024329.2001429473,144274.45961203845,59397.392986234336,188435.39791004788,84559.38527301062,720806.3717735333,903712.6215748723
2024-05-09,1517894.672964934,1037698.671876269,144721.83321621484,60357.136576742974,190557.6460226965,84559.38527301062,735936.1946719259,931213.6375158607
2024-05-10,1495445.936527457,1019830.9362604659,142872.747963619,60693.7478646988,187489.1191656627,84559.38527301062,712022.0817671954,897876.2632554604
2024-05-11,1498278.719406604,1023043.1953869618,142842.46715537834,60415.26376157199,187418.40782968115,84559.38527301062,709978.9758174039,897890.0519274749
2024-05-12,1500169.3299539385,1024475.1099933385,143040.88966511382,60675.537192794356,187418.40782968115,84559.38527301062,710029.6620339334,907559.3726009997
2024-05-13,1498037.9397535846,1022749.5110342682,143108.37720731102,60202.2584093135,187418.40782968115,84559.38527301062,711945.3222258063,929020.2001881514
2024-05-14,1477160.06231206,1003029.3589806847,142028.1274126964,60124.782815986946,187418.40782968115,84559.38527301062,693664.4616192959,909101.2230595341
2024-05-15,1487888.9424018397,1010087.5746894024,145415.69343210434,60407.88117764093,187418.40782968115,84559.38527301062,732442.2064951948,978734.8244378243
2024-05-16,1472941.5095553335,998737.1992755193,144023.2541742121,60017.21335178762,185604.45748080383,84559.38527301062,731749.0714216563,963434.9947409048
2024-05-17,1488836.7707340533,1012362.754591428,145796.07464257497,59847.181214786455,186271.37501225332,84559.38527301062,750459.2750494017,990319.732043986
2024-05-18,1489241.8569460174,1011544.0841252846,146431.8047429259,59479.43378437006,187227.14902042632,84559.38527301062,749830.8995014874,988679.2839265688
2024-05-19,1482149.6827710997,1006163.1138241377,147661.3149411225,57914.36597743778,185851.5027553912,84559.38527301062,734741.3069487863,978895.4422741781
2024-05-20,1520237.5518985135,1040971.3499742296,149781.65461114392,58625.83154885215,186299.3304912771,84559.38527301062,794083.6464524671,1055250.9924129844
2024-05-21,1521859.7034461193,1042891.0581298237,148146.34870839477,57902.60532181249,189306.82341215137,83612.86787393702,794054.855841012,1035878.4274711878
2024-05-22,1509339.9124540486,1033821.104136933,146280.90856966336,56104.44328339378,189254.8668226777,83878.58964138078,779457.1751373736,1020899.3142082811
2024-05-23,1496149.8723087527,1022017.1902553606,145703.621201131,57067.09079041899,186385.79085556036,84976.179206282,771020.7071953643,1003282.6991469694
2024-05-24,1502522.4381977583,1020332.2500820454,145819.2282711536,56383.319038296264,190027.05545431035,89960.5853519525,780215.916099491,1012093.2567119708
2024-05-25,1511765.7636232926,1025766.2959891128,146127.04704053912,56576.19909332326,194961.55025264886,88334.67124766846,786045.6472312255,1023020.3465846167
2024-05-26,1507131.956599758,1026269.6481647635,144659.87003345104,56221.97490820194,192351.92787038878,87628.53562295264,775399.2469431123,1011974.9856758624
2024-05-27,1518312.4876708828,1035630.329022306,144918.78566020937,56382.4281039057,192931.99893669918,88448.94594776262,790990.5656973325,1024919.8371177054
2024-05-28,1503235.252224018,1025851.8608813697,143322.14651917104,55252.722457826196,191048.08685975798,87760.43550589337,775092.194440476,1008698.0125778356
2024-05-29,1491621.00384342,1016631.4465663951,142920.10072592483,54518.4314756153,189419.0137802202,88132.01129526432,767122.5940734518,998091.6968323909
2024-05-30,1495563.876747652,1019474.0163990112,141885.01957406546,54077.75945118033,192232.701851772,87894.37947162309,766139.379828857,1009713.7588518471
2024-05-31,1492257.5689184454,1013910.3661660624,142275.9886048928,54055.74263751731,193702.04684793198,88313.4246620407,765377.0562492621,996811.4849830032
2024-06-01,1498098.9488263663,1018690.5303155786,142688.9600008833,54055.74263751731,194502.06554753156,88161.65032485577,767725.4220675919,999994.6489567801
2024-06-02,1498770.0619945754,1019397.4777692445,141914.79416345205,54055.74263751731,196090.76104981315,87311.28637454835,763216.7782906811,1000654.312872323
2024-06-03,1515211.408411055,1035827.436924665,141206.18163864728,54055.74263751731,198377.6539721123,85744.39323811297,765570.8338704673,1016209.2041549183
2024-06-04,1570092.5348894964,1081045.0479380414,142020.57650627044,54055.74263751731,203802.78469382873,89168.38311383835,785533.6194537447,1042247.5246917822
2024-06-05,1584525.284958119,1092547.712129351,142944.18365242323,54055.74263751731,207152.55966368903,87825.08687513834,791743.7814578038,1049854.6023478955
2024-06-06,1590521.8050258674,1099603.358179398,142004.42299153112,54055.74263751731,207192.59824474287,87665.68297267775,784357.3715042365,1045044.8366219043
2024-06-07,1542887.348221345,1071702.435262581,139222.5722608981,54055.74263751731,192703.06916505896,85203.52889528971,748941.2329582124,1024152.286939956
2024-06-08,1548363.3230377687,1070956.6923422124,139161.29932709262,54055.74263751731,201332.25764438542,82857.33108656085,739211.614140442,1023608.5863329876
2024-06-09,1546637.2215814102,1065997.1923607863,139161.29932709262,54055.74263751731,204159.76494840113,83263.22230761267,748054.2221010844,1028662.9711775641
2024-06-10,1513156.8646575857,1031533.8424256288,139161.29932709262,54055.74263751731,207202.27899010904,81203.70127723784,738060.3338835441,1026658.5944280631
2024-06-11,1488395.8425620499,1009558.6844825953,139161.29932709262,54055.74263751731,204454.16649405635,81165.94962078828,710924.6121959952,994457.4875121283
2024-06-12,1503813.809452098,1020808.7768535252,139161.29932709262,54055.74263751731,208622.0410131747,81165.94962078828,733230.0246094496,1007885.2309404236
2024-06-13,1481180.5009215237,1004329.2196038255,139161.29932709262,54055.74263751731,202468.28973229995,81165.94962078828,710384.4096498598,985955.7038911524
2024-06-14,1478094.8563366097,1002087.2021735492,139161.29932709262,54055.74263751731,201624.66257766212,81165.94962078828,698265.7288991017,974947.9589411994
2024-06-15,1488862.314440878,1008548.5849445938,139161.29932709262,54055.74263751731,205930.73791088597,81165.94962078828,708389.150104033,977605.0764236418
2024-06-16,1493204.9618631653,1013012.0199871121,139161.29932709262,54055.74263751731,205809.95029065476,81165.94962078828,710500.1167349088,984222.4851268755
2024-06-17,1481568.5804103168,1003435.0923313514,139161.29932709262,54055.74263751731,203750.49649356728,81165.94962078828,688603.7356384809,982025.5285146772
2024-06-18,1468349.4872809714,993046.9829787257,139161.29932709262,54055.74263751731,200919.51271684744,81165.94962078828,654397.9144529497,962093.3973391171
2024-06-19,1471028.2168974252,996708.4302288233,139161.29932709262,54055.74263751731,199936.79508320367,81165.94962078828,661865.1860559752,959428.2605034948
2024-06-20,1462511.4093890905,987182.308881238,139161.29932709262,54055.74263751731,200946.1089224544,81165.94962078828,662121.3094187023,957484.0000562499
2024-06-21,1456348.0027252997,986994.5973434842,139161.29932709262,54055.74263751731,194970.41379641707,81165.94962078828,655892.8994315291,946666.0080027655
2024-06-22,1458832.795943579,985882.8998782428,139161.29932709262,54055.74263751731,198566.90447993795,81165.94962078828,658743.8050232265,948975.6394118028
2024-06-23,1453268.7412635903,981897.7317779326,139161.29932709262,53957.41738876438,197086.34314901233,81165.94962078828,645424.0951894771,933146.0131663058
2024-06-24,1446766.670246273,978317.9041713617,139161.29932709262,53933.72407881786,194187.7930482129,81165.94962078828,640005.6503381042,890264.6278374674
2024-06-25,1449059.9669038998,978107.9115438085,139161.29932709262,54424.76233186215,196200.04408034813,81165.94962078828,658185.7420067826,912820.9336849244
2024-06-26,1448717.5622547,976583.1137849756,139161.29932709262,54535.88053098699,197271.31899085667,81165.94962078828,650668.0084931847,898149.4981954644
2024-06-27,1449127.2463137389,976377.4985777203,139161.29932709262,54421.291011741014,198001.20777639674,81165.94962078828,665178.809723962,909869.4078623547
2024-06-28,1446610.324433278,972587.494260627,139161.29932709262,54619.04139887286,199076.53982589752,81165.94962078828,655899.8626391189,890895.6182384026
2024-06-29,1445314.9183745047,972384.6224311816,139161.29932709262,55040.46440099126,197562.5825944508,81165.94962078828,651990.5295211631,899273.4768908124
2024-06-30,1446822.2931592343,972384.6224311816,139161.29932709262,54892.34171670171,199218.0800634701,81165.94962078828,666472.6725093916,925724.3037243469
2024-07-01,1447026.372439232,972554.6112151284,138419.9940672694,55464.41799806016,199421.39953798568,81165.94962078828,663209.7055925921,928289.5736509431
2024-07-02,1446166.8955624292,971368.822284749,138389.66355790893,55701.82354344197,199540.63655554113,81165.94962078828,669562.3875779625,916134.8304234926
2024-07-03,1438260.1789327932,965263.3302467249,138389.66355790893,55621.76973627117,197819.46577110002,81165.94962078828,647757.3553630792,888736.1045054407
2024-07-04,1432128.531069372,965067.248820884,138389.66355790893,55367.34606875937,192138.32300103162,81165.94962078828,594206.4057633559,841529.6916190903
2024-07-05,1431970.1366350967,965067.248820884,138389.66355790893,55312.49820233937,192034.77643317633,81165.94962078828,582666.3190186777,836872.4666830845
2024-07-06,1432527.2023756623,965067.248820884,138389.66355790893,55869.563942904715,192034.77643317633,81165.94962078828,616087.0771111569,861111.5674482044
2024-07-07,1431532.707539587,965067.248820884,138389.66355790893,54875.06910682956,192034.77643317633,81165.94962078828,576350.6928271077,824860.9756422958
2024-07-08,1431804.0157050667,965067.248820884,138389.66355790893,55146.37727230938,192034.77643317633,81165.94962078828,600621.2563415822,837503.4570840198
2024-07-09,1432867.4314373545,965067.248820884,138389.66355790893,55830.86516710262,192413.70427067083,81165.94962078828,612145.8400907296,856764.7318654977
2024-07-10,1433444.6497554842,965067.248820884,138389.66355790893,56114.57369628235,192707.21405962054,81165.94962078828,619124.5075598302,852825.267885699
2024-07-11,1436566.4239879514,965067.248820884,138389.66355790893,56673.90110067283,194160.67442350124,82274.93608498453,622385.2558771555,846953.1974827014
2024-07-12,1437398.2224054006,965067.248820884,138389.66355790893,57238.04952154205,194714.56324104805,81988.69726401758,637421.9576989367,855143.6109661765
2024-07-13,1440453.7384551747,965067.248820884,138389.66355790893,57675.91435892368,193413.71230269567,85907.1994147625,664477.051259296,874823.738295043
2024-07-14,1444674.3735047253,965067.248820884,137766.18650074626,57311.50875916657,194520.49553408092,90008.93388984748,677479.3356307922,897802.6467471311
2024-07-15,1444494.0025522423,965067.248820884,140052.8201879481,57282.4191111263,193990.85259339833,88100.66183888537,703884.311032651,958096.8747960448
2024-07-16,1450795.8235099798,960397.5199758424,146532.7920178982,56964.272394936714,195234.01137696914,91667.22774433324,708308.676199986,961449.4836639927
2024-07-17,1452252.523602949,953383.0477455669,153681.68648744916,57368.92079780007,194640.64181719584,93178.22675493686,705992.8118789702,946999.7054041564
2024-07-18,1443016.4489407435,954758.3828216185,145305.12306452793,56410.18222532353,194255.1960730267,92287.564756247,696013.7716903033,944862.1727759539
2024-07-19,1445831.0382272755,958330.1234548378,145807.40980795468,56802.68591920324,194532.9654817408,90357.85356353865,712894.1654921591,985272.7319275178
2024-07-20,1449854.5864040502,958614.8786688987,148427.0126770494,56788.26672692842,195529.36418597406,90495.06414519959,720662.6363747588,991970.5649353054
2024-07-21,1465834.4701988646,966064.05076443,148792.80998251104,56708.43609257348,199936.39732275406,94332.77603659585,732521.0113057817,1006605.2498637893
2024-07-22,1442809.0501454002,955488.3268942247,146954.75322691118,55608.59948731325,195168.70890263392,89588.66163431703,709584.7156196616,998197.3907534397
2024-07-23,1425977.9168719004,946724.858051043,145644.96944730508,55496.67014720203,189488.53178745788,88622.88743889253,701429.8020448259,973715.8632108918
2024-07-24,1418103.034709956,938006.3484993001,148203.91991126136,54322.9028803499,188504.08163844267,89065.78178060209,695347.6933621458,965510.8533507654
2024-07-25,1413805.7020642553,939311.3300763697,145807.88979873358,54362.5272514069,185019.62793250725,89304.32700523775,681798.1275397895,971493.8677549517
2024-07-26,1427843.1342292682,949884.7798062417,146313.28522947026,54682.76880073286,184387.15003588187,92575.1503569414,709052.2712779319,1003024.2336631813
2024-07-27,1424928.7122190916,949640.6519061846,145431.61860418925,54386.13011059849,184620.0721562764,90850.23944184296,707448.3304648506,1001566.0960209362
2024-07-28,1431451.2171920286,952051.7727802683,148960.4556597797,54591.556209165516,185207.43194389145,90640.00059892365,705625.1336395167,1008102.0419422259
2024-07-29,1427560.4977751735,943770.4945683969,153331.78735969102,54424.494906006716,184140.7128086478,91893.00813243099,709226.9951628832,986893.7951336509
2024-07-30,1427177.267205906,945203.105290505,154438.7584129193,53696.510467982574,183069.38804801297,90769.5049864862,701558.8803304271,977753.0017585597
2024-07-31,1414771.0017397816,936023.6389879982,150238.86695439828,52815.4275279487,182987.7532034891,92705.3150659472,691331.4326102815,954391.1836154222
2024-08-01,1409882.7596559157,937138.3025335569,146374.60041249535,52739.47623925914,182629.63056334422,91000.74990725976,680760.698749365,965294.7346672233
2024-08-02,1378411.5092676082,913662.1670969743,138163.58643764435,52236.43568767102,183139.06183309385,91210.25821222465,644819.2305450573,907067.1343180352
2024-08-03,1372937.5668018432,913124.4371119065,137738.77392921844,52223.00262153266,179732.37842176,90118.97471742576,628090.3562095775,896211.9878512564
2024-08-04,1368816.7348565962,913124.4371119065,135015.4850888219,52329.52033796519,179667.39735071125,88679.8949671914,599202.328736115,858356.1407728214
2024-08-05,1364536.2092503114,913124.4371119065,132330.5889222059,51674.36441430328,179667.39735071125,87739.42145118433,561538.164166138,797424.4606858778
2024-08-06,1366670.7469691818,913124.4371119065,132288.40670507916,51656.64730761204,179667.39735071125,89933.85849387282,581639.3492707632,827596.3827813232
2024-08-07,1367499.3800196687,913124.4371119065,132288.40670507916,51656.64730761204,179667.39735071125,90762.49154435992,581267.8153256654,812725.6750193177
2024-08-08,1374245.7530084492,913124.4371119065,133453.19118320633,52110.68571702282,179667.39735071125,95890.04164560234,635840.6814710142,911425.1623792807
2024-08-09,1376824.0876493133,913124.4371119065,130774.27447692571,51692.22694042981,177664.83561942392,103568.31350062728,630123.3971096764,899166.1675604895
2024-08-10,1377775.2716161606,913124.4371119065,131072.4878616698,51782.577980556154,177602.3810857328,104193.38757629563,634921.201161082,900136.5092952731
2024-08-11,1374806.2286917714,913124.4371119065,128895.78372910376,51210.43184936937,177602.3810857328,103973.19491565903,610898.1465528221,867254.8535296143
2024-08-12,1379039.712481005,913124.4371119065,129918.48252455702,51074.16421736637,177602.3810857328,107320.24754144221,635385.6431535211,876633.9197725726
2024-08-13,1379045.8244368704,913124.4371119065,130378.912166283,51296.50239051839,177602.3810857328,106643.59168242983,638049.9758969069,895170.3373356771
2024-08-14,1377851.9985076927,913124.4371119065,129939.58329926968,51503.16716664056,177602.3810857328,105682.42984414335,630411.8714061494,867517.5306161515
2024-08-15,1377872.1027351385,913124.4371119065,129431.42728721768,51464.157425506164,177602.3810857328,106249.69982477534,620146.4292602184,850131.342149092
2024-08-16,1377989.7887425944,913124.4371119065,129624.80512685575,51957.78135085802,177602.3810857328,105680.38406724163,624365.9966493028,869833.9121282251
2024-08-17,1379889.4609681333,913124.4371119065,129714.17781077542,52045.368006601006,177602.3810857328,107403.09695311742,632801.1853520048,878472.0824464499
2024-08-18,1378630.247178881,913124.4371119065,129598.38156015394,52090.48847120639,177602.3810857328,106214.55894988138,626057.6084314678,863776.3581246965
2024-08-19,1380377.97011149,913124.4371119065,131419.52618108864,53101.26981617061,177602.3810857328,105130.35591659162,639069.6011499582,878685.9510956468
2024-08-20,1390406.8362783717,921514.34519116,131125.0739750012,55559.451856397674,177602.3810857328,104605.58417008023,645062.5516523764,871586.8619629161
2024-08-21,1390968.9806157183,922245.4609729331,131510.66320832845,54398.70093257639,178323.44166864638,104490.71383323416,660421.3451789792,903524.3110081119
2024-08-22,1406160.098402341,934896.450264941,131354.09934607788,54645.82813078411,180848.94169343467,104414.77896710295,666822.7057781953,891808.0360120874
2024-08-23,1418781.5795074035,943318.5729689368,132096.89909495204,55057.9726484491,182525.43012311956,105782.70467194608,695765.11606031,946638.7768178665
2024-08-24,1409631.0015612482,934622.6197398411,132192.432878072,55193.906269388106,180944.58079302358,106677.4618809236,696042.3623334309,947888.8151297494
2024-08-25,1388208.644332627,920230.61293205,131537.96135779095,56072.70942523937,179086.14446602698,101281.21615151991,683308.92181286,950171.4461266408
2024-08-26,1341772.7793920138,882132.8235149025,130889.71606224883,54738.39845158645,177109.50927204348,96902.33209123272,659172.0958546671,928713.1570397761
2024-08-27,1312173.2092093045,858572.2030163285,129867.38036352904,54220.46020058002,173295.14658812198,96218.01904074493,627433.5017413363,878843.6842725837
2024-08-28,1310695.2253704446,858046.8281687525,129988.86263477939,54254.69979703481,173237.44610191917,95167.38866795853,626790.7505567856,871805.9229990642
2024-08-29,1310512.867646099,858046.8281687525,129586.24456336406,54493.6129265336,173237.44610191917,95148.73588552981,627540.8223047862,877131.1196697344
2024-08-30,1312577.488745023,858046.8281687525,129828.94282625326,54485.64635187753,175213.43933119244,95002.63206694744,632697.0679387787,873162.5206298211
2024-08-31,1311811.7802413232,858046.8281687525,129794.64798637117,54176.5697536971,175333.66631233483,94460.06802016743,626382.592843634,870953.3330616937
2024-09-01,1309260.8500356951,858046.8281687525,128997.8068869798,53909.16788164402,175600.03609619508,92707.01100212382,601533.707975265,846666.2892570588
2024-09-02,1310289.7248950934,858046.8281687525,129853.02391707982,53709.04633851212,175878.80067362855,92802.0257971206,619568.7243080409,873059.1921294945
2024-09-03,1309573.5661519147,858046.8281687525,129410.64705253266,53212.271473307264,176625.6254956663,92278.19396165607,603329.2349543766,848224.9861265904
2024-09-04,1308895.0488308484,858046.8281687525,129445.28611766481,53164.1028670153,175979.27713410897,92259.5545433068,608850.4091650202,856208.10798434
2024-09-05,1308426.1308785174,858046.8281687525,128872.8822553686,53141.07089119084,176493.0199932624,91872.3295699431,600926.075485598,829459.8727648841
2024-09-06,1304898.9519795703,858046.8281687525,127946.87873431403,52893.32312479937,174157.6905483242,91854.23140338011,578238.7190147582,796793.7587508842
2024-09-07,1306055.4887505604,858046.8281687525,127924.51862547651,53360.58651887022,174869.32403408116,91854.23140338011,588449.0918614011,799613.744104026
2024-09-08,1307641.854089308,858046.8281687525,127924.51862547651,53568.38177696849,176247.89411473036,91854.23140338011,598343.0921090433,809980.1138791415
2024-09-09,1307413.8036208241,858046.8281687525,127924.51862547651,53739.40460583045,175848.82081738446,91854.23140338011,615949.5463437112,842147.5279730826
2024-09-10,1307217.6952042552,858046.8281687525,127965.78466017566,53551.98393297993,174915.32946038267,92737.76898196431,619576.0441867538,851440.1121267109
2024-09-11,1308015.8164092202,858046.8281687525,127698.35447271331,53589.17937013296,176668.73481563924,92012.71958198218,618230.2434430628,846927.4663206992
2024-09-12,1307268.0494363224,858046.8281687525,127672.68764425193,53407.90422546823,176286.35510950917,91854.27428834082,625862.2556835876,858504.3545736809
2024-09-13,1307560.933663414,858046.8281687525,128133.09053446297,53035.776978681846,175733.67536806813,92611.56261344893,639037.8315061356,894605.1748626445
2024-09-14,1308204.558245079,858046.8281687525,129114.70937437612,52954.40448564589,175486.3912365552,92602.22497974928,635275.8340648054,886243.0087574648
2024-09-15,1306235.3334706705,858046.8281687525,127943.73323616221,52810.685116282184,175677.5803293497,91756.50662012392,616281.0414467454,874098.3041447862
2024-09-16,1306929.9338391342,858046.8281687525,128619.2285252252,52782.63894673677,175743.09464220348,91738.14355621634,609229.0453827063,859471.6962626707
2024-09-17,1307698.3645154033,858046.8281687525,128567.816709583,52929.85760736314,176415.71847348835,91738.14355621634,617927.1468389886,890724.3271622049
2024-09-18,1307677.6538959555,858046.8281687525,128603.66406466052,52859.47149358508,175997.0401970024,92170.6499719549,629600.1611020318,910532.2449032569
2024-09-19,1318522.6823895366,866712.5070145655,128702.21013143224,53095.3182953333,177226.3238278096,92786.32312039587,643823.7318100859,929596.3243669699
2024-09-20,1320961.0838539063,869273.5884423939,128601.33328370926,53180.97885344462,177354.56296176597,92550.6203125924,648790.5511376852,933325.9005275675
2024-09-21,1337478.5361641224,883870.8355959841,129175.93745786918,53429.86554427309,178424.35265396073,92577.5449120354,661432.0893535231,936307.3114217002
2024-09-22,1334964.8243107488,884264.2827208515,128711.26382851735,53124.74223601271,176901.95543778985,91962.58008757724,650757.2190936644,940056.8494254655
2024-09-23,1342769.0906509715,894404.8897277722,128085.41290871208,53215.64380262591,175439.6712607536,91623.4729511077,653861.8141964405,935346.7198357469
2024-09-24,1349274.8828207455,900448.808813088,128328.29124624704,53161.593813610256,175730.51690098774,91605.67204681254,664857.2127123063,949705.112085244
2024-09-25,1325737.2817313217,879918.1648921245,127802.94017369328,52920.05829561851,173490.44632307312,91605.67204681254,655973.2826447462,932589.9085238435
2024-09-26,1357319.4261632995,906097.3392251139,129394.83509667261,53591.88622909895,175474.55502914588,92760.81058326809,678019.8494729224,962688.2141109599
2024-09-27,1367633.7938266175,912330.802915756,129800.01769740866,54023.15686895113,177972.54412047408,93507.27222402775,688131.679852113,971692.3323228606
2024-09-28,1363649.3852445646,907431.2973235925,130123.93575248077,53701.796017135726,180049.48888486373,92342.86726649187,685319.2790039307,973124.7388031038
2024-09-29,1352934.4894240354,900655.5941326226,128688.51198882247,53699.75165773731,177901.2614637855,91989.37018106732,681413.216340342,969397.7588359816
2024-09-30,1298743.6108689865,857888.600711566,125691.0450265056,52686.05035963259,172500.7968351281,89977.11793615409,654234.5126435714,935342.2774602443
2024-10-01,1262307.3472418187,829630.8887742198,124001.6206790512,51758.3772006204,166969.70064183936,89946.75994608807,619159.7206489686,898529.5232270968
2024-10-02,1257179.5927610602,827112.7817317322,121398.56028878875,51836.32661225155,166885.16418219963,89946.75994608807,605434.752108748,895513.2656472034
2024-10-03,1257143.2256746728,826759.9653715934,121371.68604540068,52179.65012939106,166885.16418219963,89946.75994608807,608680.5481091463,897383.3326542359
2024-10-04,1257020.8349911447,826759.9653715934,121371.68604540068,52057.25944586292,166885.16418219963,89946.75994608807,623034.2897017917,916702.8775559429
2024-10-05,1260227.271165585,830285.573228804,121371.68604540068,51738.0877630924,166885.16418219963,89946.75994608807,624717.8170328314,917034.7864684947
2024-10-06,1265489.0622048615,836630.1994563205,121371.68604540068,51809.79012273788,165730.62663431442,89946.75994608807,633167.0175055376,927801.7777434817
2024-10-07,1256624.185929946,831107.1955008113,121371.68604540068,51977.815071617166,162220.72936602874,89946.75994608807,626035.4549321408,919201.6272363766
2024-10-08,1264552.006120066,839574.1204150551,121371.68604540068,52415.68793701514,161243.7517765071,89946.75994608807,625353.1334706123,917655.3920955276
2024-10-09,1252773.115535605,828564.6731401429,121371.68604540068,52480.37741734668,160409.6189866266,89946.75994608807,615424.3009531585,894764.6965284199
2024-10-10,1247708.3042530033,824291.9559275808,121371.68604540068,52287.85223827282,159810.05009566102,89946.75994608807,623302.9109092238,890221.5887189618
2024-10-11,1261361.7542424821,829573.0398356359,121371.68604540068,52399.549037622615,166216.3625989676,91801.11672485527,639467.5182380555,922280.0203801179
2024-10-12,1264604.7848335607,833643.0418227809,121371.68604540068,52707.201044941794,166475.56811348902,90407.28780694849,642117.9502195112,933326.5928458275
2024-10-13,1260400.7876385085,830014.1319233037,121371.68604540068,52718.69880569339,165106.38992039513,91189.88094371565,635434.038539425,928280.6312067496
2024-10-14,1287023.4832984738,849401.4535532935,121371.68604540068,52473.273748106105,172044.81551634523,91732.2544353283,665081.3500097534,975465.3514542822
2024-10-15,1294276.1464988855,856330.3628201823,121088.458450613,52292.278520931875,172075.51713370488,92489.52957345342,664332.8296908352,990160.7296169056
2024-10-16,1306686.320709532,861993.1774108027,121135.99790424676,52422.87089041359,179042.34071010174,92091.93379396704,668207.6792713499,998603.0892538854
2024-10-17,1302497.6814467115,857237.2071307388,120933.60647361435,52348.65558279251,180555.95816627442,91422.2540932914,663841.2590305463,995458.92587543
2024-10-18,1317917.8157671895,865584.9657297026,120628.10905505475,52257.14604803551,188298.54925482647,91149.04567957015,673881.6633321409,1010508.3094417417
2024-10-19,1323398.135810501,864673.0289761528,119644.70675998955,52132.52185477485,194821.4144051275,92126.46381445628,679777.7387595744,1009680.412188983
2024-10-20,1334331.9284029044,871301.2730498891,123508.64447066667,52341.579105302146,195189.3397503033,91991.09202674306,691128.3697748822,1019117.6331657935
2024-10-21,1316127.4712500055,859241.356374502,121186.5129089603,51479.8508218891,192394.72178994634,91825.02935470775,677384.7998907292,994986.5340492567
2024-10-22,1309329.2932773833,855611.0209269656,121843.59081604004,51610.87112015279,188266.25506374455,91997.55535048038,672916.5466752717,994891.3402884866
2024-10-23,1291221.816616358,846093.4551273715,116346.94541865177,51628.38274838163,185305.75286908954,91847.28045286362,659249.8591652873,981167.4000312255
2024-10-24,1310682.1720874417,859272.6097985251,120217.2696990878,52071.122566447855,187781.1958222787,91339.97420110219,669494.2952466118,1006701.7128747028
2024-10-25,1275553.105046074,843084.5416799538,115114.11762304453,51421.19726721865,175539.7321090068,90393.51636685009,638642.6150168519,984272.2166552292
2024-10-26,1282524.141938107,848147.8724078469,114847.10246288781,51679.42950550679,178493.7130693444,89356.02449252142,644314.0937234333,989770.6082773128
2024-10-27,1297529.7213879807,855058.8580514779,116691.51793922608,51571.701347398455,181947.6414153485,92260.00263452982,657307.0082471347,1003278.7760101616
2024-10-28,1323278.947610159,870083.8162835435,118616.77984800942,51584.12032835094,190823.61438621205,92170.61676404311,669996.8223071789,1032499.5682025424
2024-10-29,1354282.3201915137,887699.9312682814,123636.03746084886,51807.00467938655,198829.25777469948,92310.08900829761,691313.4327932788,1074042.125402634
2024-10-30,1342526.164804444,880775.5608101855,123080.90632567347,52118.46439548127,194287.6349145784,92263.59835852539,686588.1031592389,1068415.6549024235
2024-10-31,1306456.7939756876,859743.8696384074,115812.44715876122,51494.43566810481,188467.58977365756,90938.45173675664,659310.7369302586,1037040.1375117131
2024-11-01,1299346.4441418878,854517.4518334405,114240.90223847212,51399.455702954896,187387.58630539518,91801.04806162514,658706.0575307062,1026218.2800146095
2024-11-02,1290534.861457124,846697.886456573,114193.22411596273,51276.390364395185,187445.1213733983,90922.23914679476,652095.0977111591,1023364.8903054156
2024-11-03,1277142.6625241127,839247.5642532827,111577.68542893326,51193.23989955084,183858.3601510137,91265.81279133247,639234.4760039138,1015268.9205712622
2024-11-04,1273182.4804256733,832733.1109255006,111499.75510284955,50972.124316227004,186932.08783140912,91045.40224968697,631091.3206609401,1001539.0956087898
2024-11-05,1286176.6738131938,839520.3472827527,111499.75510284955,50711.52931512777,192383.76139803464,92061.28071442913,648741.3532009289,1024403.0215365052
2024-11-06,1347416.679603412,879234.2990506998,115597.77170590818,50934.680512882274,205686.49968509778,95963.42864882418,701854.8066256001,1117148.0526205134
2024-11-07,1380915.2849009435,910748.0659949762,117180.29544033394,51217.37453858525,204763.86793004657,97005.6809970018,717800.1114211159,1121073.497155544
2024-11-08,1441575.5507903253,959023.4320904596,121595.80323428802,51247.77969869085,210014.17695647338,99694.35881041351,734372.6971665374,1130535.0646578365
2024-11-09,1519855.5884769128,1024704.775034794,124706.89324392236,52371.34634637228,217356.25495781066,100716.31889401354,759673.8332439866,1133982.117275106
2024-11-10,1676323.2468043524,1145624.3498463002,130848.4328439284,54143.18507245115,244195.1513370901,101512.12770458242,811273.8449582625,1188559.9888363667
2024-11-11,1754397.7763416022,1195217.4709144528,136494.63287896733,56059.93692869411,264429.334393912,102196.40122557603,854794.37419118,1310072.6898114895
2024-11-12,1712979.9245003317,1160508.4619617574,128706.21552497146,57516.6969789657,268688.8810994067,97559.66893523054,849444.2263184402,1299059.521701832
2024-11-13,1717030.108531404,1172215.5609638484,126274.10195390577,54137.57983792294,271209.0447188343,93193.82105689254,829738.4328642057,1337878.8450256374
2024-11-14,1699351.5484730292,1162496.9804896207,129713.75810979068,55000.755804605236,261523.76350315197,90616.2905658605,821539.0718858943,1288641.4011367706
2024-11-15,1802610.3180478374,1243684.432178081,139046.97009132412,58546.464246734016,268044.84832561185,93287.60320608644,872389.3510855925,1344995.415194437
2024-11-16,1890932.3060482512,1287901.4938977507,156047.93158038118,74867.29073799678,271549.11846915795,100566.47136296458,968980.5902872646,1337499.4546190773
2024-11-17,1849790.8837812836,1260824.1420092422,151081.5551355758,73109.972126831,267913.0306739205,96862.18383571412,927645.4030288439,1326974.3708828231
2024-11-18,1880714.7950235303,1282999.5595545825,156885.43104028984,73827.30193224398,268985.5659030973,98016.9365933165,974633.4542259916,1337265.5664335245
2024-11-19,1889982.5847413302,1292475.764199175,154805.39746825452,73636.64075868209,273100.8948155266,95963.88749969212,962906.6907836696,1363867.5494205244
2024-11-20,1930396.4916967445,1339553.0995566125,153926.05707916204,74326.60941814071,268461.2379700881,94129.48767274107,950207.4193737311,1393342.9993462625
2024-11-21,1975791.4735444013,1368116.7269455441,162401.64986997112,76192.22603904156,271272.1256768499,97808.74501299458,1008494.6024501435,1454861.2460791152
2024-11-22,2128761.670324647,1495968.4041633774,172716.16586009512,81628.4491154439,278741.77861929155,99706.87256643876,1081529.5729859117,1462141.664902816
2024-11-23,2175187.3874678244,1522322.8903502328,174685.6525838237,91249.28788931543,282850.90928946226,104078.64735498982,1155897.2767005945,1444117.2743862781
2024-11-24,2157645.0334874666,1499561.9699108247,174466.38882102494,91738.84866591905,283401.1990815866,108476.62700811107,1174410.1697792124,1447610.827713354
2024-11-25,2075226.5140253992,1440630.0244686564,172446.59523553666,90008.38295043756,268206.4077336291,103935.10363713955,1121332.828053412,1375070.2973470856
2024-11-26,2075348.355585095,1443730.7272002469,171755.2362940443,87848.32511242828,266644.81822991883,105369.24874845687,1112525.8833695608,1358573.1609124308
2024-11-27,2135210.8741826727,1478463.7717809596,177594.7557614235,91043.34426615163,277706.8199940804,110402.182380058,1186794.2424441774,1417314.403717459
2024-11-28,2141456.660210221,1487221.063941289,178851.64087475959,91220.24918594219,274297.869373213,109865.83683501736,1182615.4870060557,1412734.949199343
2024-11-29,2181242.2952234596,1506874.2725037811,190004.0339580138,93082.7458553943,279520.73055499635,111760.51235127426,1235249.5369942086,1439453.7031995545
2024-11-30,2202216.976971763,1507571.9647440023,197062.3103620122,92048.740599595,284341.1722735822,121192.78899257178,1265201.2821669974,1424500.0903258964
2024-12-01,2290292.611267078,1555441.3445183767,209875.9540303819,93768.82589663805,311014.41760911845,120192.069212563,1332962.639696724,1436769.5853049664
2024-12-02,2365009.0171654047,1578255.1126234008,237396.71846966355,93063.3506248098,327714.23457355157,128579.60087397935,1422216.7374632177,1415878.4202595383
2024-12-03,2463183.6786292978,1645141.6409261816,230327.9366841759,95310.74619580859,364395.8941739382,128007.46064919354,1565576.4969144317,1417899.7588064126
2024-12-04,2454558.1475948584,1639078.2652248796,225702.34361314742,97058.79758044248,364230.54472713044,128488.19644925855,1552045.2925164888,1458757.4978608426
2024-12-05,2448108.8757735165,1619758.1031742422,223133.21293739535,97060.85861841629,380957.40205821954,127199.298985243,1539465.3953182716,1426634.5075219276
2024-12-06,2495040.841540469,1663829.6487219671,229958.3309193392,98072.69774588886,374337.9581700055,128842.20598326827,1585576.1955538841,1475774.5653088673
2024-12-07,2494229.114152268,1666250.0138994416,233760.57624661687,96313.57565360288,370926.774100156,126978.17425245096,1579881.438425725,1475813.3351314357
2024-12-08,2485330.7121634143,1647230.323730348,236439.63538790587,95576.88256224674,376890.9058445377,129192.96463837598,1598744.5191041338,1495200.900302202
2024-12-09,2214912.359818217,1474542.78842995,215173.08238111393,84018.87257433063,330938.5482998441,110239.0681329785,1355915.161122665,1439028.273628694
2024-12-10,2215391.2613071795,1473440.0678628709,218105.83432694248,83359.76034477513,330510.3671840232,109975.23158856753,1347078.9871245688,1427843.525976897
2024-12-11,2267612.8355458295,1509693.039074451,221597.26803057673,84472.60137823237,339634.00237849884,112215.92468407062,1431226.9392011461,1494270.6553333187
2024-12-12,2278489.427829925,1515053.8506832814,228239.6900671812,84628.10427162543,339588.87422917446,110978.9085786628,1446857.435767599,1477580.708263213
2024-12-13,2288499.017852861,1521722.081010825,229077.7082649058,84813.85492551052,341784.03601404175,111101.33763757825,1463069.589812011,1498498.0660161497
2024-12-14,2258712.896782022,1496172.5112103065,228863.52712642285,83391.68902626766,340392.8804605886,109892.28895843647,1422326.5584812122,1497223.6234855966
2024-12-15,2280104.662894842,1510347.2769326628,230009.97393537403,84066.13714925801,345141.03722626995,110540.23765127755,1458150.1254878598,1540435.0138517716
2024-12-16,2278877.596204588,1515645.9759322228,229660.37469953886,84698.75597416781,339369.7661406361,109502.72345802265,1435765.7246130402,1566001.2887215924
2024-12-17,2272847.7839794415,1513375.2520736204,228872.33557179398,83054.64555517661,339027.7676159994,108517.78316285106,1418644.6537369606,1567638.9675659689
2024-12-18,2209024.5980592705,1472271.0178050979,217227.31973029085,80202.26459576207,333377.37096370495,105946.6249644147,1296894.269788673,1477559.1310107715
2024-12-19,2172931.858943361,1451033.9717552704,213377.72057296804,78815.67732295206,325372.00458563317,104332.48470653713,1207931.5636807203,1439888.3636805494
2024-12-20,2186425.3865870535,1458857.3778298625,214596.9718653838,78721.17595775043,327834.62278051063,106415.23815354635,1240336.6118184633,1443801.923418781
2024-12-21,2165274.225425483,1448070.432114575,212046.58292375086,77960.60154515204,321757.79587058624,105438.81297141888,1199061.2690425052,1435956.3421220472
2024-12-22,2151616.768502088,1432680.3379556523,211093.36441899146,77934.73135414813,323288.2045880218,106620.13018527426,1192895.1888921415,1404648.2103753246
2024-12-23,2191445.061363153,1458957.2944754488,218053.1355535125,77934.73135414813,326111.62975828943,110388.27022175421,1261099.1364183843,1398464.3082893193
2024-12-24,2210196.601132543,1464546.7608779387,222758.23685432484,78328.63681055671,332238.26564737957,112324.70094234319,1305905.2069492366,1457392.2462518339
2024-12-25,2213778.704722599,1469319.439741605,218496.63874509698,77266.5024598666,335179.798295167,113516.32548086352,1297531.5607348187,1466595.1174975848
2024-12-26,2170396.532244675,1448326.033037066,209342.63626213628,74913.91964419647,326997.04103198746,110816.90226928845,1224248.0426944129,1414847.6737565566
2024-12-27,2160874.9190692026,1444423.263463444,205903.9277931731,75551.81361912064,326687.63388972107,108308.28030374345,1212033.658781076,1390763.767668086
2024-12-28,2194614.2055267603,1468014.4500062324,207824.27702205232,75436.46773411824,334216.2940423273,109122.71672203035,1246433.54239943,1405519.4929057192
2024-12-29,2157358.619909517,1443816.7705882096,203236.0552077879,75358.15582150282,327167.1786106967,107780.45968132016,1202665.3400230336,1381390.5861303394
2024-12-30,2154516.2262841878,1448093.9666383124,201344.71678337935,74693.72168261069,323886.5591896906,106497.2619901945,1193532.2933159315,1368289.8476935867
2024-12-31,2152984.984411286,1448477.1764861234,200012.87501351218,74876.91429020115,324120.90000193485,105497.11861951472,1187612.7794527116,1379898.524893347
2025-01-01,2175845.1093286434,1456014.298124208,209869.0309224427,75041.95799933636,327878.08220637497,107041.74007628132,1248941.7393406937,1394528.4789803864
2025-01-02,2199638.2705259616,1470700.5245580678,212991.21783801066,77000.232629095,330551.0428399309,108395.25266085728,1280437.159932965,1430966.4582620412
2025-01-03,2227005.061986177,1480163.6492274178,219348.57983009188,78757.8955316052,338240.2365543988,110494.70084266378,1353472.8445971345,1448993.3872788663
2025-01-04,2216443.9944679635,1472451.5926889456,219344.97949098275,77893.83428763895,337358.56155034894,109395.02645004704,1348165.6765570801,1450895.6470849954
2025-01-05,2216907.7425618293,1476447.5549130056,218197.7066981481,76039.52032000458,336220.1110119874,110002.84961868361,1348844.354214762,1452058.510989288
2025-01-06,2243307.012230067,1492475.977193668,220513.01055274924,77239.4143080667,341873.5724803431,111205.03769523991,1371852.5801600157,1507637.8209138506
2025-01-07,2152969.85517021,1445473.2606091294,204234.62217340624,73095.92465592026,326109.00132028456,104057.04641146916,1253416.4097225827,1431495.6201855463
2025-01-08,2143083.974611736,1437786.8263419066,201234.4956692066,73027.08609488902,328683.59023078525,102351.97627494851,1235840.1832888052,1403741.1580681559
2025-01-09,2112766.062825639,1421552.996120614,197356.27288012527,73027.08609488902,318519.9897694081,102309.71796060215,1196392.8523652744,1365938.9656548824
2025-01-10,2133805.24156934,1434526.6840896616,199937.6986776501,73027.08609488902,324004.05474653724,102309.71796060215,1232672.9953550503,1398688.9655647366
2025-01-11,2134646.715597203,1436140.7802284649,198615.69783419662,73027.08609488902,324553.4334790503,102309.71796060215,1248815.4614430391,1396697.1659302951
2025-01-12,2119304.408313247,1424170.372564414,196482.69298032552,72001.64401968264,324339.98078822246,102309.71796060215,1229133.2384733509,1395542.8406178774
2025-01-13,2113775.867845439,1420012.7015744343,193299.11839479426,71982.3104169438,326172.01949866454,102309.71796060215,1205015.0388854328,1395957.654642082
2025-01-14,2136936.66152777,1433341.0581248866,197396.25425070836,72342.20727670082,331547.4239148723,102309.71796060215,1249632.5816874825,1425755.3787179184
2025-01-15,2187035.5180126545,1456979.0477478155,208442.50324348276,76777.50841946696,339482.6251934763,105353.83340841302,1352085.1433623491,1484396.6969207323
2025-01-16,2189595.0380558586,1450160.3575830308,211995.1084443285,76131.92789600574,345993.98647134064,105313.65766115296,1360338.3366258463,1473355.2591487854
2025-01-17,2236609.7851736555,1475772.427390944,217521.11833309403,76328.81647797974,361673.7653104849,105313.65766115296,1434022.7809461248,1542847.512215629
2025-01-18,2205805.3916417053,1468676.2741559374,211593.69147083542,74473.11047681772,345748.657876962,105313.65766115296,1371139.8611102651,1542050.423125447
2025-01-19,2149615.6219636784,1437555.3153820694,207377.24771370465,71937.98222643937,327431.41898031224,105313.65766115296,1266141.1024745065,1493038.559603011
2025-01-20,2159664.0809206422,1441739.0805726885,211474.01833715593,72497.55376966344,328639.7705799816,105313.65766115296,1291865.5048399619,1506730.6532203052
2025-01-21,2196193.663620655,1466518.3264437239,216601.74843637788,72295.29092080527,335464.64015859494,105313.65766115296,1324534.870844515,1567722.6226890697
2025-01-22,2183277.052815208,1455455.7955048266,212654.92397990852,71729.991443112,338122.68422620837,105313.65766115296,1300320.4260971618,1530899.48368202
2025-01-23,2181971.915346486,1454588.0398050447,212909.9467180732,74119.67810465103,335040.59305756417,105313.65766115296,1307399.052312529,1535435.20676337
2025-01-24,2176879.2511439174,1453871.515416078,211260.0432486894,72184.9241835106,334249.11063448613,105313.65766115296,1291572.3597518823,1548126.785108376
2025-01-25,2179331.555227649,1456410.3667966472,210600.67992106793,71829.92621504031,335176.92463374074,105313.65766115296,1297426.083347713,1546578.4153195585
2025-01-26,2150147.7398205698,1436479.7689469617,207863.71154219078,70367.2916846431,330123.30998562113,105313.65766115296,1260333.5759894338,1516564.6879465564
2025-01-27,2148773.5301830354,1439930.7248010065,206010.51663893205,70338.55292659967,327180.0781553441,105313.65766115296,1243939.6553531634,1507779.630770804
2025-01-28,2129543.509415634,1427472.6040459264,201591.04393929517,69100.23870132478,326065.9650679346,105313.65766115296,1201580.8435504378,1496625.5758952065
2025-01-29,2152633.260661217,1445858.0856840338,204514.88368266722,69085.68674136678,327860.94689199596,105313.65766115296,1225205.4479445843,1531640.0334476235
2025-01-30,2172765.6193288397,1454628.6619634174,207920.93749487298,71732.30450445821,333170.0577049383,105313.65766115296,1281566.9742899032,1546883.4968995294
2025-01-31,2164843.9589054827,1443030.6861685417,209141.0595132823,71171.12965349118,336187.4259090148,105313.65766115296,1279979.619618406,1512466.510005619
2025-02-01,2125277.7147798254,1422867.0228782669,199052.96169282345,68744.07931490637,329299.9932326755,105313.65766115296,1206490.4862249235,1486633.0002873817
2025-02-02,2058059.1340668548,1375342.7464154891,189104.4904538812,65336.652361335044,322961.58717499644,105313.65766115296,1079739.932736083,1442813.062170538
2025-02-03,2074726.496185373,1389478.830725285,189001.2444259443,65830.04422238447,325102.7191506064,105313.65766115296,1099073.6156322036,1497702.9384943708
2025-02-04,2056909.0059628508,1375307.5437638434,189001.2444259443,64873.309262377494,322413.2508495326,105313.65766115296,1036568.068208707,1445513.5649306157
2025-02-05,2055099.351275057,1370355.050599685,189001.2444259443,64861.06169778707,325568.33689048764,105313.65766115296,1021672.1342454694,1426957.589376662
2025-02-06,2052856.2872753388,1370262.55233578,189001.2444259443,64861.06169778707,323417.77115467424,105313.65766115296,994694.5108794044,1426630.4689987428
2025-02-07,2044688.3262210705,1370011.9300164378,189001.2444259443,64861.06169778707,315500.4324197483,105313.65766115296,996390.4579480264,1425682.1083687185
2025-02-08,2048301.9053584468,1369829.7535639552,189001.2444259443,64861.06169778707,319296.1880096071,105313.65766115296,1019453.0153416106,1424993.3670862494
2025-02-09,2051098.2116483757,1369876.5689465075,189001.2444259443,64861.06169778707,322045.67891698383,105313.65766115296,1016386.6192694254,1425253.909524818
2025-02-10,2055139.1601675586,1373269.6981766901,189001.2444259443,64861.06169778707,322693.4982059841,105313.65766115296,1046208.6954842007,1439099.697795865
2025-02-11,2048564.1584205665,1366999.1951420659,188578.8669504722,64473.05379043812,323199.3848764372,105313.65766115296,1047263.1178845516,1414137.470608022
2025-02-12,2052336.804786265,1366510.838268592,190672.49050914423,64634.83926438635,325204.9790829894,105313.65766115296,1085556.2615802817,1445720.9142495294
2025-02-13,2034503.1065592621,1346502.8034030206,194677.8392267023,63961.24188374758,324047.5643846387,105313.65766115296,1074380.7805139401,1427081.9758907347
2025-02-14,2035007.176310891,1345521.2730192884,193984.50896985194,63943.50649991838,326244.23016067914,105313.65766115296,1094092.4013559779,1440154.444665198
2025-02-15,2036707.7370964647,1341342.0793327063,199339.43560620793,64005.739808565966,326706.82468783145,105313.65766115296,1084896.7816778806,1441208.7299890243
2025-02-16,2032977.3207115987,1343419.5719838052,193673.74767154682,64173.26689831058,326397.0764967831,105313.65766115296,1074954.8517108832,1420452.9131634552
2025-02-17,2038952.6753416664,1349832.2412148714,189616.15377727716,63641.069323327436,330549.5533650375,105313.65766115296,1079969.2369191449,1414520.7841513897
2025-02-18,2014854.7697172647,1323580.8105241216,192741.81444403064,63359.1745607413,329859.3125272181,105313.65766115296,1048188.037436839,1411067.154510649
2025-02-19,2018961.201210913,1322691.505446294,196007.5355667584,64119.26580414408,330829.2367325635,105313.65766115296,1079481.1997426176,1427255.4016149014
2025-02-20,2010145.5768887494,1322691.505446294,191657.8560346376,64478.519556042425,326004.038190622,105313.65766115296,1090217.8988222806,1452338.78449827
2025-02-21,2009660.4358680765,1322691.505446294,190399.26205974276,63298.42151313234,327957.5891877544,105313.65766115296,1050112.7881444492,1419722.0558534937
2025-02-22,2009731.0836440423,1322691.505446294,189523.7705574982,63594.61872731434,328607.53125178267,105313.65766115296,1071508.5465019993,1426400.965495504
2025-02-23,2012647.6010152171,1322691.505446294,191216.4193350279,64078.027034001716,329347.9915387404,105313.65766115296,1074262.2021610346,1421913.473919611
2025-02-24,1999841.044218078,1322691.505446294,184379.1691632083,62628.214758843664,324828.497188579,105313.65766115296,968493.8356064348,1350196.6868965398
2025-02-25,1994838.9892644265,1322691.505446294,184320.78391113618,62601.534919511716,319911.5073263314,105313.65766115296,970597.3976861419,1310585.0053239968
2025-02-26,1993761.9272013707,1322691.505446294,184320.78391113618,62601.534919511716,318834.44526327564,105313.65766115296,962505.0152129775,1245759.669648801
2025-02-27,1992661.9870066126,1322691.505446294,185346.06865044666,62601.534919511716,316709.22032920714,105313.65766115296,965000.2103790458,1251035.3655638709
2025-02-28,1996838.4615252432,1322691.505446294,185927.31420609614,62601.534919511716,320304.4492921883,105313.65766115296,968373.5516179116,1246143.4447376756
2025-03-01,1997890.0588923148,1322691.505446294,184202.79030109395,62601.534919511716,323080.5705642618,105313.65766115296,977289.1340325554,1270644.5879642607
2025-03-02,2001985.6530491032,1322691.505446294,185476.61523603657,62601.534919511716,325902.3397861078,105313.65766115296,1113780.1604390186,1391996.901875783
2025-03-03,1925142.3604439683,1280071.5836391435,166192.3901442993,60359.287917851,320864.9418143431,97654.15692833168,971375.6712298435,1271143.172497943
2025-03-04,1926711.1201540509,1279321.1590330529,166078.0497118557,60336.23578922615,323383.45353299315,97592.2220869229,980430.0821799687,1288224.394771408
2025-03-05,1928242.0668655282,1279321.1590330529,166078.0497118557,60456.42121870982,324794.2148149869,97592.2220869229,1025779.0648038739,1338460.7385232898
2025-03-06,1928367.218303851,1279321.1590330529,166078.0497118557,60012.97769660811,325362.80977541144,97592.2220869229,1013162.451406648,1328685.7816219043
2025-03-07,1920715.6017800234,1279321.1590330529,163380.31297295052,60457.200833726325,319964.70685337094,97592.2220869229,987057.426051501,1281142.0943564859
2025-03-08,1922299.2525714885,1279321.1590330529,163348.35361517002,60472.02949500554,321565.48834133707,97592.2220869229,977215.4416726321,1272456.500237441
2025-03-09,1916689.7949413646,1279321.1590330529,163348.35361517002,58943.34898040111,317484.71122581756,97592.2220869229,896495.3226148848,1190433.517434699
2025-03-10,1912222.98721416,1279321.1590330529,163348.35361517002,58911.94989016468,313049.3025888492,97592.2220869229,847647.4075046548,1159874.9355909617
2025-03-11,1912123.390995393,1279321.1590330529,163348.35361517002,58911.94989016468,312949.7063700824,97592.2220869229,883107.7393979004,1223829.7964404002
2025-03-12,1910614.7638645712,1279321.1590330529,163348.35361517002,58911.94989016468,311441.0792392606,97592.2220869229,898858.4314068151,1236533.721127712
2025-03-13,1910522.2501426372,1279321.1590330529,163348.35361517002,58911.94989016468,311348.56551732664,97592.2220869229,886279.4973534095,1197311.122417371
2025-03-14,1910522.2501426372,1279321.1590330529,163348.35361517002,58911.94989016468,311348.56551732664,97592.2220869229,911251.6732712182,1240177.9690627465
2025-03-15,1910522.2501426372,1279321.1590330529,163348.35361517002,58911.94989016468,311348.56551732664,97592.2220869229,925613.4392949393,1245701.8610740788
2025-03-16,1908907.0173348023,1279321.1590330529,163348.35361517002,58911.94989016468,309733.33270949166,97592.2220869229,894703.4104399844,1219657.0789001202
2025-03-17,1908821.8762504712,1279321.1590330529,163348.35361517002,58911.94989016468,309648.1916251607,97592.2220869229,924459.2554313919,1241752.1853999428
2025-03-18,1902852.6846135424,1274714.0042215658,163348.35361517002,58911.94989016468,308286.15479971893,97592.2220869229,927056.2206398589,1221707.2640411672
2025-03-19,1892226.970195587,1265274.831183868,163348.35361517002,58176.81195639481,307834.7513532314,97592.2220869229,962853.402576475,1282789.6964292575
2025-03-20,1902223.0459994709,1276368.9345823892,161564.11134224694,58148.211781684906,308549.5662062267,97592.2220869229,938993.827741484,1243103.7060301253
2025-03-21,1906911.019910069,1281319.0528213196,160700.16714093194,58148.211781684906,309151.3660792097,97592.2220869229,920858.2386122,1241272.9857775446
2025-03-22,1898537.2195624334,1272652.6564824,160553.49148755902,58148.211781684906,309590.63772386673,97592.2220869229,924824.6167995633,1238160.2074935492
2025-03-23,1895868.8292627449,1269227.2978982143,161535.5094225786,57318.968374061944,310194.8314809671,97592.2220869229,933902.9227757099,1270976.3237972474
2025-03-24,1910671.53799307,1283163.2186526458,161727.22468145014,57292.218433843176,310896.654138208,97592.2220869229,957455.0178517859,1292311.380233806
2025-03-25,1903643.845767019,1275887.435782142,161772.30645617715,57292.218433843176,311099.6630079339,97592.2220869229,969474.2073990847,1291909.489483791
2025-03-26,1890127.730731711,1262972.0056629328,160310.83809510426,57292.218433843176,311960.44645290775,97592.2220869229,961358.8147385123,1283478.7838708567
2025-03-27,1910677.873976135,1282984.6189457255,160158.53338991746,57292.218433843176,312650.2811197259,97592.2220869229,958462.0776846148,1287558.3846051467
2025-03-28,1887300.5326870873,1263797.2669495705,158327.2295731364,57292.218433843176,310291.5956436142,97592.2220869229,915489.7382362864,1245850.1325681268
2025-03-29,1869758.082629513,1246971.6601730527,158294.68796338706,57292.218433843176,309607.29397230706,97592.2220869229,885813.2977500592,1219921.4290891194
2025-03-30,1869529.3136163882,1245940.3583284926,158294.68796338706,57292.218433843176,310409.8268037423,97592.2220869229,885997.6701728854,1216036.139013177
2025-03-31,1868515.197658754,1245940.3583284926,158294.68796338706,57292.218433843176,309395.7108461081,97592.2220869229,887248.1959308768,1219202.571962334
2025-04-01,1869165.9157160074,1245940.3583284926,158294.68796338706,57292.218433843176,310046.4289033616,97592.2220869229,912581.8269417945,1257902.3549998875
2025-04-02,1872527.5487902462,1245940.3583284926,158294.68796338706,61358.698687564596,309341.58172387915,97592.2220869229,876974.6297313599,1218269.096174903
2025-04-03,1874946.4740164606,1245940.3583284926,158294.68796338706,63676.40957054621,309442.79606711195,97592.2220869229,887789.4416395676,1227383.5814561085
2025-04-04,1871837.3079318088,1245940.3583284926,158294.68796338706,60469.0550371848,309540.98451582127,97592.2220869229,892982.8251296437,1238327.4023533745
2025-04-05,1869761.8277593753,1245940.3583284926,158294.68796338706,59092.41530140282,308842.14407916996,97592.2220869229,880366.9420913215,1233320.4413096183
2025-04-06,1863134.038584513,1245940.3583284926,158294.68796338706,57305.328611933306,304001.44159377704,97592.2220869229,802810.4678462899,1155185.4024694823
2025-04-07,1864704.6173033847,1245940.3583284926,158294.68796338706,58952.1108715508,303925.23805303115,97592.2220869229,809598.0345732778,1170262.8249253298
2025-04-08,1861408.552265337,1245940.3583284926,158294.68796338706,55656.0458335034,303925.23805303115,97592.2220869229,784767.2451045505,1126495.2722235038
2025-04-09,1862268.194950504,1245940.3583284926,158294.68796338706,56515.68851867027,303925.23805303115,97592.2220869229,857414.8300124948,1219572.3852996286
2025-04-10,1857845.4144596248,1245940.3583284926,156908.25609065415,54125.78780262349,303278.7901509316,97592.2220869229,822490.5144096409,1176034.7976465481
2025-04-11,1857722.6766549442,1245940.3583284926,156874.93634404227,54095.292586961536,303219.86730852484,97592.2220869229,847036.1412781682,1231844.0726198559
2025-04-12,1857871.0531962994,1245940.3583284926,156874.93634404227,54243.66912831669,303219.86730852484,97592.2220869229,882059.7486666674,1259644.227742416
2025-04-13,1844115.2547279303,1233756.7989887,156101.4833054338,53444.88303834874,303219.86730852484,97592.2220869229,852443.1185532723,1235981.5973152448
2025-04-14,1838134.6706807092,1232813.6882386717,151201.8473654862,53307.045681103256,303219.86730852484,97592.2220869229,852150.2045343816,1248645.136770715
2025-04-15,1830542.6340459536,1226056.7845958648,150164.1592102863,53221.44232320556,303508.02582967386,97592.2220869229,836799.5451007378,1235745.5167885353
2025-04-16,1832076.9849838165,1225172.3630576592,150083.18871551543,53079.68432535978,306149.5267983592,97592.2220869229,839533.813258054,1241134.5221255156
2025-04-17,1830460.7820552236,1225172.3630576592,150083.18871551543,53090.42998169465,304522.57821343135,97592.2220869229,846401.7563299843,1253864.062588453
2025-04-18,1826049.025272896,1221430.2487887065,150472.61162624438,52684.8984079392,303869.04436308314,97592.2220869229,851678.2257979447,1247292.4622767656
2025-04-19,1829927.0439046477,1225361.8210782208,150468.98521018706,52890.85522528029,303613.16030403646,97592.2220869229,865591.0643301087,1256340.3696186205
2025-04-20,1828189.6357155729,1224520.515486008,150595.71511882578,52884.53216546142,302596.6508583546,97592.2220869229,866586.6911762785,1257978.1638493736
2025-04-21,1830817.1035779314,1224520.515486008,152418.98772001558,52689.462854730045,303595.91543025494,97592.2220869229,867292.6593501823,1292606.6539717587
2025-04-22,1843780.982382689,1224520.515486008,156397.6100320665,52775.617746034564,312495.01703165687,97592.2220869229,922905.6471865403,1380085.9123690922
2025-04-23,1850613.9701087766,1225180.8228872847,161022.19893001256,52847.68164431675,313971.04456023953,97592.2220869229,934320.9112250509,1383884.8934352696
2025-04-24,1852714.6306399065,1226619.2077418081,160948.54312118547,52802.86488362508,314751.79280636477,97592.2220869229,941321.499931344,1387498.7947532346
2025-04-25,1858462.3718192915,1231200.4686813157,163252.48711083925,52612.914424167066,313804.2795160465,97592.2220869229,947517.6806941177,1398970.2775511092
2025-04-26,1856670.5929476414,1230753.7748399584,159859.54477581134,53085.31004221016,315379.74120273866,97592.2220869229,949484.320597796,1397883.6840418093
2025-04-27,1847022.6574303398,1225440.8463372206,156478.23367018727,52514.89412471038,314996.4612112987,97592.2220869229,932208.5630222388,1384708.0598465842
2025-04-28,1877995.5630560794,1232635.02075993,160453.05192326434,52962.65290630594,334352.6153796565,97592.2220869229,958834.4533592424,1402784.48961901
2025-04-29,1876383.228986491,1228473.4916265493,157845.99181629458,52593.62162265792,339877.9018340662,97592.2220869229,947498.083685073,1392535.0639366708
2025-04-30,1879070.2537645067,1228007.119827497,156397.5350223094,52625.719492148506,344447.6573356289,97592.2220869229,944534.1154451813,1391390.7772390253
2025-05-01,1897697.773412319,1241528.3537899163,158220.94463987323,52878.55734367254,345548.8995598402,99521.01807901672,962908.8742330128,1425139.3308527642
2025-05-02,1912247.6650485254,1244048.813787259,161090.13263794087,53306.40030367977,355109.66612008103,98692.65219956501,970232.5314812026,1431309.0404144365
2025-05-03,1887372.1070923987,1235462.9072608387,155401.2768394734,53229.93649872081,347201.36000209244,96076.62649127327,948645.1921384908,1416269.695462897
2025-05-04,1865629.0383760636,1219819.7604869101,152201.491656541,52881.32648589571,344869.83653406997,95856.62321264658,929795.4246936088,1392995.6863524215
2025-05-05,1868171.1561469072,1224156.1614088234,150763.66790238494,53057.51182540596,343233.60532553616,96960.20968475686,928320.2665732526,1399377.2453016986
2025-05-06,1890995.6610163723,1235098.4094772295,153956.5962263525,52712.48080559532,350645.6202457387,98582.55426145617,939551.5592485949,1429719.939234647
2025-05-07,1895088.0356688572,1235919.3365843263,155887.34832058448,54525.40363227827,347621.694308032,101134.25282363583,953573.3601652388,1433114.6064368985
2025-05-08,1995426.1592594988,1288305.6081539467,171484.6865795246,55664.133879917914,376811.15115790314,103160.57948820644,1047204.2699470988,1524820.2370396734
2025-05-09,2042011.27208397,1314707.965110049,170350.77181817213,56443.59931008249,395801.23772660736,104707.69811905915,1074663.1775078515,1520823.4837238474
2025-05-10,2100000.931491837,1318790.159796263,179733.3107359468,58450.91247322632,433786.8476300401,109239.70085636053,1146346.151705559,1546307.8342662174
2025-05-11,2054162.657003711,1282831.8510062168,175386.5989796388,57414.72344275954,428122.1130358053,110407.37053929032,1118417.1127068484,1537594.3166440136
2025-05-12,2046541.0176674644,1274436.3872102755,174259.94475425707,57612.28183023445,430666.6864513169,109565.71742138037,1127813.1554170544,1518491.409664544
2025-05-13,2093994.74572212,1309662.1728966848,177929.6055065418,58276.687462373455,438921.6681953319,109204.61166118777,1148898.1075136722,1538531.4847954987
2025-05-14,2050975.718657681,1279283.6734194895,175306.8553376991,57513.28640080973,433336.0643753997,105535.83912428314,1114688.9386493154,1529220.8426739182
2025-05-15,2013691.3965085878,1261830.1233519046,167624.8229639601,56585.49576705002,423486.2545584536,104164.69986721966,1079997.5965875308,1532251.9274032163
2025-05-16,2004101.9695106677,1255918.7373094345,166737.61421542033,56320.40667909823,423791.17217633023,101334.03913038435,1077458.9694630816,1528480.523681068
2025-05-17,1979460.3267315459,1236765.6128078736,164791.58399789865,55708.99693079664,421841.1712437743,100352.96175120259,1056414.5588754525,1524076.2256827692
2025-05-18,2017085.1876323947,1257647.8731662063,168060.0831226724,56038.88861898923,431817.0335551626,103521.30916936415,1090740.2504031572,1572149.6518035766
2025-05-19,2004004.4676041752,1250668.3683166343,166753.64397469096,55787.75121164091,429631.33253699564,101163.37156421335,1070329.4881792192,1559745.8470820382
2025-05-20,2013921.8949780522,1255091.720630325,165974.16381473324,55883.14265018917,435275.94793920236,101696.91994360258,1073068.2853596378,1577246.2680620218
2025-05-21,2078930.3993215451,1285742.2261146996,168165.16245304514,56268.534264847694,464433.57008937106,104320.90639958176,1102960.462180499,1619885.5727725625
2025-05-22,2113781.0215838486,1307034.3526911412,171696.97588611828,57366.417884307964,464799.4639502295,112883.81117205143,1146302.2041421337,1649353.6379701921
2025-05-23,2040288.2309377396,1254473.2875188924,165738.78006942003,55827.465945772725,456755.98831464315,107492.70908901117,1084828.8890056193,1584582.4185056644
2025-05-24,2060598.88812469,1267578.487812772,164855.75715238965,55916.826604938324,462725.85918007273,109521.95737451703,1091867.1781227093,1592016.7627558713
2025-05-25,2079722.240066464,1274099.6532927332,165382.47167348766,55976.444583241624,469210.1166975031,115053.55381949845,1108871.0918340723,1610393.427880447
2025-05-26,2077398.720251249,1280174.259875899,164436.2585985699,56074.935246142784,462351.7455206787,114361.52100995861,1103999.5586508915,1616374.7114889827
2025-05-27,2075082.733458345,1291195.6392916346,165690.91264537242,56643.37536326445,448105.1765516739,113447.62960639993,1109903.3392420239,1609791.5725396262
2025-05-28,2057297.4241337387,1286239.9310997808,165218.15397968554,56164.44991352275,435483.47021234245,114191.41892840707,1097733.213987663,1592181.7652745394
2025-05-29,2023858.2889252184,1264520.7176545586,161131.06196221433,55981.330554063854,428896.5150771468,113328.6636772347,1073151.8086144445,1560271.3166414893
2025-05-30,1956945.2799848358,1227716.7168606834,155238.56853012968,54571.33988850149,410871.072056234,108547.58264928698,1009008.2721613104,1536002.3308048064
2025-05-31,1963037.0671119431,1231030.521797149,157188.99860079234,54461.41261695542,410155.1364707137,110200.99762633284,1017243.3711959919,1545447.7442143622
2025-06-01,1981182.7066025168,1236799.5542095501,155721.03934063506,54821.10241658341,421624.88874984253,112216.12188590576,1029838.3431863048,1560424.0882042283
2025-06-02,1993039.7701771308,1242506.7324762486,155747.4097775923,54482.57440203626,427017.3359639711,113285.7175572828,1042274.0165802278,1563812.6399285155
2025-06-03,1979296.7111648724,1236489.055441984,155351.86182068905,54559.32528785327,418940.33659272833,113956.1320216179,1042315.423909201,1557180.230996312
2025-06-04,1957534.8590012523,1235666.0772848565,155358.7996890885,54629.69848073162,402297.3554065808,109582.9281399951,1015440.2867982805,1546834.457689436
2025-06-05,1907109.2961035364,1198446.7174682717,153385.08988941525,55159.1958085393,392128.680878805,107989.61205850505,968529.8967218669,1500221.5923247845
2025-06-06,1925782.9843846022,1214776.697491739,154733.15825765938,54822.960456607194,393677.9782542447,107772.18992435216,1002500.1457191287,1541788.6114367347
2025-06-07,1940884.305408087,1223623.128862026,156394.52847932992,55727.48654680583,395450.62311933824,109688.53840058712,1025939.9999722512,1559885.349211458
2025-06-08,1940818.9238653895,1225051.6438397563,156639.41889020495,55169.22020799965,395418.1244212805,108540.51650614807,1021791.3117952116,1562514.6585771174
2025-06-09,1973682.038689648,1252336.8607628949,159176.7666284482,54121.07311431694,397495.167735304,110552.17044868405,1054605.895033262,1628983.9039610315
2025-06-10,1987169.717995031,1259158.4417494633,161506.0225850932,54772.92992156193,400375.25951567,111357.06422324263,1080245.3544763438,1628439.3956494264
2025-06-11,1963723.1233862105,1247609.968595709,158316.6868213808,53716.23646107464,394840.99128632946,109239.24022171664,1056583.9368592242,1605242.349252204
2025-06-12,1925445.7254000453,1227088.6112722796,153549.39756747973,52717.30035611532,384895.4676395068,107194.9485646641,1009393.4300227747,1564514.5352579278
2025-06-13,1922098.5119326524,1226341.3558540042,156086.33291295188,52583.06900067179,382647.18896366534,104440.56520135922,993063.7400028283,1566905.9179148504
2025-06-14,1909181.1619991558,1216264.8413243014,153922.4667608742,52656.52631782629,382986.9168547815,103350.41074137227,982319.5560442432,1557770.086153957
2025-06-15,1915635.6133397887,1218452.4434292344,157437.351714294,52806.026201184155,383634.180594592,103305.61140048408,988158.5129513073,1558945.988718816
2025-06-16,1925953.9351555235,1224883.5176699199,158103.67852037327,52834.825568241635,385973.18278699135,104158.73060999748,996803.5209308248,1577330.0385715
2025-06-17,1910493.8177947374,1215245.144675067,156358.23126905606,52679.750020598956,385083.9031342523,101126.78869576337,964302.9219481092,1544901.6204934837
2025-06-18,1907316.434963628,1213144.1996342866,155798.66962233986,52761.03274461192,383716.39424851944,101896.13871387053,973774.423212082,1549069.722578696
2025-06-19,1909181.969031383,1212371.1293055317,160369.05797995714,52846.646249232,382006.42050485365,101588.7149918087,978948.4617751428,1546130.023859737
2025-06-20,1897655.167851063,1205433.7181343026,157279.0280394006,52719.36875321358,382022.5485654267,100200.50435871899,952265.8066931887,1525826.6370171735
2025-06-21,1881492.0578658902,1191621.6284223644,156363.80099000476,52634.99432682758,381346.6708944052,99524.96323228824,923857.7317217933,1510286.2844180414
2025-06-22,1862657.5959186044,1177856.2462963676,155057.04213197707,52231.07991471243,378024.459540323,99488.76803522435,899724.4078984668,1491525.1518863307
2025-06-23,1907099.836655261,1216588.7794081273,156019.2857936971,52746.76625237341,382256.2371658387,99488.76803522435,963732.1208004802,1559326.3022163897
2025-06-24,1909387.4324585602,1218631.9558836427,154895.1577048742,52791.49100572705,382736.79014547926,100332.03771883692,972281.1645368089,1566236.330770912
2025-06-25,1917008.1712009273,1224890.541802056,157954.30736926736,52751.55410553082,382144.9071049398,99266.86081913335,962457.3017074286,1585667.396605691
2025-06-26,1911553.404155848,1220509.0658431083,158832.01278335584,52632.13617927703,382204.1256743187,97376.06367578833,947348.5070623921,1579741.03691246
2025-06-27,1915916.9281110975,1224078.5315829583,160712.77126139283,52759.814334287286,381023.7407266002,97342.07020585888,950751.743965497,1581637.873558885
2025-06-28,1918088.294591995,1227091.2240404596,159067.19487427507,52836.198041437085,381751.6074299643,97342.07020585888,965218.5720067857,1585171.8121178027
2025-06-29,1929392.3821468288,1236114.088886845,160496.27059203974,52954.88425584304,382485.0682062422,97342.07020585888,987356.1501155143,1600795.9352264127
2025-06-30,1928796.187026797,1233407.9396358535,159903.08161119692,53113.85229373463,385029.24328015296,97342.07020585888,973644.05306959,1582330.653364538
2025-07-01,1908782.4040214964,1219094.5830361226,157958.2933849743,53063.532216443346,381323.925178097,97342.07020585888,941289.1807179532,1561106.1370768496
2025-07-02,1934861.6000212952,1241144.039143289,159022.18170804888,53379.43741874115,383973.8715453574,97342.07020585888,981652.5033839813,1607792.9651089602
2025-07-03,1939146.0422283385,1246814.1306802495,157812.8427443388,53513.557463963676,383663.4411339276,97342.07020585888,997330.3002832127,1619440.9890631721
2025-07-04,1920284.094542202,1232237.1481299056,155874.3938998269,52809.706658817755,382020.775647793,97342.07020585888,964947.1652728483,1595608.394503135
2025-07-05,1921116.971395929,1231959.7469568,156189.31432853316,52844.71963151597,382781.1202732211,97342.07020585888,969353.3502009048,1598515.6696502438
2025-07-06,1931892.7713938726,1240261.6573345847,157677.32401209476,53057.677482539904,383554.0423587944,97342.07020585888,984640.6617688942,1613298.2799136457
2025-07-07,1926110.5194057312,1235080.2598300136,158040.1419283044,53019.64746681795,382628.39997473644,97342.07020585888,972421.4312351514,1599529.9159013585
2025-07-08,1929833.2567309411,1237138.4426420687,159386.441350223,53067.72818754614,382898.57434524427,97342.07020585888,995295.8198149332,1609136.293306398
2025-07-09,1950070.6880710206,1252874.3054173682,162901.79825090023,53631.07839154205,385214.21034409245,95449.29566711791,1031853.3367450369,1644232.6751862655
2025-07-10,1990960.693499238,1286237.3135568923,169837.89651944107,54355.829453591774,385110.937599895,95418.71636941767,1077551.4129400572,1713067.91822423
2025-07-11,2037112.675599434,1324200.212096943,176128.35978676454,55494.60883483041,385891.624489598,95397.87039129811,1101625.4485868474,1735662.0708032416
2025-07-12,2035666.7886760458,1321193.3894013136,175352.25423389763,57254.83762901589,386372.77534734434,95493.53206447432,1099427.9980696558,1734454.4369847928
2025-07-13,2086688.2341055362,1360824.1120187081,181122.60282425798,61977.95782727077,387228.7564071487,95534.80502815069,1130421.2924386659,1759280.2774753866
2025-07-14,2090010.6122231304,1360934.5529852821,186277.17863387082,61332.54478930457,385660.2637473576,95806.07206731549,1135973.2828959732,1770114.9428603027
2025-07-15,2095253.380900362,1365406.084090363,186400.64789235502,60377.67404771161,387015.4820566224,96053.49281331016,1142707.4251006686,1739505.014078938
2025-07-16,2134375.696408827,1389308.8915693022,193788.4227477081,61335.38725003008,393662.5691291845,96280.42571260192,1169368.2083748176,1753703.1923443994
2025-07-17,2239627.9077319945,1461690.0391856178,217288.5229804092,64856.17269237606,398347.95507515606,97445.2177984357,1214013.6813868657,1761846.1243338657
2025-07-18,2241105.226209781,1460549.4864920194,214379.64320709184,62654.230305401055,406108.41683688073,97413.44936838798,1228307.3352842086,1742843.4881157407
2025-07-19,2270662.9430660685,1478700.5518828982,216753.12024026297,64055.31651140245,413036.91002108593,98117.04441041907,1253783.6585762182,1741909.3200100497
2025-07-20,2351649.282347781,1528569.3681096693,220905.54613705707,64681.37673283123,438192.0371145698,99300.9542536539,1293230.4278932037,1732468.868214692
2025-07-21,2393318.9693212807,1569701.4290474076,224667.5181227048,64173.593664133514,435289.86204388755,99486.56644314753,1290367.263110091,1734518.1302647258
2025-07-22,2423639.24297202,1598793.6983150942,225027.9261195216,64444.94859929764,436114.74064191704,99257.92929618934,1298334.7227351547,1772267.0141719677
2025-07-23,2269259.621474709,1503305.3661422548,208188.65332720187,59762.35227690901,403224.83740831364,94778.4123200294,1220984.8233281504,1753946.1960537108
2025-07-24,2248031.798469927,1491457.6951277414,206625.80607459266,59425.70058550178,396360.6987343567,94161.89794773477,1208663.6512824977,1748230.9934298247
2025-07-25,2269927.5313381893,1510259.9453041137,207894.36536846744,59921.949979630146,397716.14664708043,94135.12403889724,1225428.0482481827,1737418.0206837263
2025-07-26,2279407.055135045,1519592.3161978142,208630.87802380286,60133.85368588849,396809.00239257555,94241.00483496438,1229867.376604347,1742018.4755223999
2025-07-27,2343473.3998001656,1574615.5206475751,212481.36251888805,60578.82024165127,400607.86046243575,95189.83592961529,1261412.2771404139,1764189.275485332
2025-07-28,2271173.7486474607,1522454.9557555323,206327.90728960853,59292.35428134586,389526.28810552426,93572.24321544955,1205545.3921792088,1741680.3934386952
2025-07-29,2251222.7279415494,1501872.7747145162,205775.09985462343,59876.99347229046,390152.7433088994,93545.11659121972,1204445.0572045557,1741646.008298441
2025-07-30,2224945.2870369046,1481257.8898570293,205062.20054201846,59006.00202926972,386074.07801736746,93545.11659121972,1189478.948540854,1740302.5647146269
2025-07-31,2192203.942707381,1461171.877333282,200724.3764235868,58397.9524509015,378364.6199083912,93545.11659121972,1152849.7719920017,1709685.7127506607
2025-08-01,2151903.733804004,1428569.2829882752,197370.37113641755,57868.510056316925,374550.45303177467,93545.11659121972,1116931.8544554994,1673676.047699283
2025-08-02,2124918.1327071832,1406153.669913755,193337.58159376198,57428.93343683381,374452.83117161284,93545.11659121972,1089601.3875709975,1661961.330419344
2025-08-03,2142785.315174139,1419594.2117677324,196913.65961065848,58279.496032915646,374452.83117161284,93545.11659121972,1128940.7508167254,1686932.9039036988
2025-08-04,2170408.7690895335,1442755.4957061473,200508.88913882055,59146.4364817331,374452.83117161284,93545.11659121972,1174983.1212609957,1699549.1349447253
2025-08-05,2136686.657876766,1419183.618689136,198031.91634678154,58581.13334114647,367344.87290848227,93545.11659121972,1139267.7212579446,1685807.0790263237
2025-08-06,2159187.916567558,1435979.8160465967,198201.6939672938,58913.09156879122,372548.1983936565,93545.11659121972,1152730.8841521598,1698901.0096668515
2025-08-07,2223057.7382775256,1472400.649158221,207178.68500103737,60010.13322632015,389923.15430072753,93545.11659121972,1207386.7672180892,1735365.2970423922
2025-08-08,2247677.3312612767,1479172.786417016,213331.13383512147,60688.82121779999,400939.4732001193,93545.11659121972,1229124.3313755032,1723429.037919206
2025-08-09,2281540.740048698,1490992.3893184564,222244.50605107506,61523.6878108537,413235.040277093,93545.11659121972,1252644.964860699,1720646.9569908073
2025-08-10,2278095.126421037,1495802.6391477766,222178.26804537076,61091.89285903367,405959.15663870925,93063.16973014704,1249248.6667023175,1762095.9358394025
2025-08-11,2240318.0801806133,1480074.58279809,215769.3152297419,60861.53307460054,392208.0119945099,91404.63708367126,1218871.5139623664,1753598.8830598707
2025-08-12,2330637.572557596,1540075.404995239,229552.3583884708,62649.383932257595,406979.6821059444,91380.74313568405,1282194.154024258,1774888.477264013
2025-08-13,2403546.6137160086,1596654.9114922276,231723.97123903868,64213.78085576269,419690.87852161424,91263.07160736526,1311475.223420678,1821724.7306539381
2025-08-14,2356991.407367919,1601001.331984268,219973.37122547367,61640.17203034273,385836.07571990683,88540.45640792808,1239066.7273451688,1748106.6069157515
2025-08-15,2363281.5965207885,1608715.1784190314,216793.18745563884,61144.869692359556,388579.182265606,88049.17868815281,1229010.7490022923,1733909.8132868102
2025-08-16,2358370.807014104,1595068.5788171017,219880.04337146305,60940.978616365195,394460.2125785684,88020.99363060591,1245457.6979850088,1735283.3727149407
2025-08-17,2424784.2079136414,1648437.4420526777,231627.22901642026,61271.82462779372,395175.04865061294,88272.66356613666,1264680.192049667,1734717.8640827779
2025-08-18,2363399.818608622,1601742.6174985017,230201.6170790317,60360.785410479344,383752.79372478183,87342.00489582782,1236460.218160701,1716983.4395308644
2025-08-19,2249561.4498924324,1515058.3206017297,215541.97679238117,59261.09833310352,372385.6788883533,87314.37527686461,1177762.047843161,1666455.1682459542
2025-08-20,2313954.4567138543,1569718.759566385,225055.9520649537,59733.69251575452,372131.6772898962,87314.37527686461,1234439.9704111246,1687775.8013854262
2025-08-21,2263175.800093987,1525191.8210717798,219230.65570457617,59228.11535057545,372210.83269019105,87314.37527686461,1218851.0550607385,1660367.9599436156
2025-08-22,2384366.028448157,1613471.9975593092,229192.60446339368,62928.94991732466,389930.3403635479,88842.13614458185,1313609.1505004684,1726166.6950925775
2025-08-23,2355063.9831549893,1587112.8129201627,226738.58485781538,62279.147889164844,389807.13448092237,89126.30300692418,1300214.6511213009,1704016.0877455666
2025-08-24,2348510.055328014,1581879.6575846318,224548.44000445624,61367.968052743134,394027.45982119325,86686.52986498938,1288129.7357522445,1675719.3096577283
2025-08-25,2247163.2812462435,1514968.875063135,213180.07915877752,57895.268583910896,376794.0454699295,84325.01297049056,1204005.842347251,1626476.7887682868
2025-08-26,2277226.184719838,1542591.5331575393,215687.39801129725,58465.370597424575,376200.18457391864,84281.6983796584,1246363.6945551417,1651264.436368196
2025-08-27,2261441.8654684247,1529470.3509445095,213525.991891942,57860.2082841174,377070.70861049177,83514.60573736415,1233333.9636141341,1642689.3823980212
2025-08-28,2284389.0648820587,1545497.06242161,217227.19339925566,58049.999332365165,379858.72602887906,83756.08369994875,1248018.7160991903,1662225.5652219658
2025-08-29,2241345.6769800866,1523371.6241578565,210234.54359472226,57132.665836202475,368776.82559406385,81830.0177972419,1198068.7695290456,1601169.0947686308
2025-08-30,2244989.088152299,1520603.7645793385,210343.12183120448,57155.84374116173,375092.9195389309,81793.43846166389,1209405.064541327,1607036.030477866
2025-08-31,2231831.95133174,1512672.886411508,208961.76151249054,57091.10295551551,371312.76199056185,81793.43846166389,1196790.698666138,1598597.36320494
2025-09-01,2210148.6519712717,1498470.4968298324,207089.60557452356,56729.3572174209,366065.75388783135,81793.43846166389,1183588.3090176599,1613571.8610127792
2025-09-02,2238827.387202053,1516738.1555510857,212946.04610742824,56992.711511509886,370357.03557036514,81793.43846166389,1213253.17573886,1642372.1852484976
2025-09-03,2249638.21642161,1520053.4404461428,215014.83270663983,57188.32566608329,375588.17914108053,81793.43846166389,1224716.322910764,1650091.0723036246
2025-09-04,2214387.6248886064,1498878.0245695726,209869.58458318585,56382.95720181006,367463.62007237406,81793.43846166389,1191293.7895376547,1635327.3854059998
2025-09-05,2236103.6665459448,1512904.886218152,212065.83872614565,56282.745524684724,373056.75761529896,81793.43846166389,1207636.2200303918,1634254.8690346566
2025-09-06,2232993.3192890356,1515098.8064072914,210510.60220880507,55229.5196330508,370360.95257822465,81793.43846166389,1207599.764183768,1627958.8113905075
2025-09-07,2268921.2437633383,1537288.6798296203,212145.34994485098,55628.04301226533,381564.9143206197,82294.25665598219,1235084.4379706534,1641885.2547388615
2025-09-08,2294936.0843384922,1551788.7957208308,211533.56775367018,55779.87186715732,391908.76250345306,83925.08649338075,1252743.4524998278,1655234.0738854997
2025-09-09,2291769.458600126,1553154.705363166,210766.39453323043,55659.514465426924,390015.89832343074,82172.94591487202,1243361.1522684796,1647245.5288680457
2025-09-10,2318511.301796051,1575948.6583987488,212626.80667881374,56107.930011006145,391926.2704529445,81901.63625453814,1261451.213022531,1683058.6909199185
2025-09-11,2346034.5156830125,1590047.9946340853,217853.97742555992,56859.15028803183,399004.969654634,82268.42368070128,1281813.701180876,1705983.5408545265
2025-09-12,2381903.6511421166,1603625.4413110348,220936.68450764977,57588.074096479,416098.34611970256,83655.10510725042,1317216.6754819253,1714757.1747789867
2025-09-13,2404697.292264528,1610306.6500276893,219949.59751730564,57460.49302718654,430623.7554905248,86356.79620182206,1331325.7686567951,1712525.9484129113
2025-09-14,2397571.9553737068,1601195.4070087508,214622.19488667423,56785.63091147984,441424.3382009618,83544.38436584007,1303069.6636456654,1704508.326028531
2025-09-15,2379524.4624680826,1594580.204130629,211671.97134310662,56060.640585102905,434899.3992977508,82312.24711149347,1276263.3485159934,1705058.0267270873
2025-09-16,2424171.21222678,1625846.8568051422,212190.59928399138,56025.605848723,446849.19174087426,83258.95854804876,1296963.7398745078,1725710.3419727648
2025-09-17,2451492.0402352847,1656468.3351778141,215662.157859515,56303.73742416352,439829.58673418744,83228.22303960487,1315543.5531380088,1720176.5267330369
2025-09-18,2443568.8665986853,1651679.5075126146,216668.75178651127,56770.269739666306,435720.54222803004,82729.7953318629,1321238.6014706264,1730052.7928731572
2025-09-19,2416281.6165739154,1645864.760929032,209712.5808958102,55882.79475794357,424107.8136744687,80713.66631666098,1280397.041455846,1708661.54327115
2025-09-20,2478431.924945437,1703395.6270207895,208501.55528288905,55968.04441503083,428833.5295429949,81733.16868373255,1288879.9637202285,1709150.43534919
2025-09-21,2473401.875393967,1706809.1494163861,208215.79452997597,55545.76457865499,420316.7073075566,82514.45956139377,1277313.4046295832,1703008.3031315466
2025-09-22,2383140.30707202,1637312.389671722,202371.82188450015,55027.09645050293,407979.2388517022,80449.7602135931,1209619.0951022494,1665234.149607809
2025-09-23,2403298.1719014347,1656230.4057384846,200827.2208059909,54701.298289328384,407218.9306195846,84320.31644804627,1211359.2804341235,1654393.2533585515
2025-09-24,2410369.0794008663,1657790.286636355,200855.97138951047,54800.49974050854,410092.5475470272,86829.77408746514,1222729.282050056,1673802.2803953825
2025-09-25,2322295.9132067757,1593650.1339618452,193087.977853188,53714.902502044046,398204.5085739057,83638.39031579268,1157501.8452684002,1610598.7002445797
2025-09-26,2337444.7544935285,1605410.1809662725,195524.37567575797,54005.493543134275,397656.4086767038,84848.29563166008,1190079.1242803684,1620398.8113760839
2025-09-27,2341488.99303376,1611661.5445715513,195089.0267483332,53928.15357829411,396332.3244102726,84477.94372530872,1185481.5494179868,1619942.689029024
2025-09-28,2370248.8809919893,1631419.323976314,197051.6220083054,53878.32821552372,399819.807155407,88079.7996364395,1215577.749115378,1655990.4315847096
2025-09-29,2408868.406310537,1662574.5588546537,197453.19554464315,53938.65520829253,398531.77682857786,96370.2198743697,1237446.2774971987,1689631.4450953729
2025-09-30,2384015.445532404,1640103.703774781,196061.9267901183,53781.34638392887,396210.03195951536,97858.43662406028,1228337.1260754731,1684546.3674745965
2025-10-01,2471811.353644744,1677709.196679313,201906.1331588238,54156.95846510382,412114.21501992334,125924.85032158016,1354465.2556587975,1752380.172149259
2025-10-02,2548765.5440511005,1732496.4950903594,203501.00622660562,54483.72471520164,429938.8215475021,128345.49647143147,1401041.7104386932,1782396.5534089247
2025-10-03,2643605.053152542,1835016.7076984788,204667.6003040458,54375.7992433344,421907.4069932335,127637.53891344955,1403344.6816669912,1805810.1800351967
2025-10-04,2609012.390459949,1799540.9468568962,201301.80424850932,53818.38484524444,421177.6791109504,133173.57539834853,1404064.9331304631,1808157.0235507165
2025-10-05,2628473.6733402796,1818442.185433322,201630.57747852794,53901.07968321443,419850.9565769966,134648.8741682184,1411597.3235365134,1824226.884232484
2025-10-06,2677722.429875547,1878002.5707161676,202513.6152676254,54448.67309252455,409713.2106837404,133044.36011548963,1435376.670707279,1842527.0481893136
2025-10-07,2720948.2061208924,1937369.5346973191,197445.32403943271,53415.41764091765,405347.3571693243,127370.57257389813,1368548.554864552,1793770.880877625
2025-10-08,2751432.9716882,1946034.9554120323,199501.40511917553,53581.15001224364,416952.74243261927,135362.71871212916,1429919.4570152895,1821884.3100129014
2025-10-09,2702111.7266630325,1891512.7788894847,197920.23394874533,53104.5329813268,418666.7361970461,140907.44464642994,1430959.4833082382,1797525.3228023995
2025-10-10,2507120.645471952,1733794.2833799121,177947.1552840468,52426.170135967994,400023.020464691,142930.01620733406,1208172.4422811836,1672114.6392498983
2025-10-11,2534439.4108644226,1745716.9393319432,177841.8558359434,52411.826269735844,407136.05253925786,151332.736887542,1225617.228175035,1636572.173637743
2025-10-12,2651342.7075955113,1821735.3599209418,177841.8558359434,52411.826269735844,451310.156555089,148043.50901380123,1337385.4002334045,1700994.8108582872
2025-10-13,2638466.582268986,1816476.0716721355,179023.40082638327,52653.09163483231,443626.3810324108,146687.6371032244,1363689.2565502913,1702491.1413912172
2025-10-14,2570381.210776376,1767658.99966281,178966.06756419077,52136.84163666664,425139.831634475,146479.4702782338,1318171.4780108954,1670701.156135433
2025-10-15,2548071.0394266453,1745102.16550417,178966.06756419077,51904.9454767946,427566.5937121911,144531.2671692987,1276211.242580446,1636207.0911418926
2025-10-16,2521956.1110304818,1737346.8327222592,178966.06756419077,51759.64114145261,412285.94850126223,141597.62110131682,1223855.5175747313,1597848.9671657213
2025-10-17,2487751.1654146384,1703734.2317633987,178966.06756419077,51748.5742912383,410114.6632378027,143187.62855800733,1200633.1731671672,1572471.3490217905
2025-10-18,2495410.723808182,1712883.355368574,178966.06756419077,51748.5742912383,408201.5763623082,143611.1502218709,1219142.2262651438,1583260.0906287841
2025-10-19,2508992.947768608,1720115.9291376593,178966.06756419077,51748.5742912383,412931.3804947252,145230.99628079438,1246544.7504699023,1604948.2293780174
2025-10-20,2517020.898414717,1716275.5827640772,178966.06756419077,51748.5742912383,421182.88944428385,148847.784350927,1283652.7223651106,1633338.3550445992
2025-10-21,2487566.4620004115,1696853.3036225985,178966.06756419077,51748.5742912383,411752.4598447683,148246.05667761585,1250052.0259771212,1602144.6865835544
2025-10-22,2483542.1720182006,1703267.9736989804,178966.06756419077,51748.5742912383,407870.6822686169,141688.87419517434,1223079.841518086,1590501.8550162937
2025-10-23,2514539.9308847347,1728584.1180625684,178966.06756419077,51748.5742912383,412744.77990024176,142496.39106649513,1247175.8998586144,1625670.0072224631
2025-10-24,2513254.3637451227,1718839.498921893,178966.06756419077,51748.5742912383,414731.98448181705,148968.23848598375,1273072.4969583584,1639910.647674547
2025-10-25,2521050.2822522544,1722798.5786548974,178966.06756419077,51748.5742912383,417377.0091258747,150160.0526160534,1279987.8934868958,1648887.5923947368
2025-10-26,2567968.0624906584,1733599.487004727,178966.06756419077,51748.5742912383,440352.1018905844,163301.83173991786,1347600.673067745,1690695.7690339712
2025-10-27,2565172.3548371308,1734626.4398425482,178317.04683254132,51748.5742912383,434022.3488938186,166457.94497698447,1335752.5168858569,1685480.420193911
2025-10-28,2531467.1299402174,1715309.9412467654,178198.76089454116,51748.5742912383,425422.7594034031,160787.09410426952,1297594.025059753,1668301.1195002585
2025-10-29,2542102.9450639333,1717314.8934705711,177848.55064971696,51748.5742912383,427107.9489970056,168082.97765540113,1303554.2637390844,1625457.0039710912
2025-10-30,2510600.6851514964,1700804.429672663,175029.7799190986,51748.5742912383,416196.6386050489,166821.26266344794,1247941.6780152924,1599614.0325699653
2025-10-31,2551887.726138805,1706594.950205768,174916.74150482222,51748.5742912383,439190.32983903843,179437.13029793816,1294179.6953848323,1618084.9683642979
2025-11-01,2606137.5581646906,1709808.808952559,174916.74150482222,51748.5742912383,488947.52633447526,180715.90708159556,1350213.7320719447,1625585.659781102
2025-11-02,2640451.639478743,1704102.2938120854,171819.5649988604,51748.5742912383,530923.9384457442,181857.2679308143,1367144.4149716243,1634087.097242948
2025-11-03,2658575.659725463,1657827.658979496,171715.9306479532,51748.5742912383,592351.5840809575,184931.91172581803,1293778.3064936358,1573648.9823823003
2025-11-04,2636600.8876650264,1631728.5692637109,171715.9306479532,51748.5742912383,594495.8575277692,186911.95593435463,1254798.0105412425,1500436.7879173127
2025-11-05,2618161.6005586954,1631046.3230616278,171715.9306479532,51748.5742912383,570300.0722136183,193350.70034425808,1285527.2727399315,1534425.9221264524
2025-11-06,2642513.9628231684,1631046.3230616278,171715.9306479532,51748.5742912383,584103.1170631032,203900.01775924567,1302874.148694928,1496164.953479455
2025-11-07,2688541.9499006285,1631046.3230616278,171715.9306479532,51748.5742912383,570598.6135962629,263432.5083035463,1467560.5098334178,1526754.228099392
2025-11-08,2649441.9418312516,1630305.3140898019,171715.9306479532,51748.5742912383,539568.9541284905,256103.1686737679,1414290.1712338564,1510651.251527514
2025-11-09,2668641.0784056154,1633051.9447078705,173609.67754927956,51748.5742912383,555062.6215773013,255168.26027992592,1437685.4983666448,1546652.147214263
2025-11-10,2637486.8552226503,1631172.0498599038,170531.20854176153,51748.5742912383,536084.6889579523,247950.33357179453,1420981.0786188028,1565512.050484421
2025-11-11,2603422.216532106,1618576.6082475262,168356.57823696532,51748.5742912383,525668.7033167866,239071.75243958962,1338585.4466623857,1521216.6051092332
2025-11-12,2612726.5256178654,1618073.731581309,168304.9588369241,51748.5742912383,530683.5034369096,243915.75747148428,1339797.3204975538,1501509.996606916
2025-11-13,2610360.475459341,1618073.731581309,168304.9588369241,51748.5742912383,527286.641483508,244946.56926636113,1308131.9896732154,1472477.7457540485
2025-11-14,2627416.995928457,1618073.731581309,168304.9588369241,51748.5742912383,539332.6945633512,249957.03665563397,1294946.93395403,1394204.01248913
2025-11-15,2663802.690691745,1618073.731581309,168304.9588369241,51748.5742912383,570359.4881885938,255315.93779367974,1353308.8647153464,1411208.964367602
2025-11-16,2644840.397523905,1618073.731581309,165557.43389485727,51748.5742912383,553276.3292727338,256184.32848376705,1314646.0880685914,1390944.23196123
2025-11-17,2636578.615835044,1618073.731581309,165509.30019346165,51748.5742912383,549968.2088679159,251278.80090111916,1280546.3540789362,1360176.454616552
2025-11-18,2631724.3678091303,1618073.731581309,165509.30019346165,51748.5742912383,544790.7658467204,251601.99589640077,1306058.3174069645,1372804.3396816244
2025-11-19,2624778.6398920943,1618073.731581309,165509.30019346165,51748.5742912383,535726.5772488504,253720.456577235,1268408.6239379845,1350902.966908266
2025-11-20,2610535.2775104367,1618073.731581309,165509.30019346165,51748.5742912383,522796.14139467216,252407.53004975576,1210689.6923845625,1279506.0309213828
2025-11-21,2585561.698084762,1618073.731581309,165509.30019346165,51748.5742912383,505422.5899962045,244807.502022548,1157938.3644879719,1256743.1834596489
2025-11-22,2588912.273155067,1618073.731581309,165509.30019346165,51748.5742912383,510938.7169331956,242641.95015586278,1153864.9087801331,1250210.237584153
2025-11-23,2595596.917520348,1618073.731581309,163142.42013807374,51748.5742912383,516019.6249294775,246612.56658024903,1178761.7007006607,1282062.7622561038
2025-11-24,2590992.3664708836,1618073.731581309,163064.2519069121,51748.5742912383,515232.6763820601,242873.13230936424,1206599.9362008579,1303708.2080459616
2025-11-25,2588013.4391458095,1618073.731581309,160281.2298231598,51748.5742912383,515570.81040224485,242339.09304785728,1199892.8636704434,1289992.229448692
2025-11-26,2617164.9623285634,1618073.731581309,160209.15024175867,51748.5742912383,543740.1236942686,243393.3825199886,1237173.6357426443,1336907.0609611443
2025-11-27,2605890.995468534,1618073.731581309,160209.15024175867,51748.5742912383,535136.4070106654,240723.13234356276,1220097.2640424948,1348235.3492655451
2025-11-28,2595237.60177619,1618073.731581309,160209.15024175867,51748.5742912383,529129.9634180167,236076.18224386717,1204630.441603998,1342828.1128810474
2025-11-29,2590681.786692241,1618073.731581309,156974.76521619468,51748.5742912383,526891.895356671,236992.82024682802,1195779.0903926115,1341831.0592000596
2025-11-30,2590713.544055018,1618073.731581309,156909.33688762455,51748.5742912383,530836.6120178759,233145.28927697006,1184679.4866648754,1335074.8406856663
2025-12-01,2554504.5284502376,1618073.731581309,156909.33688762455,51748.5742912383,504830.76886271616,222942.11682734912,1105491.1905590512,1274922.6532664592
2025-12-02,2546754.294332023,1618073.731581309,156909.33688762455,51748.5742912383,500470.7114905802,219551.94008127064,1156741.2618074103,1349192.8254193275
2025-12-03,2560163.5370611567,1618073.731581309,161482.91828787548,51748.5742912383,506246.7582620583,222611.55463867544,1202874.577051611,1381354.8163535642
2025-12-04,2560479.0448777704,1618073.731581309,159635.34998273035,51748.5742912383,505187.8305643335,225833.55845815944,1182823.7865280518,1360881.696150888
2025-12-05,2552931.217013,1618073.731581309,158136.46697626053,51748.5742912383,499872.62339617766,225099.82076801447,1143833.498157349,1320208.5752991633
2025-12-06,2551502.7401974066,1618073.731581309,160552.043389176,51748.5742912383,498213.5388321236,222914.85210355997,1148197.9723954243,1318504.4339018126
2025-12-07,2536438.760686017,1618073.731581309,162165.44063497655,51748.5742912383,481433.83169314655,223017.18248534665,1134431.4379098685,1335242.1509318682
2025-12-08,2544965.3299432048,1618073.731581309,160063.79962966757,51748.5742912383,484655.8225809894,230423.4018600006,1168087.8900523577,1338706.5115056415
2025-12-09,2553954.057047593,1618073.731581309,160644.47542779066,51748.5742912383,489847.7422805143,233639.5334667403,1209767.525849623,1369006.166320084
2025-12-10,2547940.133421327,1618073.731581309,159459.2863858598,51748.5742912383,488359.6451194423,230298.89604347775,1183197.1646335984,1359099.3227901405
2025-12-11,2555417.668596893,1618073.731581309,159611.30134683565,51748.5742912383,490235.38218853757,235748.6791889725,1175605.7961620789,1366342.12565504
2025-12-12,2554023.5951360627,1618073.731581309,160200.54625689198,51748.5742912383,487120.9527405782,236879.7902660451,1151422.830939934,1333244.9281377222
2025-12-13,2553934.083120056,1618073.731581309,160133.20936403295,51748.5742912383,489795.59739039664,234182.9704930786,1153503.6617808682,1333662.8575940973
2025-12-14,2542238.7727499544,1618073.731581309,157885.57126746624,51748.5742912383,488205.4183690382,226325.47724090246,1115460.928837096,1302299.4557729398
2025-12-15,2541814.292250469,1618073.731581309,155694.82169638868,51748.5742912383,488350.4877457459,227946.6769357867,1088222.0041928769,1276373.175407843
2025-12-16,2545930.44664854,1618073.731581309,155639.11138947023,51748.5742912383,494502.73753886257,225966.2918476599,1099921.9187955651,1297407.8811058747
2025-12-17,2537369.4641971383,1618073.731581309,155581.185386696,51748.5742912383,490852.77456221264,221113.19837568246,1055268.4407311594,1272296.4593329702
2025-12-18,2540387.6048462335,1618073.731581309,157465.4691673059,51748.5742912383,490024.78207173845,223075.04773464182,1036142.7653786363,1262234.7672855076
2025-12-19,2565162.0951351034,1618073.731581309,163467.65268873947,51748.5742912383,498668.80537844717,233203.33119536936,1102652.350092905,1301239.054971149
2025-12-20,2574011.4008127465,1618073.731581309,159875.10424659547,51748.5742912383,510546.211314897,233767.7793787065,1114430.9751567552,1304792.8399868577
2025-12-21,2570767.6949458495,1618073.731581309,159639.64292640775,51748.5742912383,508681.7671537576,232623.97899313635,1099546.1354742015,1308895.056450979
2025-12-22,2565462.020284025,1618073.731581309,159584.85670767375,51296.114891255136,505752.3677744859,230754.94932930148,1102733.521659135,1306949.4113672138
2025-12-23,2555765.292858406,1618073.731581309,157812.28428267356,51181.10360575838,500807.0529841373,227891.12040452735,1086369.474099974,1291057.2457055505
2025-12-24,2556590.5415613744,1618073.731581309,157424.94674653912,51150.47907030149,496140.2869823756,233801.0971808496,1081120.1491413552,1293981.021104526
2025-12-25,2559174.275742804,1618073.731581309,159394.84744960652,51150.47907030149,498862.17937554646,231693.03826604068,1064187.3018503794,1288409.7052923737
2025-12-26,2561996.1966316197,1618073.731581309,159833.01811569778,51150.47907030149,499329.588345133,233609.3795191785,1073009.4820010506,1289394.6434038088
2025-12-27,2581295.5951385046,1618073.731581309,162845.77472485308,51150.47907030149,502247.59013191593,246978.01963012514,1122015.1711229803,1296790.1024450709
2025-12-28,2584234.169577295,1618073.731581309,162666.64795981438,51149.52999742224,502097.08697541617,250247.173063333,1121018.070379046,1297287.533114986
2025-12-29,2578792.3403702867,1618073.731581309,160170.4213400162,51118.76637807853,496750.3679850616,252679.05308582124,1105577.0560315216,1286982.9527445885
2025-12-30,2576092.356735711,1618073.731581309,159854.01991338216,51275.43824201209,497128.8008361216,249760.3661628861,1110246.7323548167,1306064.974789877
2025-12-31,2570871.6076086015,1618073.731581309,160199.14118173908,51081.08980388654,495460.05254988547,246057.59249178114,1083967.7912275314,1292457.8055458274
2026-01-01,2568643.9707236765,1618073.731581309,159554.68869660204,51312.223352004265,490885.2846375072,248818.04245625384,1120478.596953691,1310523.1582260907
2026-01-02,2562931.444273416,1618073.731581309,160895.00944388396,51546.033147286,492080.5731882586,240336.09691267856,1157660.6206771054,1328434.239320718
2026-01-03,2574223.2785477377,1618073.731581309,164672.06209166764,52241.41431254251,494148.4456559344,245087.62490628439,1171644.8805355062,1338159.8108528794
2026-01-04,2566884.2760260226,1618073.731581309,163084.13322139968,52082.952156731844,490533.48128156725,243109.97778501437,1183118.6007606145,1350127.5704569023
2026-01-05,2571121.399867817,1618073.731581309,163665.76366126418,51899.51348200032,494087.7302555722,243394.66088767094,1226853.1356322907,1386594.2809463532
2026-01-06,2570156.5657720184,1618073.731581309,161871.6267586945,52129.74825363544,494965.8789214338,243115.58025694522,1227915.598077,1384326.8232579967
2026-01-07,2557222.424494236,1618073.731581309,157146.10188722983,51776.60318842834,494023.1503743455,236202.83746292326,1184609.9315803507,1348570.3159170796
2026-01-08,2550373.9320182316,1618073.731581309,157253.38541942346,51129.718113666335,497382.2215451107,226534.87535872203,1163008.2529575683,1344421.1371976447
2026-01-09,2550150.929580909,1618073.731581309,157406.2022116217,51422.536088657835,497150.22098220745,226098.23871711292,1157479.5506464455,1336829.2905432547
2026-01-10,2552199.1204136657,1618073.731581309,158078.00374698715,51793.29207894759,502494.98693764687,221759.10606877517,1153897.8469949947,1334961.6466501327
2026-01-11,2578072.0788887176,1618073.731581309,158442.93716655695,51543.52943035897,528297.3735005602,221714.5072099326,1158168.2385757437,1341472.2075685507
2026-01-12,2603456.815925733,1618073.731581309,156361.09002802378,51561.989068300296,555745.4980381674,221714.5072099326,1162872.3824326643,1346870.9053611732
2026-01-13,2622298.414261215,1618073.731581309,155964.89856147155,52306.06312823027,574239.2137802716,221714.5072099326,1258674.0232234888,1407850.874646762
2026-01-14,2707431.358634393,1618073.731581309,154818.15242776438,51936.93330702377,660888.0341083637,221714.5072099326,1290978.2759607364,1431593.46783298
2026-01-15,2688561.3932106756,1614672.4954904078,154468.94347293326,51790.71117501578,648866.2204170363,218763.0226552825,1249311.5037230956,1411239.080211919
2026-01-16,2677219.8430209067,1614326.7205625125,154950.20194066523,51518.67449864919,637701.5530682143,218722.69295086502,1238052.0403767892,1410854.0358729009
2026-01-17,2647814.6353940396,1614326.7205625125,154587.48343899168,52490.26013733224,607687.4783043384,218722.69295086502,1224721.1075403828,1404574.1323214883
2026-01-18,2646958.514186956,1611732.6953318003,154459.4034102863,51436.95986593722,610606.7626280672,218722.69295086502,1189922.5625827438,1382929.6096226443
2026-01-19,2646986.3255905155,1611391.8923893769,153924.84108145337,50873.046038133805,612073.8531306861,218722.69295086502,1168482.8814325389,1366966.2505665626
2026-01-20,2604989.064217247,1611391.8923893769,153145.89041033247,49566.82317401079,572161.7652926623,218722.69295086502,1100117.5519955978,1304304.0632951944
2026-01-21,2604540.50554114,1611391.8923893769,154032.83917102191,49747.98383229566,570645.0971975808,218722.69295086502,1119719.5968284353,1320049.1113265767
2026-01-22,2597686.8664664347,1611391.8923893769,155109.3064048658,50232.342649113554,562230.6320722129,218722.69295086502,1112118.0005007463,1321311.784446707
2026-01-23,2601026.089959286,1611391.8923893769,154784.7636879248,49602.99308800628,566523.7478431135,218722.69295086502,1118122.865560603,1321923.5630159234
2026-01-24,2592967.6956445985,1611391.8923893769,154670.20725739675,49403.61218340441,558779.2908635552,218722.69295086502,1109861.1240335798,1316117.0897680745
2026-01-25,2577966.260590136,1611391.8923893769,152906.24640823356,49436.097510974636,545509.3313306862,218722.69295086502,1058614.1072578772,1278624.5943898398
2026-01-26,2581295.4181396076,1611391.8923893769,153480.02039655126,49509.97090545915,548190.8414973548,218722.69295086502,1090294.541735576,1303657.668812971
2026-01-27,2587293.8543723393,1611391.8923893769,154936.58383725907,49337.66708011759,552905.0181147205,218722.69295086502,1110708.1627834742,1315996.511004432
2026-01-28,2580672.2459499715,1611391.8923893769,154185.1169259095,49396.34771769181,546976.1959661285,218722.69295086502,1098449.081260747,1317207.6064141819
2026-01-29,2572234.1476944704,1611391.8923893769,151479.69048838047,49359.9568485472,541279.9150173008,218722.69295086502,1040057.330670954,1248928.641098245
2026-01-30,2572276.688100079,1611391.8923893769,151435.1130897235,49303.861301974735,541423.1283681394,218722.69295086502,1018366.3001039695,1242534.5050339084
2026-01-31,2572292.5486194277,1611391.8923893769,151435.1130897235,48715.47625741031,542027.3739320515,218722.69295086502,938937.1335239367,1161191.1479898768
2026-02-01,2561744.7499512034,1611391.8923893769,151435.1130897235,48691.8079445179,531503.2435767205,218722.69295086502,917551.08116001,1136870.6998291898
2026-02-02,2561656.957477833,1611391.8923893769,151435.1130897235,48691.8079445179,531415.4511033499,218722.69295086502,937576.4113359879,1162190.278625645
2026-02-03,2555465.2616303246,1611391.8923893769,151435.1130897235,48691.8079445179,525223.7552558412,218722.69295086502,907655.7887970855,1117066.3590658153
2026-02-04,2555324.1668524975,1611391.8923893769,151435.1130897235,48691.8079445179,525082.6604780139,218722.69295086502,886356.2520183695,1078461.3082435252
2026-02-05,2555324.1668524975,1611391.8923893769,151435.1130897235,48691.8079445179,525082.6604780139,218722.69295086502,753898.7360909623,926075.8860141236
2026-02-06,2555324.1668524975,1611391.8923893769,151435.1130897235,48691.8079445179,525082.6604780139,218722.69295086502,841027.0245234245,1042064.7526711024
2026-02-07,2555324.1668524975,1611391.8923893769,151435.1130897235,48691.8079445179,525082.6604780139,218722.69295086502,836439.1570407442,1023257.0040432087
2026-02-08,2555324.1668524975,1611391.8923893769,151435.1130897235,48691.8079445179,525082.6604780139,218722.69295086502,828279.8655319404,1037771.8025263106
2026-02-09,2555324.1668524975,1611391.8923893769,151435.1130897235,48691.8079445179,525082.6604780139,218722.69295086502,828924.978863419,1035645.8085357773
2026-02-10,2555324.1668524975,1611391.8923893769,151435.1130897235,48691.8079445179,525082.6604780139,218722.69295086502,810436.9505338477,1016049.3940231999
2026-02-11,2555324.1668524975,1611391.8923893769,151435.1130897235,48691.8079445179,525082.6604780139,218722.69295086502,798473.1709768176,989434.9493075175
2026-02-12,2555324.1668524975,1611391.8923893769,151435.1130897235,48691.8079445179,525082.6604780139,218722.69295086502,804005.2357114604,978060.621838817
2026-02-13,2555324.1668524975,1611391.8923893769,151435.1130897235,48691.8079445179,525082.6604780139,218722.69295086502,844943.9864715508,1016992.9084254031
2026-02-14,2555158.3031656174,1611391.8923893769,151269.24940284362,48691.8079445179,525082.6604780139,218722.69295086502,889803.2897030957,1030429.8827638334
2026-02-15,2555109.0657318663,1611391.8923893769,151220.0119690925,48691.8079445179,525082.6604780139,218722.69295086502,853293.6814511853,1015964.1234908253
2026-02-16,2555109.0657318663,1611391.8923893769,151220.0119690925,48691.8079445179,525082.6604780139,218722.69295086502,859538.3406460437,1016775.982037224
2026-02-17,2554595.151975723,1611391.8923893769,150706.09821294938,48691.8079445179,525082.6604780139,218722.69295086502,850085.7041399793,996852.9086922343
2026-02-18,2554546.4165224554,1611391.8923893769,150657.3627596819,48691.8079445179,525082.6604780139,218722.69295086502,825818.8023401774,981065.8600197366
2026-02-19,2554546.4165224554,1611391.8923893769,150657.3627596819,48691.8079445179,525082.6604780139,218722.69295086502,822071.9675428928,988926.2107726868
2026-02-20,2554546.4165224554,1611391.8923893769,150657.3627596819,48691.8079445179,525082.6604780139,218722.69295086502,840478.5944796134,1004403.1008646389
2026-02-21,2554546.4165224554,1611391.8923893769,150657.3627596819,48691.8079445179,525082.6604780139,218722.69295086502,838960.9893824526,1004378.6389527804
2026-02-22,2554644.6399774207,1611391.8923893769,150657.3627596819,48790.031399482694,525082.6604780139,218722.69295086502,818457.3599268496,999292.4074682374
2026-02-23,2547857.1951242406,1611391.8923893769,144550.79150097785,48109.15780500685,525082.6604780139,218722.69295086502,786073.3123253242,954354.0868953153
2026-02-24,2547788.8847359978,1611391.8923893769,144504.90278075283,48086.73613698914,525082.6604780139,218722.69295086502,783845.661917998,946427.3889757678
2026-02-25,2547788.8847359978,1611391.8923893769,144504.90278075283,48086.73613698914,525082.6604780139,218722.69295086502,848544.5399265498,1003734.0906525843
2026-02-26,2547788.8847359978,1611391.8923893769,144504.90278075283,48086.73613698914,525082.6604780139,218722.69295086502,833844.2121795835,996255.553420105
2026-02-27,2547788.8847359978,1611391.8923893769,144504.90278075283,48086.73613698914,525082.6604780139,218722.69295086502,809303.4634277445,973038.3144069614
2026-02-28,2547788.8847359978,1611391.8923893769,144504.90278075283,48086.73613698914,525082.6604780139,218722.69295086502,813768.8153490447,989492.4117231105
2026-03-01,2547788.8847359978,1611391.8923893769,144504.90278075283,48086.73613698914,525082.6604780139,218722.69295086502,795422.4181676377,970916.0127804823
2026-03-02,2547788.8847359978,1611391.8923893769,144504.90278075283,48086.73613698914,525082.6604780139,218722.69295086502,817805.8296117962,1015781.9284020307
2026-03-03,2547788.8847359978,1611391.8923893769,144504.90278075283,48086.73613698914,525082.6604780139,218722.69295086502,804043.2600769146,1008660.0504599035
2026-03-04,2547788.8847359978,1611391.8923893769,144504.90278075283,48086.73613698914,525082.6604780139,218722.69295086502,844596.4571767673,1073895.700090613
2026-03-05,2547628.0576155083,1611391.8923893769,144504.90278075283,47925.90901649923,525082.6604780139,218722.69295086502,826480.6943907203,1046284.894012203
2026-03-06,2547606.978772004,1611391.8923893769,144504.90278075283,47904.830172995375,525082.6604780139,218722.69295086502,799307.8837798127,1006338.9381063856
2026-03-07,2547606.978772004,1611391.8923893769,144504.90278075283,47904.830172995375,525082.6604780139,218722.69295086502,786562.1524097985,993579.627958262
2026-03-08,2547606.978772004,1611391.8923893769,144504.90278075283,47904.830172995375,525082.6604780139,218722.69295086502,774476.5866991875,974337.7957812564
2026-03-09,2547336.286724169,1611391.8923893769,144504.90278075283,47634.13812516054,525082.6604780139,218722.69295086502,792758.6403308365,1010265.9980506902
2026-03-10,2547315.655276616,1611391.8923893769,144504.90278075283,47613.50667760754,525082.6604780139,218722.69295086502,803165.0104326638,1032782.6109845655
2026-03-11,2547315.655276616,1611391.8923893769,144504.90278075283,47613.50667760754,525082.6604780139,218722.69295086502,807188.6718674174,1036887.9428808576
2026-03-12,2547163.5828462895,1611391.8923893769,144504.90278075283,47461.434247280406,525082.6604780139,218722.69295086502,809960.0592096415,1041150.0848630731
2026-03-13,2547456.3015812095,1611391.8923893769,144504.90278075283,47754.15298220122,525082.6604780139,218722.69295086502,816879.8251629138,1048162.6919064737
2026-03-14,2547775.426660683,1611391.8923893769,144504.90278075283,48073.27806167413,525082.6604780139,218722.69295086502,819073.0091618764,1051801.2859090506
2026-03-15,2547827.365919468,1611391.8923893769,144504.90278075283,48125.21732045946,525082.6604780139,218722.69295086502,845507.1825337539,1075067.4487459112
2026-03-16,2543764.066052287,1611391.8923893769,144504.90278075283,47905.87175909489,521238.7061721971,218722.69295086502,890310.5055486973,1105657.531070485
2026-03-17,2531896.5751089444,1611391.8923893769,144504.90278075283,48663.4722270133,508613.614760936,218722.69295086502,880148.8574431282,1091794.7810020647
2026-03-18,2507453.48814381,1611391.8923893769,144504.90278075283,48492.61762667933,484341.3823961356,218722.69295086502,840294.2867438899,1052258.4467335006
2026-03-19,2506773.3932285244,1611391.8923893769,144504.90278075283,48428.680009713804,483725.2250978158,218722.69295086502,824985.7201524017,1032573.8770291313
2026-03-20,2507226.9459858863,1611391.8923893769,144504.90278075283,48882.232767075286,483725.2250978158,218722.69295086502,832971.903447204,1041580.2452753773
2026-03-21,2507359.7622908764,1611391.8923893769,144504.90278075283,49015.049072065776,483725.2250978158,218722.69295086502,809538.8039830675,1014831.8369763566
2026-03-22,2507266.7556111673,1611391.8923893769,144504.90278075283,48922.04239235648,483725.2250978158,218722.69295086502,802199.4852475317,1002036.8724378352
2026-03-23,2500128.392109735,1611391.8923893769,144504.90278075283,48724.00382340936,476784.9001653311,218722.69295086502,834728.8139313317,1047373.9106354135
2026-03-24,2493726.902913344,1611391.8923893769,144504.90278075283,48602.274250127026,470505.14054222225,218722.69295086502,842197.5427223794,1041510.4365174791
2026-03-25,2494099.489756193,1611391.8923893769,144504.90278075283,49208.96364420953,470271.03799098876,218722.69295086502,845135.6239123659,1053208.192000045
2026-03-26,2493848.3009727085,1611391.8923893769,144504.90278075283,48957.77486072504,470271.03799098876,218722.69295086502,811353.6653747858,1016014.8934965703
2026-03-27,2493242.006633166,1611391.8923893769,144504.90278075283,48351.48052118295,470271.03799098876,218722.69295086502,792303.5920994632,979781.725033542
2026-03-28,2493671.0966448784,1611391.8923893769,144504.90278075283,48780.57053289492,470271.03799098876,218722.69295086502,791974.998802718,979505.8362068736
2026-03-29,2494001.7298894795,1611391.8923893769,144504.90278075283,49111.20377749579,470271.03799098876,218722.69295086502,783836.5659892317,974118.3308927901
2026-03-30,2493859.1350375405,1611391.8923893769,144504.90278075283,48968.60892555675,470271.03799098876,218722.69295086502,794848.110333633,984996.3815553425
2026-03-31,2493397.4652254423,1611391.8923893769,144504.90278075283,48506.939113458684,470271.03799098876,218722.69295086502,810450.3771060825,1007768.9214727185
2026-04-01,2493736.844582081,1611391.8923893769,144504.90278075283,48846.31847009701,470271.03799098876,218722.69295086502,815591.4551017119,1005483.2327368448
