Date,Baseline_NAV,Gamma_Only_NAV,Full_NAV,Full_Net_Return,Bench_Return,Combined_Regime,DDH_State,Adjusted_Gamma,VIX,Hedge_Payout_bps,Hedge_Cost_bps,God_Mode,Active_Securities
2022-05-31,1.0162948847188338,1.0162948847188338,1.0162948847188338,0.016294884718833808,66.39420318603516,GOLDILOCKS,NORMAL_TRENDING,1.1808884042045529,26.190000534057617,0.0,0.0,False,82
2022-06-01,1.0117588114473584,1.0117588114473584,1.0117588114473584,-0.0044633436020199225,65.85707092285156,GOLDILOCKS,NORMAL_TRENDING,1.1810177460120426,25.690000534057617,0.0,0.0,False,82
2022-06-02,1.0098470196344593,1.0098470196344593,1.0098470196344593,-0.0018895726839918598,67.13510131835938,GOLDILOCKS,NORMAL_TRENDING,1.1813761179443982,24.719999313354492,0.0,0.0,False,82
2022-06-03,1.0070933042830734,1.0070933042830734,1.0070933042830734,-0.0027268638693241504,65.88483428955078,GOLDILOCKS,NORMAL_TRENDING,1.1815530054003418,24.790000915527344,0.0,0.0,False,82
2022-06-06,1.007282205616395,1.007282205616395,1.007282205616395,0.0001875708363051341,66.5516586303711,GOLDILOCKS,NORMAL_TRENDING,1.181591476840782,25.06999969482422,0.0,0.0,False,82
2022-06-07,1.0033777885768351,1.0033777885768351,1.0033777885768351,-0.0038761898282227425,66.87579345703125,GOLDILOCKS,NORMAL_TRENDING,1.1818825660592,24.020000457763672,0.0,0.0,False,82
2022-06-08,1.0252800752250886,1.0252800752250886,1.0252800752250886,0.021828554406530226,67.42222595214844,GOLDILOCKS,NORMAL_TRENDING,1.182073218655768,23.959999084472656,0.0,0.0,False,82
2022-06-09,1.0237573225201244,1.0237573225201244,1.0237573225201244,-0.0014852065711213765,65.80977630615234,GOLDILOCKS,NORMAL_TRENDING,1.1815065593074747,26.09000015258789,0.0,0.0,False,82
2022-06-10,1.0131567797174301,1.0131567797174301,1.0131567797174301,-0.01035454650189912,65.25149536132812,GOLDILOCKS,NORMAL_TRENDING,1.1808207028997315,27.75,0.0,0.0,False,82
2022-06-13,0.9813465305451584,0.9813465305451584,0.980960566057647,-0.03177811598789534,63.092891693115234,CRISIS_MODE,FAST_SHOCK,0.589645465783151,34.02000045776367,0.0,3.9345566057007066,False,82
2022-06-14,0.9822435670402552,0.9823815726548855,0.9819952010843662,0.0010547162266442498,64.07915496826172,RECOVERY_GROWTH,RECOVERY_ACCEL,1.2969841392046875,32.689998626708984,0.0,0.0,False,82
2022-06-15,0.9882417373935404,0.9893035108456038,0.9889144168704667,0.007046079022035914,64.77699279785156,RECOVERY_GROWTH,RECOVERY_ACCEL,1.2975021291960689,29.6200008392334,0.0,0.0,False,82
2022-06-16,0.9653580010408769,0.9628708307030702,0.9624921327251952,-0.02671847401000356,62.860286712646484,RECOVERY_GROWTH,RECOVERY_ACCEL,1.2969986098928494,32.95000076293945,0.0,0.0,False,82
2022-06-17,0.9648276316046984,0.9622604426488951,0.9618819847371998,-0.0006339251691002196,63.23246765136719,RECOVERY_GROWTH,RECOVERY_ACCEL,1.297331528332837,31.1299991607666,0.0,0.0,False,82
2022-06-20,0.9690653105310312,0.967137061976713,0.9667566860861783,0.00506787883163279,63.23246765136719,RECOVERY_GROWTH,RECOVERY_ACCEL,1.297502285840057,31.1299991607666,0.0,0.0,False,82
2022-06-21,0.9888116250561289,0.9898759349685168,0.9894866158584488,0.023511530977138127,64.3862075805664,RECOVERY_GROWTH,RECOVERY_ACCEL,1.2977501307455999,30.190000534057617,0.0,0.0,False,82
2022-06-22,0.9625434570266203,0.9595338866926258,0.9591565011378804,-0.03065237491287834,63.213844299316406,RECOVERY_GROWTH,RECOVERY_ACCEL,1.297979752466686,28.950000762939453,0.0,0.0,False,82
2022-06-23,0.9761130225294741,0.9751421225509658,0.9747585982627899,0.016266476958035625,63.66976547241211,RECOVERY_GROWTH,RECOVERY_ACCEL,1.2982898259543751,29.049999237060547,0.0,0.0,False,82
2022-06-24,0.9966651305462401,0.9988325060159454,0.9984396642782974,0.024294287896215457,65.22359466552734,RECOVERY_GROWTH,RECOVERY_ACCEL,1.2987806683980931,27.229999542236328,0.0,0.0,False,82
2022-06-27,1.0163219877290723,1.02156281777715,1.0211610361871086,0.022756880282029796,65.14915466308594,RECOVERY_GROWTH,RECOVERY_ACCEL,1.2989231375519352,26.950000762939453,0.0,0.0,False,82
2022-06-28,1.018802789976503,1.0240564126858818,1.0236536503626832,0.0024409609133557563,64.77699279785156,GOLDILOCKS,NORMAL_TRENDING,1.1803663543484877,28.360000610351562,0.0,0.0,False,82
2022-06-29,0.9998408577316431,1.0049967001455264,1.0046014340246925,-0.01861197518441953,64.54436492919922,GOLDILOCKS,NORMAL_TRENDING,1.1801522664309325,28.15999984741211,0.0,0.0,False,82
2022-06-30,0.9905918516310745,0.9957000000368857,0.9953083903167026,-0.009250478242659503,64.3862075805664,GOLDILOCKS,NORMAL_TRENDING,1.1800991854292386,28.709999084472656,0.0,0.0,False,82
2022-07-01,0.9879146281359097,0.9930089710022282,0.9926184196662242,-0.0027026504314129223,63.91167449951172,GOLDILOCKS,NORMAL_TRENDING,1.1806170156521196,26.700000762939453,0.0,0.0,False,82
2022-07-04,0.9859018822628384,0.9909858460768702,0.9905960904377488,-0.002037368225702983,63.91167449951172,GOLDILOCKS,NORMAL_TRENDING,1.1808950703369718,26.700000762939453,0.0,0.0,False,82
2022-07-05,0.9896767669801605,0.9947801966027584,0.9943889486421067,0.003828864499840624,63.61393356323242,GOLDILOCKS,NORMAL_TRENDING,1.1808511800637276,27.540000915527344,0.0,0.0,False,82
2022-07-06,0.9793910501768567,0.9844414398236008,0.984054258105441,-0.010393006228376057,63.13941192626953,GOLDILOCKS,NORMAL_TRENDING,1.1809924462177765,26.729999542236328,0.0,0.0,False,82
2022-07-07,0.9901638068989126,0.9952697480222668,0.9948642496026213,0.010985157991178674,64.46063995361328,CAUTIOUS_BULL,EARLY_DD_UNCERTAINTY,1.0631579993720326,26.079999923706055,0.0,0.14130488635560104,False,82
2022-07-08,0.999898584404015,1.0050547244948973,1.0046310270784722,0.009817196144852918,64.3955078125,CAUTIOUS_BULL,EARLY_DD_UNCERTAINTY,1.0635476400242376,24.639999389648438,0.0,0.14146832060547596,False,82
2022-07-11,0.9803821192893205,0.9854376195455438,0.9850078401718484,-0.01953273030367096,62.56254577636719,CAUTIOUS_BULL,EARLY_DD_UNCERTAINTY,1.0633379258897937,26.170000076293945,0.0,0.14570312265639287,False,82
2022-07-12,0.9626288686335382,0.9675928213579643,0.9671567531039432,-0.01812278678390086,62.38576126098633,CAUTIOUS_BULL,EARLY_DD_UNCERTAINTY,1.0631191015109933,27.290000915527344,0.0,0.14549389774432187,False,82
2022-07-13,0.9655686178754201,0.9705477298961586,0.9700965134186983,0.0030395903304405204,62.30202102661133,CAUTIOUS_BULL,EARLY_DD_UNCERTAINTY,1.0632008506536637,26.81999969482422,0.0,0.142424231540133,False,82
2022-07-14,0.9688718094090442,0.973867954875534,0.9734013362736266,0.0034066949104701095,61.901939392089844,CAUTIOUS_BULL,EARLY_DD_UNCERTAINTY,1.0633145973718081,26.399999618530273,0.0,0.14237212446533398,False,82
2022-07-15,0.9638859681390273,0.9688564033020323,0.9683782801990488,-0.005160313518581097,62.097320556640625,CAUTIOUS_BULL,EARLY_DD_UNCERTAINTY,1.0638198323321877,24.229999542236328,0.0,0.14359815435430062,False,82
2022-07-18,0.9865538010875735,0.9916411266273251,0.9911379254650813,0.023502845666214498,62.47880554199219,CAUTIOUS_BULL,EARLY_DD_UNCERTAINTY,1.063862715601706,25.299999237060547,0.0,0.1395766933741692,False,82
2022-07-19,0.98560149010396,0.9906839048968438,0.9901670303566661,-0.0009795761855845495,63.45576477050781,CAUTIOUS_BULL,EARLY_DD_UNCERTAINTY,1.0639517971815344,24.5,0.0,0.14299721952799727,False,82
2022-07-20,0.9991359680265939,1.0042881755617763,1.003750057953149,0.013717915442599987,63.092891693115234,CAUTIOUS_BULL,EARLY_DD_UNCERTAINTY,1.0641404733074271,23.8799991607666,0.0,0.14092395989151468,False,82
2022-07-21,1.0015807917080615,1.006745606375203,1.0061918327396546,0.0024326521997765395,63.71628952026367,CAUTIOUS_BULL,EARLY_DD_UNCERTAINTY,1.0643383377343987,23.110000610351562,0.0,0.14251046446227753,False,82
2022-07-22,1.001466479165571,1.0066307043614475,1.0060769939292602,-0.00011413212337627228,62.90680694580078,GOLDILOCKS,NORMAL_TRENDING,1.1827132386788746,23.030000686645508,0.0,0.0,False,82
2022-07-25,0.9963719883976638,1.0015099430212036,1.0009590493310077,-0.005087030743307449,63.18594741821289,GOLDILOCKS,NORMAL_TRENDING,1.1826865223394418,23.360000610351562,0.0,0.0,False,82
2022-07-26,1.0006940850506159,1.0058543272702944,1.005301043894517,0.00433783436636229,62.6276741027832,GOLDILOCKS,NORMAL_TRENDING,1.1823673432631527,24.690000534057617,0.0,0.0,False,82
2022-07-27,1.0021180786065176,1.0072856638811591,1.0067315931798908,0.0014230058688010716,63.753509521484375,GOLDILOCKS,NORMAL_TRENDING,1.18254948133709,23.239999771118164,0.0,0.0,False,82
2022-07-28,1.005215282371577,1.0103988388824536,1.0098430557384117,0.003090657509508321,63.781429290771484,GOLDILOCKS,NORMAL_TRENDING,1.1828656494230112,22.329999923706055,0.0,0.0,False,82
2022-07-29,1.0019100594779875,1.0070765720680737,1.0065226163805019,-0.0032880746558007126,63.269676208496094,GOLDILOCKS,NORMAL_TRENDING,1.1832611759084792,21.329999923706055,0.0,0.0,False,82
2022-08-01,1.00874541130067,1.0139471714969812,1.0133894365460085,0.006822320784206634,62.720733642578125,GOLDILOCKS,NORMAL_TRENDING,1.1830915883147568,22.84000015258789,0.0,0.0,False,82
2022-08-02,0.9963278647043031,1.0014655917968232,1.0009147225026005,-0.012309891531854156,62.38576126098633,GOLDILOCKS,NORMAL_TRENDING,1.182677159083648,23.93000030517578,0.0,0.0,False,82
2022-08-03,1.0033213906918128,1.0084951810414302,1.0079404450293716,0.0070193018134499284,62.95333480834961,GOLDILOCKS,NORMAL_TRENDING,1.1830600596647531,21.950000762939453,0.0,0.0,False,82
2022-08-04,1.0161425568838198,1.0213824616674865,1.0208206368375583,0.012778723060181654,63.502281188964844,GOLDILOCKS,NORMAL_TRENDING,1.1833414510883875,21.440000534057617,0.0,0.0,False,82
2022-08-05,1.025973553690056,1.0312641536117662,1.030696893227475,0.009674820466514744,63.41854476928711,GOLDILOCKS,NORMAL_TRENDING,1.1834766816886497,21.149999618530273,0.0,0.0,False,82
2022-08-08,1.026508557117473,1.0318019158715925,1.0312343596841116,0.0005214592768914603,63.213844299316406,GOLDILOCKS,NORMAL_TRENDING,1.1834773141635693,21.290000915527344,0.0,0.0,False,82
2022-08-09,1.0263821978481467,1.0316749050100902,1.0311074186866007,-0.00012309616753816843,62.95333480834961,GOLDILOCKS,NORMAL_TRENDING,1.183351386636088,21.770000457763672,0.0,0.0,False,82
2022-08-10,1.0141151222709133,1.019344572257411,1.0187838683953028,-0.011951761831948982,63.5488166809082,GOLDILOCKS,NORMAL_TRENDING,1.183813981144082,19.739999771118164,0.0,0.0,False,82
2022-08-11,1.0327318180635259,1.0380572680774598,1.0374862710513888,0.018357576357725676,63.8930778503418,GOLDILOCKS,NORMAL_TRENDING,1.1840030384836886,20.200000762939453,0.0,0.0,False,82
2022-08-12,1.0387639838903147,1.0441205397509208,1.043546207542678,0.005840979934267584,64.40481567382812,GOLDILOCKS,NORMAL_TRENDING,1.1841916010595437,19.530000686645508,0.0,0.0,False,82
2022-08-15,1.0365176725065972,1.0418626448962764,1.041289554672736,-0.0021624848556115084,64.07915496826172,GOLDILOCKS,NORMAL_TRENDING,1.1841803191526787,19.950000762939453,0.0,0.0,False,82
2022-08-16,1.03064668200224,1.0359613796720777,1.0353915355169352,-0.005664148967339434,64.04193878173828,GOLDILOCKS,NORMAL_TRENDING,1.1842539928861069,19.690000534057617,0.0,0.0,False,82
2022-08-17,1.0321084103290714,1.0374306456393714,1.0368599932951978,0.0014182632635966566,63.71628952026367,GOLDILOCKS,NORMAL_TRENDING,1.1842729781943901,19.899999618530273,0.0,0.0,False,82
2022-08-18,1.0237724939339345,1.0290517437321138,1.0284857003129177,-0.008076589931554908,63.3441162109375,GOLDILOCKS,NORMAL_TRENDING,1.1843584643494747,19.559999465942383,0.0,0.0,False,82
2022-08-19,1.0171821496929265,1.0224274153064257,1.0218650156860325,-0.0064373132508024665,62.55324935913086,GOLDILOCKS,NORMAL_TRENDING,1.1841886752459096,20.600000381469727,0.0,0.0,False,82
2022-08-22,1.0090398054500465,1.0142430837377914,1.013685186016407,-0.008004804493804907,62.097320556640625,GOLDILOCKS,NORMAL_TRENDING,1.183247959006011,23.799999237060547,0.0,0.0,False,82
2022-08-23,1.0087404105973932,1.013942145006762,1.0133844128206766,-0.00029671262821958565,62.283409118652344,GOLDILOCKS,NORMAL_TRENDING,1.1827465318305361,24.110000610351562,0.0,0.0,False,82
2022-08-24,1.004761491304992,1.0099427077682392,1.0093871755251045,-0.003944443238914885,62.32063293457031,GOLDILOCKS,NORMAL_TRENDING,1.1828033441414403,22.81999969482422,0.0,0.0,False,82
2022-08-25,1.0298339222300836,1.0351444287716298,1.034575033991054,0.02495361450659027,63.781429290771484,GOLDILOCKS,NORMAL_TRENDING,1.1789016720707202,21.780000686645508,0.0,0.0,False,82
2022-08-26,1.0343936363187662,1.0397276557695037,1.0391557399247573,0.004427620794242876,62.748634338378906,GOLDILOCKS,NORMAL_TRENDING,1.17695083603536,25.559999465942383,0.0,0.0,False,82
2022-08-29,1.0213695301916372,1.0266363887154593,1.0260716738939948,-0.012591053995149844,62.283409118652344,GOLDILOCKS,NORMAL_TRENDING,1.178889574975084,26.209999084472656,0.0,0.0,False,82
2022-08-30,1.0279234835486224,1.0332241386015972,1.0326558001018356,0.006416828741459922,61.725154876708984,GOLDILOCKS,NORMAL_TRENDING,1.1799772337219867,26.209999084472656,0.0,0.0,False,82
2022-08-31,1.032484962266856,1.0378091393286222,1.0372382787890269,0.004437566405707966,62.30202102661133,GOLDILOCKS,NORMAL_TRENDING,1.1805419474826455,25.8700008392334,0.0,0.0,False,82
2022-09-01,1.0152118849607161,1.0204469905828581,1.0198856803210798,-0.01672961635026253,61.780975341796875,GOLDILOCKS,NORMAL_TRENDING,1.1777709737413227,25.559999465942383,0.0,0.0,False,82
2022-09-02,1.0077971930057137,1.0129940635597727,1.0124368528783323,-0.007303590575369723,61.0273323059082,GOLDILOCKS,NORMAL_TRENDING,1.1796206549913397,25.469999313354492,0.0,0.0,False,82
2022-09-05,1.005808441127286,1.0109950563580041,1.0104389452567146,-0.0019733651693315908,61.0273323059082,GOLDILOCKS,NORMAL_TRENDING,1.1806057377504162,25.469999313354492,0.0,0.0,False,82
2022-09-06,1.009673034232828,1.0148795778680435,1.0143213300347083,0.0038422754746525473,60.348106384277344,GOLDILOCKS,NORMAL_TRENDING,1.177802868875208,26.90999984741211,0.0,0.0,False,82
2022-09-07,1.0017069788586628,1.0068724442304209,1.0063186008260465,-0.007889737671579822,60.87845993041992,GOLDILOCKS,NORMAL_TRENDING,1.1798791637560349,24.639999389648438,0.0,0.0,False,82
2022-09-08,1.0028545740363417,1.0080259571697567,1.0074714792604489,0.0011456395951104693,60.55280303955078,GOLDILOCKS,NORMAL_TRENDING,1.1812140628857422,23.610000610351562,0.0,0.0,False,82
2022-09-09,1.0207794889346244,1.0260433048144944,1.025478916226615,0.017873892548684912,61.464630126953125,GOLDILOCKS,NORMAL_TRENDING,1.178107031442871,22.790000915527344,0.0,0.0,False,82
2022-09-12,1.024923046662122,1.0302082294730495,1.029641549913692,0.004059209430062171,62.21828842163086,GOLDILOCKS,NORMAL_TRENDING,1.1765535157214355,23.8700008392334,0.0,0.0,False,82
2022-09-13,1.0274260286476453,1.0327241184933098,1.0321560550361726,0.002442116989831443,60.36671447753906,GOLDILOCKS,NORMAL_TRENDING,1.1757767578607177,27.270000457763672,0.0,0.0,False,82
2022-09-14,1.0109618766764712,1.0161750664379021,1.0156161060040743,-0.016024659208649063,60.60863494873047,GOLDILOCKS,NORMAL_TRENDING,1.1753883789303587,26.15999984741211,0.0,0.0,False,82
2022-09-15,1.0115464872802997,1.0167626916816341,1.0162034080168276,0.0005782716611930424,60.02245330810547,GOLDILOCKS,NORMAL_TRENDING,1.1782444983897342,26.270000457763672,0.0,0.0,False,82
2022-09-16,0.9916256706199513,0.9967391500819492,0.996190880629033,-0.019693426758772753,59.454891204833984,GOLDILOCKS,NORMAL_TRENDING,1.1796865819702937,26.299999237060547,0.0,0.0,False,82
2022-09-19,0.9836733138241791,0.9887457856616726,0.9881876817654837,-0.008033800568918845,59.65959167480469,CAUTIOUS_BULL,EARLY_DD_UNCERTAINTY,1.0626105380465578,25.760000228881836,0.0,0.14401412360529542,False,82
2022-09-20,0.9973187784226416,1.0024616153233248,1.001881652472288,0.013857661818187055,59.25950241088867,CAUTIOUS_BULL,EARLY_DD_UNCERTAINTY,1.0628024407304695,27.15999984741211,0.0,0.14090453545614287,False,82
2022-09-21,0.9830061782284442,0.9880752098724572,0.9874892575188546,-0.014365364330126303,58.23602294921875,CAUTIOUS_BULL,EARLY_DD_UNCERTAINTY,1.062654846761052,27.989999771118164,0.0,0.14493924795982016,False,82
2022-09-22,0.9713486178636506,0.9763575353967965,0.9757644249164674,-0.011873377369032578,57.72427749633789,CAUTIOUS_BULL,EARLY_DD_UNCERTAINTY,1.062788934984879,27.350000381469727,0.0,0.144573721206675,False,82
2022-09-23,0.9533895982648517,0.9583059071850937,0.9577098230830545,-0.018503033490853575,56.47749710083008,CAUTIOUS_BULL,EARLY_DD_UNCERTAINTY,1.0624262422092785,29.920000076293945,0.0,0.14555026427156215,False,82
2022-09-26,0.944302335276219,0.9491717842431188,0.9482165398981105,-0.00991248388200018,56.08671188354492,CRISIS_MODE,FAST_SHOCK,0.5899823798435823,32.2599983215332,0.0,3.8476637140729144,False,82
2022-09-27,0.9464242674729602,0.9513046585292282,0.9499860423158115,0.0018661374730829623,55.844791412353516,CRISIS_MODE,FAST_SHOCK,0.5898490584013966,32.599998474121094,0.0,3.802427956225998,False,82
2022-09-28,0.9282640185795379,0.9330507633512324,0.9313955496633434,-0.01956922715111636,56.14253616333008,CRISIS_MODE,FAST_SHOCK,0.5886745292006983,30.18000030517578,0.0,3.8855612400397206,False,82
2022-09-29,0.9247681138264252,0.9295368313952287,0.9275330340012082,-0.004147019666919488,54.7747917175293,CRISIS_MODE,FAST_SHOCK,0.5892908066031964,31.84000015258789,0.0,3.8253877678305965,False,82
2022-09-30,0.9277487609323573,0.9325328486939777,0.9301692468843616,0.002842176813672477,54.45844268798828,CRISIS_MODE,FAST_SHOCK,0.5896199371878336,31.6200008392334,0.0,3.7987271552816004,False,82
2022-10-03,0.9223024231450507,0.9270584259778077,0.924354349474502,-0.006251440186113194,54.97948455810547,CRISIS_MODE,FAST_SHOCK,0.5885599685939168,30.100000381469727,0.0,3.833488634426069,False,82
2022-10-04,0.9332949008565177,0.9381075881929937,0.9350191481158728,0.011537565271839504,56.83106231689453,CRISIS_MODE,FAST_SHOCK,0.5880299842969584,29.06999969482422,0.0,3.7660725022110695,False,82
2022-10-05,0.9353552279440398,0.9404971476161855,0.937400840625736,0.0025472125513818864,56.94271469116211,RECOVERY_GROWTH,RECOVERY_ACCEL,1.2930829827266543,28.549999237060547,0.0,0.0,False,82
2022-10-06,0.9329722300136672,0.9381010496532576,0.93465552602019,-0.002928645342064629,56.53331756591797,CRISIS_MODE,FAST_SHOCK,0.5876324960742396,30.520000457763672,0.0,3.8207133238029294,False,82
2022-10-07,0.9193074907219303,0.9243611913161784,0.9206100731549038,-0.015027411141613208,55.25862503051758,CRISIS_MODE,FAST_SHOCK,0.5875662480371198,31.360000610351562,0.0,3.8676444934768828,False,82
2022-10-10,0.9079071626829386,0.9128981923589502,0.9088428831977488,-0.012781947862931018,54.37470626831055,CRISIS_MODE,FAST_SHOCK,0.58753312401856,32.45000076293945,0.0,3.858847395747258,False,82
2022-10-11,0.8959908315609741,0.9009163536997579,0.89656804483263,-0.013506007025031595,53.490787506103516,CRISIS_MODE,FAST_SHOCK,0.5875165620092799,33.630001068115234,0.0,3.861679682443311,False,82
2022-10-12,0.8979577444606122,0.9028940792915473,0.8981946751212685,0.0018142853718841865,53.57453536987305,CRISIS_MODE,FAST_SHOCK,0.5886409926111542,33.56999969482422,0.0,3.80262476304146,False,82
2022-10-13,0.8871808305490667,0.8920579215505012,0.8870727482668167,-0.012382534836281564,53.70479202270508,CRISIS_MODE,FAST_SHOCK,0.5893064529862565,31.940000534057617,0.0,3.8572867976694813,False,82
2022-10-14,0.8962230157240979,0.9011498142467411,0.8957758993870493,0.009811090620512133,52.94183349609375,CRISIS_MODE,FAST_SHOCK,0.5884032264931283,32.02000045776367,0.0,3.77251135871653,False,82
2022-10-17,0.8946837754898364,0.899364004378958,0.8940007390139821,-0.0019817014213955654,54.23514175415039,RECOVERY_GROWTH,RECOVERY_ACCEL,1.2934935491424413,31.3700008392334,0.0,0.0,False,82
2022-10-18,0.9073683313157039,0.912114915073717,0.9063350392452902,0.013796745005951568,54.03975296020508,CRISIS_MODE,FAST_SHOCK,0.5890800521010472,30.5,0.0,3.757680055977538,False,82
2022-10-19,0.8930714891661404,0.8977432839367093,0.8917092075492861,-0.016137334498490925,52.876705169677734,CRISIS_MODE,FAST_SHOCK,0.5896115883154135,30.760000228881836,0.0,3.8720076928439626,False,82
2022-10-20,0.8881435954355913,0.8927896116336276,0.8864491320289479,-0.005898868684775188,53.17444610595703,CRISIS_MODE,FAST_SHOCK,0.5899554404770553,29.979999542236328,0.0,3.832129035487263,False,82
2022-10-21,0.8865669712143784,0.8912047398478231,0.8845378208959198,-0.00215614304754675,53.68618392944336,CRISIS_MODE,FAST_SHOCK,0.5901491708096441,29.690000534057617,0.0,3.8177554363651622,False,82
2022-10-24,0.8631767139348825,0.8676921245231245,0.8608641318108216,-0.026763908253374588,51.35078430175781,CRISIS_MODE,FAST_SHOCK,0.5902370706663277,29.850000381469727,0.0,3.914285384430225,False,82
2022-10-25,0.8646712922031612,0.8691945211609544,0.8620267576351801,0.0013505334714236995,51.83461380004883,CRISIS_MODE,FAST_SHOCK,0.5888685353331637,28.459999084472656,0.0,3.8043858590829074,False,82
2022-10-26,0.8707709328580415,0.875326069977342,0.8677793518348036,0.006673336005722853,52.94183349609375,CRISIS_MODE,FAST_SHOCK,0.5898132414014121,27.280000686645508,0.0,3.7842701035861666,False,82
2022-10-27,0.875222594580125,0.8798010190288339,0.8718851370200675,0.004731369992363776,52.383575439453125,CRISIS_MODE,FAST_SHOCK,0.5886566207007061,27.389999389648438,0.0,3.7915844207718568,False,82
2022-10-28,0.8581712023452177,0.8600234143762511,0.8522854784955974,-0.022479633718103978,52.00209426879883,RECOVERY_GROWTH,RECOVERY_ACCEL,1.297684512796409,25.75,0.0,0.0,False,82
2022-10-31,0.8612339764540571,0.8630927989458438,0.8553150712160601,0.0035546689423950235,51.648521423339844,CAUTIOUS_BULL,EARLY_DD_UNCERTAINTY,1.0596209370530763,25.8799991607666,0.0,0.1423511317103373,False,82
2022-11-01,0.8908162333056135,0.8927389039105691,0.8846940214403615,0.0343486876508924,52.74644470214844,WHIPSAW,PROLONGED_CHOP,0.8233248088539741,25.809999465942383,0.0,0.0,False,82
2022-11-02,0.898474569910373,0.9004137696917426,0.8922997254622416,0.00859698815359604,52.43939971923828,WHIPSAW,PROLONGED_CHOP,0.822912404426987,25.860000610351562,0.0,0.0,False,82
2022-11-03,0.8851805052884506,0.8870910121628959,0.8790970254530449,-0.01479626142701906,52.76504898071289,WHIPSAW,PROLONGED_CHOP,0.8227062022134936,25.299999237060547,0.0,0.0,False,82
2022-11-04,0.9195823512597421,0.9215671084851939,0.913262441752629,0.03886421556480286,55.13766098022461,WHIPSAW,PROLONGED_CHOP,0.8226031011067467,24.549999237060547,0.0,0.0,False,82
2022-11-07,0.9377720184056341,0.9397960348374494,0.9313270988326264,0.01978035694244652,55.398189544677734,WHIPSAW,PROLONGED_CHOP,0.8225515505533734,24.350000381469727,0.0,0.0,False,82
2022-11-08,0.9347505786099609,0.9367680737938885,0.9283264241441388,-0.0032219342616024733,55.89131546020508,WHIPSAW,PROLONGED_CHOP,0.825031521105301,25.540000915527344,0.0,0.0,False,82
2022-11-09,0.9295708459437911,0.9315771615831994,0.923182289640196,-0.005541299235002818,54.81201171875,WHIPSAW,PROLONGED_CHOP,0.8237657605526506,26.09000015258789,0.0,0.0,False,82
2022-11-10,0.917252235457809,0.9192319635369666,0.9109483398737439,-0.013251932910476693,57.27766799926758,WHIPSAW,PROLONGED_CHOP,0.8231328802763251,23.530000686645508,0.0,0.0,False,82
2022-11-11,0.9730934222100217,0.9751936736971508,0.9664057532243029,0.060878768776553537,59.036190032958984,WHIPSAW,PROLONGED_CHOP,0.8228164401381626,22.520000457763672,0.0,0.0,False,82
2022-11-14,0.9803016075564924,0.9824174166474937,0.9735643996914793,0.007407495705910689,58.803585052490234,WHIPSAW,PROLONGED_CHOP,0.8253813495648207,23.729999542236328,0.0,0.0,False,82
2022-11-15,1.012449860631957,1.0195916160030116,1.005491711107972,0.03279424702321727,60.599327087402344,WHIPSAW,PROLONGED_CHOP,0.8265171192836048,24.540000915527344,0.0,0.0,False,82
2022-11-16,1.003010946005678,1.0086237358700312,0.9946755054928553,-0.010757130561720875,59.56653594970703,RECOVERY_GROWTH,RECOVERY_ACCEL,1.2996448302302839,24.110000610351562,0.0,0.0,False,82
2022-11-17,0.9931538625145121,0.9971865322391859,0.9833964666418386,-0.011339415506595946,59.8922004699707,RECOVERY_GROWTH,RECOVERY_ACCEL,1.3001854008449014,23.93000030517578,0.0,0.0,False,82
2022-11-18,0.9905039640055888,0.9941165418495543,0.9803689310663141,-0.0030786520779997866,59.315330505371094,RECOVERY_GROWTH,RECOVERY_ACCEL,1.3007360836739326,23.1200008392334,0.0,0.0,False,82
2022-11-21,0.9758509716988358,0.9771475785326428,0.9636346310843894,-0.01706939036075261,58.375587463378906,RECOVERY_GROWTH,RECOVERY_ACCEL,1.2966180418369664,22.360000610351562,0.0,0.0,False,82
2022-11-22,0.9697593163229242,0.9701094062417704,0.9566937894878643,-0.007202773097428572,58.5151481628418,RECOVERY_GROWTH,RECOVERY_ACCEL,1.2994952455197881,21.290000915527344,0.0,0.0,False,82
2022-11-23,0.9763774460884425,0.9777484665765499,0.9642272094637813,0.007874431776074992,59.02688980102539,RECOVERY_GROWTH,RECOVERY_ACCEL,1.2959976227598942,20.350000381469727,0.0,0.0,False,82
2022-11-24,0.988452622190844,0.9917009265267276,0.9779867212224854,0.014269989089351563,59.02688980102539,RECOVERY_GROWTH,RECOVERY_ACCEL,1.2993819526713501,20.350000381469727,0.0,0.0,False,82
2022-11-25,0.982536036176414,0.98485166182677,0.9712321748189071,-0.006906582939219397,58.73845291137695,RECOVERY_GROWTH,RECOVERY_ACCEL,1.295940976335675,20.5,0.0,0.0,False,82
2022-11-28,0.9727085179388365,0.9734854930809285,0.9600231885133897,-0.011540995650815749,58.50584030151367,RECOVERY_GROWTH,RECOVERY_ACCEL,1.298851023660162,22.209999084472656,0.0,0.0,False,82
2022-11-29,1.0086222741094546,1.0149575429009492,1.0009217224775653,0.042601610516832956,60.05967330932617,RECOVERY_GROWTH,RECOVERY_ACCEL,1.300479282877329,21.889999389648438,0.0,0.0,False,82
2022-11-30,1.0324076127074033,1.0425745470828582,1.0281568118552145,0.027210009300462107,62.06010818481445,RECOVERY_GROWTH,RECOVERY_ACCEL,1.3014752079699432,20.579999923706055,0.0,0.0,False,82
2022-12-01,1.0439189749392712,1.0541992708038734,1.0396207775861435,0.011150016805552469,62.00428771972656,GOLDILOCKS,NORMAL_TRENDING,1.1836547746431725,19.84000015258789,0.0,0.0,False,82
2022-12-02,1.0384632648371357,1.048689834009008,1.0341875306437773,-0.005226181564956182,62.227596282958984,GOLDILOCKS,NORMAL_TRENDING,1.184018847689415,19.059999465942383,0.0,0.0,False,82
2022-12-05,1.0661554133014999,1.076654688963219,1.0617656603748016,0.026666469004762588,61.77167892456055,GOLDILOCKS,NORMAL_TRENDING,1.1838561641072505,20.75,0.0,0.0,False,82
2022-12-06,1.052847699040206,1.0632159231134668,1.0485127388546949,-0.01248196472602854,61.68793487548828,GOLDILOCKS,NORMAL_TRENDING,1.1794280820536251,22.170000076293945,0.0,0.0,False,82
2022-12-07,1.028530966671776,1.038659724647371,1.024296127393358,-0.023096153784253542,61.25992965698242,GOLDILOCKS,NORMAL_TRENDING,1.1810849255797378,22.68000030517578,0.0,0.0,False,82
2022-12-08,1.047176728399269,1.0574891059390075,1.042865117680128,0.018128537041357917,62.208980560302734,GOLDILOCKS,NORMAL_TRENDING,1.1821429553980227,22.290000915527344,0.0,0.0,False,82
2022-12-09,1.062462994401413,1.0729259078935955,1.0580884445177898,0.014597599037089643,62.00428771972656,GOLDILOCKS,NORMAL_TRENDING,1.1824219885216196,22.829999923706055,0.0,0.0,False,82
2022-12-12,1.0447610718453109,1.0550496605042279,1.0404594072703204,-0.016661213284021585,61.901939392089844,GOLDILOCKS,NORMAL_TRENDING,1.1818879643390312,25.0,0.0,0.0,False,82
2022-12-13,1.0508068282351681,1.0611549542393246,1.0464802710633991,0.005786735888980665,62.529972076416016,GOLDILOCKS,NORMAL_TRENDING,1.1784439821695156,22.549999237060547,0.0,0.0,False,82
2022-12-14,1.0562698461449527,1.0666717708076012,1.0519207957244894,0.0051988793401349246,62.58647155761719,GOLDILOCKS,NORMAL_TRENDING,1.1810075100508821,21.139999389648438,0.0,0.0,False,82
2022-12-15,1.0406845694239069,1.0509330135390507,1.0363996893047391,-0.01475501433457294,61.08935546875,GOLDILOCKS,NORMAL_TRENDING,1.1818195968194127,22.829999923706055,0.0,0.0,False,82
2022-12-16,1.035856232110804,1.0460571277693105,1.0315912320274987,-0.004639578076741971,61.145851135253906,GOLDILOCKS,NORMAL_TRENDING,1.1823794840701438,22.6200008392334,0.0,0.0,False,82
2022-12-19,1.0337566988800522,1.0439369187741478,1.0295003433452146,-0.0020268577488534805,61.11761474609375,GOLDILOCKS,NORMAL_TRENDING,1.182731128826351,22.420000076293945,0.0,0.0,False,82
2022-12-20,1.016452712079751,1.0264625259287277,1.0122676034060676,-0.016738935591950922,60.825721740722656,GOLDILOCKS,NORMAL_TRENDING,1.1831605248565482,21.479999542236328,0.0,0.0,False,82
2022-12-21,1.021501869969918,1.0315614068704189,1.0172815110952915,0.004953144477165134,61.39065933227539,CAUTIOUS_BULL,EARLY_DD_UNCERTAINTY,1.065409665332883,20.06999969482422,0.0,0.14215303832047355,False,82
2022-12-22,1.0368572694856109,1.047068023150947,1.0325589368256178,0.015017893831450184,60.84455108642578,CAUTIOUS_BULL,EARLY_DD_UNCERTAINTY,1.0614548326664417,21.969999313354492,0.0,0.1407434723321884,False,82
2022-12-23,1.021740508079074,1.0318023950377937,1.0174900917070961,-0.014593690084991806,60.74097442626953,CAUTIOUS_BULL,EARLY_DD_UNCERTAINTY,1.0634445946581492,20.8700008392334,0.0,0.1449728314297727,False,82
2022-12-26,1.0250824534519565,1.0351772511901727,1.0208035990934519,0.0032565500277221505,60.74097442626953,CAUTIOUS_BULL,EARLY_DD_UNCERTAINTY,1.0645013639725645,20.8700008392334,0.0,0.14239343152376668,False,82
2022-12-27,1.0291464249147098,1.0392812437944372,1.024836023995652,0.0039502455768975885,61.917945861816406,CAUTIOUS_BULL,EARLY_DD_UNCERTAINTY,1.0610006819862823,21.649999618530273,0.0,0.14229504249491284,False,82
2022-12-28,1.0246398218419364,1.034730260636576,1.0203336555319025,-0.004393257417118867,60.656227111816406,CAUTIOUS_BULL,EARLY_DD_UNCERTAINTY,1.0592503409931413,22.139999389648438,0.0,0.1434875204707148,False,82
2022-12-29,1.019190738150111,1.0292275155075246,1.0148928960438643,-0.00533233365236975,61.88028335571289,CAUTIOUS_BULL,EARLY_DD_UNCERTAINTY,1.0623074695194308,21.440000534057617,0.0,0.14362298855225394,False,82
2022-12-30,1.0206442196194332,1.030695310558549,1.0163257498334437,0.0014118275880784113,61.00462341308594,CAUTIOUS_BULL,EARLY_DD_UNCERTAINTY,1.0637862278134504,21.670000076293945,0.0,0.1426557375512703,False,82
2023-01-02,1.0218646657516968,1.0319277753892249,1.0175265131704532,0.001181474873785524,61.00462341308594,CAUTIOUS_BULL,EARLY_DD_UNCERTAINTY,1.0606431139067252,21.670000076293945,0.0,0.14268855990883392,False,82
2023-01-03,1.0228670505169193,1.0329400314300963,1.0185101063886526,0.0009666511933284164,61.83320617675781,CAUTIOUS_BULL,EARLY_DD_UNCERTAINTY,1.0590715569533626,22.899999618530273,0.0,0.1427191831884029,False,82
2023-01-04,1.0395012459564101,1.0497380369493852,1.035058897646468,0.01624803833954357,63.951744079589844,CAUTIOUS_BULL,EARLY_DD_UNCERTAINTY,1.0620861704605333,22.010000228881836,0.0,0.14057310564708037,False,82
2023-01-05,1.0488127563575538,1.0591412451586615,1.0443158283962954,0.008943385512530738,63.61277770996094,CAUTIOUS_BULL,EARLY_DD_UNCERTAINTY,1.0634197199338917,22.459999084472656,0.0,0.14159084137765887,False,82
2023-01-06,1.0477200070765498,1.0580377347111454,1.043227764427104,-0.0010418916764503602,64.75208282470703,GOLDILOCKS,NORMAL_TRENDING,1.1826008356669007,21.1299991607666,0.0,0.0,False,82
2023-01-09,1.0719813611106273,1.082538009488627,1.0673850945916468,0.023156333629414855,65.24169921875,GOLDILOCKS,NORMAL_TRENDING,1.1788004178334504,21.969999313354492,0.0,0.0,False,82
2023-01-10,1.0683359291481707,1.0788566780741746,1.0637552929166971,-0.003400648644375522,65.64657592773438,GOLDILOCKS,NORMAL_TRENDING,1.1812387876210466,20.579999923706055,0.0,0.0,False,82
2023-01-11,1.0710606661516007,1.0816082477180882,1.0664683472380243,0.002550449656413246,65.81605529785156,GOLDILOCKS,NORMAL_TRENDING,1.182348239720287,21.09000015258789,0.0,0.0,False,82
2023-01-12,1.0769834687762652,1.0875893768650124,1.0723657550373775,0.005529847945910902,66.12678527832031,GOLDILOCKS,NORMAL_TRENDING,1.1834254537761528,18.829999923706055,0.0,0.0,False,82
2023-01-13,1.089044094935667,1.0997687735499124,1.084374669614633,0.011198524869751102,66.61640167236328,GOLDILOCKS,NORMAL_TRENDING,1.1840996219543893,18.350000381469727,0.0,0.0,False,82
2023-01-16,1.0887570587241715,1.0994789106658025,1.0840888641101036,-0.0002635671161804938,66.61640167236328,GOLDILOCKS,NORMAL_TRENDING,1.1844048610712,18.350000381469727,0.0,0.0,False,82
2023-01-17,1.0882890603327855,1.0990063035240796,1.0836228723257495,-0.00042984648194554717,66.2115249633789,GOLDILOCKS,NORMAL_TRENDING,1.1797024305356,19.360000610351562,0.0,0.0,False,82
2023-01-18,1.088667184488292,1.099388151367234,1.0839993752222874,0.0003474482738905297,65.82547760009766,GOLDILOCKS,NORMAL_TRENDING,1.1817582469611332,20.34000015258789,0.0,0.0,False,82
2023-01-19,1.0867428556235745,1.097444872114081,1.0820832971804417,-0.0017676006883793288,66.4469223022461,GOLDILOCKS,NORMAL_TRENDING,1.1783791234805667,20.520000457763672,0.0,0.0,False,82
2023-01-20,1.098381404963425,1.1091980354551334,1.0936719446501657,0.010709570603224453,67.4920654296875,GOLDILOCKS,NORMAL_TRENDING,1.1766895617402833,19.850000381469727,0.0,0.0,False,82
2023-01-23,1.1016638050115855,1.1125127598928788,1.0969402709597422,0.0029883973211197604,68.15116882324219,GOLDILOCKS,NORMAL_TRENDING,1.1758447808701415,19.809999465942383,0.0,0.0,False,82
2023-01-24,1.100091591267771,1.1109250633167402,1.0953747982971196,-0.0014271266212635496,68.00993347167969,GOLDILOCKS,NORMAL_TRENDING,1.175422390435071,19.200000762939453,0.0,0.0,False,82
2023-01-25,1.096875195816189,1.1076769934750443,1.0921721935803979,-0.002923752419446373,68.06642150878906,GOLDILOCKS,NORMAL_TRENDING,1.1752111952175355,19.079999923706055,0.0,0.0,False,82
2023-01-26,1.103427970193951,1.1142942982052133,1.0986968720429025,0.0059740382522605485,68.81026458740234,GOLDILOCKS,NORMAL_TRENDING,1.1751055976087676,18.729999542236328,0.0,0.0,False,82
2023-01-27,1.10892276449825,1.119843204095296,1.1041681066660303,0.004979748975670277,68.57487487792969,GOLDILOCKS,NORMAL_TRENDING,1.175052798804384,18.510000228881836,0.0,0.0,False,82
2023-01-30,1.0907182452988888,1.1014594105959796,1.0860416418294834,-0.01641639957458901,67.1530990600586,GOLDILOCKS,NORMAL_TRENDING,1.175026399402192,19.940000534057617,0.0,0.0,False,82
2023-01-31,1.081992791854521,1.0926480307098914,1.0773535999586596,-0.007999731811561411,66.75763702392578,GOLDILOCKS,NORMAL_TRENDING,1.1797470135982426,19.399999618530273,0.0,0.0,False,82
2023-02-01,1.1013407734082676,1.1121865471418522,1.0966186243985503,0.01788180263251534,67.82160949707031,GOLDILOCKS,NORMAL_TRENDING,1.1824718277492443,17.8700008392334,0.0,0.0,False,82
2023-02-02,1.102363365401504,1.113219209407295,1.0976368318889291,0.0009284973533412449,67.36024475097656,GOLDILOCKS,NORMAL_TRENDING,1.1835460244208102,18.729999542236328,0.0,0.0,False,82
2023-02-03,1.1018649417026207,1.112715877336006,1.0971405452497398,-0.0004521410222133878,66.13619232177734,GOLDILOCKS,NORMAL_TRENDING,1.1841814368089554,18.329999923706055,0.0,0.0,False,82
2023-02-06,1.0823006850636319,1.0929589559869697,1.0776601730335784,-0.01775558500732202,65.1758041381836,GOLDILOCKS,NORMAL_TRENDING,1.1842552925733059,19.43000030517578,0.0,0.0,False,82
2023-02-07,1.0883042086866581,1.0990216010557752,1.0836379557289864,0.005547001591958994,65.53358459472656,GOLDILOCKS,NORMAL_TRENDING,1.1845478922137267,18.65999984741211,0.0,0.0,False,82
2023-02-08,1.0933552760671026,1.104122410292005,1.0886673659680588,0.00464122746207141,65.43000793457031,GOLDILOCKS,NORMAL_TRENDING,1.1844543649926598,19.6299991607666,0.0,0.0,False,82
2023-02-09,1.1006656364720506,1.1115047615982048,1.0959463822041715,0.006686171059825944,65.93846893310547,GOLDILOCKS,NORMAL_TRENDING,1.1841141256459067,20.709999084472656,0.0,0.0,False,82
2023-02-10,1.0859596493541375,1.096653952993009,1.081303449014872,-0.01336099413901022,65.21345520019531,GOLDILOCKS,NORMAL_TRENDING,1.1839561068929694,20.530000686645508,0.0,0.0,False,82
2023-02-13,1.0861123265105737,1.0968081336821691,1.081455471547144,0.00014059192395131086,65.6654052734375,GOLDILOCKS,NORMAL_TRENDING,1.1794780534464846,20.34000015258789,0.0,0.0,False,82
2023-02-14,1.0884202571699595,1.0991387923602836,1.0837535066385633,0.0021249465668074525,65.46768188476562,GOLDILOCKS,NORMAL_TRENDING,1.1820922703002978,18.90999984741211,0.0,0.0,False,82
2023-02-15,1.0751116165138266,1.0856990909927495,1.070501928597211,-0.012227483426977971,64.61084747314453,GOLDILOCKS,NORMAL_TRENDING,1.178546135150149,18.229999542236328,0.0,0.0,False,82
2023-02-16,1.0846085218078532,1.0952895198250625,1.0799581146125072,0.00883341333881348,64.70500946044922,GOLDILOCKS,NORMAL_TRENDING,1.1767730675750745,20.170000076293945,0.0,0.0,False,82
2023-02-17,1.0729511682303456,1.083517367066151,1.068350743530864,-0.010747982652834675,63.99882507324219,GOLDILOCKS,NORMAL_TRENDING,1.1758865337875373,20.020000457763672,0.0,0.0,False,82
2023-02-20,1.078104450985997,1.0887213982732378,1.0734819308827592,0.00480290520970386,63.99882507324219,GOLDILOCKS,NORMAL_TRENDING,1.1754432668937687,20.020000457763672,0.0,0.0,False,82
2023-02-21,1.070928614852129,1.0814748960050213,1.0663368621265383,-0.006655974870806822,63.254981994628906,GOLDILOCKS,NORMAL_TRENDING,1.1752216334468844,22.8700008392334,0.0,0.0,False,82
2023-02-22,1.0556483384762205,1.066044142661256,1.0511221020228854,-0.014268249222212051,62.90658950805664,GOLDILOCKS,NORMAL_TRENDING,1.175110816723442,22.290000915527344,0.0,0.0,False,82
2023-02-23,1.0628307403844153,1.0732972753621723,1.05825869237175,0.006789496991006407,63.104331970214844,CAUTIOUS_BULL,EARLY_DD_UNCERTAINTY,1.057549867525549,21.139999389648438,0.0,0.14189375563024867,False,82
2023-02-24,1.046417967385272,1.0567228728051417,1.0419014052826896,-0.015456794455806368,61.6543083190918,CAUTIOUS_BULL,EARLY_DD_UNCERTAINTY,1.0575249337627746,21.670000076293945,0.0,0.14509992253532478,False,82
2023-02-27,1.0410809415642654,1.0513332890693983,1.0365725308923914,-0.0051145668517956775,62.06859588623047,CAUTIOUS_BULL,EARLY_DD_UNCERTAINTY,1.061564621923198,20.950000762939453,0.0,0.14359155144636834,False,82
2023-02-28,1.0363498221320657,1.0465555785619318,1.031847091437754,-0.0045587156844386564,61.644893646240234,CAUTIOUS_BULL,EARLY_DD_UNCERTAINTY,1.059532310961599,20.700000762939453,0.0,0.14351137039224526,False,82
2023-03-01,1.0639997156810075,1.0744777624831454,1.0593621111101734,0.026665791763855803,62.963096618652344,CAUTIOUS_BULL,EARLY_DD_UNCERTAINTY,1.0585161554807996,20.579999923706055,0.0,0.1391466862957498,False,82
2023-03-02,1.0592387700650243,1.0696699320698717,1.054606783055244,-0.0044888598573211815,63.42445373535156,CAUTIOUS_BULL,EARLY_DD_UNCERTAINTY,1.0580080777404,19.59000015258789,0.0,0.14350130008255682,False,82
2023-03-03,1.069308603173993,1.0798389307904948,1.0646175155825195,0.009492383974882265,63.87641525268555,CAUTIOUS_BULL,EARLY_DD_UNCERTAINTY,1.0623014957895125,18.489999771118164,0.0,0.14151383915809448,False,82
2023-03-06,1.0792488704304775,1.0898770877212003,1.0744989657790536,0.009281690421115592,63.52803039550781,CAUTIOUS_BULL,EARLY_DD_UNCERTAINTY,1.064390369490648,18.610000610351562,0.0,0.1415433810134183,False,82
2023-03-07,1.081080864728023,1.0917271231156636,1.0763075472631665,0.0016831858770581514,62.53937911987305,CAUTIOUS_BULL,EARLY_DD_UNCERTAINTY,1.060945184745324,19.59000015258789,0.0,0.14261709178242757,False,82
2023-03-08,1.0640165101071386,1.0744947222972747,1.0593031613985497,-0.01579881689750804,62.605289459228516,CAUTIOUS_BULL,EARLY_DD_UNCERTAINTY,1.0592225923726621,19.110000610351562,0.0,0.14515034660577736,False,82
2023-03-09,1.0541278393056062,1.064508669932625,1.0494431622346876,-0.009308005038750636,61.145851135253906,CAUTIOUS_BULL,EARLY_DD_UNCERTAINTY,1.0620267659194738,22.610000610351562,0.0,0.14419935114417742,False,82
2023-03-10,1.0319003041734465,1.042062242680497,1.0272994170269532,-0.021100471187578684,60.83512496948242,CAUTIOUS_BULL,EARLY_DD_UNCERTAINTY,1.0629735970632104,24.799999237060547,0.0,0.14593647116211597,False,82
2023-03-13,1.039743342010341,1.0499825171146526,1.0350928097603358,0.007586291400745551,61.22117614746094,CAUTIOUS_BULL,EARLY_DD_UNCERTAINTY,1.0631854292167595,26.520000457763672,0.0,0.14178154672841264,False,82
2023-03-14,1.0197212346226914,1.0297632361984828,1.0151454696026796,-0.019271064362117184,61.3059196472168,CAUTIOUS_BULL,EARLY_DD_UNCERTAINTY,1.0638401949238767,23.729999542236328,0.0,0.145664247954738,False,82
2023-03-15,1.0303900523697416,1.040537118232703,1.0257519114003872,0.0104481989185834,60.30785369873047,CAUTIOUS_BULL,EARLY_DD_UNCERTAINTY,1.063749916268892,26.139999389648438,0.0,0.14137997673708902,False,82
2023-03-16,1.0216671933172086,1.031728358287478,1.0170536633459089,-0.008479875063165514,61.21176528930664,CAUTIOUS_BULL,EARLY_DD_UNCERTAINTY,1.0642818314245608,22.989999771118164,0.0,0.1440789140475022,False,82
2023-03-17,1.0409970857188773,1.0512486074291723,1.0362817386523029,0.018905664469205465,60.985782623291016,CAUTIOUS_BULL,EARLY_DD_UNCERTAINTY,1.0640696522877597,25.510000228881836,0.0,0.1402064468171974,False,82
2023-03-20,1.026432322711788,1.0365404136803251,1.0217681448238198,-0.01400545169053943,61.10819625854492,CAUTIOUS_BULL,EARLY_DD_UNCERTAINTY,1.06078482614388,24.149999618530273,0.0,0.14488634151383384,False,82
2023-03-21,1.0424891715586,1.052755387018368,1.0377374335758276,0.015629072831156957,61.682552337646484,CAUTIOUS_BULL,EARLY_DD_UNCERTAINTY,1.0631787763407627,21.3799991607666,0.0,0.14065877659342277,False,82
2023-03-22,1.0541402936233142,1.0645212468978507,1.0493206241972144,0.01116196664648924,62.06859588623047,CAUTIOUS_BULL,EARLY_DD_UNCERTAINTY,1.0641370916815802,22.260000228881836,0.0,0.14128017822004066,False,82
2023-03-23,1.06777360138336,1.078288812623075,1.0628766083688679,0.012918819909810343,63.132572174072266,CAUTIOUS_BULL,EARLY_DD_UNCERTAINTY,1.06081854584079,22.610000610351562,0.0,0.14103513534269485,False,82
2023-03-24,1.059460113638754,1.0698934553888506,1.0545860637544835,-0.00780010073521839,62.87834548950195,CAUTIOUS_BULL,EARLY_DD_UNCERTAINTY,1.0591592729203951,21.739999771118164,0.0,0.1439802029439831,False,82
2023-03-27,1.0455605286297605,1.0558569901719883,1.0407353583187704,-0.013133783871941761,62.426395416259766,CAUTIOUS_BULL,EARLY_DD_UNCERTAINTY,1.0583296364601975,20.600000381469727,0.0,0.1447583679757919,False,82
2023-03-28,1.0534927461708061,1.063867322533381,1.0486161017222764,0.007572283713159189,63.24555587768555,CAUTIOUS_BULL,EARLY_DD_UNCERTAINTY,1.0579148182300988,19.969999313354492,0.0,0.14178351783425214,False,82
2023-03-29,1.0672920251754694,1.0778024939533484,1.0623365232869424,0.013084313260240128,63.43387985229492,CAUTIOUS_BULL,EARLY_DD_UNCERTAINTY,1.0577074091150496,19.1200008392334,0.0,0.14101209641417656,False,82
2023-03-30,1.0752121189512769,1.085800583157197,1.070204667348838,0.007406451618128458,64.01766204833984,CAUTIOUS_BULL,EARLY_DD_UNCERTAINTY,1.0619947531086855,19.020000457763672,0.0,0.14180685722995034,False,82
2023-03-31,1.0806717437706146,1.0913139732205814,1.0756235770987939,0.00506343311263999,63.90468215942383,CAUTIOUS_BULL,EARLY_DD_UNCERTAINTY,1.0597473765543428,18.700000762939453,0.0,0.1421374394397378,False,82
2023-04-03,1.0817585262219975,1.0924114580783857,1.0766899167873152,0.0009913688312759342,64.12123107910156,CAUTIOUS_BULL,EARLY_DD_UNCERTAINTY,1.0586236882771713,18.549999237060547,0.0,0.14271565900107416,False,82
2023-04-04,1.0800700030524009,1.090706306685551,1.074993923955113,-0.0015751915252098648,64.03649139404297,CAUTIOUS_BULL,EARLY_DD_UNCERTAINTY,1.0580618441385856,19.0,0.0,0.14308252523830384,False,82
2023-04-05,1.0797433099555303,1.090376396383348,1.0746534091841478,-0.00031675971684782373,63.546871185302734,CAUTIOUS_BULL,EARLY_DD_UNCERTAINTY,1.0577809220692929,19.079999923706055,0.0,0.1429024085836227,False,82
2023-04-06,1.0781793704916898,1.0887970555705633,1.0730814899260666,-0.001462722068945632,63.81991958618164,CAUTIOUS_BULL,EARLY_DD_UNCERTAINTY,1.0576404610346464,18.399999618530273,0.0,0.1430664092512795,False,82
2023-04-07,1.0790056386870077,1.0896314606823616,1.0738885215993461,0.0007520693263799575,63.81991958618164,CAUTIOUS_BULL,EARLY_DD_UNCERTAINTY,1.0575702305173231,18.399999618530273,0.0,0.14274978512240494,False,82
2023-04-10,1.080637228817119,1.0912791183710384,1.075497032750216,0.001497838107510772,63.93291091918945,CAUTIOUS_BULL,EARLY_DD_UNCERTAINTY,1.0575351152586616,18.969999313354492,0.0,0.14264348600801185,False,82
2023-04-11,1.084707402558059,1.095389374332229,1.0795324819199643,0.0037521713652979858,64.14947509765625,CAUTIOUS_BULL,EARLY_DD_UNCERTAINTY,1.057517557629331,19.100000381469727,0.0,0.1423231221137279,False,82
2023-04-12,1.0818037293420835,1.09245710634935,1.0766272396517194,-0.0026912041248430578,63.42445373535156,CAUTIOUS_BULL,EARLY_DD_UNCERTAINTY,1.061845172932084,19.09000015258789,0.0,0.1432426380354773,False,82
2023-04-13,1.082472651687098,1.0931326161017998,1.0772775807777886,0.000604054125808326,64.43195343017578,CAUTIOUS_BULL,EARLY_DD_UNCERTAINTY,1.0642714767057668,17.799999237060547,0.0,0.14277090150504335,False,82
2023-04-14,1.0866451522035194,1.0973462065311683,1.081414666687279,0.003840315609746168,63.88583755493164,CAUTIOUS_BULL,EARLY_DD_UNCERTAINTY,1.0608857383528834,17.06999969482422,0.0,0.14231062514197737,False,82
2023-04-17,1.0984326576575643,1.1092497928750928,1.0931299850806993,0.010833326710195245,64.28128814697266,CAUTIOUS_BULL,EARLY_DD_UNCERTAINTY,1.0591928691764416,16.950000762939453,0.0,0.14132611092481304,False,82
2023-04-18,1.093721150592622,1.1044918878733774,1.0884412227685965,-0.004289299878419073,64.17772674560547,GOLDILOCKS,NORMAL_TRENDING,1.1812087071488937,16.829999923706055,0.0,0.0,False,82
2023-04-19,1.0841937085162834,1.0948706215389028,1.0789597743227946,-0.008711033951548257,63.59394836425781,GOLDILOCKS,NORMAL_TRENDING,1.1781043535744469,16.459999084472656,0.0,0.0,False,82
2023-04-20,1.0770674331371939,1.0876741680894186,1.0718679009662273,-0.006572880217910312,63.43387985229492,GOLDILOCKS,NORMAL_TRENDING,1.1765521767872236,17.170000076293945,0.0,0.0,False,82
2023-04-21,1.0663080200034767,1.0768087985041,1.0611604287909018,-0.00998954457510429,62.82185745239258,GOLDILOCKS,NORMAL_TRENDING,1.1757760883936117,16.770000457763672,0.0,0.0,False,82
2023-04-24,1.0637926223756504,1.0742686297662047,1.0586571742197552,-0.002358978438348533,62.501712799072266,GOLDILOCKS,NORMAL_TRENDING,1.1753880441968056,16.889999389648438,0.0,0.0,False,82
2023-04-25,1.0487907101738037,1.0591189818687032,1.0437125599238475,-0.014116575847060416,61.15526580810547,CAUTIOUS_BULL,EARLY_DD_UNCERTAINTY,1.0576746198885627,18.760000228881836,0.0,0.14490267242284163,False,82
2023-04-26,1.0520897293609093,1.0624504891072004,1.0469806953774627,0.0031312600605800374,61.70138168334961,CAUTIOUS_BULL,EARLY_DD_UNCERTAINTY,1.0575873099442812,18.84000015258789,0.0,0.14241121630335352,False,82
2023-04-27,1.0579052105954656,1.068323239985399,1.0527529792912733,0.005513266805487302,62.492305755615234,CAUTIOUS_BULL,EARLY_DD_UNCERTAINTY,1.0575436549721406,17.030000686645508,0.0,0.1420738518060528,False,82
2023-04-28,1.06405220933598,1.0745307730846607,1.0588550014662055,0.00579625258248149,62.81243896484375,CAUTIOUS_BULL,EARLY_DD_UNCERTAINTY,1.062561203988829,15.779999732971191,0.0,0.14203387862138378,False,82
2023-05-01,1.0639687073495188,1.0744464487880905,1.058756780833001,-9.276117416322642e-05,62.58647155761719,CAUTIOUS_BULL,EARLY_DD_UNCERTAINTY,1.0600306019944146,16.079999923706055,0.0,0.14287039568279952,False,82
2023-05-02,1.0620941662339078,1.0725534475833907,1.0568762971937293,-0.0017761242934303061,61.99326705932617,CAUTIOUS_BULL,EARLY_DD_UNCERTAINTY,1.0587653009972073,17.780000686645508,0.0,0.14311132636055687,False,82
2023-05-03,1.0524999806151172,1.0628647804300089,1.047314147773039,-0.009047557832529926,61.917945861816406,CAUTIOUS_BULL,EARLY_DD_UNCERTAINTY,1.0581326504986035,18.34000015258789,0.0,0.1441614519307074,False,82
2023-05-04,1.0632852769359937,1.073756288094704,1.0580313416129694,0.010233026893333722,62.426395416259766,CAUTIOUS_BULL,EARLY_DD_UNCERTAINTY,1.0578163252493018,20.09000015258789,0.0,0.14141008960720358,False,82
2023-05-05,1.068622109862041,1.079145677035899,1.0633266892955697,0.005004906257812437,63.15141677856445,CAUTIOUS_BULL,EARLY_DD_UNCERTAINTY,1.0576581626246508,17.190000534057617,0.0,0.14214571686926264,False,82
2023-05-08,1.0796782191599477,1.0903106645872165,1.0743128210727424,0.010331849926997318,63.170230865478516,CAUTIOUS_BULL,EARLY_DD_UNCERTAINTY,1.0575790813123254,16.979999542236328,0.0,0.1413962579398691,False,82
2023-05-09,1.0694723224885212,1.0800042623786128,1.064142294684962,-0.009467006432656104,62.58647155761719,CAUTIOUS_BULL,EARLY_DD_UNCERTAINTY,1.0621731220673925,17.709999084472656,0.0,0.14422249817510022,False,82
2023-05-10,1.0669532623891196,1.077460395101888,1.0616205870248177,-0.0023697090818956307,62.567630767822266,CAUTIOUS_BULL,EARLY_DD_UNCERTAINTY,1.0646374439171629,16.940000534057617,0.0,0.14319647684882697,False,82
2023-05-11,1.0702076381832526,1.0807468193086098,1.064843531309314,0.0030358720656771844,62.294578552246094,CAUTIOUS_BULL,EARLY_DD_UNCERTAINTY,1.0610687219585815,16.93000030517578,0.0,0.14242475950829084,False,82
2023-05-12,1.0639775971788454,1.0744554261625983,1.0586295045367102,-0.005835624286474549,61.352996826171875,CAUTIOUS_BULL,EARLY_DD_UNCERTAINTY,1.0592843609792908,17.030000686645508,0.0,0.14369569695616208,False,82
2023-05-15,1.0732695307109645,1.0838388647139359,1.0678596088055123,0.00871891840275285,62.82185745239258,CAUTIOUS_BULL,EARLY_DD_UNCERTAINTY,1.063184251635343,17.1200008392334,0.0,0.14162234915089006,False,82
2023-05-16,1.0752539167603286,1.0858427925823364,1.0698187372221952,0.0018346310699721197,62.228660583496094,CAUTIOUS_BULL,EARLY_DD_UNCERTAINTY,1.064953828433731,17.989999771118164,0.0,0.142595532662481,False,82
2023-05-17,1.0629619958952508,1.0734298234498445,1.0575736662742996,-0.011445930531830285,62.426395416259766,CAUTIOUS_BULL,EARLY_DD_UNCERTAINTY,1.0612269142168655,16.8700008392334,0.0,0.14451120810619725,False,82
2023-05-18,1.0671896086008825,1.0776990688017432,1.061764740318835,0.003962914526134164,62.10625076293945,CAUTIOUS_BULL,EARLY_DD_UNCERTAINTY,1.0593634571084327,16.049999237060547,0.0,0.14229324688210293,False,82
2023-05-19,1.0624997984430429,1.0729630743737362,1.057083601907841,-0.004408828277334239,62.24749755859375,CAUTIOUS_BULL,EARLY_DD_UNCERTAINTY,1.0584317285542164,16.809999465942383,0.0,0.14348976458876983,False,82
2023-05-22,1.075601988915805,1.086194292479646,1.070103901490192,0.01231719001113253,62.78419494628906,CAUTIOUS_BULL,EARLY_DD_UNCERTAINTY,1.0579658642771081,17.209999084472656,0.0,0.14111895388793294,False,82
2023-05-23,1.0698630780705702,1.0803988660399582,1.0643790386780583,-0.0053498195868285255,61.75788116455078,CAUTIOUS_BULL,EARLY_DD_UNCERTAINTY,1.0577329321385542,18.530000686645508,0.0,0.1436255134421238,False,82
2023-05-24,1.0616932734721167,1.0721486069134767,1.0562359064818119,-0.007650594290507735,61.24942398071289,CAUTIOUS_BULL,EARLY_DD_UNCERTAINTY,1.0617957405228367,20.030000686645508,0.0,0.14395851101961954,False,82
2023-05-25,1.0521420269262285,1.062503301688012,1.0467186666298818,-0.009010524820757775,61.11761474609375,CAUTIOUS_BULL,EARLY_DD_UNCERTAINTY,1.0640384582824847,19.139999389648438,0.0,0.1441560646557866,False,82
2023-05-26,1.0638755765244567,1.0743524008301297,1.058376781472166,0.011137772941242996,62.23808288574219,CAUTIOUS_BULL,EARLY_DD_UNCERTAINTY,1.0654362521234368,17.950000762939453,0.0,0.14128355866045195,False,82
2023-05-29,1.0680399839991421,1.0785578185191786,1.0625045449351698,0.0039000888296717552,62.23808288574219,CAUTIOUS_BULL,EARLY_DD_UNCERTAINTY,1.0614681260617185,17.950000762939453,0.0,0.1423021518243743,False,82
2023-05-30,1.0723079958951394,1.082867860904225,1.0667352579370224,0.0039818304985327615,61.46598815917969,CAUTIOUS_BULL,EARLY_DD_UNCERTAINTY,1.0594840630308593,17.459999084472656,0.0,0.14229056594202139,False,82
2023-05-31,1.0558564377334871,1.0662542912365118,1.0503539587315953,-0.015356480517112718,61.02345275878906,CAUTIOUS_BULL,EARLY_DD_UNCERTAINTY,1.0584920315154296,17.940000534057617,0.0,0.14508513998260833,False,82
2023-06-01,1.0575732647026392,1.0679880251588039,1.0520468335903996,0.0016117184542710082,61.983856201171875,CAUTIOUS_BULL,EARLY_DD_UNCERTAINTY,1.0579960157577148,15.649999618530273,0.0,0.14262726785745472,False,82
2023-06-02,1.0860082824140562,1.0967030649811376,1.0803182326710767,0.026872757160622936,63.1231575012207,CAUTIOUS_BULL,EARLY_DD_UNCERTAINTY,1.0577480078788575,14.600000381469727,0.0,0.1391186413905391,False,82
2023-06-05,1.0894796778668612,1.1002086460107683,1.083756006919566,0.0031821866414208535,62.95367431640625,CAUTIOUS_BULL,EARLY_DD_UNCERTAINTY,1.057624003939429,14.729999542236328,0.0,0.1424039867926861,False,82
2023-06-06,1.0963955148076365,1.107192588668184,1.090635510943098,0.0063478347336559425,63.42445373535156,GOLDILOCKS,NORMAL_TRENDING,1.1750688910774605,13.960000038146973,0.0,0.0,False,82
2023-06-07,1.1087868587745775,1.1197059600004649,1.1029617559670277,0.01130189224562356,63.071163177490234,GOLDILOCKS,NORMAL_TRENDING,1.1750344455387303,13.9399995803833,0.0,0.0,False,82
2023-06-08,1.11011404203242,1.1210462130816221,1.1042819667586472,0.001196968783801609,63.51633834838867,GOLDILOCKS,NORMAL_TRENDING,1.1808403131113534,13.649999618530273,0.0,0.0,False,82
2023-06-09,1.1198172471411496,1.1308449733260926,1.113934195282586,0.008740728196685843,63.67736053466797,GOLDILOCKS,NORMAL_TRENDING,1.1837017623759325,13.829999923706055,0.0,0.0,False,82
2023-06-12,1.123971243946947,1.1350398778241624,1.11806636872507,0.0037095310117810534,63.904666900634766,GOLDILOCKS,NORMAL_TRENDING,1.1848743581134686,15.010000228881836,0.0,0.0,False,82
2023-06-13,1.1376861876034885,1.1488898833791275,1.1317092597989473,0.012202219345381286,64.67186737060547,GOLDILOCKS,NORMAL_TRENDING,1.1855960876003862,14.609999656677246,0.0,0.0,False,82
2023-06-14,1.1416668280470352,1.1529097243377262,1.1356689876210644,0.0034988914227146134,64.98442840576172,GOLDILOCKS,NORMAL_TRENDING,1.1860393292867744,13.880000114440918,0.0,0.0,False,82
2023-06-15,1.1555887082140388,1.1669687042706542,1.1495177280474538,0.01219434586780341,65.47694396972656,GOLDILOCKS,NORMAL_TRENDING,1.180519664643387,14.5,0.0,0.0,False,82
2023-06-16,1.1650427971719408,1.176515895120514,1.1589221491727189,0.008181188419981462,65.31593322753906,GOLDILOCKS,NORMAL_TRENDING,1.1835478723861483,13.539999961853027,0.0,0.0,False,82
2023-06-19,1.161448080403229,1.1728857783324338,1.1553463175437217,-0.0030854804453859155,65.31593322753906,GOLDILOCKS,NORMAL_TRENDING,1.1851002622540427,13.539999961853027,0.0,0.0,False,82
2023-06-20,1.14841809549557,1.1597274768569399,1.1423847867316965,-0.011218740749164837,63.78153991699219,GOLDILOCKS,NORMAL_TRENDING,1.1800501311270213,13.880000114440918,0.0,0.0,False,82
2023-06-21,1.1413181061061075,1.152557568256014,1.1353220977194876,-0.006182408146746246,63.4216194152832,GOLDILOCKS,NORMAL_TRENDING,1.183461533502279,13.199999809265137,0.0,0.0,False,82
2023-06-22,1.136539131682437,1.1477315314911234,1.1305682300303639,-0.0041872413993109744,63.345855712890625,GOLDILOCKS,NORMAL_TRENDING,1.1851982446149774,12.90999984741211,0.0,0.0,False,82
2023-06-23,1.1320951875843082,1.1432438243603922,1.1261476325574569,-0.003910066951720704,62.32292556762695,GOLDILOCKS,NORMAL_TRENDING,1.1800991223074888,13.4399995803833,0.0,0.0,False,82
2023-06-26,1.1310047680806607,1.1421426666333931,1.1250629416622087,-0.0009631871203110339,62.521827697753906,GOLDILOCKS,NORMAL_TRENDING,1.1775495611537443,14.25,0.0,0.0,False,82
2023-06-27,1.1394949131490855,1.1507164208758363,1.1335084830563715,0.00750672791842674,63.28901290893555,GOLDILOCKS,NORMAL_TRENDING,1.1821799245021236,13.739999771118164,0.0,0.0,False,82
2023-06-28,1.1462349868901136,1.1575228694542516,1.1402131472665586,0.005914966063693485,62.93857192993164,GOLDILOCKS,NORMAL_TRENDING,1.1845339543191873,13.430000305175781,0.0,0.0,False,82
2023-06-29,1.13986861935595,1.151093807263314,1.1338802259669924,-0.0055541556547984905,62.42711639404297,GOLDILOCKS,NORMAL_TRENDING,1.1797669771595938,13.539999961853027,0.0,0.0,False,82
2023-06-30,1.1468070968077602,1.1581006133907845,1.1407822515577757,0.0060870852429735075,62.929107666015625,GOLDILOCKS,NORMAL_TRENDING,1.177383488579797,13.59000015258789,0.0,0.0,False,82
2023-07-03,1.1713791173159025,1.1829146140208318,1.1652251809385146,0.021426463593171668,63.67736053466797,GOLDILOCKS,NORMAL_TRENDING,1.1761917442898984,13.569999694824219,0.0,0.0,False,82
2023-07-04,1.1787585986043585,1.1903667668985525,1.1725658935160759,0.00629982315662694,63.67736053466797,GOLDILOCKS,NORMAL_TRENDING,1.175595872144949,13.569999694824219,0.0,0.0,False,82
2023-07-05,1.1718138166615166,1.1833535941947402,1.1656575965554223,-0.005891606602967266,63.175357818603516,GOLDILOCKS,NORMAL_TRENDING,1.1752979360724745,14.180000305175781,0.0,0.0,False,82
2023-07-06,1.1572835802468555,1.1686802670489866,1.151203695930876,-0.012399782463785468,61.991416931152344,GOLDILOCKS,NORMAL_TRENDING,1.180686093144938,15.4399995803833,0.0,0.0,False,82
2023-07-07,1.142703740873879,1.1539568484653522,1.1367004529412288,-0.012598329071485241,62.55971145629883,GOLDILOCKS,NORMAL_TRENDING,1.1834790844459653,14.829999923706055,0.0,0.0,False,82
2023-07-10,1.145035875039028,1.1563119490002953,1.1390203350480443,0.002040891336686741,62.66389846801758,GOLDILOCKS,NORMAL_TRENDING,1.1849266824590237,15.069999694824219,0.0,0.0,False,82
2023-07-11,1.1688292814742123,1.1803396679287408,1.1626887408687916,0.020779616563868362,63.31743240356445,GOLDILOCKS,NORMAL_TRENDING,1.185694998788256,14.84000015258789,0.0,0.0,False,82
2023-07-12,1.1810771772855357,1.1927081784579512,1.174872291353768,0.010478772225722705,64.66239166259766,GOLDILOCKS,NORMAL_TRENDING,1.1862260700854288,13.539999961853027,0.0,0.0,False,82
2023-07-13,1.2039042695766606,1.2157600671826259,1.1975794596411575,0.019327350261384324,65.5716781616211,GOLDILOCKS,NORMAL_TRENDING,1.186457787486754,13.609999656677246,0.0,0.0,False,82
2023-07-14,1.2101465776275693,1.2220638481784487,1.203788973214151,0.005185053503551046,65.24016571044922,GOLDILOCKS,NORMAL_TRENDING,1.1865843926652513,13.34000015258789,0.0,0.0,False,82
2023-07-17,1.2084517625851923,1.2203523429517855,1.202103062021764,-0.0014005039337463847,65.24016571044922,GOLDILOCKS,NORMAL_TRENDING,1.1807921963326258,13.479999542236328,0.0,0.0,False,82
2023-07-18,1.2057343453015248,1.2176081651107047,1.1993999209129296,-0.0022486766686112608,64.61504364013672,GOLDILOCKS,NORMAL_TRENDING,1.177896098166313,13.300000190734863,0.0,0.0,False,82
2023-07-19,1.2034839804287085,1.2153356391149936,1.1971613785167552,-0.0018663853124740901,64.51085662841797,GOLDILOCKS,NORMAL_TRENDING,1.1822639277959672,13.760000228881836,0.0,0.0,False,82
2023-07-20,1.2050120545070433,1.2168787613474528,1.1986814247324458,0.0012697086983995004,64.04674530029297,GOLDILOCKS,NORMAL_TRENDING,1.1786319638979836,13.989999771118164,0.0,0.0,False,82
2023-07-21,1.2069418983619133,1.2188276099012283,1.2006011299941604,0.001601514148885085,63.885738372802734,GOLDILOCKS,NORMAL_TRENDING,1.1768159819489918,13.600000381469727,0.0,0.0,False,82
2023-07-24,1.20026017448856,1.212080085807788,1.1939545091058268,-0.005536077488420964,64.72869873046875,GOLDILOCKS,NORMAL_TRENDING,1.1816346645523679,13.90999984741211,0.0,0.0,False,82
2023-07-25,1.2321999005314144,1.244334347596651,1.2257264371752725,0.026610668854745913,65.30646514892578,GOLDILOCKS,NORMAL_TRENDING,1.184080577570036,13.859999656677246,0.0,0.0,False,82
2023-07-26,1.2323068959162076,1.2444423966496294,1.225832870451026,8.68328140157957e-05,65.67584991455078,GOLDILOCKS,NORMAL_TRENDING,1.179540288785018,13.1899995803833,0.0,0.0,False,82
2023-07-27,1.253086892039008,1.2654270298307992,1.2465036971579029,0.01686267941181198,65.03179168701172,GOLDILOCKS,NORMAL_TRENDING,1.1772701443925089,14.40999984741211,0.0,0.0,False,82
2023-07-28,1.276011478230934,1.288577372555832,1.2693078471538806,0.01829449045997401,66.755615234375,GOLDILOCKS,NORMAL_TRENDING,1.1761350721962545,13.329999923706055,0.0,0.0,False,82
2023-07-31,1.2863706469941245,1.2990385562477225,1.279612593173359,0.00811839778867234,66.80297088623047,GOLDILOCKS,NORMAL_TRENDING,1.1755675360981273,13.630000114440918,0.0,0.0,False,82
2023-08-01,1.2898978149026712,1.3026004589685816,1.2831212308156745,0.002741953041907943,66.01683044433594,GOLDILOCKS,NORMAL_TRENDING,1.1752837680490635,13.930000305175781,0.0,0.0,False,82
2023-08-02,1.2546573253302145,1.2670129284208045,1.2480658800488624,-0.027320373106544046,64.31195068359375,GOLDILOCKS,NORMAL_TRENDING,1.1751418840245318,16.09000015258789,0.0,0.0,False,82
2023-08-03,1.2509214331715575,1.2632402459770475,1.2443496147064235,-0.002977619532627079,64.8139419555664,GOLDILOCKS,NORMAL_TRENDING,1.1806022657787534,15.920000076293945,0.0,0.0,False,82
2023-08-04,1.2590028343131558,1.2714012310679088,1.2523885595435424,0.006460358682246595,64.56768035888672,GOLDILOCKS,NORMAL_TRENDING,1.1778011328893767,17.100000381469727,0.0,0.0,False,82
2023-08-07,1.2651285723849697,1.2775872941278483,1.258482115547398,0.004865547483183918,64.52033233642578,GOLDILOCKS,NORMAL_TRENDING,1.1818737081959283,15.770000457763672,0.0,0.0,False,82
2023-08-08,1.2474532264951337,1.259737885126201,1.2408996285385565,-0.013971185439686394,63.639469146728516,GOLDILOCKS,NORMAL_TRENDING,1.1838795818783225,15.989999771118164,0.0,0.0,False,82
2023-08-09,1.252205555671821,1.2645370142472856,1.2456269909636897,0.003809625143252353,63.828895568847656,GOLDILOCKS,NORMAL_TRENDING,1.1849663359594107,15.960000038146973,0.0,0.0,False,82
2023-08-10,1.2472911716148212,1.2595742343633,1.2407384250268645,-0.003924582537379903,63.92361831665039,GOLDILOCKS,NORMAL_TRENDING,1.1799831679797055,15.850000381469727,0.0,0.0,False,82
2023-08-11,1.2362314468304336,1.2484055957209466,1.2297368034147707,-0.008866995162058985,62.853328704833984,GOLDILOCKS,NORMAL_TRENDING,1.1832177220288453,14.84000015258789,0.0,0.0,False,82
2023-08-14,1.2259555806926312,1.238028535001287,1.2194973547148773,-0.008326536760923172,62.53129577636719,CAUTIOUS_BULL,EARLY_DD_UNCERTAINTY,1.0611979749129807,14.819999694824219,0.0,0.14405663573020533,False,82
2023-08-15,1.2150286403392394,1.2269939884232508,1.2086105551296915,-0.008927284297169423,61.69779968261719,CAUTIOUS_BULL,EARLY_DD_UNCERTAINTY,1.05934898745649,16.459999084472656,0.0,0.14414395694046936,False,82
2023-08-16,1.208640943707029,1.2205433870897666,1.2022393340438586,-0.005271525272381264,61.091617584228516,CAUTIOUS_BULL,EARLY_DD_UNCERTAINTY,1.058424493728245,16.780000686645508,0.0,0.14361420878824308,False,82
2023-08-17,1.2061358628682997,1.218013636738551,1.1997303466070888,-0.0020869284224219833,61.262107849121094,CAUTIOUS_BULL,EARLY_DD_UNCERTAINTY,1.0626330171414178,17.889999389648438,0.0,0.14315589897154393,False,82
2023-08-18,1.1871305325625192,1.1988211459124252,1.1808088103305787,-0.015771490927124817,60.68434143066406,CAUTIOUS_BULL,EARLY_DD_UNCERTAINTY,1.0600665085707088,17.299999237060547,0.0,0.14514631667366718,False,82
2023-08-21,1.1817291422016307,1.1933665637882647,1.1754193148233245,-0.004564240595177585,60.769588470458984,CAUTIOUS_BULL,EARLY_DD_UNCERTAINTY,1.0636371899165826,17.1299991607666,0.0,0.14351216691527946,False,82
2023-08-22,1.1941306225880417,1.2058901713613557,1.1877377859620808,0.010480065269820803,60.618038177490234,CAUTIOUS_BULL,EARLY_DD_UNCERTAINTY,1.0654276085125916,16.969999313354492,0.0,0.14137551819886404,False,82
2023-08-23,1.1994498722351254,1.211261803867131,1.1930115910636563,0.004440209921673658,61.48942184448242,CAUTIOUS_BULL,EARLY_DD_UNCERTAINTY,1.0664827171646505,15.979999542236328,0.0,0.1422256311983795,False,82
2023-08-24,1.219233060560396,1.2312398128959343,1.2126715462436632,0.01647926585732382,61.28104782104492,CAUTIOUS_BULL,EARLY_DD_UNCERTAINTY,1.066812003398251,17.200000762939453,0.0,0.14054112824097162,False,82
2023-08-25,1.201594201586722,1.2134272501259729,1.1951102899715975,-0.014481461469482801,61.37576675415039,CAUTIOUS_BULL,EARLY_DD_UNCERTAINTY,1.0621560016991256,15.680000305175781,0.0,0.14495632225260183,False,82
2023-08-28,1.215435344641899,1.227404697864873,1.2088596719556428,0.011504697181020955,62.0103645324707,CAUTIOUS_BULL,EARLY_DD_UNCERTAINTY,1.0650185632891014,15.079999923706055,0.0,0.14123230792231986,False,82
2023-08-29,1.2352665629428732,1.2474312098585414,1.2285663312092305,0.016301858446238954,62.96699142456055,CAUTIOUS_BULL,EARLY_DD_UNCERTAINTY,1.0612592816445505,14.449999809265137,0.0,0.14056566134351883,False,82
2023-08-30,1.238286281889723,1.250480666366396,1.2315521198962673,0.0024303032007217357,62.7017822265625,CAUTIOUS_BULL,EARLY_DD_UNCERTAINTY,1.0647152661837112,13.880000114440918,0.0,0.14251079840763534,False,82
2023-08-31,1.234224165056865,1.2463785466560344,1.2274945004379023,-0.0032947200470143084,62.11454391479492,CAUTIOUS_BULL,EARLY_DD_UNCERTAINTY,1.0611076330918554,13.569999694824219,0.0,0.14332937301574378,False,82
2023-09-01,1.2401214120585653,1.252333868513561,1.2333420567905382,0.004763814705931285,62.91963195800781,CAUTIOUS_BULL,EARLY_DD_UNCERTAINTY,1.0647496185367162,13.09000015258789,0.0,0.14217982451821623,False,82
2023-09-04,1.2417955771427405,1.2540245204255502,1.2349894505664225,0.0013357152355374985,62.91963195800781,CAUTIOUS_BULL,EARLY_DD_UNCERTAINTY,1.061124809268358,13.09000015258789,0.0,0.14266658093139073,False,82
2023-09-05,1.230832436464472,1.2429534170294048,1.2240687547875226,-0.008842744182058417,62.50288009643555,CAUTIOUS_BULL,EARLY_DD_UNCERTAINTY,1.059312404634179,14.010000228881836,0.0,0.14413166227517707,False,82
2023-09-06,1.2328932500683623,1.2450345250949135,1.2261007570931266,0.0016600393545349822,62.24714660644531,CAUTIOUS_BULL,EARLY_DD_UNCERTAINTY,1.0584062023170895,14.449999809265137,0.0,0.14262038740129765,False,82
2023-09-07,1.2225556045846133,1.2345950766392217,1.21580255003203,-0.008399152354747717,61.470481872558594,CAUTIOUS_BULL,EARLY_DD_UNCERTAINTY,1.0632141155212402,14.399999618530273,0.0,0.14406718509406752,False,82
2023-09-08,1.2199076062977368,1.2319210014187023,1.2131518099377616,-0.002180238965774957,61.48942184448242,CAUTIOUS_BULL,EARLY_DD_UNCERTAINTY,1.0657100134151685,13.84000015258789,0.0,0.14316928611342952,False,82
2023-09-11,1.2242832155926777,1.2363397007993873,1.2174858565546705,0.003572550921826678,62.14295959472656,CAUTIOUS_BULL,EARLY_DD_UNCERTAINTY,1.0616050067075842,13.800000190734863,0.0,0.14234859525195473,False,82
2023-09-12,1.2218489775953774,1.2338814909350955,1.215047741067265,-0.0020025821854759863,61.97247314453125,CAUTIOUS_BULL,EARLY_DD_UNCERTAINTY,1.0595525033537923,14.229999542236328,0.0,0.1431438000811467,False,82
2023-09-13,1.221166041877376,1.2331918298088909,1.2143512489822121,-0.0005732219908010553,61.8682861328125,CAUTIOUS_BULL,EARLY_DD_UNCERTAINTY,1.0639195222617888,13.479999542236328,0.0,0.1429390786803873,False,82
2023-09-14,1.2309752463387535,1.243097633265478,1.2240883646942449,0.00801836842527539,62.30398178100586,CAUTIOUS_BULL,EARLY_DD_UNCERTAINTY,1.0607097611308944,12.819999694824219,0.0,0.14172077348185036,False,82
2023-09-15,1.241859045418569,1.2540886137236928,1.2348937856980042,0.00882732106228155,62.029296875,CAUTIOUS_BULL,EARLY_DD_UNCERTAINTY,1.0644463446988677,13.789999961853027,0.0,0.14160713124493512,False,82
2023-09-18,1.2265939673862936,1.2386732083936718,1.219696684120917,-0.0123064038001433,61.97247314453125,CAUTIOUS_BULL,EARLY_DD_UNCERTAINTY,1.0662759406555897,14.0,0.0,0.14463710548168437,False,82
2023-09-19,1.2267487570526778,1.2388295223963364,1.2198331791483155,0.0001119089927647824,61.48942184448242,CAUTIOUS_BULL,EARLY_DD_UNCERTAINTY,1.0671891674753498,14.109999656677246,0.0,0.14284115764706518,False,82
2023-09-20,1.2150278755525796,1.2269932161051311,1.2081609458444955,-0.009568712757895,61.20527648925781,CAUTIOUS_BULL,EARLY_DD_UNCERTAINTY,1.062344583737675,15.140000343322754,0.0,0.14423730822855382,False,82
2023-09-21,1.1960720989038822,1.2078507669301457,1.189295041440508,-0.015615390042922256,60.078155517578125,CAUTIOUS_BULL,EARLY_DD_UNCERTAINTY,1.0646649166204576,17.540000915527344,0.0,0.14512329978764282,False,82
2023-09-22,1.2110431796510335,1.2229692797512302,1.2041643047011894,0.012502585769357408,61.015838623046875,CAUTIOUS_BULL,EARLY_DD_UNCERTAINTY,1.065908482324074,17.200000762939453,0.0,0.14109311409668332,False,82
2023-09-25,1.2032246941387361,1.2150737994278324,1.1963730268057857,-0.006470278071676567,60.74116897583008,CAUTIOUS_BULL,EARLY_DD_UNCERTAINTY,1.0665613180841909,16.899999618530273,0.0,0.14378748788699955,False,82
2023-09-26,1.187194968057318,1.198886215954508,1.1804174896815158,-0.013336590483713774,59.79401397705078,CAUTIOUS_BULL,EARLY_DD_UNCERTAINTY,1.0665275512673882,18.940000534057617,0.0,0.1447881227572621,False,82
2023-09-27,1.1945191403461275,1.2062825151611147,1.1876829865067722,0.006155023022588905,60.00238800048828,CAUTIOUS_BULL,EARLY_DD_UNCERTAINTY,1.0666548183452573,18.219999313354492,0.0,0.14198323279049574,False,82
2023-09-28,1.188326108152927,1.2000284952813471,1.1815084297263863,-0.005198825655107384,60.0592155456543,CAUTIOUS_BULL,EARLY_DD_UNCERTAINTY,1.0668732310164113,17.34000015258789,0.0,0.1436037135271967,False,82
2023-09-29,1.207149114113231,1.2190368662699516,1.2002065654252017,0.015825647306761413,60.14446258544922,CAUTIOUS_BULL,EARLY_DD_UNCERTAINTY,1.0621866155082058,17.520000457763672,0.0,0.1406315574290698,False,82
2023-10-02,1.2078084715418298,1.219702716912688,1.2008449849532654,0.0005319247090083763,59.917137145996094,CAUTIOUS_BULL,EARLY_DD_UNCERTAINTY,1.0598433077541027,17.610000610351562,0.0,0.14278119401206607,False,82
2023-10-03,1.2038642912549213,1.215719695162729,1.1969063894746208,-0.003279853376577029,59.18783187866211,CAUTIOUS_BULL,EARLY_DD_UNCERTAINTY,1.0586716538770515,19.780000686645508,0.0,0.14332723517338172,False,82
2023-10-04,1.1924812198077568,1.2042245256072495,1.1855720094157236,-0.009469729762134818,59.04576110839844,CAUTIOUS_BULL,EARLY_DD_UNCERTAINTY,1.0580858269385258,18.579999923706055,0.0,0.14422289469542132,False,82
2023-10-05,1.1962338669481662,1.208014128032317,1.1892859770567863,0.0031326377576113744,59.453033447265625,CAUTIOUS_BULL,EARLY_DD_UNCERTAINTY,1.0577929134692627,18.489999771118164,0.0,0.14241102071654624,False,82
2023-10-06,1.2103002962165479,1.2222190805559596,1.2032537167806368,0.011744643419085215,60.38125228881836,CAUTIOUS_BULL,EARLY_DD_UNCERTAINTY,1.0576464567346315,17.450000762939453,0.0,0.1411988131455503,False,82
2023-10-09,1.2092110957862008,1.2211191539074397,1.202153668526372,-0.0009142280126987192,60.09709930419922,CAUTIOUS_BULL,EARLY_DD_UNCERTAINTY,1.0575732283673158,17.700000762939453,0.0,0.14298786637005437,False,82
2023-10-10,1.2177427389638367,1.2297348149237997,1.210618344085275,0.007041259183843725,60.85482406616211,CAUTIOUS_BULL,EARLY_DD_UNCERTAINTY,1.0575366141836577,17.030000686645508,0.0,0.141858281926722,False,82
2023-10-11,1.2325316867660878,1.244669401192812,1.2253034747101286,0.012130272679743209,61.262107849121094,CAUTIOUS_BULL,EARLY_DD_UNCERTAINTY,1.057518307091829,16.09000015258789,0.0,0.1411450153337578,False,82
2023-10-12,1.2463450937856357,1.2586188397574016,1.2390183683328733,0.011193058622468442,60.64645004272461,CAUTIOUS_BULL,EARLY_DD_UNCERTAINTY,1.0624014326938365,16.690000534057617,0.0,0.14127583416341363,False,82
2023-10-13,1.2274375506868944,1.2395250991262903,1.22020427426574,-0.015184677280005188,60.409664154052734,CAUTIOUS_BULL,EARLY_DD_UNCERTAINTY,1.064309276136804,19.31999969482422,0.0,0.1450598295552316,False,82
2023-10-16,1.2161029365527949,1.2280788640813662,1.208919023402453,-0.009248657049720612,60.69381332397461,CAUTIOUS_BULL,EARLY_DD_UNCERTAINTY,1.0609046380684022,17.209999084472656,0.0,0.14419071331434177,False,82
2023-10-17,1.2216928336469093,1.2337238093136598,1.2144586288957406,0.0045822800254202165,60.447547912597656,CAUTIOUS_BULL,EARLY_DD_UNCERTAINTY,1.059202319034201,17.8799991607666,0.0,0.14220551735546033,False,82
2023-10-18,1.2111387290606654,1.2230657701114762,1.2039496706043749,-0.00865320402138451,59.53828048706055,CAUTIOUS_BULL,EARLY_DD_UNCERTAINTY,1.0627502988035955,19.219999313354492,0.0,0.14410410507870794,False,82
2023-10-19,1.1865145380974234,1.198199085262592,1.1794544442503754,-0.020345722875361533,59.16889190673828,CAUTIOUS_BULL,EARLY_DD_UNCERTAINTY,1.0641192501122454,21.399999618530273,0.0,0.1458240383295622,False,82
2023-10-20,1.1764509661350164,1.1880364093469933,1.1694339040107702,-0.008495911214251245,58.439579010009766,CAUTIOUS_BULL,EARLY_DD_UNCERTAINTY,1.0647691179113183,21.709999084472656,0.0,0.1440812443164946,False,82
2023-10-23,1.167644162134937,1.1791428777819248,1.1606629228953502,-0.007500193970209374,58.47746658325195,CAUTIOUS_BULL,EARLY_DD_UNCERTAINTY,1.0653873236577356,20.3700008392334,0.0,0.14393669599654801,False,82
2023-10-24,1.175604877281127,1.1871819883869208,1.1685594607440504,0.006803472130394002,59.339378356933594,CAUTIOUS_BULL,EARLY_DD_UNCERTAINTY,1.0614436618288676,18.969999313354492,0.0,0.14189178604525216,False,82
2023-10-25,1.182677734058756,1.1943244971797229,1.1755732360851137,0.0060020697077728955,58.41115951538086,CAUTIOUS_BULL,EARLY_DD_UNCERTAINTY,1.0594718309144338,20.190000534057617,0.0,0.14200482002849207,False,82
2023-10-26,1.1638164396929407,1.1752774607293928,1.1568084500484301,-0.015962243321542283,57.984947204589844,CAUTIOUS_BULL,EARLY_DD_UNCERTAINTY,1.058485915457217,20.68000030517578,0.0,0.14517445279675642,False,82
2023-10-27,1.178743305620532,1.1903513233126162,1.1716289071334627,0.01281150486445007,58.03229904174805,CAUTIOUS_BULL,EARLY_DD_UNCERTAINTY,1.0579929577286082,21.270000457763672,0.0,0.14105007908284192,False,82
2023-10-30,1.1831102590592755,1.194761281596041,1.1759527659233826,0.0036904678295271156,58.78055191040039,CAUTIOUS_BULL,EARLY_DD_UNCERTAINTY,1.0577464788643043,19.75,0.0,0.14233187166365177,False,82
2023-10-31,1.166027123732316,1.1775099151231092,1.1589561795626215,-0.014453460082144492,58.16490173339844,CAUTIOUS_BULL,EARLY_DD_UNCERTAINTY,1.057623239432152,18.139999389648438,0.0,0.144952203747831,False,82
2023-11-01,1.1659892301699801,1.177471648392892,1.1589019592750565,-4.6783725322236174e-05,58.562705993652344,CAUTIOUS_BULL,EARLY_DD_UNCERTAINTY,1.0575616197160762,16.8700008392334,0.0,0.14286382655916305,False,82
2023-11-02,1.186263683152862,1.1979457599509702,1.179036621637657,0.01737391347167591,59.47197723388672,CAUTIOUS_BULL,EARLY_DD_UNCERTAINTY,1.057530809858038,15.65999984741211,0.0,0.14041754065588197,False,82
2023-11-03,1.2111759784595482,1.223103386334653,1.2037803006545007,0.020986353233434788,60.84535598754883,CAUTIOUS_BULL,EARLY_DD_UNCERTAINTY,1.0575154049290192,14.90999984741211,0.0,0.1399207172600479,False,82
2023-11-06,1.2409949231564348,1.25321598176614,1.233399968171823,0.024605542640312426,61.36629867553711,CAUTIOUS_BULL,EARLY_DD_UNCERTAINTY,1.0575077024645094,14.890000343322754,0.0,0.1394264786905343,False,82
2023-11-07,1.229367909302987,1.2414744675105491,1.2218264922624884,-0.009383392417699782,61.15791702270508,CAUTIOUS_BULL,EARLY_DD_UNCERTAINTY,1.0575038512322548,14.8100004196167,0.0,0.14421032492661326,False,82
2023-11-08,1.221865790776095,1.233898469688502,1.2143529399607504,-0.006116705071518893,60.722225189208984,CAUTIOUS_BULL,EARLY_DD_UNCERTAINTY,1.0627119572240122,14.449999809265137,0.0,0.14373633563025393,False,82
2023-11-09,1.222127690581215,1.2341629486281602,1.214595881530978,0.00020005845272265274,60.17287063598633,CAUTIOUS_BULL,EARLY_DD_UNCERTAINTY,1.0651924966610322,15.289999961853027,0.0,0.1428285687946652,False,82
2023-11-10,1.2091278142277455,1.2210350522096038,1.2016587703022479,-0.010651370900766696,60.48543930053711,CAUTIOUS_BULL,EARLY_DD_UNCERTAINTY,1.061346248330516,14.170000076293945,0.0,0.14439514914697885,False,82
2023-11-13,1.2174997911926824,1.2294894746537754,1.2099618652015647,0.006909694419513394,60.618038177490234,CAUTIOUS_BULL,EARLY_DD_UNCERTAINTY,1.0646504928739335,14.760000228881836,0.0,0.14187681740367036,False,82
2023-11-14,1.2163144985754895,1.228292509522639,1.208766625936067,-0.0009878321787428043,62.04824447631836,CAUTIOUS_BULL,EARLY_DD_UNCERTAINTY,1.0610752464369668,14.15999984741211,0.0,0.14299840127943544,False,82
2023-11-15,1.2500952132568135,1.2624058896212782,1.2423204453807561,0.027758724243983228,62.63548278808594,CAUTIOUS_BULL,EARLY_DD_UNCERTAINTY,1.0592876232184836,14.180000305175781,0.0,0.138998715834038,False,82
2023-11-16,1.2421453391476889,1.2543777268136147,1.23440226681127,-0.006373700601103189,61.93458557128906,CAUTIOUS_BULL,EARLY_DD_UNCERTAINTY,1.0636270441524274,14.319999694824219,0.0,0.14377351217813533,False,82
2023-11-17,1.2341680191230873,1.2463218478088351,1.226457040116419,-0.00643649716828143,62.03876876831055,CAUTIOUS_BULL,EARLY_DD_UNCERTAINTY,1.065867845417284,13.800000190734863,0.0,0.1437825991494162,False,82
2023-11-20,1.2455225870098,1.2577882331067571,1.2377231447936816,0.009185894253738546,62.79650115966797,CAUTIOUS_BULL,EARLY_DD_UNCERTAINTY,1.061683922708642,13.40999984741211,0.0,0.14155681690614713,False,82
2023-11-21,1.247705438818081,1.2599925811833852,1.2398746458601713,0.0017382732766529534,62.389225006103516,CAUTIOUS_BULL,EARLY_DD_UNCERTAINTY,1.059591961354321,13.350000381469727,0.0,0.1426092490105842,False,82
2023-11-22,1.2477636094375806,1.2600513246549867,1.2399147388968947,3.233636308107519e-05,62.294498443603516,CAUTIOUS_BULL,EARLY_DD_UNCERTAINTY,1.0639838434087991,12.850000381469727,0.0,0.14285252352607505,False,82
2023-11-23,1.2560674843285753,1.2684369743702268,1.2481486664359782,0.006640720753435781,62.294498443603516,CAUTIOUS_BULL,EARLY_DD_UNCERTAINTY,1.0661794105637319,12.850000381469727,0.0,0.1419147267857585,False,82
2023-11-24,1.2413511013653373,1.2535756675435947,1.233507231516051,-0.0117305216226648,62.26608657836914,CAUTIOUS_BULL,EARLY_DD_UNCERTAINTY,1.0618397052818658,12.460000038146973,0.0,0.14455282287145366,False,82
2023-11-27,1.2355462319559078,1.2477136329935588,1.2277214204794769,-0.004690536778988352,61.92510986328125,CAUTIOUS_BULL,EARLY_DD_UNCERTAINTY,1.0651509258604765,12.6899995803833,0.0,0.14353037737110405,False,82
2023-11-28,1.2366718027407995,1.2488502881642725,1.2288223240586136,0.0008967047090428698,62.360801696777344,CAUTIOUS_BULL,EARLY_DD_UNCERTAINTY,1.0613254629302382,12.6899995803833,0.0,0.14272915694998806,False,82
2023-11-29,1.2283335531967206,1.2404299252815496,1.220519444955902,-0.006756777558604624,61.97247314453125,CAUTIOUS_BULL,EARLY_DD_UNCERTAINTY,1.064857142077654,12.979999542236328,0.0,0.14382896316775207,False,82
2023-11-30,1.2350947784803283,1.247257733698515,1.2272202223586335,0.005490102947907873,61.95353317260742,CAUTIOUS_BULL,EARLY_DD_UNCERTAINTY,1.0666021001868828,12.920000076293945,0.0,0.14207712481536372,False,82
2023-12-01,1.2374471126892814,1.2496332332030715,1.22954002714463,0.001890292177175839,62.133487701416016,CAUTIOUS_BULL,EARLY_DD_UNCERTAINTY,1.0674998988188809,12.630000114440918,0.0,0.14258761061224035,False,82
2023-12-04,1.2328033871946715,1.2449437772704253,1.2249084094422173,-0.003766951542983559,61.33787536621094,CAUTIOUS_BULL,EARLY_DD_UNCERTAINTY,1.0679512806286107,13.079999923706055,0.0,0.14339731358882596,False,82
2023-12-05,1.2211875325042094,1.2332135320709248,1.213349444981661,-0.00943659490901851,60.949546813964844,CAUTIOUS_BULL,EARLY_DD_UNCERTAINTY,1.0681945475678882,12.850000381469727,0.0,0.1442180703657447,False,82
2023-12-06,1.2304123728059124,1.2425292166717372,1.2224977428729495,0.007539705835878758,60.93060302734375,CAUTIOUS_BULL,EARLY_DD_UNCERTAINTY,1.062847273783944,12.970000267028809,0.0,0.14178810227496214,False,82
2023-12-07,1.2250797215301916,1.2371440505608873,1.217181929633253,-0.004348321516900344,61.22421646118164,CAUTIOUS_BULL,EARLY_DD_UNCERTAINTY,1.065618435873441,13.0600004196167,0.0,0.14348104457051616,False,82
2023-12-08,1.2254204345967574,1.2374881188985165,1.217503057892017,0.0002638293018867101,60.987430572509766,CAUTIOUS_BULL,EARLY_DD_UNCERTAINTY,1.0670799680040342,12.350000381469727,0.0,0.14281946289795067,False,82
2023-12-11,1.2208950535633603,1.2329181728586005,1.212989522205632,-0.003707206858436862,61.39470672607422,CAUTIOUS_BULL,EARLY_DD_UNCERTAINTY,1.0622899840020172,12.630000114440918,0.0,0.14338871448289625,False,82
2023-12-12,1.2276941418781524,1.239784217173967,1.219727256688206,0.0055546518409512035,61.451534271240234,CAUTIOUS_BULL,EARLY_DD_UNCERTAINTY,1.0598949920010088,12.069999694824219,0.0,0.1420680045541061,False,82
2023-12-13,1.2210338367223015,1.2330583227250824,1.2130927476275613,-0.005439338199802854,61.94405746459961,CAUTIOUS_BULL,EARLY_DD_UNCERTAINTY,1.064229539099355,12.1899995803833,0.0,0.14363844091577616,False,82
2023-12-14,1.2352845970455726,1.2474494215573144,1.22723349711965,0.011656775229877344,62.78702926635742,CAUTIOUS_BULL,EARLY_DD_UNCERTAINTY,1.066341344085468,12.479999542236328,0.0,0.1412110770717486,False,82
2023-12-15,1.2552151099738114,1.267576206010982,1.2470165788839325,0.016120063387052217,62.360801696777344,CAUTIOUS_BULL,EARLY_DD_UNCERTAINTY,1.0674581516788062,12.279999732971191,0.0,0.1405908100869049,False,82
2023-12-18,1.246470011889459,1.2587449880286008,1.2383107855372684,-0.006981297196911135,62.294498443603516,CAUTIOUS_BULL,EARLY_DD_UNCERTAINTY,1.067957203668377,12.5600004196167,0.0,0.14386148262251888,False,82
2023-12-19,1.246899865030853,1.259179074273883,1.238720134763285,0.0003305706699785396,62.8438606262207,CAUTIOUS_BULL,EARLY_DD_UNCERTAINTY,1.068197654797505,12.529999732971191,0.0,0.1428099340815539,False,82
2023-12-20,1.2466689461542397,1.2589458813564398,1.2384730347250137,-0.0001994801176930848,61.59934616088867,CAUTIOUS_BULL,EARLY_DD_UNCERTAINTY,1.068174013945029,13.670000076293945,0.0,0.14288564570256423,False,82
2023-12-21,1.2455101411168483,1.2577756646492542,1.2373041554879578,-0.0009438067719540418,62.928627014160156,CAUTIOUS_BULL,EARLY_DD_UNCERTAINTY,1.0628370069725146,13.649999618530273,0.0,0.142992099769241,False,82
2023-12-22,1.239171485900557,1.2513745876813025,1.230989586433062,-0.005103489733618238,62.53369140625,CAUTIOUS_BULL,EARLY_DD_UNCERTAINTY,1.065571227397993,13.029999732971191,0.0,0.14358995270663186,False,82
2023-12-25,1.2395755559296573,1.2517826369075904,1.2313734029363204,0.00031179508542432497,62.53369140625,CAUTIOUS_BULL,EARLY_DD_UNCERTAINTY,1.0615356136989964,13.029999732971191,0.0,0.14281261458577837,False,82
2023-12-26,1.2415097469521512,1.253735875438988,1.2332772045530462,0.0015460798586247322,62.97677993774414,CAUTIOUS_BULL,EARLY_DD_UNCERTAINTY,1.0595178068494981,12.989999771118164,0.0,0.1426366152591882,False,82
2023-12-27,1.2501291763161846,1.2624401871417599,1.2418218596015476,0.006928413998860875,63.31391906738281,CAUTIOUS_BULL,EARLY_DD_UNCERTAINTY,1.058508903424749,12.430000305175781,0.0,0.1418741798037139,False,82
2023-12-28,1.2762328914620675,1.2888009662181845,1.2677343708977387,0.020866528557087538,64.05561828613281,CAUTIOUS_BULL,EARLY_DD_UNCERTAINTY,1.0635039924250267,12.470000267028809,0.0,0.13993714051832015,False,82
2023-12-29,1.2799004779720309,1.2925046703534968,1.2713775347027358,0.0028737595892562814,64.123046875,GOLDILOCKS,NORMAL_TRENDING,1.184392903194522,12.449999809265137,0.0,0.0,False,82
2024-01-01,1.2793337344216156,1.291932345631058,1.270814565135698,-0.00044280282738332625,64.123046875,GOLDILOCKS,NORMAL_TRENDING,1.179696451597261,12.449999809265137,0.0,0.0,False,82
2024-01-02,1.2786099741898265,1.291201457959787,1.270095624471916,-0.000565732155977573,63.03458023071289,GOLDILOCKS,NORMAL_TRENDING,1.1773482257986305,13.199999809265137,0.0,0.0,False,82
2024-01-03,1.2637089209715373,1.2761536622840317,1.2552937983680923,-0.011654103690009906,62.822669982910156,GOLDILOCKS,NORMAL_TRENDING,1.1761741128993153,14.039999961853027,0.0,0.0,False,82
2024-01-04,1.2684489373044494,1.280940357307029,1.260002250613799,0.0037508766886506207,62.456626892089844,GOLDILOCKS,NORMAL_TRENDING,1.1814311272254936,14.130000114440918,0.0,0.0,False,82
2024-01-05,1.2601963129155072,1.272606462798073,1.2518045810050917,-0.006506075369876323,62.43737030029297,GOLDILOCKS,NORMAL_TRENDING,1.1841777441304044,13.350000381469727,0.0,0.0,False,82
2024-01-08,1.243378151353831,1.25562267949668,1.235098412711135,-0.013345667964038762,62.543331146240234,GOLDILOCKS,NORMAL_TRENDING,1.1795888720652024,13.079999923706055,0.0,0.0,False,82
2024-01-09,1.2440771026709585,1.2563285139402836,1.235792709664485,0.0005621389730604122,61.64750671386719,GOLDILOCKS,NORMAL_TRENDING,1.1833975759306155,12.760000228881836,0.0,0.0,False,82
2024-01-10,1.2406548051216966,1.2528725143200874,1.232393201424521,-0.002750872547942953,61.53192138671875,GOLDILOCKS,NORMAL_TRENDING,1.185270521217893,12.6899995803833,0.0,0.0,False,82
2024-01-11,1.2517107004290007,1.2640372857734676,1.2433754747822148,0.008911338804043533,61.93648910522461,GOLDILOCKS,NORMAL_TRENDING,1.1862629658570938,12.4399995803833,0.0,0.0,False,82
2024-01-12,1.2501618511490205,1.2624731837495198,1.241836939393645,-0.00123738598659363,62.167659759521484,GOLDILOCKS,NORMAL_TRENDING,1.1867245645654543,12.699999809265137,0.0,0.0,False,82
2024-01-15,1.2519814706380605,1.26431072247095,1.2436444419142616,0.0014555071308309149,62.167659759521484,GOLDILOCKS,NORMAL_TRENDING,1.186947942220788,12.699999809265137,0.0,0.0,False,82
2024-01-16,1.232891994879861,1.2450332575455778,1.224682084257608,-0.01524741076916321,60.54941177368164,GOLDILOCKS,NORMAL_TRENDING,1.1809739711103941,13.84000015258789,0.0,0.0,False,82
2024-01-17,1.1927658245178496,1.204511933045039,1.1848056213014537,-0.032560664901313645,59.50910949707031,CAUTIOUS_BULL,EARLY_DD_UNCERTAINTY,1.065398419486088,14.789999961853027,0.0,0.14766522062344126,False,82
2024-01-18,1.1958541172039283,1.2076306385919733,1.18785637774547,0.0025749003795790073,60.1159553527832,CAUTIOUS_BULL,EARLY_DD_UNCERTAINTY,1.066781825428283,14.130000114440918,0.0,0.1424902446720505,False,82
2024-01-19,1.2057264645585357,1.2176002067598046,1.1976457305611112,0.008241192284728313,60.84801483154297,CAUTIOUS_BULL,EARLY_DD_UNCERTAINTY,1.0675663817121523,13.300000190734863,0.0,0.14168945283163933,False,82
2024-01-22,1.1945112469596562,1.2062745440422231,1.1864885677094414,-0.009315912516502331,60.19301223754883,CAUTIOUS_BULL,EARLY_DD_UNCERTAINTY,1.0625331908560762,13.1899995803833,0.0,0.1442005021197259,False,82
2024-01-23,1.213192095598979,1.2251393577742633,1.2050270005885626,0.015624619894071263,60.79022216796875,CAUTIOUS_BULL,EARLY_DD_UNCERTAINTY,1.060016595428038,12.550000190734863,0.0,0.1406593933022643,False,82
2024-01-24,1.239041729095831,1.2512435530586856,1.23068544472831,0.02129283752747068,61.6764030456543,CAUTIOUS_BULL,EARLY_DD_UNCERTAINTY,1.0642283978836593,13.140000343322754,0.0,0.13987872783186955,False,82
2024-01-25,1.2490805763933235,1.2613812608260375,1.240639007304329,0.008087820180741837,61.686038970947266,CAUTIOUS_BULL,EARLY_DD_UNCERTAINTY,1.066261748272108,13.449999809265137,0.0,0.14171100969311354,False,82
2024-01-26,1.2334277771971862,1.2455743161351747,1.2250742698515789,-0.012545742444910862,61.686038970947266,CAUTIOUS_BULL,EARLY_DD_UNCERTAINTY,1.061880874136054,13.260000228881836,0.0,0.14467216254741094,False,82
2024-01-29,1.240623200335408,1.2528405982964699,1.2322034602388319,0.005819394434034368,61.724571228027344,CAUTIOUS_BULL,EARLY_DD_UNCERTAINTY,1.059690437068027,13.600000381469727,0.0,0.1420306107117046,False,82
2024-01-30,1.222188801694691,1.2342246615511085,1.213876567463768,-0.014873268389874366,61.136993408203125,CAUTIOUS_BULL,EARLY_DD_UNCERTAINTY,1.0585952185340135,13.3100004196167,0.0,0.1450139746219779,False,82
2024-01-31,1.214436662765157,1.2263961811777537,1.2061598105503644,-0.006357118277294546,60.732425689697266,CAUTIOUS_BULL,EARLY_DD_UNCERTAINTY,1.0632981343143122,14.350000381469727,0.0,0.1437711128262375,False,82
2024-02-01,1.222191027536531,1.2342269093125742,1.2138440954936174,0.006370868002762071,61.300743103027344,CAUTIOUS_BULL,EARLY_DD_UNCERTAINTY,1.0657292482344398,13.880000114440918,0.0,0.14195278043039572,False,82
2024-02-02,1.2321637931102332,1.2442978845971322,1.2237314116109825,0.008145458015631265,61.05992889404297,CAUTIOUS_BULL,EARLY_DD_UNCERTAINTY,1.0669595438189672,13.850000381469727,0.0,0.14170290777119968,False,82
2024-02-05,1.2251805860165803,1.2372459083396554,1.2167785126064454,-0.005681719810872551,61.165889739990234,CAUTIOUS_BULL,EARLY_DD_UNCERTAINTY,1.0675792030395272,13.670000076293945,0.0,0.14367345517369975,False,82
2024-02-06,1.2519527233176386,1.2642816920529256,1.2433496687388692,0.021837298947288284,62.74560546875,CAUTIOUS_BULL,EARLY_DD_UNCERTAINTY,1.0679441737116568,13.0600004196167,0.0,0.13980419681716094,False,82
2024-02-07,1.2544121134981292,1.2667653017938503,1.2457743965680246,0.001950157618664648,62.74560546875,CAUTIOUS_BULL,EARLY_DD_UNCERTAINTY,1.0627220868558285,12.829999923706055,0.0,0.14257909115626216,False,82
2024-02-08,1.247976326817409,1.2602661368311106,1.239365129091356,-0.005144805908939293,62.41810607910156,CAUTIOUS_BULL,EARLY_DD_UNCERTAINTY,1.0601110434279142,12.789999961853027,0.0,0.14359591597414617,False,82
2024-02-09,1.2427654408128097,1.2550039351103204,1.2341724936566054,-0.004189754345079571,62.73596954345703,CAUTIOUS_BULL,EARLY_DD_UNCERTAINTY,1.0588055217139571,12.930000305175781,0.0,0.143458197463302,False,82
2024-02-12,1.2403284652814677,1.2525429607533238,1.2317347372540184,-0.0019752153083273383,63.246498107910156,CAUTIOUS_BULL,EARLY_DD_UNCERTAINTY,1.0581527608569785,13.930000305175781,0.0,0.1431398749293353,False,82
2024-02-13,1.2395628410517785,1.251769796816252,1.230956821510565,-0.0006315610982828302,61.946109771728516,CAUTIOUS_BULL,EARLY_DD_UNCERTAINTY,1.0578263804284893,15.850000381469727,0.0,0.14294742288853904,False,82
2024-02-14,1.2414393157187436,1.2536647506135155,1.2328026831180294,0.0014995340008752862,62.91899108886719,CAUTIOUS_BULL,EARLY_DD_UNCERTAINTY,1.0576631902142446,14.380000114440918,0.0,0.1426432444620768,False,82
2024-02-15,1.248703530040587,1.26100050139963,1.2399987491892266,0.0058371596442316955,63.19832992553711,CAUTIOUS_BULL,EARLY_DD_UNCERTAINTY,1.0575815951071221,14.010000228881836,0.0,0.14202810215092065,False,82
2024-02-16,1.2718910333652282,1.2844163504103456,1.2630068968875447,0.018554976537970065,63.43914031982422,CAUTIOUS_BULL,EARLY_DD_UNCERTAINTY,1.0575407975535613,14.239999771118164,0.0,0.14025471982151508,False,82
2024-02-19,1.271078760433798,1.2835960783848686,1.2622002976682414,-0.0006386340575741102,63.43914031982422,GOLDILOCKS,NORMAL_TRENDING,1.175022665307534,14.239999771118164,0.0,0.0,False,82
2024-02-20,1.2748450216530574,1.2873994289573887,1.2659402516191853,0.0029630431539693705,63.49693298339844,GOLDILOCKS,NORMAL_TRENDING,1.175011332653767,15.420000076293945,0.0,0.0,False,82
2024-02-21,1.2807444518671138,1.2933569555270905,1.2717984744170503,0.004627566577784514,63.718475341796875,GOLDILOCKS,NORMAL_TRENDING,1.1805905839954736,15.34000015258789,0.0,0.0,False,82
2024-02-22,1.2988506198960368,1.3116414293141996,1.2897781711810323,0.014137221521847718,64.47943878173828,GOLDILOCKS,NORMAL_TRENDING,1.1835017483564934,14.539999961853027,0.0,0.0,False,82
2024-02-23,1.2997266024966723,1.3125260384083877,1.2906480350586231,0.0006744290584437719,64.50833892822266,GOLDILOCKS,NORMAL_TRENDING,1.1792508741782468,13.75,0.0,0.0,False,82
2024-02-26,1.2926680835471727,1.3053980086396495,1.2836388197397275,-0.005430772083868074,64.14229583740234,GOLDILOCKS,NORMAL_TRENDING,1.1829275163849013,13.739999771118164,0.0,0.0,False,82
2024-02-27,1.305170150463892,1.3180231932981747,1.29605355993912,0.009671521309950522,64.21936798095703,GOLDILOCKS,NORMAL_TRENDING,1.1789637581924506,13.430000305175781,0.0,0.0,False,82
2024-02-28,1.2963068526366543,1.3090726115665465,1.2872521720911763,-0.006790913678256639,63.35245132446289,GOLDILOCKS,NORMAL_TRENDING,1.1827622437963858,13.84000015258789,0.0,0.0,False,82
2024-02-29,1.2947196827273575,1.3074698115397343,1.2856760885357554,-0.0012243782450648004,63.43914031982422,GOLDILOCKS,NORMAL_TRENDING,1.178881121898193,13.399999618530273,0.0,0.0,False,82
2024-03-01,1.3029767944943538,1.315808237617505,1.2938755245224174,0.00637752857020166,64.29642486572266,GOLDILOCKS,NORMAL_TRENDING,1.1828679237543485,13.109999656677246,0.0,0.0,False,82
2024-03-04,1.3053335096127412,1.3181881611737762,1.2962157780271903,0.0018087161094084083,64.18083953857422,GOLDILOCKS,NORMAL_TRENDING,1.1789339618771741,13.489999771118164,0.0,0.0,False,82
2024-03-05,1.2875156752151327,1.300194860467315,1.278522400889184,-0.013650024508215166,63.59326171875,GOLDILOCKS,NORMAL_TRENDING,1.1769669809385872,14.460000038146973,0.0,0.0,False,82
2024-03-06,1.3106700203398614,1.3235772247430964,1.3015150133208258,0.017983738427774714,64.6239242553711,GOLDILOCKS,NORMAL_TRENDING,1.1759834904692936,14.5,0.0,0.0,False,82
2024-03-07,1.30721526230582,1.3200884449740515,1.2980843867108345,-0.002635871714793255,65.03812408447266,GOLDILOCKS,NORMAL_TRENDING,1.1754917452346467,14.4399995803833,0.0,0.0,False,82
2024-03-08,1.3115882339482,1.3245044807271242,1.3024268132232741,0.003345257486258528,65.08628845214844,GOLDILOCKS,NORMAL_TRENDING,1.1752458726173236,14.739999771118164,0.0,0.0,False,82
2024-03-11,1.3210469038411323,1.334056297624105,1.311819414473515,0.007211615389732236,65.32708740234375,GOLDILOCKS,NORMAL_TRENDING,1.1751229363086617,15.220000267028809,0.0,0.0,False,82
2024-03-12,1.3446674149444622,1.3579094185836065,1.3352749367226036,0.017880145689490694,66.13622283935547,GOLDILOCKS,NORMAL_TRENDING,1.1750614681543308,13.84000015258789,0.0,0.0,False,82
2024-03-13,1.3442059682897725,1.3574434276987133,1.3348167132646735,-0.00034316787152071,65.83760833740234,GOLDILOCKS,NORMAL_TRENDING,1.1750307340771655,13.75,0.0,0.0,False,82
2024-03-14,1.3444801347368016,1.3577202940796063,1.3350889646638966,0.00020396163497016614,65.47158813476562,GOLDILOCKS,NORMAL_TRENDING,1.1750153670385828,14.399999618530273,0.0,0.0,False,82
2024-03-15,1.3278342677557378,1.3409105020798424,1.3185593687706616,-0.012380894704942974,65.00921630859375,GOLDILOCKS,NORMAL_TRENDING,1.1750076835192913,14.40999984741211,0.0,0.0,False,82
2024-03-18,1.3315065100019061,1.3446189078000765,1.3222059604693865,0.002765587796114856,65.16334533691406,GOLDILOCKS,NORMAL_TRENDING,1.1750038417596458,14.329999923706055,0.0,0.0,False,82
2024-03-19,1.3167932347708229,1.3297607393098956,1.3075954572067798,-0.011050096353687483,64.73950958251953,GOLDILOCKS,NORMAL_TRENDING,1.1808104020749264,13.819999694824219,0.0,0.0,False,82
2024-03-20,1.3185428888385518,1.3315276236051696,1.3093328899716465,0.001328723463584173,65.33672332763672,GOLDILOCKS,NORMAL_TRENDING,1.1839024473919046,13.039999961853027,0.0,0.0,False,82
2024-03-21,1.3402301280042768,1.3534284341691183,1.3308686441535813,0.016447882999716855,65.43304443359375,GOLDILOCKS,NORMAL_TRENDING,1.1854128990637893,12.920000076293945,0.0,0.0,False,82
2024-03-22,1.3265720690192369,1.33963587347401,1.3173059864701155,-0.010190831186117211,64.98033142089844,GOLDILOCKS,NORMAL_TRENDING,1.1861009270881346,13.0600004196167,0.0,0.0,False,82
2024-03-25,1.3212010395883818,1.3342119512679755,1.3119724735852833,-0.0040488033453215545,65.07665252685547,GOLDILOCKS,NORMAL_TRENDING,1.1805504635440673,13.1899995803833,0.0,0.0,False,82
2024-03-26,1.328265567189901,1.3413460488606825,1.31898765558587,0.005347049684217897,65.03812408447266,GOLDILOCKS,NORMAL_TRENDING,1.1777752317720336,13.239999771118164,0.0,0.0,False,82
2024-03-27,1.3190415546999308,1.33203120022372,1.3098280726607625,-0.006944403828433722,65.05738830566406,GOLDILOCKS,NORMAL_TRENDING,1.176387615886017,12.779999732971191,0.0,0.0,False,82
2024-03-28,1.3297140032238124,1.342808748789903,1.3204259743195825,0.008091063155557398,65.2596664428711,GOLDILOCKS,NORMAL_TRENDING,1.18165604624083,13.010000228881836,0.0,0.0,False,82
2024-03-29,1.3308314355173347,1.3439371853230855,1.321535601368206,0.0008403553627421697,65.2596664428711,GOLDILOCKS,NORMAL_TRENDING,1.178328023120415,13.010000228881836,0.0,0.0,False,82
2024-04-01,1.3280650794598947,1.3411435867694173,1.3187885682591283,-0.0020786675033451748,65.5968017578125,GOLDILOCKS,NORMAL_TRENDING,1.1766640115602076,13.649999618530273,0.0,0.0,False,82
2024-04-02,1.333865325935966,1.3470009528604139,1.3245483001156717,0.004367441449804685,65.79907989501953,GOLDILOCKS,NORMAL_TRENDING,1.1758320057801037,14.609999656677246,0.0,0.0,False,82
2024-04-03,1.3172755197825823,1.3302477737636433,1.3080743734662224,-0.012437392164567145,65.73165130615234,GOLDILOCKS,NORMAL_TRENDING,1.1811378410955617,14.329999923706055,0.0,0.0,False,82
2024-04-04,1.3241694704256457,1.3372096145916619,1.3149201699854052,0.005233491809064539,65.3752670288086,GOLDILOCKS,NORMAL_TRENDING,1.1834822465565051,16.350000381469727,0.0,0.0,False,82
2024-04-05,1.320667129909306,1.3336727837579787,1.3114422932559169,-0.002644933744933682,65.47158813476562,GOLDILOCKS,NORMAL_TRENDING,1.1792411232782527,16.030000686645508,0.0,0.0,False,82
2024-04-08,1.3264583047638772,1.3395209888920425,1.3171930168560766,0.0043850374734236185,65.79907989501953,GOLDILOCKS,NORMAL_TRENDING,1.1771205616391263,15.1899995803833,0.0,0.0,False,82
2024-04-09,1.3311042769748846,1.34421271366628,1.321806537032978,0.0035025392010604316,66.29997253417969,GOLDILOCKS,NORMAL_TRENDING,1.176060280819563,14.979999542236328,0.0,0.0,False,82
2024-04-10,1.3443210317509002,1.3575596242807555,1.3349309730095509,0.00992916558427154,65.40416717529297,GOLDILOCKS,NORMAL_TRENDING,1.1755301404097815,15.800000190734863,0.0,0.0,False,82
2024-04-11,1.33942359042999,1.3526139539813833,1.3300677402300527,-0.0036430593624883927,65.92430877685547,GOLDILOCKS,NORMAL_TRENDING,1.1752650702048908,14.90999984741211,0.0,0.0,False,82
2024-04-12,1.32078821046212,1.3337950566867687,1.311562528063201,-0.013912984735387149,64.3349609375,GOLDILOCKS,NORMAL_TRENDING,1.1751325351024455,17.309999465942383,0.0,0.0,False,82
2024-04-15,1.3017441449453278,1.3145634491933695,1.2926514850087918,-0.014418712527823856,63.93038558959961,GOLDILOCKS,NORMAL_TRENDING,1.1750662675512227,19.229999542236328,0.0,0.0,False,82
2024-04-16,1.2737370647285384,1.2862805611046628,1.26484003375428,-0.021515042203601113,63.18869400024414,GOLDILOCKS,NORMAL_TRENDING,1.1750331337756115,18.399999618530273,0.0,0.0,False,82
2024-04-17,1.275839821596764,1.288404025483007,1.2669100337594585,0.0016365705938594715,63.150169372558594,CAUTIOUS_BULL,EARLY_DD_UNCERTAINTY,1.057514910199025,18.209999084472656,0.0,0.1426237290561829,False,82
2024-04-18,1.288663863326466,1.3013543556951739,1.2796262194475523,0.010037165504451398,63.52583312988281,CAUTIOUS_BULL,EARLY_DD_UNCERTAINTY,1.0575074550995125,18.0,0.0,0.14143751114920064,False,82
2024-04-19,1.271420160931197,1.283940840923006,1.2624851700303477,-0.013395356516377752,63.08273696899414,CAUTIOUS_BULL,EARLY_DD_UNCERTAINTY,1.0619823169477467,18.709999084472656,0.0,0.14479674690433816,False,82
2024-04-22,1.2822903151318679,1.2949180421301585,1.2732608979870719,0.008535330325080422,63.9111328125,CAUTIOUS_BULL,EARLY_DD_UNCERTAINTY,1.0597411584738734,16.940000534057617,0.0,0.14164812928377613,False,82
2024-04-23,1.3043699544561225,1.3172151171273783,1.2951668711642907,0.01720462256545426,64.50833892822266,CAUTIOUS_BULL,EARLY_DD_UNCERTAINTY,1.0636914242428002,15.6899995803833,0.0,0.14044091000771125,False,82
2024-04-24,1.330519347356731,1.3436220237835095,1.3211132626130477,0.02003324206820739,64.93217468261719,CAUTIOUS_BULL,EARLY_DD_UNCERTAINTY,1.0655741839083293,15.970000267028809,0.0,0.14005145809511796,False,82
2024-04-25,1.3306084832186562,1.3437120374367717,1.3212017683304564,6.69932850673435e-05,65.19224548339844,GOLDILOCKS,NORMAL_TRENDING,1.1850483974857644,15.369999885559082,0.0,0.0,False,82
2024-04-26,1.3521398241712623,1.3654554145345845,1.342580893820696,0.016181574989303584,65.84724426269531,GOLDILOCKS,NORMAL_TRENDING,1.1800241987428823,15.029999732971191,0.0,0.0,False,82
2024-04-29,1.3705251112653953,1.3840217560931163,1.3608362064287098,0.013597178905222633,66.44446563720703,GOLDILOCKS,NORMAL_TRENDING,1.1775120993714412,14.670000076293945,0.0,0.0,False,82
2024-04-30,1.3702686590398703,1.383762778379678,1.3605815671879946,-0.0001871196838475918,65.63533020019531,GOLDILOCKS,NORMAL_TRENDING,1.1817071562986716,15.649999618530273,0.0,0.0,False,82
2024-05-01,1.3701704626561038,1.3836636149784491,1.3604840650019554,-7.166213947809099e-05,65.63533020019531,GOLDILOCKS,NORMAL_TRENDING,1.1838908391570313,15.390000343322754,0.0,0.0,False,82
2024-05-02,1.3746885722294222,1.3882262179504674,1.364970233873613,0.003297479909587382,67.61961364746094,GOLDILOCKS,NORMAL_TRENDING,1.1794454195785156,14.680000305175781,0.0,0.0,False,82
2024-05-03,1.3890011325387979,1.4026797253621495,1.379181611772198,0.010411492899925632,68.1590347290039,GOLDILOCKS,NORMAL_TRENDING,1.1772227097892578,13.489999771118164,0.0,0.0,False,82
2024-05-06,1.3966940299337134,1.4104483808026358,1.3868201243549236,0.005538438533059001,68.24571990966797,GOLDILOCKS,NORMAL_TRENDING,1.176111354894629,13.489999771118164,0.0,0.0,False,82
2024-05-07,1.3892940612852753,1.4029755388096938,1.3794724696636977,-0.005298203106652701,67.74483489990234,GOLDILOCKS,NORMAL_TRENDING,1.1755556774473144,13.229999542236328,0.0,0.0,False,82
2024-05-08,1.3827028092926268,1.3963193775451295,1.3729278144191033,-0.004744317402861918,67.70630645751953,GOLDILOCKS,NORMAL_TRENDING,1.175277838723657,13.0,0.0,0.0,False,82
2024-05-09,1.3803150552764476,1.3939081094264887,1.3705569405908506,-0.0017268743508236358,68.0530776977539,GOLDILOCKS,NORMAL_TRENDING,1.1751389193618287,12.6899995803833,0.0,0.0,False,82
2024-05-10,1.4012457275491323,1.4150449025847727,1.391339643818568,0.01516369193589118,68.38056945800781,GOLDILOCKS,NORMAL_TRENDING,1.1750694596809141,12.550000190734863,0.0,0.0,False,82
2024-05-13,1.4041007565487291,1.4179280473131977,1.3941744892373928,0.0020374934556199615,68.96815490722656,GOLDILOCKS,NORMAL_TRENDING,1.175034729840457,13.600000381469727,0.0,0.0,False,82
2024-05-14,1.4125308991335064,1.4264412081800761,1.4025450350671802,0.006003944193790147,69.36307525634766,GOLDILOCKS,NORMAL_TRENDING,1.1750173649202287,13.420000076293945,0.0,0.0,False,82
2024-05-15,1.4158361229175238,1.4297789811170585,1.4058268926257675,0.0023399302528850892,70.1625747680664,GOLDILOCKS,NORMAL_TRENDING,1.1750086824601143,12.449999809265137,0.0,0.0,False,82
2024-05-16,1.4269010720087505,1.4409528955141329,1.4168136182405424,0.007815134048441858,70.42264556884766,GOLDILOCKS,NORMAL_TRENDING,1.1750043412300573,12.420000076293945,0.0,0.0,False,82
2024-05-17,1.4396527216337325,1.4538301207192639,1.4294751202872629,0.008936603857918743,70.75015258789062,GOLDILOCKS,NORMAL_TRENDING,1.1810555311925317,11.989999771118164,0.0,0.0,False,82
2024-05-20,1.4406819286784356,1.4548694631798176,1.430497051369613,0.0007148995235011492,70.42264556884766,GOLDILOCKS,NORMAL_TRENDING,1.1840427198556287,12.149999618530273,0.0,0.0,False,82
2024-05-21,1.415728405493276,1.4296702029141317,1.4057199367080868,-0.01732063315880549,69.85433197021484,GOLDILOCKS,NORMAL_TRENDING,1.1795213599278145,11.859999656677246,0.0,0.0,False,82
2024-05-22,1.4244720189522186,1.4384999216508225,1.4144017373348265,0.006176052853793056,69.76763153076172,GOLDILOCKS,NORMAL_TRENDING,1.1833530731741726,12.289999961853027,0.0,0.0,False,82
2024-05-23,1.4167537762244216,1.4307056712819142,1.4067380585976352,-0.005418318243607423,69.35344696044922,GOLDILOCKS,NORMAL_TRENDING,1.1791765365870863,12.770000457763672,0.0,0.0,False,82
2024-05-24,1.4003703622119743,1.4141609168327438,1.3904704668623296,-0.011564051769184874,69.50757598876953,GOLDILOCKS,NORMAL_TRENDING,1.177088268293543,11.930000305175781,0.0,0.0,False,82
2024-05-27,1.4157749159869344,1.4297171714334103,1.4057661183965715,0.01100034261695423,69.50757598876953,GOLDILOCKS,NORMAL_TRENDING,1.1760441341467716,11.930000305175781,0.0,0.0,False,82
2024-05-28,1.4157471807167648,1.4296891630320971,1.4057385792004402,-1.9590169211654905e-05,69.51719665527344,GOLDILOCKS,NORMAL_TRENDING,1.1755220670733857,12.920000076293945,0.0,0.0,False,82
2024-05-29,1.3967652881921762,1.4105203407975335,1.3868908788542942,-0.013407685201942913,68.42874145507812,GOLDILOCKS,NORMAL_TRENDING,1.175261033536693,14.279999732971191,0.0,0.0,False,82
2024-05-30,1.3750242022126775,1.3885651531476444,1.3653034911261959,-0.015565310910351975,68.2649917602539,GOLDILOCKS,NORMAL_TRENDING,1.1751305167683466,14.470000267028809,0.0,0.0,False,82
2024-05-31,1.3692458106410883,1.382729857183661,1.3595464454636341,-0.004216678342932307,67.57144927978516,CAUTIOUS_BULL,EARLY_DD_UNCERTAINTY,1.0575587325457558,12.920000076293945,0.0,0.1434620762872554,False,82
2024-06-03,1.4069797239572095,1.4208353661909532,1.3969936399013858,0.02754388756831429,68.50579071044922,CAUTIOUS_BULL,EARLY_DD_UNCERTAINTY,1.057529366272878,13.109999656677246,0.0,0.13902777738789796,False,82
2024-06-04,1.3814104147827002,1.3950142558042065,1.3715858526729887,-0.018187475234454575,67.61961364746094,CAUTIOUS_BULL,EARLY_DD_UNCERTAINTY,1.057514683136439,13.15999984741211,0.0,0.14550348386649153,False,82
2024-06-05,1.3973338981233945,1.4110945502805032,1.3873764944480727,0.0115126893036339,68.83329772949219,CAUTIOUS_BULL,EARLY_DD_UNCERTAINTY,1.06298854348734,12.630000114440918,0.0,0.14123119202339562,False,82
2024-06-06,1.4066786591682854,1.4205313365789165,1.3966348450460546,0.00667327912432659,69.15116882324219,CAUTIOUS_BULL,EARLY_DD_UNCERTAINTY,1.06024427174367,12.579999923706055,0.0,0.14191013690301757,False,82
2024-06-07,1.409351314253977,1.423230311413252,1.399268465203938,0.0018856898545993122,68.53469848632812,CAUTIOUS_BULL,EARLY_DD_UNCERTAINTY,1.0588721358718352,12.220000267028809,0.0,0.1425882656112947,False,82
2024-06-10,1.409298934270821,1.4231774156029704,1.3991964704106772,-5.145173714058848e-05,68.91035461425781,CAUTIOUS_BULL,EARLY_DD_UNCERTAINTY,1.0636367155622772,12.739999771118164,0.0,0.14286449348350827,False,82
2024-06-11,1.4054819612866218,1.419322853866649,1.3953868706175192,-0.0027227054053672113,68.5574722290039,CAUTIOUS_BULL,EARLY_DD_UNCERTAINTY,1.0605683577811384,12.850000381469727,0.0,0.14324716268127868,False,82
2024-06-12,1.4055251555964692,1.4193664735450313,1.3954098205794314,1.6447024402593045e-05,69.3696060180664,CAUTIOUS_BULL,EARLY_DD_UNCERTAINTY,1.0590341788905693,12.039999961853027,0.0,0.14285479332087106,False,82
2024-06-13,1.4183066541508424,1.4322738416255714,1.4080793983499698,0.009079467253052012,69.23424530029297,CAUTIOUS_BULL,EARLY_DD_UNCERTAINTY,1.063833699623473,11.9399995803833,0.0,0.14157174681795187,False,82
2024-06-14,1.413201342983851,1.4271182544213228,1.4030109010293317,-0.0035995820452863745,69.32125854492188,GOLDILOCKS,NORMAL_TRENDING,1.1845624760154347,12.65999984741211,0.0,0.0,False,82
2024-06-17,1.409691539061027,1.423573886683088,1.3995264059227812,-0.0024835837725807972,69.82400512695312,GOLDILOCKS,NORMAL_TRENDING,1.1797812380077175,12.75,0.0,0.0,False,82
2024-06-18,1.4077117738208633,1.4215746251286512,1.3975609165555238,-0.0014043960577944806,70.26874542236328,GOLDILOCKS,NORMAL_TRENDING,1.1773906190038588,12.300000190734863,0.0,0.0,False,82
2024-06-19,1.4351607722588617,1.44929393556586,1.424811983236182,0.019499018867687064,70.26874542236328,GOLDILOCKS,NORMAL_TRENDING,1.1761953095019293,12.300000190734863,0.0,0.0,False,82
2024-06-20,1.4376898323303715,1.4518479012923282,1.4273228065291987,0.0017622137675412848,70.18173217773438,GOLDILOCKS,NORMAL_TRENDING,1.1755976547509648,13.279999732971191,0.0,0.0,False,82
2024-06-21,1.4244561564005127,1.4384839028880234,1.4141845572043865,-0.00920481986605429,69.73698425292969,GOLDILOCKS,NORMAL_TRENDING,1.1752988273754825,13.199999809265137,0.0,0.0,False,82
2024-06-24,1.422915252556668,1.4369278245452053,1.4126547646514107,-0.001081748874418457,69.70797729492188,GOLDILOCKS,NORMAL_TRENDING,1.1751494136877412,13.329999923706055,0.0,0.0,False,82
2024-06-25,1.4268968570805203,1.440948639078171,1.4166076582559113,0.002798202153429935,69.5726318359375,GOLDILOCKS,NORMAL_TRENDING,1.1810863843746366,12.84000015258789,0.0,0.0,False,82
2024-06-26,1.4352288176685148,1.4493626510724844,1.42487953797775,0.005839217142185149,69.4856185913086,GOLDILOCKS,NORMAL_TRENDING,1.184084193898278,12.550000190734863,0.0,0.0,False,82
2024-06-27,1.428888110859553,1.4429595023082065,1.4185845533194272,-0.004417906560197176,69.47595977783203,GOLDILOCKS,NORMAL_TRENDING,1.1856099717062738,12.239999771118164,0.0,0.0,False,82
2024-06-28,1.4305496367885293,1.444637390597238,1.420234098164732,0.0011628103812669295,69.59196472167969,GOLDILOCKS,NORMAL_TRENDING,1.1863650927971672,12.4399995803833,0.0,0.0,False,82
2024-07-01,1.431915368824711,1.446016572077046,1.4215899820549935,0.0009546904218212199,69.75633239746094,GOLDILOCKS,NORMAL_TRENDING,1.1806825463985835,12.220000267028809,0.0,0.0,False,82
2024-07-02,1.42952071629168,1.4435983375064014,1.4192125971022407,-0.0016723422243846743,70.14306640625,GOLDILOCKS,NORMAL_TRENDING,1.1778412731992918,12.029999732971191,0.0,0.0,False,82
2024-07-03,1.4498223049893963,1.464099852006162,1.4393677932407964,0.01420167505538554,71.11955261230469,GOLDILOCKS,NORMAL_TRENDING,1.1825260901319137,12.09000015258789,0.0,0.0,False,82
2024-07-04,1.465775510794522,1.4802101616475076,1.4552059622052393,0.01100355936739607,71.11955261230469,GOLDILOCKS,NORMAL_TRENDING,1.1787630450659567,12.09000015258789,0.0,0.0,False,82
2024-07-05,1.4671581062580974,1.481606372622217,1.4565785879225444,0.0009432518509097167,71.29357147216797,GOLDILOCKS,NORMAL_TRENDING,1.1768815225329785,12.479999542236328,0.0,0.0,False,82
2024-07-08,1.4654064765593435,1.4798374932403167,1.4548395890359953,-0.0011938929357936776,71.2549057006836,GOLDILOCKS,NORMAL_TRENDING,1.1759407612664892,12.369999885559082,0.0,0.0,False,82
2024-07-09,1.4761042598454128,1.49064062606013,1.4654602317644505,0.0073002156447315334,71.55462646484375,GOLDILOCKS,NORMAL_TRENDING,1.18148763509449,12.510000228881836,0.0,0.0,False,82
2024-07-10,1.4779986432450387,1.49255366495151,1.4673409549703826,0.0012833669349510547,72.0186996459961,GOLDILOCKS,NORMAL_TRENDING,1.184176727613075,12.850000381469727,0.0,0.0,False,82
2024-07-11,1.4996809506970912,1.514449495235301,1.4888669136497517,0.01467004557219874,72.51177215576172,GOLDILOCKS,NORMAL_TRENDING,1.1855091653846974,12.920000076293945,0.0,0.0,False,82
2024-07-12,1.5081863001803133,1.5230386036224401,1.4973109319782576,0.005671439301318495,72.75348663330078,GOLDILOCKS,NORMAL_TRENDING,1.1862452072422198,12.460000038146973,0.0,0.0,False,82
2024-07-15,1.4961076235201205,1.5108409786791903,1.4853193533483662,-0.00800874312327904,71.87367248535156,GOLDILOCKS,NORMAL_TRENDING,1.18062260362111,13.119999885559082,0.0,0.0,False,82
2024-07-16,1.4827258170485167,1.4973273909745277,1.4720340416351154,-0.008944414333053406,72.22173309326172,GOLDILOCKS,NORMAL_TRENDING,1.177811301810555,13.1899995803833,0.0,0.0,False,82
2024-07-17,1.4824246133085643,1.4970232210431023,1.471735009842737,-0.00020314190020103296,70.98419189453125,GOLDILOCKS,NORMAL_TRENDING,1.1764056509052776,14.479999542236328,0.0,0.0,False,82
2024-07-18,1.4726013298408145,1.4871031999330309,1.4619825610090456,-0.006626497819559081,70.32675170898438,GOLDILOCKS,NORMAL_TRENDING,1.1757028254526387,15.930000305175781,0.0,0.0,False,82
2024-07-19,1.447031432984685,1.4612814960772982,1.4365970459120965,-0.017363760535849586,69.58230590820312,GOLDILOCKS,NORMAL_TRENDING,1.1807257758407692,16.520000457763672,0.0,0.0,False,82
2024-07-22,1.450993252498696,1.465282330761781,1.4405097743593789,0.002723608863331885,70.04637145996094,CAUTIOUS_BULL,EARLY_DD_UNCERTAINTY,1.065236666055539,14.90999984741211,0.0,0.14246911271899038,False,82
2024-07-23,1.454595967163605,1.4689205242076684,1.4440658805709323,0.0024686442777767043,69.39860534667969,CAUTIOUS_BULL,EARLY_DD_UNCERTAINTY,1.0613683330277697,14.720000267028809,0.0,0.14250534784563115,False,82
2024-07-24,1.4436102030242708,1.4578265745593413,1.433139014877493,-0.007566736282917543,68.37377166748047,CAUTIOUS_BULL,EARLY_DD_UNCERTAINTY,1.0640118796640357,18.040000915527344,0.0,0.14394634690304758,False,82
2024-07-25,1.4271002299606537,1.4411540147319186,1.4167283230491337,-0.011450872286637244,68.09339904785156,CAUTIOUS_BULL,EARLY_DD_UNCERTAINTY,1.0607559398320179,18.459999084472656,0.0,0.14451193051739292,False,82
2024-07-26,1.441266733958139,1.4554600274996798,1.4307716284762606,0.009912490065069434,68.86685180664062,CAUTIOUS_BULL,EARLY_DD_UNCERTAINTY,1.0591279699160088,16.389999389648438,0.0,0.14145497185398556,False,82
2024-07-29,1.4493183648573877,1.4635909491770673,1.4387441889156218,0.005572210323915757,68.65414428710938,CAUTIOUS_BULL,EARLY_DD_UNCERTAINTY,1.0583139849580045,16.600000381469727,0.0,0.14206552387831559,False,82
2024-07-30,1.4362287636497904,1.4503724443127741,1.4257295354907833,-0.00904584256541644,68.27709197998047,CAUTIOUS_BULL,EARLY_DD_UNCERTAINTY,1.0579069924790023,17.690000534057617,0.0,0.14416120239807698,False,82
2024-07-31,1.457523875307372,1.4718772657788421,1.4468486064473538,0.014812817179452462,69.87234497070312,CAUTIOUS_BULL,EARLY_DD_UNCERTAINTY,1.062664668199966,16.360000610351562,0.0,0.14077191422768656,False,82
2024-08-01,1.456152180127496,1.4704920624315472,1.4454662886397316,-0.0009553990662619958,68.69282531738281,CAUTIOUS_BULL,EARLY_DD_UNCERTAINTY,1.060082334099983,18.59000015258789,0.0,0.1429937589609354,False,82
2024-08-02,1.4122725766653506,1.4261803418062489,1.4018880436797134,-0.030148226425278882,67.6679916381836,CAUTIOUS_BULL,EARLY_DD_UNCERTAINTY,1.0622335985861804,23.389999389648438,0.0,0.14729791371169418,False,82
2024-08-05,1.3642816583283037,1.3777168189365108,1.3537159531282004,-0.03436229502683359,65.83102416992188,CRISIS_MODE,FAST_SHOCK,0.5894370855739484,38.56999969482422,0.0,3.9450860192225723,False,82
2024-08-06,1.3754281433500057,1.3889730722128613,1.3642604126695888,0.007789270353963122,65.9857177734375,CRISIS_MODE,FAST_SHOCK,0.5900247124337584,27.709999084472656,0.0,3.7800797464194082,False,82
2024-08-07,1.3977949450028275,1.4115601374532372,1.3859258897692297,0.01588074893798758,66.47880554199219,CRISIS_MODE,FAST_SHOCK,0.5902871685544039,27.850000381469727,0.0,3.749971454332928,False,82
2024-08-08,1.3924674196059579,1.4053524569685272,1.3798309421499968,-0.004397744254743508,68.01604461669922,RECOVERY_GROWTH,RECOVERY_ACCEL,1.2998598928292693,23.790000915527344,0.0,0.0,False,82
2024-08-09,1.4181926714839415,1.4353101079786,1.4092445555199808,0.021316824019146204,68.28675842285156,RECOVERY_GROWTH,RECOVERY_ACCEL,1.301356966709554,20.3700008392334,0.0,0.0,False,82
2024-08-12,1.427653826946683,1.4463585894572408,1.4200923941048187,0.007697626747853706,68.6058120727539,RECOVERY_GROWTH,RECOVERY_ACCEL,1.296928483354777,20.709999084472656,0.0,0.0,False,82
2024-08-13,1.4323128132378056,1.451804774643523,1.4254396753504937,0.0037654460145500938,69.31159210205078,RECOVERY_GROWTH,RECOVERY_ACCEL,1.2947142416773885,18.1200008392334,0.0,0.0,False,82
2024-08-14,1.433458045543896,1.4531441794117237,1.426754756228648,0.0009225791177945869,68.808837890625,RECOVERY_GROWTH,RECOVERY_ACCEL,1.2936071208386943,16.190000534057617,0.0,0.0,False,82
2024-08-15,1.4387856998147075,1.4593758955304539,1.4328733029894136,0.004288436210956776,69.5629653930664,RECOVERY_GROWTH,RECOVERY_ACCEL,1.2993040741744557,15.229999542236328,0.0,0.0,False,82
2024-08-16,1.4603797280359263,1.4846486528692746,1.457687101404635,0.017317510461987276,70.4717788696289,RECOVERY_GROWTH,RECOVERY_ACCEL,1.2959020370872278,14.800000190734863,0.0,0.0,False,82
2024-08-19,1.47139486433926,1.4975696394402784,1.4703734399707156,0.008703060179277031,71.17756652832031,RECOVERY_GROWTH,RECOVERY_ACCEL,1.294201018543614,14.649999618530273,0.0,0.0,False,82
2024-08-20,1.4749773279948737,1.501776784543309,1.4745041823780678,0.0028093151678762213,70.5201187133789,RECOVERY_GROWTH,RECOVERY_ACCEL,1.2993858370589904,15.880000114440918,0.0,0.0,False,82
2024-08-21,1.4674558852894588,1.4941186817190302,1.4658283785724846,-0.005883878736505753,70.86817169189453,RECOVERY_GROWTH,RECOVERY_ACCEL,1.295942918529495,16.270000457763672,0.0,0.0,False,82
2024-08-22,1.4722782993818597,1.4990287161934361,1.4713865313178618,0.0037918168502031383,70.05603790283203,RECOVERY_GROWTH,RECOVERY_ACCEL,1.2942214592647476,17.549999237060547,0.0,0.0,False,82
2024-08-23,1.4699508552423686,1.4966589837848976,1.4687026454807157,-0.0018240521983996047,71.2065658569336,RECOVERY_GROWTH,RECOVERY_ACCEL,1.2993902362176815,15.859999656677246,0.0,0.0,False,82
2024-08-26,1.476131355759816,1.5029517803030503,1.475827936643706,0.00485141848482069,70.53945922851562,RECOVERY_GROWTH,RECOVERY_ACCEL,1.2959451181088408,16.149999618530273,0.0,0.0,False,82
2024-08-27,1.478247265564481,1.50510613492432,1.4779434115226577,0.0014334156621014626,70.75215911865234,GOLDILOCKS,NORMAL_TRENDING,1.182108127897859,15.430000305175781,0.0,0.0,False,82
2024-08-28,1.4718054658167574,1.498547291525039,1.471502935888251,-0.004357728167529304,70.2010726928711,GOLDILOCKS,NORMAL_TRENDING,1.183775186653358,17.110000610351562,0.0,0.0,False,82
2024-08-29,1.4683984592500174,1.495078381685135,1.4680966296324398,-0.002314848426554372,70.36542510986328,GOLDILOCKS,NORMAL_TRENDING,1.1849327265044165,15.649999618530273,0.0,0.0,False,82
2024-08-30,1.4930817219632293,1.5202101245302113,1.492774818695718,0.016809649014354576,70.58779907226562,GOLDILOCKS,NORMAL_TRENDING,1.1856446918447883,15.0,0.0,0.0,False,82
2024-09-02,1.4812853929897762,1.508199463309235,1.4809809144602102,-0.0079006586176289,70.58779907226562,GOLDILOCKS,NORMAL_TRENDING,1.185903266255158,15.0,0.0,0.0,False,82
2024-09-03,1.4776638456303468,1.504512114598656,1.4773601115106156,-0.00244486806969709,69.13756561279297,GOLDILOCKS,NORMAL_TRENDING,1.180451633127579,20.719999313354492,0.0,0.0,False,82
2024-09-04,1.4494513205809674,1.475786984829982,1.4491533855517984,-0.019092654349504235,69.05055236816406,GOLDILOCKS,NORMAL_TRENDING,1.1819532577575997,21.31999969482422,0.0,0.0,False,82
2024-09-05,1.4519020192850973,1.4782822112649376,1.4516035805142853,0.0016907768266047893,69.15689849853516,GOLDILOCKS,NORMAL_TRENDING,1.1831449037346278,19.899999618530273,0.0,0.0,False,82
2024-09-06,1.4507567771678334,1.4771161607828422,1.4504585738017837,-0.0007887874677851374,67.8903579711914,GOLDILOCKS,NORMAL_TRENDING,1.179072451867314,22.3799991607666,0.0,0.0,False,82
2024-09-09,1.4484414016062495,1.474758716231059,1.448143674166142,-0.001595977766930645,68.68315124511719,GOLDILOCKS,NORMAL_TRENDING,1.1770362259336569,19.450000762939453,0.0,0.0,False,82
2024-09-10,1.4547735908497947,1.481205957568808,1.4544745618268329,0.004371726213102748,68.40277862548828,GOLDILOCKS,NORMAL_TRENDING,1.1808905804920886,19.079999923706055,0.0,0.0,False,82
2024-09-11,1.450171852691197,1.4765206085780382,1.4498737695564987,-0.0031631988561941857,69.01187896728516,GOLDILOCKS,NORMAL_TRENDING,1.1830951020686844,17.690000534057617,0.0,0.0,False,82
2024-09-12,1.4791798454889309,1.506055659268653,1.4788757997551043,0.020003141520021448,69.59196472167969,GOLDILOCKS,NORMAL_TRENDING,1.1790475510343421,17.06999969482422,0.0,0.0,False,82
2024-09-13,1.4829831926691155,1.5099281109940799,1.482678365156462,0.0025712540579724444,69.78533172607422,GOLDILOCKS,NORMAL_TRENDING,1.1823514144794547,16.559999465942383,0.0,0.0,False,82
2024-09-16,1.4889547965433392,1.516008215341846,1.4886487415662313,0.0040267508787310245,70.01736450195312,GOLDILOCKS,NORMAL_TRENDING,1.1838957236420053,17.139999389648438,0.0,0.0,False,82
2024-09-17,1.4998504157039723,1.527101801391001,1.499542121130014,0.007317629242961219,70.08504486083984,GOLDILOCKS,NORMAL_TRENDING,1.1794478618210025,17.610000610351562,0.0,0.0,False,82
2024-09-18,1.5011483825743468,1.528423351543697,1.5008398212030205,0.0008653975468383231,69.86267852783203,GOLDILOCKS,NORMAL_TRENDING,1.1772239309105013,18.229999542236328,0.0,0.0,False,82
2024-09-19,1.5113188326765994,1.5387785926460686,1.5110081807670779,0.006775113120270772,71.46761322021484,GOLDILOCKS,NORMAL_TRENDING,1.1761119654552505,16.329999923706055,0.0,0.0,False,82
2024-09-20,1.5318901774176388,1.559723706426853,1.5315752970638028,0.013611518824658969,71.54495239257812,GOLDILOCKS,NORMAL_TRENDING,1.1809046583762879,16.149999618530273,0.0,0.0,False,82
2024-09-23,1.5413545674362414,1.5693600587558225,1.5410377416750114,0.006178243165288181,72.21206665039062,GOLDILOCKS,NORMAL_TRENDING,1.1833495446368796,15.890000343322754,0.0,0.0,False,82
2024-09-24,1.5879081338744374,1.6167594756740602,1.5875817390176623,0.03020302234263276,74.8901596069336,GOLDILOCKS,NORMAL_TRENDING,1.184693145814495,15.390000343322754,0.0,0.0,False,82
2024-09-25,1.5915666723814037,1.6204844876392197,1.5912395255112555,0.0023039988453486993,73.93301391601562,GOLDILOCKS,NORMAL_TRENDING,1.18535851085168,15.40999984741211,0.0,0.0,False,82
2024-09-26,1.6489345506606867,1.6788947059816626,1.6485956118108798,0.03604491051163153,76.98816680908203,GOLDILOCKS,NORMAL_TRENDING,1.185699293946479,15.369999885559082,0.0,0.0,False,82
2024-09-27,1.685880025824267,1.716511458348977,1.6855334928241328,0.022405665008824644,77.06551361083984,GOLDILOCKS,NORMAL_TRENDING,1.1855323519712186,16.959999084472656,0.0,0.0,False,82
2024-09-30,1.6941267203971582,1.7249079904337266,1.6937784922871895,0.00489162600337412,75.84732055664062,GOLDILOCKS,NORMAL_TRENDING,1.1802661759856095,16.729999542236328,0.0,0.0,False,82
2024-10-01,1.7013617814616047,1.732274508233773,1.7010120661832857,0.004270672894380958,76.75613403320312,GOLDILOCKS,NORMAL_TRENDING,1.1822336098095168,19.260000228881836,0.0,0.0,False,82
2024-10-02,1.7021586489066722,1.73308585428408,1.7018087698320794,0.00046837036881304636,78.54475402832031,GOLDILOCKS,NORMAL_TRENDING,1.1786168049047583,18.899999618530273,0.0,0.0,False,82
2024-10-03,1.681701771093761,1.712257287227098,1.681356096934781,-0.01201819690899614,77.43291473388672,GOLDILOCKS,NORMAL_TRENDING,1.176808402452379,20.489999771118164,0.0,0.0,False,82
2024-10-04,1.7001072564246364,1.7309971892266338,1.6997577990142074,0.010944559640265411,78.3610610961914,GOLDILOCKS,NORMAL_TRENDING,1.1759042012261895,19.209999084472656,0.0,0.0,False,82
2024-10-07,1.7150977013515967,1.7462600015790704,1.7147451626520045,0.008817352476034669,79.43424224853516,GOLDILOCKS,NORMAL_TRENDING,1.1754521006130947,22.639999389648438,0.0,0.0,False,82
2024-10-08,1.641668940663812,1.6714970841933432,1.641331495261695,-0.042813164888460015,76.63044738769531,GOLDILOCKS,NORMAL_TRENDING,1.1752260503065475,21.420000076293945,0.0,0.0,False,82
2024-10-09,1.6287328073086242,1.6583259090262052,1.6283745733386974,-0.007894152985184593,76.29205322265625,CAUTIOUS_BULL,EARLY_DD_UNCERTAINTY,1.0616431023149264,20.860000610351562,0.0,0.1439938523565717,False,82
2024-10-10,1.650666008903873,1.6806576237863438,1.6502796883106043,0.01345213523384509,76.35006713867188,CAUTIOUS_BULL,EARLY_DD_UNCERTAINTY,1.059571551157463,20.93000030517578,0.0,0.14096091753181794,False,82
2024-10-11,1.6518706167555777,1.6818841186427955,1.6514604388127023,0.0007154850844141355,76.93016052246094,CAUTIOUS_BULL,EARLY_DD_UNCERTAINTY,1.0585357755787315,20.459999084472656,0.0,0.1427550037812119,False,82
2024-10-14,1.6553419396716287,1.6854185134216397,1.654907307468479,0.0020871639276171484,76.48542022705078,CAUTIOUS_BULL,EARLY_DD_UNCERTAINTY,1.0580178877893658,19.700000762939453,0.0,0.14255959760748088,False,82
2024-10-15,1.6326040618461608,1.6622675019450834,1.6321517582444933,-0.0137503466939154,74.6001205444336,CAUTIOUS_BULL,EARLY_DD_UNCERTAINTY,1.057758943894683,20.639999389648438,0.0,0.14484886496868235,False,82
2024-10-16,1.6255649482699281,1.6551004918820065,1.6250912783606586,-0.004325872179575245,75.33489990234375,CAUTIOUS_BULL,EARLY_DD_UNCERTAINTY,1.0576294719473416,19.579999923706055,0.0,0.14347780952173933,False,82
2024-10-17,1.6142232775561656,1.6435527497895785,1.6137296968824868,-0.0069913497349103106,75.10286712646484,CAUTIOUS_BULL,EARLY_DD_UNCERTAINTY,1.061966835204267,19.110000610351562,0.0,0.14386293897742608,False,82
2024-10-18,1.6447116597995544,1.6745950877173403,1.6441857034189906,0.018873053272391756,76.00201416015625,CAUTIOUS_BULL,EARLY_DD_UNCERTAINTY,1.0643441618843485,18.030000686645508,0.0,0.14021093442241672,False,82
2024-10-21,1.6315398713109552,1.6611839757038533,1.6309946387217005,-0.008022855733303174,75.34456634521484,CAUTIOUS_BULL,EARLY_DD_UNCERTAINTY,1.065444358487217,18.3700008392334,0.0,0.1440125346463982,False,82
2024-10-22,1.6250364973519489,1.6545624393266698,1.6244701381551094,-0.004000320057277818,75.23821258544922,CAUTIOUS_BULL,EARLY_DD_UNCERTAINTY,1.0660889765276196,18.200000762939453,0.0,0.14343091241290185,False,82
2024-10-23,1.6322772213660204,1.6619347229687513,1.6316851319092078,0.00444144437292787,74.85148620605469,CAUTIOUS_BULL,EARLY_DD_UNCERTAINTY,1.0661889371244535,19.239999771118164,0.0,0.1422254564041097,False,82
2024-10-24,1.613319275122895,1.642632322172361,1.6127107526515871,-0.011628701448924098,74.59044647216797,CAUTIOUS_BULL,EARLY_DD_UNCERTAINTY,1.0618444685622268,19.079999923706055,0.0,0.144537931308373,False,82
2024-10-25,1.6206683314207053,1.6501149064310336,1.6200339982585317,0.004540954163605387,74.63878631591797,CAUTIOUS_BULL,EARLY_DD_UNCERTAINTY,1.0638807513725648,20.329999923706055,0.0,0.14221136755552954,False,82
2024-10-28,1.6276157296234703,1.6571885347071198,1.626955533891473,0.004272463195452526,74.8321533203125,CAUTIOUS_BULL,EARLY_DD_UNCERTAINTY,1.0649851532347532,19.799999237060547,0.0,0.14224938758411407,False,82
2024-10-29,1.6278968148188149,1.657474727052477,1.6272132628507412,0.00015841180284229512,74.61944580078125,CAUTIOUS_BULL,EARLY_DD_UNCERTAINTY,1.0612425766173768,19.34000015258789,0.0,0.142834516183926,False,82
2024-10-30,1.6051101942685708,1.6342740872249657,1.604412964472053,-0.014011868572619608,73.75897216796875,CAUTIOUS_BULL,EARLY_DD_UNCERTAINTY,1.0593712883086883,20.350000381469727,0.0,0.14488728444462468,False,82
2024-10-31,1.59509530759297,1.6240772360437372,1.5943795078903875,-0.006253662120567067,73.42059326171875,CAUTIOUS_BULL,EARLY_DD_UNCERTAINTY,1.058435644154344,23.15999984741211,0.0,0.14375614521708566,False,82
2024-11-01,1.6006146043394474,1.6296968151135613,1.5998735509999729,0.0034458816626757433,73.7686538696289,CAUTIOUS_BULL,EARLY_DD_UNCERTAINTY,1.057967822077172,21.8799991607666,0.0,0.14236656452307464,False,82
2024-11-04,1.6054947833433997,1.6346656640534394,1.6047286152397986,0.003034654980570829,74.02001953125,CAUTIOUS_BULL,EARLY_DD_UNCERTAINTY,1.057733911038586,21.979999542236328,0.0,0.14242493232689954,False,82
2024-11-05,1.62598354950791,1.6555266988543114,1.6251846791388787,0.012747366567039812,75.20922088623047,CAUTIOUS_BULL,EARLY_DD_UNCERTAINTY,1.0617871404447026,20.489999771118164,0.0,0.14105901192455608,False,82
2024-11-06,1.6190012972531398,1.6484175832489252,1.6181826404465098,-0.004308457237043902,73.9813461303711,CAUTIOUS_BULL,EARLY_DD_UNCERTAINTY,1.0596435702223514,16.270000457763672,0.0,0.14347530005198889,False,82
2024-11-07,1.6359717338171682,1.6656963625031587,1.635121378922177,0.010467754413057683,76.00201416015625,CAUTIOUS_BULL,EARLY_DD_UNCERTAINTY,1.0585717851111756,15.199999809265137,0.0,0.14137724062270857,False,82
2024-11-08,1.6311012261537234,1.6607373606262654,1.630230044002668,-0.0029914200759415402,73.9813461303711,CAUTIOUS_BULL,EARLY_DD_UNCERTAINTY,1.0580358925555877,14.9399995803833,0.0,0.14328577078847624,False,82
2024-11-11,1.6191429931740293,1.6485618537000144,1.6182549089951237,-0.007345671889435959,73.41092681884766,CAUTIOUS_BULL,EARLY_DD_UNCERTAINTY,1.057767946277794,14.970000267028809,0.0,0.14391429001177045,False,82
2024-11-12,1.581241481046301,1.6099716937482764,1.5803510675507773,-0.02342266427474225,71.87367248535156,CAUTIOUS_BULL,EARLY_DD_UNCERTAINTY,1.0628121124472092,14.710000038146973,0.0,0.1462834919786968,False,82
2024-11-13,1.5690008064525371,1.5975086134126257,1.5680947093641462,-0.007755465502754306,71.3999252319336,CAUTIOUS_BULL,EARLY_DD_UNCERTAINTY,1.0655064163551542,14.020000457763672,0.0,0.14397372612339582,False,82
2024-11-14,1.5466202533972842,1.5747214190838086,1.5457046797127771,-0.01427849320430907,71.0422134399414,CAUTIOUS_BULL,EARLY_DD_UNCERTAINTY,1.0667594227063004,14.3100004196167,0.0,0.14492647453897203,False,82
2024-11-15,1.5496560603375944,1.5778123848219132,1.548716608010018,0.0019485793999152996,71.00353240966797,CAUTIOUS_BULL,EARLY_DD_UNCERTAINTY,1.0671077973864378,16.139999389648438,0.0,0.14257931573963856,False,82
2024-11-18,1.554307143769963,1.5825479756605876,1.5533427472800976,0.0029870792668928465,71.85433959960938,CAUTIOUS_BULL,EARLY_DD_UNCERTAINTY,1.062303898693219,15.579999923706055,0.0,0.1424316881146271,False,82
2024-11-19,1.5722929267691717,1.60086054958792,1.5712951800815047,0.011557290129845233,71.91234588623047,CAUTIOUS_BULL,EARLY_DD_UNCERTAINTY,1.0648385430473364,16.350000381469727,0.0,0.14122496496348264,False,82
2024-11-20,1.5727591310302376,1.6013352245017884,1.5717386414243604,0.0002822266296474015,71.83499908447266,CAUTIOUS_BULL,EARLY_DD_UNCERTAINTY,1.0611692715236682,17.15999984741211,0.0,0.14281683614282134,False,82
2024-11-21,1.5617083618877372,1.590083669488319,1.5606725891982884,-0.007040643994120758,71.66098022460938,CAUTIOUS_BULL,EARLY_DD_UNCERTAINTY,1.0593346357618343,16.8700008392334,0.0,0.14387008087801026,False,82
2024-11-22,1.5671885043365525,1.5956633828502926,1.5661268017265326,0.0034947833171377197,71.54495239257812,CAUTIOUS_BULL,EARLY_DD_UNCERTAINTY,1.0635360153296016,15.239999771118164,0.0,0.14235962680833913,False,82
2024-11-25,1.5736866402084837,1.6022795859674894,1.5725981621516871,0.004132079482976993,71.65129852294922,CAUTIOUS_BULL,EARLY_DD_UNCERTAINTY,1.0657480547195528,14.600000381469727,0.0,0.14226927490524885,False,82
2024-11-26,1.5591509768118426,1.5874798182539835,1.5580500870067537,-0.009250980635147146,71.18721771240234,CAUTIOUS_BULL,EARLY_DD_UNCERTAINTY,1.0669097590422614,14.100000381469727,0.0,0.14419105148216585,False,82
2024-11-27,1.573782378321325,1.6023770635846242,1.5726488996757995,0.009369925133210623,71.55462646484375,CAUTIOUS_BULL,EARLY_DD_UNCERTAINTY,1.067489064969023,14.100000381469727,0.0,0.14153100790900758,False,82
2024-11-28,1.5567474046214544,1.58503257459336,1.5556037285903461,-0.010838510165217,71.55462646484375,CAUTIOUS_BULL,EARLY_DD_UNCERTAINTY,1.0624945324845114,14.100000381469727,0.0,0.14442246723636995,False,82
2024-11-29,1.5641186273874432,1.5925377280716904,1.5629473131224307,0.004720729577280646,71.73831939697266,CAUTIOUS_BULL,EARLY_DD_UNCERTAINTY,1.0599972662422559,13.510000228881836,0.0,0.14218592157170637,False,82
2024-12-02,1.5772050432977704,1.60586191633818,1.5760016012503868,0.008352353286865762,72.03803253173828,CAUTIOUS_BULL,EARLY_DD_UNCERTAINTY,1.0641317037510647,13.34000015258789,0.0,0.14167383295281652,False,82
2024-12-03,1.6039357534644592,1.6330783075333322,1.602689400990234,0.01693386587848217,72.2410659790039,CAUTIOUS_BULL,EARLY_DD_UNCERTAINTY,1.0662332107751729,13.300000190734863,0.0,0.14047830213003593,False,82
2024-12-04,1.6058534296494293,1.6350308267485087,1.6045826914650796,0.0011813208932908354,72.36675262451172,CAUTIOUS_BULL,EARLY_DD_UNCERTAINTY,1.0672513932086172,13.449999809265137,0.0,0.14268858185416447,False,82
2024-12-05,1.5945405322036683,1.6235123807171659,1.5932558234909284,-0.007059074009958931,72.74381256103516,CAUTIOUS_BULL,EARLY_DD_UNCERTAINTY,1.0677261676864465,13.539999961853027,0.0,0.1438727512562773,False,82
2024-12-06,1.6047099874315036,1.6338666088688467,1.603394324471529,0.006363385484690339,72.60845947265625,CAUTIOUS_BULL,EARLY_DD_UNCERTAINTY,1.0626130838432233,12.770000457763672,0.0,0.141953835878418,False,82
2024-12-09,1.6302871094493327,1.6599084519079017,1.6289275707915756,0.015924495883732286,74.31006622314453,CAUTIOUS_BULL,EARLY_DD_UNCERTAINTY,1.0653356598506734,14.1899995803833,0.0,0.1406178740998604,False,82
2024-12-10,1.6232262928854115,1.6527193445268202,1.621849372031649,-0.0043453121469895035,72.85983276367188,CAUTIOUS_BULL,EARLY_DD_UNCERTAINTY,1.0666658825689286,14.180000305175781,0.0,0.14348061089853772,False,82
2024-12-11,1.6219261208244729,1.6513955491165653,1.6205271335802571,-0.0008152658774566548,73.05319213867188,CAUTIOUS_BULL,EARLY_DD_UNCERTAINTY,1.0620829412844643,13.579999923706055,0.0,0.14297370443974614,False,82
2024-12-12,1.627238654142615,1.6568046079901309,1.6258119342019703,0.0032611614530869645,72.77281951904297,CAUTIOUS_BULL,EARLY_DD_UNCERTAINTY,1.06507535547633,13.920000076293945,0.0,0.14239277702152228,False,82
2024-12-13,1.615309593153518,1.6446588030921119,1.6138701064141974,-0.0073451470840841466,72.86951446533203,CAUTIOUS_BULL,EARLY_DD_UNCERTAINTY,1.0612876777381648,13.8100004196167,0.0,0.14391421392591908,False,82
2024-12-16,1.6041003565391423,1.6332459013475091,1.6026478036487457,-0.00695365923245581,72.50210571289062,CAUTIOUS_BULL,EARLY_DD_UNCERTAINTY,1.064572678017785,14.6899995803833,0.0,0.14385747874235744,False,82
2024-12-17,1.5877756910232397,1.616624626415409,1.5863150255560963,-0.010191121252882048,72.31967163085938,CAUTIOUS_BULL,EARLY_DD_UNCERTAINTY,1.0660046644374166,15.869999885559082,0.0,0.14432800707745602,False,82
2024-12-18,1.5958324035191334,1.6248277245623624,1.593760015837954,0.004693260898318621,70.76988983154297,CRISIS_MODE,FAST_SHOCK,0.5898624067881713,27.6200008392334,0.0,3.7917282396396583,False,82
2024-12-19,1.573916176455697,1.599080303241715,1.568504901100892,-0.015846246916781517,71.09358215332031,RECOVERY_GROWTH,RECOVERY_ACCEL,1.2992528757914097,24.09000015258789,0.0,0.0,False,82
2024-12-20,1.5560050851982377,1.5780832365218582,1.5479093112533575,-0.013130714372061572,71.23090362548828,RECOVERY_GROWTH,RECOVERY_ACCEL,1.3015432003554535,18.360000610351562,0.0,0.0,False,82
2024-12-23,1.580561053686921,1.6068190746557134,1.5760957024300992,0.018209329817855367,71.84884643554688,RECOVERY_GROWTH,RECOVERY_ACCEL,1.3029748893851405,16.780000686645508,0.0,0.0,False,82
2024-12-24,1.5919381657630773,1.6201645991081421,1.5891860522198886,0.00830555515734608,72.14311218261719,RECOVERY_GROWTH,RECOVERY_ACCEL,1.3041299159219133,14.270000457763672,0.0,0.0,False,82
2024-12-25,1.5925134896562296,1.6208402047398032,1.589848739854977,0.0004169981445299345,72.14311218261719,RECOVERY_GROWTH,RECOVERY_ACCEL,1.2983149579609568,14.270000457763672,0.0,0.0,False,82
2024-12-26,1.592821964357023,1.6212024682069854,1.5902040766211252,0.0002235035052330704,71.89789581298828,RECOVERY_GROWTH,RECOVERY_ACCEL,1.2954074789804786,14.729999542236328,0.0,0.0,False,82
2024-12-27,1.5963063672415816,1.625294568712408,1.594217933639776,0.002524114406233477,71.59381866455078,RECOVERY_GROWTH,RECOVERY_ACCEL,1.2939537394902394,15.949999809265137,0.0,0.0,False,82
2024-12-30,1.5830119903648125,1.6096763416971414,1.5788983367625644,-0.009609474685957884,70.94644927978516,RECOVERY_GROWTH,RECOVERY_ACCEL,1.2990480269157398,17.399999618530273,0.0,0.0,False,82
2024-12-31,1.5832136151286962,1.6099129043246119,1.5791303761666222,0.00014696285293050725,70.79931640625,RECOVERY_GROWTH,RECOVERY_ACCEL,1.3016442986829067,17.350000381469727,0.0,0.0,False,82
2025-01-01,1.5853934310685518,1.6124704923874837,1.5816390615675238,0.0015886499549148043,70.79931640625,RECOVERY_GROWTH,RECOVERY_ACCEL,1.2970721493414534,17.350000381469727,0.0,0.0,False,82
2025-01-02,1.593737838810203,1.6222630953291401,1.5912444238982242,0.0060730431892475146,70.51486206054688,RECOVERY_GROWTH,RECOVERY_ACCEL,1.294786074670727,17.93000030517578,0.0,0.0,False,82
2025-01-03,1.6030389191222645,1.6331871963055553,1.6019596493230464,0.006733865183685685,71.33879852294922,RECOVERY_GROWTH,RECOVERY_ACCEL,1.299775583988695,16.1299991607666,0.0,0.0,False,82
2025-01-06,1.6043523764017729,1.634731226392266,1.603474156601726,0.0009454091301985201,71.4368896484375,RECOVERY_GROWTH,RECOVERY_ACCEL,1.302286007479304,16.040000915527344,0.0,0.0,False,82
2025-01-07,1.6004039232072265,1.630089051507908,1.598920742965699,-0.0028397175079372954,70.78950500488281,RECOVERY_GROWTH,RECOVERY_ACCEL,1.2973930037396522,17.81999969482422,0.0,0.0,False,82
2025-01-08,1.5993672922981164,1.6288707527991417,1.5977257388800186,-0.0007473816891411528,70.33831024169922,RECOVERY_GROWTH,RECOVERY_ACCEL,1.300708015979577,17.700000762939453,0.0,0.0,False,82
2025-01-09,1.5884315776024014,1.6160198543066433,1.5851205574965874,-0.007889452536620666,70.33831024169922,RECOVERY_GROWTH,RECOVERY_ACCEL,1.3023814784908896,17.700000762939453,0.0,0.0,False,82
2025-01-10,1.5801651939568264,1.6063160586184497,1.5756023043698633,-0.006004750289628727,68.8768081665039,RECOVERY_GROWTH,RECOVERY_ACCEL,1.2974407392454448,19.540000915527344,0.0,0.0,False,82
2025-01-13,1.5564610613385697,1.5785124936499462,1.5483303607202747,-0.017308900586112994,68.25885009765625,RECOVERY_GROWTH,RECOVERY_ACCEL,1.3004232785273198,19.190000534057617,0.0,0.0,False,82
2025-01-14,1.5777569947318362,1.603432855834839,1.57277423020261,0.015787244184092792,69.1318359375,RECOVERY_GROWTH,RECOVERY_ACCEL,1.3020018890187701,18.709999084472656,0.0,0.0,False,82
2025-01-15,1.5849786802241208,1.611901173514864,1.581080628423057,0.005281367192401759,69.81845092773438,RECOVERY_GROWTH,RECOVERY_ACCEL,1.3033720759330212,16.1200008392334,0.0,0.0,False,82
2025-01-16,1.6029281754117741,1.6329639263926066,1.6017406484686059,0.01306702496643368,69.91653442382812,RECOVERY_GROWTH,RECOVERY_ACCEL,1.3039654252110782,16.600000381469727,0.0,0.0,False,82
2025-01-17,1.6076161334623646,1.6384744662973627,1.6071458234499998,0.0033745631582503405,70.5442886352539,RECOVERY_GROWTH,RECOVERY_ACCEL,1.3043691368865769,15.970000267028809,0.0,0.0,False,82
2025-01-20,1.6278379023564102,1.6622551519013948,1.6304718076709597,0.014513918949113743,70.5442886352539,RECOVERY_GROWTH,RECOVERY_ACCEL,1.3045475582826973,15.970000267028809,0.0,0.0,False,82
2025-01-21,1.6328105290063837,1.6681141086397746,1.6362187375411212,0.003524703612245054,71.16223907470703,RECOVERY_GROWTH,RECOVERY_ACCEL,1.2985237791413489,15.0600004196167,0.0,0.0,False,82
2025-01-22,1.625900372938299,1.6599684590007235,1.6282288377495964,-0.004883148938589919,71.10338592529297,RECOVERY_GROWTH,RECOVERY_ACCEL,1.2955118895706743,15.100000381469727,0.0,0.0,False,82
2025-01-23,1.6213718823532817,1.6546337924157486,1.6229961732815834,-0.0032137156317936432,71.28974914550781,RECOVERY_GROWTH,RECOVERY_ACCEL,1.2940059447853374,15.020000457763672,0.0,0.0,False,82
2025-01-24,1.6387142278978453,1.6750546978587295,1.6430266184113875,0.012341646554411828,71.67229461669922,RECOVERY_GROWTH,RECOVERY_ACCEL,1.2932529723926687,14.850000381469727,0.0,0.0,False,82
2025-01-27,1.6407033582328971,1.6774007459810405,1.6453278086459264,0.0014005800081095265,70.23040771484375,RECOVERY_GROWTH,RECOVERY_ACCEL,1.2928764861963344,17.899999618530273,0.0,0.0,False,82
2025-01-28,1.6455537691195892,1.6831225529395004,1.650940211124591,0.0034111150672665393,70.8287353515625,RECOVERY_GROWTH,RECOVERY_ACCEL,1.2926882430981672,16.40999984741211,0.0,0.0,False,82
2025-01-29,1.6493493639523404,1.687602072271704,1.6553340792829905,0.002661433847689992,70.8483657836914,RECOVERY_GROWTH,RECOVERY_ACCEL,1.2925941215490837,16.559999465942383,0.0,0.0,False,82
2025-01-30,1.6552500601520057,1.694568474636204,1.6621672797355302,0.004127988747443435,71.97636413574219,RECOVERY_GROWTH,RECOVERY_ACCEL,1.292547060774542,15.84000015258789,0.0,0.0,False,82
2025-01-31,1.6594984150553989,1.6995868623025379,1.6670897127329927,0.002961454636650943,71.27013397216797,RECOVERY_GROWTH,RECOVERY_ACCEL,1.292523530387271,16.43000030517578,0.0,0.0,False,82
2025-02-01,1.6598733198833726,1.7000298946770687,1.6675242740551408,0.00026067062787868644,71.27013397216797,RECOVERY_GROWTH,RECOVERY_ACCEL,1.2925117651936355,16.43000030517578,0.0,0.0,False,82
2025-02-03,1.6571181599369855,1.6967739550978933,1.6643305900498586,-0.0019152248965561085,70.62275695800781,RECOVERY_GROWTH,RECOVERY_ACCEL,1.2925058825968179,18.6200008392334,0.0,0.0,False,82
2025-02-04,1.692821087956183,1.738955477849702,1.7057055760577438,0.024859836294089735,71.94693756103516,RECOVERY_GROWTH,RECOVERY_ACCEL,1.292502941298409,17.209999084472656,0.0,0.0,False,82
2025-02-05,1.6853083384609817,1.7312379836730634,1.6981356451319887,-0.00443800561598137,71.70171356201172,GOLDILOCKS,NORMAL_TRENDING,1.1750013369538221,15.770000457763672,0.0,0.0,False,82
2025-02-06,1.6946473145852288,1.7408314745648705,1.7075457025580991,0.005541405042103642,71.84884643554688,GOLDILOCKS,NORMAL_TRENDING,1.1805499023938797,15.5,0.0,0.0,False,82
2025-02-07,1.7101844150622154,1.7567920070609406,1.723201059824095,0.009168338652688597,71.89789581298828,GOLDILOCKS,NORMAL_TRENDING,1.1830259878065277,16.540000915527344,0.0,0.0,False,82
2025-02-10,1.7103882417728642,1.757001388653323,1.7234064379112282,0.00011918405340008656,72.78067016601562,GOLDILOCKS,NORMAL_TRENDING,1.184414277515427,15.8100004196167,0.0,0.0,False,82
2025-02-11,1.7016987217995911,1.7480750535167189,1.7146507798106005,-0.005080437155172442,72.3294677734375,GOLDILOCKS,NORMAL_TRENDING,1.1850630190964613,16.020000457763672,0.0,0.0,False,82
2025-02-12,1.7188684662659808,1.7657127243878656,1.7319512075310315,0.010089767504927233,72.91799926757812,GOLDILOCKS,NORMAL_TRENDING,1.185483288263336,15.890000343322754,0.0,0.0,False,82
2025-02-13,1.7191244681310722,1.7659757030622263,1.7322091578908623,0.00014893627413361453,73.32015228271484,GOLDILOCKS,NORMAL_TRENDING,1.1802416441316679,15.100000381469727,0.0,0.0,False,82
2025-02-14,1.7527844363683736,1.800553005156904,1.7661253206329095,0.01957971564088927,73.85963439941406,GOLDILOCKS,NORMAL_TRENDING,1.177620822065834,14.770000457763672,0.0,0.0,False,82
2025-02-17,1.759683301972366,1.8076398852875717,1.7730766952423849,0.003935946406670741,73.85963439941406,GOLDILOCKS,NORMAL_TRENDING,1.1819313136200893,14.770000457763672,0.0,0.0,False,82
2025-02-18,1.7783839268906,1.826850157638348,1.7919196553317511,0.010627267359571457,74.47759246826172,GOLDILOCKS,NORMAL_TRENDING,1.1784656568100447,15.350000381469727,0.0,0.0,False,82
2025-02-19,1.7701932384134471,1.8184362486339996,1.783666625459528,-0.004605691916859507,74.44815826416016,GOLDILOCKS,NORMAL_TRENDING,1.1767328284050225,15.270000457763672,0.0,0.0,False,82
2025-02-20,1.7529752709902793,1.8007490405876343,1.7663176077452365,-0.009726603316256925,75.04649353027344,GOLDILOCKS,NORMAL_TRENDING,1.1758664142025113,15.65999984741211,0.0,0.0,False,82
2025-02-21,1.782184187480631,1.8307539865883224,1.7957488406632702,0.016662480625782697,75.09553527832031,GOLDILOCKS,NORMAL_TRENDING,1.1754332071012557,18.209999084472656,0.0,0.0,False,82
2025-02-24,1.7660132464056777,1.8141423394601395,1.7794548184787102,-0.00907366432075311,73.76154327392578,GOLDILOCKS,NORMAL_TRENDING,1.1752166035506277,18.979999542236328,0.0,0.0,False,82
2025-02-25,1.7449266494251257,1.7924810702395324,1.7582077260920983,-0.011940225829828337,73.79097747802734,GOLDILOCKS,NORMAL_TRENDING,1.175108301775314,19.43000030517578,0.0,0.0,False,82
2025-02-26,1.7862131315546796,1.8348927313247645,1.7998084500464606,0.023660869723753804,74.74241638183594,GOLDILOCKS,NORMAL_TRENDING,1.1750541508876569,19.100000381469727,0.0,0.0,False,82
2025-02-27,1.7708736966091594,1.8191352513315084,1.7843522627941275,-0.008587684568285068,73.19264221191406,GOLDILOCKS,NORMAL_TRENDING,1.1750270754438283,21.1299991607666,0.0,0.0,False,82
2025-02-28,1.717434738729067,1.7642399235279291,1.7305065675323563,-0.03017660603487223,72.26081085205078,GOLDILOCKS,NORMAL_TRENDING,1.1750135377219142,19.6299991607666,0.0,0.0,False,82
2025-03-03,1.7221752449170047,1.7691096225539777,1.7352831549080867,0.0027602249337556057,71.4368896484375,GOLDILOCKS,NORMAL_TRENDING,1.1750067688609571,22.780000686645508,0.0,0.0,False,82
2025-03-04,1.7175644630631164,1.76437318323441,1.730637279231019,-0.0026773012023583944,72.26081085205078,GOLDILOCKS,NORMAL_TRENDING,1.1750033844304786,23.510000228881836,0.0,0.0,False,82
2025-03-05,1.7568086657463813,1.8046869067078701,1.7701801794353187,0.02284875096523406,74.57567596435547,GOLDILOCKS,NORMAL_TRENDING,1.1791888308152223,21.93000030517578,0.0,0.0,False,82
2025-03-06,1.792228191600804,1.8410717195777,1.8058692922311383,0.020161288218244734,74.18331909179688,GOLDILOCKS,NORMAL_TRENDING,1.1804222541662939,24.8700008392334,0.0,0.0,False,82
2025-03-07,1.7814438313124732,1.8299934535211615,1.795002849457655,-0.006017291960293488,74.40892028808594,GOLDILOCKS,NORMAL_TRENDING,1.1812761822488247,23.3700008392334,0.0,0.0,False,82
2025-03-10,1.75754635119109,1.8054446962664554,1.7709234795899356,-0.01341466943910144,72.53546142578125,GOLDILOCKS,NORMAL_TRENDING,1.1805951056089279,27.860000610351562,0.0,0.0,False,82
2025-03-11,1.7547114561388464,1.802532541925219,1.7680670074367038,-0.0016129845169218407,73.1828384399414,GOLDILOCKS,NORMAL_TRENDING,1.1806666251135813,26.920000076293945,0.0,0.0,False,82
2025-03-12,1.759196476084309,1.807139791951767,1.7725861639997533,0.002555987156618851,73.634033203125,GOLDILOCKS,NORMAL_TRENDING,1.1778333125567906,24.229999542236328,0.0,0.0,False,82
2025-03-13,1.7528920151908622,1.8006635158210245,1.7662337182649395,-0.0035837161904049295,73.16321563720703,GOLDILOCKS,NORMAL_TRENDING,1.1798315315578027,24.65999984741211,0.0,0.0,False,82
2025-03-14,1.7753294892012057,1.8237124774726687,1.7888419695470053,0.012800260264691901,74.40892028808594,GOLDILOCKS,NORMAL_TRENDING,1.181578295201228,21.770000457763672,0.0,0.0,False,82
2025-03-17,1.7918104948021767,1.840642639303818,1.8054484162368654,0.009283350330865341,75.61539459228516,GOLDILOCKS,NORMAL_TRENDING,1.1782891476006139,20.510000228881836,0.0,0.0,False,82
2025-03-18,1.8194494577107518,1.8690348458363937,1.8332977462605886,0.015425159629744589,75.24266052246094,GOLDILOCKS,NORMAL_TRENDING,1.180645778293514,21.700000762939453,0.0,0.0,False,82
2025-03-19,1.8259213423853273,1.87568310854232,1.839818890081141,0.003557056584972888,75.44864654541016,GOLDILOCKS,NORMAL_TRENDING,1.1823070007391365,19.899999618530273,0.0,0.0,False,82
2025-03-20,1.821426189214406,1.871065449129898,1.8352895231660988,-0.0024618547724784205,74.62471771240234,GOLDILOCKS,NORMAL_TRENDING,1.1831481286850227,19.799999237060547,0.0,0.0,False,82
2025-03-21,1.8004263635166238,1.8494933159665896,1.814129862500367,-0.011529331148378643,74.32064056396484,GOLDILOCKS,NORMAL_TRENDING,1.1837576173678668,19.280000686645508,0.0,0.0,False,82
2025-03-24,1.817131331360454,1.866653543675239,1.830961976066183,0.009278339943435361,74.60509490966797,GOLDILOCKS,NORMAL_TRENDING,1.1845406644897531,17.479999542236328,0.0,0.0,False,82
2025-03-25,1.802657562388,1.8517853216174858,1.8163780435888925,-0.007965174956076373,74.3794937133789,GOLDILOCKS,NORMAL_TRENDING,1.1849508830501296,17.149999618530273,0.0,0.0,False,82
2025-03-26,1.8126306540203279,1.8620302095436354,1.8264270429360918,0.005532438240303775,73.80078125,GOLDILOCKS,NORMAL_TRENDING,1.179975441525065,18.329999923706055,0.0,0.0,False,82
2025-03-27,1.8130259820875774,1.8624363114719384,1.8268253799449328,0.00021809631563539573,74.25198364257812,GOLDILOCKS,NORMAL_TRENDING,1.1822839093078104,18.690000534057617,0.0,0.0,False,82
2025-03-28,1.785993429888059,1.8346670421368276,1.7995870761750639,-0.014910184667288745,72.76105499267578,GOLDILOCKS,NORMAL_TRENDING,1.178641954653905,21.649999618530273,0.0,0.0,False,82
2025-03-31,1.7584884157074216,1.80641243483187,1.7718727143968185,-0.01540040053918983,72.58450317382812,GOLDILOCKS,NORMAL_TRENDING,1.1768209773269527,22.280000686645508,0.0,0.0,False,82
2025-04-01,1.7810312609309666,1.8295696393744545,1.7945871388989563,0.012819444826695742,72.91799926757812,GOLDILOCKS,NORMAL_TRENDING,1.1759104886634764,21.770000457763672,0.0,0.0,False,82
2025-04-02,1.7786799562637645,1.827154254688964,1.7922179378591112,-0.00132019281119918,73.07494354248047,GOLDILOCKS,NORMAL_TRENDING,1.175455244331738,21.510000228881836,0.0,0.0,False,82
2025-04-03,1.7676094309483383,1.8157820247605332,1.780380402293749,-0.006604964337932314,71.3878402709961,CRISIS_MODE,FAST_SHOCK,0.5876138110829345,30.020000457763672,0.0,3.8348528760110807,False,82
2025-04-04,1.7400489659627498,1.783114829404427,1.7483501070177603,-0.017990703129916925,67.57225036621094,RECOVERY_GROWTH,RECOVERY_ACCEL,1.2926251921912282,45.310001373291016,0.0,0.0,False,82
2025-04-07,1.7052979363392549,1.7475037187570657,1.7127672547289987,-0.020352246467074606,64.79637908935547,CRISIS_MODE,FAST_SHOCK,0.5875284527707336,46.97999954223633,0.0,3.888666917047928,False,82
2025-04-08,1.715011238107898,1.7589887618826934,1.7240240008941612,0.006572256758226877,63.756656646728516,RECOVERY_GROWTH,RECOVERY_ACCEL,1.2925312980478072,52.33000183105469,0.0,0.0,False,82
2025-04-09,1.701927324555687,1.74350481519674,1.7088478404242233,-0.008802754754032952,68.30790710449219,RECOVERY_GROWTH,RECOVERY_ACCEL,1.2945915548110283,33.619998931884766,0.0,0.0,False,82
2025-04-10,1.753524546976238,1.796362539755862,1.760003882030577,0.02993598399823245,66.81698608398438,CRISIS_MODE,FAST_SHOCK,0.5885300173917727,40.720001220703125,0.0,3.69879669097021,False,82
2025-04-11,1.7780149978816377,1.8214512838307897,1.7839143483465956,0.013585462259567412,69.18087768554688,CRISIS_MODE,FAST_SHOCK,0.5880150086958863,37.560001373291016,0.0,3.7584633475615448,False,82
2025-04-14,1.814705168515641,1.8648203207915603,1.8263896250641694,0.02381015476272251,69.7105484008789,RECOVERY_GROWTH,RECOVERY_ACCEL,1.2953673578780305,30.889999389648438,0.0,0.0,False,82
2025-04-15,1.823753322853083,1.87411835022734,1.8354960383232446,0.004986018938185486,69.69093322753906,GOLDILOCKS,NORMAL_TRENDING,1.1763033444900137,30.1200008392334,0.0,0.0,False,82
2025-04-16,1.8011041699661012,1.850843715159812,1.812701052908004,-0.012418978270344865,68.67082214355469,GOLDILOCKS,NORMAL_TRENDING,1.1756516722450068,32.63999938964844,0.0,0.0,False,82
2025-04-17,1.8261613092646987,1.8765928359291932,1.8379195291887431,0.013912098876029436,69.25934600830078,GOLDILOCKS,NORMAL_TRENDING,1.177528758902346,29.649999618530273,0.0,0.0,False,82
2025-04-18,1.8330208822049272,1.883641843797151,1.8448232692936177,0.003756279856236034,69.25934600830078,GOLDILOCKS,NORMAL_TRENDING,1.1783113957134068,29.649999618530273,0.0,0.0,False,82
2025-04-21,1.8304163606654495,1.8809653954257992,1.8422019778571421,-0.001420890271770729,69.22010803222656,GOLDILOCKS,NORMAL_TRENDING,1.1766556978567035,33.81999969482422,0.0,0.0,False,82
2025-04-22,1.8310981562879864,1.881666019611806,1.842888163400127,0.0003724811672297493,70.29906463623047,GOLDILOCKS,NORMAL_TRENDING,1.1758278489283518,30.56999969482422,0.0,0.0,False,82
2025-04-23,1.879467085121159,1.9313707115628411,1.8915685283040484,0.026415257241712474,71.19166564941406,GOLDILOCKS,NORMAL_TRENDING,1.1777321189486774,28.450000762939453,0.0,0.0,False,82
2025-04-24,1.8702596383424912,1.921908990643453,1.8823017969574658,-0.004898966761141317,71.94693756103516,GOLDILOCKS,NORMAL_TRENDING,1.1791683610845343,26.469999313354492,0.0,0.0,False,82
2025-04-25,1.8835479538718902,1.9355642781569518,1.8956756728016202,0.007105064589414844,71.7213363647461,GOLDILOCKS,NORMAL_TRENDING,1.1770841805422672,24.84000015258789,0.0,0.0,False,82
2025-04-28,1.8916391547906326,1.9438789268142982,1.9038189710457027,0.004295723345991638,71.82923126220703,GOLDILOCKS,NORMAL_TRENDING,1.1760420902711337,25.149999618530273,0.0,0.0,False,82
2025-04-29,1.8994698949655338,1.951925921807396,1.9117001315009359,0.004139658536391224,72.03521728515625,GOLDILOCKS,NORMAL_TRENDING,1.1755210451355667,24.170000076293945,0.0,0.0,False,82
2025-04-30,1.9067526778147084,1.9594098270084608,1.9190298064630718,0.0038341133326079283,72.39813995361328,GOLDILOCKS,NORMAL_TRENDING,1.1752605225677835,24.700000762939453,0.0,0.0,False,82
2025-05-01,1.9075329637901148,1.9602116614707261,1.919815116514969,0.0004092224358645643,72.43737030029297,GOLDILOCKS,NORMAL_TRENDING,1.1751302612838916,24.600000381469727,0.0,0.0,False,82
2025-05-02,1.911796473588743,1.9645929129535105,1.9241060780428645,0.002235091020475462,74.76203918457031,GOLDILOCKS,NORMAL_TRENDING,1.175065130641946,22.68000030517578,0.0,0.0,False,82
2025-05-05,1.914248009679424,1.96711215100847,1.926573398993492,0.0012823206468622202,75.64482879638672,GOLDILOCKS,NORMAL_TRENDING,1.175032565320973,23.639999389648438,0.0,0.0,False,82
2025-05-06,1.9166043831353525,1.9695335984040176,1.928944944579712,0.00123096560320979,75.23285675048828,GOLDILOCKS,NORMAL_TRENDING,1.1750162826604864,24.760000228881836,0.0,0.0,False,82
2025-05-07,1.9167468706394915,1.9696800208630414,1.9290883495271247,7.434372236272955e-05,74.33045196533203,GOLDILOCKS,NORMAL_TRENDING,1.1750081413302431,23.549999237060547,0.0,0.0,False,82
2025-05-08,1.9175164693120046,1.9704708728803586,1.929862903463118,0.0004015129406503964,74.1048583984375,GOLDILOCKS,NORMAL_TRENDING,1.1750040706651217,22.479999542236328,0.0,0.0,False,82
2025-05-09,1.9204308419902505,1.9734657292829543,1.932796041096419,0.0015198683948156291,74.56586456298828,GOLDILOCKS,NORMAL_TRENDING,1.1789735674916872,21.899999618530273,0.0,0.0,False,82
2025-05-12,1.9758091600228138,2.03037338270792,1.9885309269957678,0.02883640317668069,76.59626770019531,GOLDILOCKS,NORMAL_TRENDING,1.1769867837458436,18.389999389648438,0.0,0.0,False,82
2025-05-13,1.9620023557455375,2.016185287788613,1.974635223977555,-0.006987924014441115,76.55703735351562,GOLDILOCKS,NORMAL_TRENDING,1.1759933918729217,18.219999313354492,0.0,0.0,False,82
2025-05-14,2.001469595546459,2.0567424604154554,2.014356583982984,0.020115796337015393,77.29268646240234,GOLDILOCKS,NORMAL_TRENDING,1.175496695936461,18.6200008392334,0.0,0.0,False,82
2025-05-15,2.0025101122495235,2.057811712173627,2.0154038003265278,0.0005198763475499067,77.19459533691406,GOLDILOCKS,NORMAL_TRENDING,1.1802328737113037,17.829999923706055,0.0,0.0,False,82
2025-05-16,2.005255689185478,2.0606331113470544,2.0181670553817526,0.0013710677010616591,77.13574981689453,GOLDILOCKS,NORMAL_TRENDING,1.1776164368556519,17.239999771118164,0.0,0.0,False,82
2025-05-19,1.9945113206279144,2.049592024801515,2.0073535063811447,-0.005358104014121011,77.302490234375,GOLDILOCKS,NORMAL_TRENDING,1.176308218427826,18.139999389648438,0.0,0.0,False,82
2025-05-20,2.000470479082924,2.0557157522116314,2.013351034445302,0.0029877787071840526,77.1063232421875,GOLDILOCKS,NORMAL_TRENDING,1.1806224030197128,18.09000015258789,0.0,0.0,False,82
2025-05-21,2.0256577519736227,2.0815986003606324,2.0387004822175037,0.012590674620824766,77.05728149414062,GOLDILOCKS,NORMAL_TRENDING,1.1820682431437677,20.8700008392334,0.0,0.0,False,82
2025-05-22,2.0053769306548137,2.0607577010378004,2.0182890774961786,-0.010011968358943652,76.8512954711914,GOLDILOCKS,NORMAL_TRENDING,1.1828941054595348,20.280000686645508,0.0,0.0,False,82
2025-05-23,2.011923646101106,2.0674852114954203,2.024877945691851,0.0032645810102913376,77.1063232421875,GOLDILOCKS,NORMAL_TRENDING,1.1829118378726677,22.290000915527344,0.0,0.0,False,82
2025-05-26,2.0060322525464227,2.061431120390616,2.0189486188501555,-0.002928239133776287,77.1063232421875,GOLDILOCKS,NORMAL_TRENDING,1.1828676089170564,22.290000915527344,0.0,0.0,False,82
2025-05-27,2.005251302481766,2.060628603499519,2.018162640433095,-0.0003893008518008707,76.968994140625,GOLDILOCKS,NORMAL_TRENDING,1.1789338044585282,18.959999084472656,0.0,0.0,False,82
2025-05-28,2.0031893204878735,2.058509677521884,2.0160873818257725,-0.0010282910632400469,76.53741455078125,GOLDILOCKS,NORMAL_TRENDING,1.1816393318160168,19.309999465942383,0.0,0.0,False,82
2025-05-29,2.0293075662467777,2.0853492084163,2.042373796779865,0.01303833117108627,76.968994140625,GOLDILOCKS,NORMAL_TRENDING,1.1783196659080082,19.18000030517578,0.0,0.0,False,82
2025-05-30,2.0069862376371472,2.0624114508673133,2.019908746424813,-0.01099948030594197,75.968505859375,GOLDILOCKS,NORMAL_TRENDING,1.1766598329540041,18.56999969482422,0.0,0.0,False,82
2025-06-02,2.0013089109384348,2.056577338318777,2.0141948647648467,-0.0028287820774477953,76.71397399902344,GOLDILOCKS,NORMAL_TRENDING,1.175829916477002,18.360000610351562,0.0,0.0,False,82
2025-06-03,2.0160285058842797,2.071703431661689,2.029009235694439,0.007354983963441648,76.82186889648438,GOLDILOCKS,NORMAL_TRENDING,1.175414958238501,17.690000534057617,0.0,0.0,False,82
2025-06-04,2.0280031363452493,2.0840087551957875,2.041060967963313,0.005939712869147938,77.94986724853516,GOLDILOCKS,NORMAL_TRENDING,1.1752074791192506,17.610000610351562,0.0,0.0,False,82
2025-06-05,2.0490798213550483,2.1056674968928455,2.062273360753338,0.010392826634273444,78.34222412109375,GOLDILOCKS,NORMAL_TRENDING,1.179953985381921,18.479999542236328,0.0,0.0,False,82
2025-06-06,2.0491094904554235,2.105697985339255,2.0623032208860197,1.4479231148549623e-05,78.67572021484375,GOLDILOCKS,NORMAL_TRENDING,1.1826585206544418,16.770000457763672,0.0,0.0,False,82
2025-06-09,2.0727473137102104,2.1299885940340335,2.086093242483278,0.011535656520498195,79.37213134765625,GOLDILOCKS,NORMAL_TRENDING,1.1788292603272208,17.15999984741211,0.0,0.0,False,82
2025-06-10,2.0888361435366702,2.1465217352399306,2.102285664472413,0.00776207969010025,79.85276794433594,GOLDILOCKS,NORMAL_TRENDING,1.1769146301636104,16.950000762939453,0.0,0.0,False,82
2025-06-11,2.103632312509232,2.1617265172886135,2.117177102470734,0.007083451240703858,80.31376647949219,GOLDILOCKS,NORMAL_TRENDING,1.1810786124606107,17.260000228881836,0.0,0.0,False,82
2025-06-12,2.0883756040897645,2.1460484774711115,2.101822159721143,-0.007252554702047312,80.45108795166016,GOLDILOCKS,NORMAL_TRENDING,1.18293417552924,18.020000457763672,0.0,0.0,False,82
2025-06-13,2.069953241046156,2.127117359867682,2.0832811794474524,-0.008821383953888012,79.1955795288086,GOLDILOCKS,NORMAL_TRENDING,1.1832309640894851,20.81999969482422,0.0,0.0,False,82
2025-06-16,2.088972402627918,2.14666175728134,2.10242280090366,0.00918820831534833,80.14379119873047,GOLDILOCKS,NORMAL_TRENDING,1.183871621869504,19.110000610351562,0.0,0.0,False,82
2025-06-17,2.079942382623627,2.1373823629789968,2.0933346387404095,-0.004322709095118499,79.1955795288086,GOLDILOCKS,NORMAL_TRENDING,1.1835292926962537,21.600000381469727,0.0,0.0,False,82
2025-06-18,2.0677609000466357,2.1248644748718486,2.0810747224837565,-0.0058566442410899365,79.14618682861328,GOLDILOCKS,NORMAL_TRENDING,1.1837893940407238,20.139999389648438,0.0,0.0,False,82
2025-06-19,2.0353470611445843,2.0915554908516776,2.0484521785541374,-0.01567581575864035,79.14618682861328,GOLDILOCKS,NORMAL_TRENDING,1.18388667641049,20.139999389648438,0.0,0.0,False,82
2025-06-20,2.0541342656494077,2.1108615254292498,2.067360349416755,0.009230467306277652,78.55355834960938,GOLDILOCKS,NORMAL_TRENDING,1.179443338205245,20.6200008392334,0.0,0.0,False,82
2025-06-23,2.064306233212025,2.1213144034737406,2.077597811868052,0.004951948727363832,79.22520446777344,GOLDILOCKS,NORMAL_TRENDING,1.1772216691026225,19.829999923706055,0.0,0.0,False,82
2025-06-24,2.1046798831468365,2.1628030177837694,2.1182314181674307,0.01955797511301919,81.26979064941406,GOLDILOCKS,NORMAL_TRENDING,1.1812561679388058,17.479999542236328,0.0,0.0,False,82
2025-06-25,2.122380290679874,2.1809922422520613,2.1360457944300997,0.008410023621536596,81.54635620117188,GOLDILOCKS,NORMAL_TRENDING,1.1833694130305765,16.760000228881836,0.0,0.0,False,82
2025-06-26,2.120864136841674,2.1794342180969672,2.1345198784366195,-0.0007143648312500036,81.87230682373047,GOLDILOCKS,NORMAL_TRENDING,1.1791847065152883,16.59000015258789,0.0,0.0,False,82
2025-06-27,2.1139572440047223,2.1723365835393866,2.1275685137534204,-0.0032566408743358857,81.63525390625,GOLDILOCKS,NORMAL_TRENDING,1.177092353257644,16.31999969482422,0.0,0.0,False,82
2025-06-30,2.102440984317894,2.1605022892109713,2.115978103599482,-0.005447725927044705,81.60562133789062,GOLDILOCKS,NORMAL_TRENDING,1.176046176628822,16.729999542236328,0.0,0.0,False,82
2025-07-01,2.104406471151099,2.1625220552040374,2.117956245736644,0.0009348594552073997,81.7735366821289,GOLDILOCKS,NORMAL_TRENDING,1.175523088314411,16.829999923706055,0.0,0.0,False,82
2025-07-02,2.1057774854230953,2.1639309315983253,2.1193360876446476,0.0006514968903541177,82.04021453857422,GOLDILOCKS,NORMAL_TRENDING,1.1752615441572054,16.639999389648438,0.0,0.0,False,82
2025-07-03,2.113529701211247,2.171897233664204,2.1271382181132132,0.003681403112064537,82.3464126586914,GOLDILOCKS,NORMAL_TRENDING,1.1804894562942767,16.3799991607666,0.0,0.0,False,82
2025-07-04,2.1034014939113876,2.1614893243720203,2.116944797686636,-0.0047920818401818565,82.3464126586914,GOLDILOCKS,NORMAL_TRENDING,1.1777447281471385,16.3799991607666,0.0,0.0,False,82
2025-07-07,2.1098905190973283,2.1681575513869733,2.123475604168042,0.0030850150124567335,81.04261779785156,GOLDILOCKS,NORMAL_TRENDING,1.1763723640735693,17.790000915527344,0.0,0.0,False,82
2025-07-08,2.1282962656979345,2.1870715936653817,2.141999861009391,0.008723555290670168,81.59574127197266,GOLDILOCKS,NORMAL_TRENDING,1.1809225813564257,16.809999465942383,0.0,0.0,False,82
2025-07-09,2.124400784768644,2.183068534588772,2.138079298001511,-0.001830328320391492,81.47721099853516,GOLDILOCKS,NORMAL_TRENDING,1.1833522912360723,15.9399995803833,0.0,0.0,False,82
2025-07-10,2.138330712447665,2.1973831531029426,2.1520989171838756,0.006557109081720796,81.85255432128906,GOLDILOCKS,NORMAL_TRENDING,1.1846325974472094,15.779999732971191,0.0,0.0,False,82
2025-07-11,2.1384500608173993,2.197505797413983,2.1522190340094802,5.581380328093885e-05,81.70439147949219,GOLDILOCKS,NORMAL_TRENDING,1.1798162987236047,16.399999618530273,0.0,0.0,False,82
2025-07-14,2.140815121410972,2.1999361718523853,2.154599322667765,0.0011059695229302191,81.93156433105469,GOLDILOCKS,NORMAL_TRENDING,1.1825364264164389,17.200000762939453,0.0,0.0,False,82
2025-07-15,2.1766119764999337,2.2367215979086352,2.190626665223847,0.016721133334189557,82.66248321533203,GOLDILOCKS,NORMAL_TRENDING,1.1838539143639808,17.3799991607666,0.0,0.0,False,82
2025-07-16,2.1728453238594607,2.2328509248609234,2.1868357599996076,-0.0017305117683537646,83.09707641601562,GOLDILOCKS,NORMAL_TRENDING,1.1845647506150132,17.15999984741211,0.0,0.0,False,82
2025-07-17,2.1832915399145194,2.2435856250826607,2.1973492367644,0.004807620653136998,83.55142974853516,GOLDILOCKS,NORMAL_TRENDING,1.1797823753075067,16.520000457763672,0.0,0.0,False,82
2025-07-18,2.202242688888677,2.2630601316430097,2.2164224076959393,0.008680081715014363,83.5711898803711,GOLDILOCKS,NORMAL_TRENDING,1.182710611838636,16.40999984741211,0.0,0.0,False,82
2025-07-21,2.215134264662774,2.2763077229805186,2.2293969892715233,0.005853839742159591,84.11444091796875,GOLDILOCKS,NORMAL_TRENDING,1.1840652959003033,16.649999618530273,0.0,0.0,False,82
2025-07-22,2.209797439673267,2.2708235154841123,2.224025801730579,-0.002409255761442229,84.15393829345703,GOLDILOCKS,NORMAL_TRENDING,1.1848050609484722,16.5,0.0,0.0,False,82
2025-07-23,2.2450615911943292,2.30706152675607,2.2595170107667224,0.015958092306540186,85.01325988769531,GOLDILOCKS,NORMAL_TRENDING,1.1854148559798097,15.369999885559082,0.0,0.0,False,82
2025-07-24,2.2522170040792813,2.3144145445261284,2.266718495659619,0.0031871788787520747,84.65768432617188,GOLDILOCKS,NORMAL_TRENDING,1.185701649360527,15.390000343322754,0.0,0.0,False,82
2025-07-25,2.234178268066406,2.2958776482512806,2.2485636125002046,-0.008009324137151542,84.43051147460938,GOLDILOCKS,NORMAL_TRENDING,1.1803508246802636,14.930000305175781,0.0,0.0,False,82
2025-07-28,2.23800011374065,2.29980503855132,2.2524100661330806,0.0017106270027199358,83.97615051269531,GOLDILOCKS,NORMAL_TRENDING,1.1832978521329867,15.029999732971191,0.0,0.0,False,82
2025-07-29,2.2383977865603377,2.3002136935593325,2.2528102994738175,0.0001776911525812678,83.9563980102539,GOLDILOCKS,NORMAL_TRENDING,1.1791489260664934,15.979999542236328,0.0,0.0,False,82
2025-07-30,2.224725682024749,2.2861640182686584,2.239050163497009,-0.006107986979650441,83.28474426269531,GOLDILOCKS,NORMAL_TRENDING,1.1825722643930008,15.479999542236328,0.0,0.0,False,82
2025-07-31,2.2097285314358786,2.270752704267182,2.2239564498093785,-0.00674112350571758,82.68223571777344,GOLDILOCKS,NORMAL_TRENDING,1.184079681879675,16.719999313354492,0.0,0.0,False,82
2025-08-01,2.1740731050160345,2.234112612593998,2.1880714465481,-0.016135659160211518,81.88218688964844,GOLDILOCKS,NORMAL_TRENDING,1.1795398409398374,20.3799991607666,0.0,0.0,False,82
2025-08-04,2.198805098959522,2.2595276087485714,2.2129626839398377,0.01137587962724261,82.77113342285156,GOLDILOCKS,NORMAL_TRENDING,1.1772699204699189,17.520000457763672,0.0,0.0,False,82
2025-08-05,2.2139610654073674,2.2751021244900436,2.2282162360641244,0.006892819402236781,83.04769897460938,GOLDILOCKS,NORMAL_TRENDING,1.1812212894691232,17.850000381469727,0.0,0.0,False,82
2025-08-06,2.2051906908042533,2.2660895459926675,2.219389391097261,-0.003961395139304431,83.28474426269531,GOLDILOCKS,NORMAL_TRENDING,1.1834074448328922,16.770000457763672,0.0,0.0,False,82
2025-08-07,2.2223505204935377,2.283723263943708,2.2366597088635416,0.0077815627287207995,83.99591064453125,GOLDILOCKS,NORMAL_TRENDING,1.179203722416446,16.56999969482422,0.0,0.0,False,82
2025-08-08,2.2070150555760706,2.2679642926777195,2.221225502521523,-0.006900560814349661,83.89714050292969,GOLDILOCKS,NORMAL_TRENDING,1.1827077458919975,15.149999618530273,0.0,0.0,False,82
2025-08-11,2.220463914453218,2.281784557126559,2.234760955413998,0.006093686965645688,83.67984008789062,GOLDILOCKS,NORMAL_TRENDING,1.184231727967044,16.25,0.0,0.0,False,82
2025-08-12,2.2330288578740074,2.294696495785912,2.2474068015279536,0.005658701922153607,84.84535217285156,GOLDILOCKS,NORMAL_TRENDING,1.1796158639835221,14.729999542236328,0.0,0.0,False,82
2025-08-13,2.2757393027877826,2.33858643833256,2.2903922488754143,0.01912668739733095,86.05036926269531,GOLDILOCKS,NORMAL_TRENDING,1.177307931991761,14.489999771118164,0.0,0.0,False,82
2025-08-14,2.268316497894189,2.330958644218673,2.2829216503000964,-0.003261711429116901,84.8354721069336,GOLDILOCKS,NORMAL_TRENDING,1.1817216718091625,14.829999923706055,0.0,0.0,False,82
2025-08-15,2.263481270367025,2.3259898863704316,2.278055289888691,-0.0021316370672491997,84.89472961425781,GOLDILOCKS,NORMAL_TRENDING,1.1839077149957296,15.09000015258789,0.0,0.0,False,82
2025-08-18,2.263673592151771,2.3261875193405404,2.2782488499878344,8.496725255196043e-05,85.44786071777344,GOLDILOCKS,NORMAL_TRENDING,1.1794538574978648,14.989999771118164,0.0,0.0,False,82
2025-08-19,2.2478998980697535,2.3099782167119725,2.2623735928275224,-0.006968183989381491,84.81571960449219,GOLDILOCKS,NORMAL_TRENDING,1.1772269287489325,15.569999694824219,0.0,0.0,False,82
2025-08-20,2.2442564711617234,2.306234172415801,2.258706706757016,-0.0016208136808754925,84.59841918945312,GOLDILOCKS,NORMAL_TRENDING,1.1816431999071528,15.6899995803833,0.0,0.0,False,82
2025-08-21,2.2524971708766275,2.314702448449017,2.267000466384582,0.0036719064067745216,84.53915405273438,GOLDILOCKS,NORMAL_TRENDING,1.1836822690483957,16.600000381469727,0.0,0.0,False,82
2025-08-22,2.270879314107387,2.333592235523609,2.2855009678795795,0.008160784159211891,86.10963439941406,GOLDILOCKS,NORMAL_TRENDING,1.1850964422852739,14.220000267028809,0.0,0.0,False,82
2025-08-25,2.318475149750797,2.3825024844349993,2.33340326182989,0.020959209654044707,85.76393127441406,GOLDILOCKS,NORMAL_TRENDING,1.1800482211426369,14.789999961853027,0.0,0.0,False,82
2025-08-26,2.2921115089048425,2.3554107815884153,2.306869871747933,-0.011371112107364209,85.60589599609375,GOLDILOCKS,NORMAL_TRENDING,1.1831690172482145,14.619999885559082,0.0,0.0,False,82
2025-08-27,2.2753792476989907,2.3382164399119723,2.290029875477228,-0.007299933332583202,84.90460968017578,GOLDILOCKS,NORMAL_TRENDING,1.184700683773909,14.850000381469727,0.0,0.0,False,82
2025-08-28,2.2615024338398144,2.3239564020163392,2.2760637121020078,-0.006098681735455544,85.26019287109375,GOLDILOCKS,NORMAL_TRENDING,1.1798503418869544,14.430000305175781,0.0,0.0,False,82
2025-08-29,2.2648617370535993,2.3274084762185034,2.2794446450731307,0.0014854298467771648,84.81571960449219,GOLDILOCKS,NORMAL_TRENDING,1.177425170943477,15.359999656677246,0.0,0.0,False,82
2025-09-01,2.282971274735732,2.34601812943143,2.297670785776973,0.007995868968889685,84.81571960449219,GOLDILOCKS,NORMAL_TRENDING,1.1818257289095375,15.359999656677246,0.0,0.0,False,82
2025-09-02,2.28791316417501,2.3510964947821,2.3026444948712688,0.002164674384635177,84.79595947265625,GOLDILOCKS,NORMAL_TRENDING,1.178412864454769,17.170000076293945,0.0,0.0,False,82
2025-09-03,2.2960278489277215,2.3594352758062653,2.310811428156162,0.0035467625606486588,85.16142272949219,GOLDILOCKS,NORMAL_TRENDING,1.1820928645683204,16.350000381469727,0.0,0.0,False,82
2025-09-04,2.2884448212948394,2.351642834219465,2.303179575205305,-0.0033026723244771006,84.76632690429688,GOLDILOCKS,NORMAL_TRENDING,1.184098098408261,15.300000190734863,0.0,0.0,False,82
2025-09-05,2.311246193482142,2.375073892296846,2.3261277600248693,0.009963697605957956,85.86270141601562,GOLDILOCKS,NORMAL_TRENDING,1.185157017363288,15.180000305175781,0.0,0.0,False,82
2025-09-08,2.3278803920860196,2.3921674632607544,2.342869062291743,0.0071970691182907075,86.73189544677734,GOLDILOCKS,NORMAL_TRENDING,1.1800785086816439,15.109999656677246,0.0,0.0,False,82
2025-09-09,2.356393164035704,2.421467647916843,2.3715654212233264,0.01224838357100209,87.34428405761719,GOLDILOCKS,NORMAL_TRENDING,1.177539254340822,15.039999961853027,0.0,0.0,False,82
2025-09-10,2.3935521640761963,2.4596528361105183,2.408963679259494,0.015769439755482933,87.95668029785156,GOLDILOCKS,NORMAL_TRENDING,1.1817783426158976,15.350000381469727,0.0,0.0,False,82
2025-09-11,2.3962607550993367,2.4624362279629795,2.411689710258376,0.0011316198008100384,89.2308349609375,GOLDILOCKS,NORMAL_TRENDING,1.1839943641711062,14.710000038146973,0.0,0.0,False,82
2025-09-12,2.423725706558198,2.4906596553707123,2.4393315020312984,0.011461587141722776,89.10243225097656,GOLDILOCKS,NORMAL_TRENDING,1.179497182085553,14.760000228881836,0.0,0.0,False,82
2025-09-15,2.4237100531352276,2.490643569660619,2.4393157478196468,-6.458413560567268e-06,89.72469329833984,GOLDILOCKS,NORMAL_TRENDING,1.1772485910427766,15.6899995803833,0.0,0.0,False,82
2025-09-16,2.4444781578948658,2.511985209312078,2.4602175734844045,0.008568724931752147,90.386474609375,GOLDILOCKS,NORMAL_TRENDING,1.1814168612309794,16.360000610351562,0.0,0.0,False,82
2025-09-17,2.4687982995169575,2.5369769793738244,2.484694306735246,0.009949011629965303,90.74205017089844,GOLDILOCKS,NORMAL_TRENDING,1.1836214089987094,15.720000267028809,0.0,0.0,False,82
2025-09-18,2.459448957198358,2.5273694443073857,2.4752847662169746,-0.0037870012792980616,90.39634704589844,GOLDILOCKS,NORMAL_TRENDING,1.1847198545738498,15.699999809265137,0.0,0.0,False,82
2025-09-19,2.454502682147048,2.5222865722310077,2.47030664327273,-0.002011131410893134,89.99138641357422,GOLDILOCKS,NORMAL_TRENDING,1.1853366733553048,15.449999809265137,0.0,0.0,False,82
2025-09-22,2.440097785588792,2.5074838680304636,2.4558089969990706,-0.005868763828628282,90.36671447753906,GOLDILOCKS,NORMAL_TRENDING,1.1801683366776523,16.100000381469727,0.0,0.0,False,82
2025-09-23,2.4320882525341276,2.4992531425883757,2.4477478924590903,-0.0032824639659806308,90.07040405273438,GOLDILOCKS,NORMAL_TRENDING,1.1828166081577671,16.639999389648438,0.0,0.0,False,82
2025-09-24,2.440258003439063,2.507648510479343,2.4559702464541124,0.003359150679019453,89.77408599853516,GOLDILOCKS,NORMAL_TRENDING,1.1789083040788835,16.18000030517578,0.0,0.0,False,82
2025-09-25,2.4382697513104596,2.5056053505012903,2.45396919244121,-0.0008147712765622808,89.46788787841797,GOLDILOCKS,NORMAL_TRENDING,1.1822431809531375,16.739999771118164,0.0,0.0,False,82
2025-09-26,2.4075655136319485,2.47405318029166,2.4230672574522845,-0.012592633633751665,88.95426940917969,GOLDILOCKS,NORMAL_TRENDING,1.1841510707641627,15.289999961853027,0.0,0.0,False,82
2025-09-29,2.431563839082639,2.498714246861511,2.4472201024336573,0.009967880547718869,89.82347106933594,GOLDILOCKS,NORMAL_TRENDING,1.1795755353820814,16.1200008392334,0.0,0.0,False,82
2025-09-30,2.4381590622966796,2.505491604684192,2.4538577907271,0.002712338087956102,90.10003662109375,GOLDILOCKS,NORMAL_TRENDING,1.1772877676910407,16.280000686645508,0.0,0.0,False,82
2025-10-01,2.445054722047481,2.512577695941142,2.4607978499969696,0.002828223907716053,91.0679931640625,GOLDILOCKS,NORMAL_TRENDING,1.1815241976958648,16.290000915527344,0.0,0.0,False,82
2025-10-02,2.465968070548994,2.534068590406008,2.4818458545936375,0.008553325335802851,91.7396469116211,GOLDILOCKS,NORMAL_TRENDING,1.1782620988479324,16.6299991607666,0.0,0.0,False,82
2025-10-03,2.4621644517765007,2.530159930364393,2.4780177452212135,-0.0015424444533244626,91.93719482421875,GOLDILOCKS,NORMAL_TRENDING,1.1766310494239662,16.649999618530273,0.0,0.0,False,82
2025-10-06,2.4602844591793356,2.528228019628172,2.476125647797218,-0.0007635528146011676,92.43106079101562,GOLDILOCKS,NORMAL_TRENDING,1.1758155247119833,16.3700008392334,0.0,0.0,False,82
2025-10-07,2.4614616314577877,2.529437700861254,2.4773103996090167,0.0004784699891348795,91.81866455078125,GOLDILOCKS,NORMAL_TRENDING,1.1754077623559915,17.239999771118164,0.0,0.0,False,82
2025-10-08,2.457977125927317,2.525856966737679,2.4738034581731605,-0.0014156245565390662,92.35203552246094,GOLDILOCKS,NORMAL_TRENDING,1.175203881177996,16.299999237060547,0.0,0.0,False,82
2025-10-09,2.470857153412944,2.539092690867565,2.4867664171035813,0.005240092493036442,91.47296905517578,GOLDILOCKS,NORMAL_TRENDING,1.175101940588998,16.43000030517578,0.0,0.0,False,82
2025-10-10,2.441375367707825,2.508796732036358,2.4570948051666193,-0.011931804986944227,87.90728759765625,GOLDILOCKS,NORMAL_TRENDING,1.175050970294499,21.65999984741211,0.0,0.0,False,82
2025-10-13,2.4167425348096017,2.4834836353723726,2.4323033672946184,-0.010089735984086204,90.56426239013672,GOLDILOCKS,NORMAL_TRENDING,1.1750254851472495,19.030000686645508,0.0,0.0,False,82
2025-10-14,2.374861102435463,2.440445599491847,2.390152270302085,-0.017329703835182585,89.66543579101562,GOLDILOCKS,NORMAL_TRENDING,1.1750127425736248,20.809999465942383,0.0,0.0,False,82
2025-10-15,2.4133242836904865,2.4799709853512626,2.428863106866572,0.01619597087828799,91.1865234375,GOLDILOCKS,NORMAL_TRENDING,1.1795583393694398,20.639999389648438,0.0,0.0,False,82
2025-10-16,2.43190321470298,2.49906299472655,2.4475616632131967,0.007698480945164375,91.71001434326172,GOLDILOCKS,NORMAL_TRENDING,1.1805672301181098,25.309999465942383,0.0,0.0,False,82
2025-10-17,2.4012482591555604,2.4675614676302504,2.4167093276713265,-0.012605335344796501,91.74952697753906,GOLDILOCKS,NORMAL_TRENDING,1.1777836150590548,20.780000686645508,0.0,0.0,False,82
2025-10-20,2.460583596501276,2.5285354179683215,2.4764267111934886,0.024710205252405762,93.02368927001953,GOLDILOCKS,NORMAL_TRENDING,1.1814053609860617,18.229999542236328,0.0,0.0,False,82
2025-10-21,2.4754550589286257,2.5438175727863928,2.4913939274433106,0.0060438761147946374,92.16436767578125,GOLDILOCKS,NORMAL_TRENDING,1.1782026804930308,17.8700008392334,0.0,0.0,False,82
2025-10-22,2.4605320251651066,2.5284824224309044,2.4763748078017067,-0.00602840019643815,91.84829711914062,GOLDILOCKS,NORMAL_TRENDING,1.1814259685335473,18.600000381469727,0.0,0.0,False,82
2025-10-23,2.4711655595375697,2.5394096139789535,2.4870768089821604,0.004321640305311476,92.64836120605469,GOLDILOCKS,NORMAL_TRENDING,1.1782129842667737,17.299999237060547,0.0,0.0,False,82
2025-10-24,2.4794066740881187,2.5478783163039735,2.4953709861163995,0.003334909924890204,93.30025482177734,GOLDILOCKS,NORMAL_TRENDING,1.176606492133387,16.3700008392334,0.0,0.0,False,82
2025-10-27,2.507478798192307,2.5767256841219055,2.5236238599754297,0.01132211363209004,94.5546646118164,GOLDILOCKS,NORMAL_TRENDING,1.1758032460666934,15.789999961853027,0.0,0.0,False,82
2025-10-28,2.4961669832994304,2.5651014805635266,2.5122392109870244,-0.004511230524075131,94.45588684082031,GOLDILOCKS,NORMAL_TRENDING,1.1806363547985974,16.420000076293945,0.0,0.0,False,82
2025-10-29,2.516756082205054,2.5862591709102176,2.5329608782214925,0.008248285889275215,95.01888275146484,GOLDILOCKS,NORMAL_TRENDING,1.1778181773992988,16.920000076293945,0.0,0.0,False,82
2025-10-30,2.508979639650221,2.5782679730278732,2.525134364995836,-0.0030898673931165567,93.75460052490234,GOLDILOCKS,NORMAL_TRENDING,1.1764090886996494,16.90999984741211,0.0,0.0,False,82
2025-10-31,2.501351609769328,2.570429286404674,2.517457220038158,-0.0030402916629312824,93.6064453125,GOLDILOCKS,NORMAL_TRENDING,1.1757045443498246,17.440000534057617,0.0,0.0,False,82
2025-11-03,2.5328634391256037,2.602811350857031,2.5491719465962857,0.012597920753404908,94.44601440429688,GOLDILOCKS,NORMAL_TRENDING,1.1753522721749123,17.170000076293945,0.0,0.0,False,82
2025-11-04,2.5097911385879104,2.5791018824339624,2.525951088982884,-0.009109176665939224,92.65823364257812,GOLDILOCKS,NORMAL_TRENDING,1.1751761360874562,19.0,0.0,0.0,False,82
2025-11-05,2.497465229922438,2.566435579747232,2.513545816712391,-0.004911129247355286,93.3792724609375,GOLDILOCKS,NORMAL_TRENDING,1.1750880680437281,18.010000228881836,0.0,0.0,False,82
2025-11-06,2.520473072844642,2.5900788104842674,2.5367018016829914,0.009212477774082241,92.5890884399414,GOLDILOCKS,NORMAL_TRENDING,1.1750440340218642,19.5,0.0,0.0,False,82
2025-11-07,2.497281031775813,2.5662462947587734,2.5133604325575494,-0.009201463534245925,92.18412780761719,GOLDILOCKS,NORMAL_TRENDING,1.175022017010932,19.079999923706055,0.0,0.0,False,82
2025-11-10,2.5320692237737816,2.601995202342739,2.5483726174800183,0.013930427354918295,93.84349822998047,GOLDILOCKS,NORMAL_TRENDING,1.1750110085054661,17.600000381469727,0.0,0.0,False,82
2025-11-11,2.538941954807023,2.6090577316794503,2.5552896003997483,0.0027142745422252257,93.82374572753906,GOLDILOCKS,NORMAL_TRENDING,1.180060365712931,17.280000686645508,0.0,0.0,False,82
2025-11-12,2.5597188328375897,2.6304083868857173,2.576200255824447,0.008183282012898873,93.8533706665039,GOLDILOCKS,NORMAL_TRENDING,1.1825751905583999,17.510000228881836,0.0,0.0,False,82
2025-11-13,2.5723407670294436,2.6433788901812556,2.5889034596595364,0.004930984618283865,92.74713134765625,GOLDILOCKS,NORMAL_TRENDING,1.18325138149099,20.0,0.0,0.0,False,82
2025-11-14,2.5244872609344085,2.594203854954934,2.5407418361786234,-0.018603097501073588,92.75701141357422,GOLDILOCKS,NORMAL_TRENDING,1.1836310830920784,19.829999923706055,0.0,0.0,False,82
2025-11-17,2.525868867311789,2.595623615967673,2.5421323383920678,0.0005472819763286381,91.72977447509766,GOLDILOCKS,NORMAL_TRENDING,1.1793155415460392,22.3799991607666,0.0,0.0,False,82
2025-11-18,2.4714839567242857,2.5397368040670023,2.487397256252909,-0.02153116944878606,91.07787322998047,GOLDILOCKS,NORMAL_TRENDING,1.180559557679241,24.690000534057617,0.0,0.0,False,82
2025-11-19,2.4690719468436586,2.537258183783454,2.4849697160122357,-0.0009759358842143485,90.72229766845703,GOLDILOCKS,NORMAL_TRENDING,1.1777797788396205,23.65999984741211,0.0,0.0,False,82
2025-11-20,2.483649565262316,2.5522383797555044,2.499605696694054,0.005889802434013226,89.46788787841797,CAUTIOUS_BULL,EARLY_DD_UNCERTAINTY,1.0587509004778293,26.420000076293945,0.0,0.14202066917416067,False,82
2025-11-21,2.422600273594527,2.489503142292581,2.4381284870475946,-0.02459476297712408,89.43826293945312,CAUTIOUS_BULL,EARLY_DD_UNCERTAINTY,1.0581254502389146,23.43000030517578,0.0,0.14645927398664607,False,82
2025-11-24,2.4489127141306355,2.516542230874386,2.464574752814066,0.010846953270496361,90.45561218261719,CAUTIOUS_BULL,EARLY_DD_UNCERTAINTY,1.0620008846507272,20.520000457763672,0.0,0.14132420580083122,False,82
2025-11-25,2.461500162107114,2.529477295578392,2.4772074956928636,0.005125729241676829,90.66303253173828,CAUTIOUS_BULL,EARLY_DD_UNCERTAINTY,1.0642657271846003,18.559999465942383,0.0,0.14212862998236275,False,82
2025-11-26,2.490060988207312,2.55882686145515,2.505915185559604,0.011588730421918412,91.24578857421875,CAUTIOUS_BULL,EARLY_DD_UNCERTAINTY,1.0608828635923002,17.190000534057617,0.0,0.14122057567561005,False,82
2025-11-27,2.492120249462164,2.5609429915574347,2.507951759325167,0.0008127065821297021,91.24578857421875,CAUTIOUS_BULL,EARLY_DD_UNCERTAINTY,1.0639483972627353,17.190000534057617,0.0,0.1427411361962155,False,82
2025-11-28,2.485673158362236,2.554317856686091,2.501427884379318,-0.002601276089778004,91.52235412597656,CAUTIOUS_BULL,EARLY_DD_UNCERTAINTY,1.0607241986313676,16.350000381469727,0.0,0.14322972291069594,False,82
2025-12-01,2.491797831396343,2.560611669549119,2.5075556422118317,0.0024497039753894334,91.38406372070312,CAUTIOUS_BULL,EARLY_DD_UNCERTAINTY,1.0638743819525323,17.239999771118164,0.0,0.1425080403441867,False,82
2025-12-02,2.4961530435681363,2.5650871558706587,2.511902573964961,0.0017335335176430868,91.37419891357422,CAUTIOUS_BULL,EARLY_DD_UNCERTAINTY,1.0655533051242356,16.59000015258789,0.0,0.14260992377433152,False,82
2025-12-03,2.4795538449210683,2.548029551427273,2.495162758000639,-0.006664197942159426,91.35443878173828,CAUTIOUS_BULL,EARLY_DD_UNCERTAINTY,1.0615266525621179,16.079999923706055,0.0,0.1438155582041776,False,82
2025-12-04,2.493410891010362,2.5622692756435193,2.5090713896925165,0.005574238252506708,91.1865234375,CAUTIOUS_BULL,EARLY_DD_UNCERTAINTY,1.0645276937391166,15.779999732971191,0.0,0.14206523737660667,False,82
2025-12-05,2.5229114639517047,2.5925845405418984,2.538721404577719,0.011817126849003816,92.13473510742188,CAUTIOUS_BULL,EARLY_DD_UNCERTAINTY,1.0660848279750654,15.40999984741211,0.0,0.14118869810202553,False,82
2025-12-08,2.50860012801501,2.5778779807461536,2.524320385996718,-0.005672547824678021,91.95694732666016,GOLDILOCKS,NORMAL_TRENDING,1.1797693488750365,16.65999984741211,0.0,0.0,False,82
2025-12-09,2.4850217374460897,2.553648446038624,2.500594240359783,-0.009399023106794253,91.66063690185547,GOLDILOCKS,NORMAL_TRENDING,1.1826864149486473,16.93000030517578,0.0,0.0,False,82
2025-12-10,2.4914356709914056,2.5602395076716804,2.507048367114405,0.0025810371992592783,92.59896850585938,GOLDILOCKS,NORMAL_TRENDING,1.1844353502877305,15.770000457763672,0.0,0.0,False,82
2025-12-11,2.4815023777851746,2.550031895248053,2.497052826469825,-0.003986975590775877,91.98657989501953,GOLDILOCKS,NORMAL_TRENDING,1.1797176751438652,14.850000381469727,0.0,0.0,False,82
2025-12-12,2.5104580339636633,2.579787194885882,2.5261899345983765,0.011668599005870174,90.75192260742188,GOLDILOCKS,NORMAL_TRENDING,1.1829421606336263,15.739999771118164,0.0,0.0,False,82
2025-12-15,2.4874966990434926,2.5561917565223826,2.50308471141777,-0.00914627315395419,90.50499725341797,GOLDILOCKS,NORMAL_TRENDING,1.1843818777534192,16.5,0.0,0.0,False,82
2025-12-16,2.4461294881101607,2.5136821428940443,2.461458270956147,-0.016630056614442376,89.97000122070312,GOLDILOCKS,NORMAL_TRENDING,1.185082790275789,16.479999542236328,0.0,0.0,False,82
2025-12-17,2.453117467496197,2.5208631032982143,2.4684548771465447,0.0028424638649997102,89.36000061035156,CAUTIOUS_BULL,EARLY_DD_UNCERTAINTY,1.0667522871468127,17.6200008392334,0.0,0.14245222754784936,False,82
2025-12-18,2.447518773624332,2.515109795111692,2.462785915414433,-0.002296562835560087,90.3499984741211,CAUTIOUS_BULL,EARLY_DD_UNCERTAINTY,1.0669584064972801,16.8700008392334,0.0,0.1431859784538332,False,82
2025-12-19,2.476307648577119,2.544693707670115,2.4917191870634925,0.011748187882660788,91.33999633789062,CAUTIOUS_BULL,EARLY_DD_UNCERTAINTY,1.0674291859148066,14.90999984741211,0.0,0.14119831848289005,False,82
2025-12-22,2.50210612402302,2.5712046374297466,2.517642625810743,0.010403836388080992,91.86000061035156,CAUTIOUS_BULL,EARLY_DD_UNCERTAINTY,1.0677580705834142,14.079999923706055,0.0,0.14138618412992007,False,82
2025-12-23,2.5001712919736323,2.5692163727873045,2.5156598133507555,-0.0007875670834534209,92.26000213623047,CAUTIOUS_BULL,EARLY_DD_UNCERTAINTY,1.0679252943396302,14.0,0.0,0.14296974111917815,False,82
2025-12-24,2.497702985139438,2.5666799008456285,2.51314027739766,-0.001001540804414197,92.4800033569336,CAUTIOUS_BULL,EARLY_DD_UNCERTAINTY,1.068066822377313,13.470000267028809,0.0,0.1430003635562905,False,82
2025-12-25,2.4975475093291335,2.5665201313935557,2.5129479386502727,-7.653323179658827e-05,92.4800033569336,CAUTIOUS_BULL,EARLY_DD_UNCERTAINTY,1.0627834111886565,13.470000267028809,0.0,0.1428680770127972,False,82
2025-12-26,2.4973264145811136,2.566292930861987,2.5126895813269594,-0.00010281045593484865,93.26000213623047,CAUTIOUS_BULL,EARLY_DD_UNCERTAINTY,1.060141705594328,13.600000381469727,0.0,0.14287183157528735,False,82
2025-12-29,2.510704602842631,2.5800405730455704,2.526114174572857,0.00534271855372121,93.0999984741211,CAUTIOUS_BULL,EARLY_DD_UNCERTAINTY,1.058820852797164,14.199999809265137,0.0,0.14209795348461476,False,82
2025-12-30,2.521754870690361,2.591396006638947,2.537196176632119,0.004386975921678533,93.43000030517578,CAUTIOUS_BULL,EARLY_DD_UNCERTAINTY,1.0633841688345287,14.329999923706055,0.0,0.14223316936786198,False,82
2025-12-31,2.5168025053189993,2.5863068760513848,2.532213486747568,-0.0019638567685234397,93.12000274658203,GOLDILOCKS,NORMAL_TRENDING,1.183972041218009,14.949999809265137,0.0,0.0,False,82
2026-01-01,2.5151492284800505,2.5846079420875343,2.530550086500601,-0.0006568957379274297,93.12000274658203,GOLDILOCKS,NORMAL_TRENDING,1.1794860206090045,14.949999809265137,0.0,0.0,False,82
2026-01-02,2.52080593064865,2.5904208605360437,2.536241426004424,0.0022490523045496386,96.02999877929688,GOLDILOCKS,NORMAL_TRENDING,1.1772430103045022,14.510000228881836,0.0,0.0,False,82
2026-01-05,2.5470071781796286,2.6173456853911055,2.56260311001711,0.010393996305870474,97.22000122070312,GOLDILOCKS,NORMAL_TRENDING,1.1761215051522511,14.899999618530273,0.0,0.0,False,82
2026-01-06,2.588001237160151,2.6594718420500056,2.603848185388587,0.01609499153819473,97.87999725341797,GOLDILOCKS,NORMAL_TRENDING,1.1812580934887777,14.75,0.0,0.0,False,82
2026-01-07,2.577854603573336,2.6490449976079438,2.5936394215466416,-0.003920644797662017,97.18000030517578,GOLDILOCKS,NORMAL_TRENDING,1.1781290467443888,15.380000114440918,0.0,0.0,False,82
2026-01-08,2.555971068374303,2.6265571236337406,2.571621888247308,-0.008489049447823313,97.19000244140625,GOLDILOCKS,NORMAL_TRENDING,1.1820656029862944,15.449999809265137,0.0,0.0,False,82
2026-01-09,2.5568351933959623,2.6274451124531106,2.5724913045123734,0.000338080908798779,97.61000061035156,GOLDILOCKS,NORMAL_TRENDING,1.1842764183125938,14.489999771118164,0.0,0.0,False,82
2026-01-12,2.5866464616697358,2.6580796528897666,2.602485114285036,0.011659440683065037,98.95999908447266,GOLDILOCKS,NORMAL_TRENDING,1.1852532678335965,15.119999885559082,0.0,0.0,False,82
2026-01-13,2.6050044609814003,2.6769446292834096,2.6209555240007187,0.007097220120222488,98.19999694824219,GOLDILOCKS,NORMAL_TRENDING,1.185522883750455,15.979999542236328,0.0,0.0,False,82
2026-01-14,2.607100949749218,2.679099014978875,2.6230648500688005,0.0008047927745305089,98.48999786376953,GOLDILOCKS,NORMAL_TRENDING,1.1854599519125881,16.75,0.0,0.0,False,82
2026-01-15,2.6026447620431754,2.67451976456858,2.6185813760636405,-0.0017092501563743462,99.22000122070312,GOLDILOCKS,NORMAL_TRENDING,1.185625822702629,15.84000015258789,0.0,0.0,False,82
2026-01-16,2.6114789716198734,2.6835979409151176,2.6274696796105386,0.003394320156763358,98.73999786376953,GOLDILOCKS,NORMAL_TRENDING,1.1856958089227845,15.859999656677246,0.0,0.0,False,82
2026-01-19,2.6081857587119797,2.680213782177995,2.6241563015753226,-0.001261052814777638,98.73999786376953,GOLDILOCKS,NORMAL_TRENDING,1.1803479044613923,15.859999656677246,0.0,0.0,False,82
2026-01-20,2.596620600733831,2.668329239176193,2.612520327379198,-0.004434177258854422,97.55000305175781,GOLDILOCKS,NORMAL_TRENDING,1.177673952230696,20.09000015258789,0.0,0.0,False,82
2026-01-21,2.59190088957973,2.6634791878173636,2.6077717163091165,-0.0018176360276764337,98.93000030517578,GOLDILOCKS,NORMAL_TRENDING,1.1815724372701313,16.899999618530273,0.0,0.0,False,82
2026-01-22,2.6175257113392423,2.689811668246064,2.6335534449579896,0.009886497536434415,99.55000305175781,GOLDILOCKS,NORMAL_TRENDING,1.1782862186350656,15.640000343322754,0.0,0.0,False,82
2026-01-23,2.633709610669821,2.7064425044088303,2.6498364421603715,0.00618289985098114,100.13999938964844,GOLDILOCKS,NORMAL_TRENDING,1.1766431093175327,16.09000015258789,0.0,0.0,False,82
2026-01-26,2.636912098827763,2.7097334329285907,2.6530585399163744,0.0012159609947004115,100.11000061035156,GOLDILOCKS,NORMAL_TRENDING,1.181167482701702,16.149999618530273,0.0,0.0,False,82
2026-01-27,2.66401284575086,2.737582597877054,2.6803252311702837,0.010277455564462877,102.01000213623047,GOLDILOCKS,NORMAL_TRENDING,1.1780837413508511,16.350000381469727,0.0,0.0,False,82
2026-01-28,2.6918214378792067,2.7661591559831638,2.7083041019342953,0.010438610374083526,102.68000030517578,GOLDILOCKS,NORMAL_TRENDING,1.1765418706754256,16.350000381469727,0.0,0.0,False,82
2026-01-29,2.704811678986824,2.779508137409872,2.7213738853834504,0.004825818282304617,102.26000213623047,GOLDILOCKS,NORMAL_TRENDING,1.1757709353377128,16.8799991607666,0.0,0.0,False,82
2026-01-30,2.663706536323039,2.737267829365143,2.68001704613685,-0.015197044209444512,100.29000091552734,GOLDILOCKS,NORMAL_TRENDING,1.1753854676688564,17.440000534057617,0.0,0.0,False,82
2026-02-02,2.6047675340245577,2.6767011593185197,2.6207171462836656,-0.02212668756665686,100.55999755859375,GOLDILOCKS,NORMAL_TRENDING,1.1805501764823068,16.34000015258789,0.0,0.0,False,82
2026-02-03,2.6643102582498384,2.737888223761288,2.6806244647968582,0.022859131744967058,101.05000305175781,GOLDILOCKS,NORMAL_TRENDING,1.183142830939186,16.860000610351562,0.0,0.0,False,82
