Date,Baseline_NAV,Gamma_Only_NAV,Full_NAV,Baseline_Return,Gamma_Only_Return,Full_Gross_Return,Full_Net_Return,SPY_Return,Combined_Regime,DDH_State,Gamma_Regime,Base_Gamma,Adjusted_Gamma,Gamma_Beliefs,Conviction_Csys,Portfolio_DD_pct,God_Mode,VIX,Hedge_Payout_bps,Hedge_Cost_bps,Hedge_Net_Impact
2022-08-30,1.0,1.0,1.0,0.0,0.0,0.0,0.0,-0.010977893251755688,BURN_IN,NORMAL_TRENDING,DEFENSIVE,1.0,1.0,,0.5,0.0,False,26.209999084472656,0.0,0.0,0.0
2022-08-31,1.0,1.0,1.0,0.0,0.0,0.0,0.0,-0.007609029570476156,BURN_IN,NORMAL_TRENDING,DEFENSIVE,1.0,1.0,,0.5,0.0,False,25.8700008392334,0.0,0.0,0.0
2022-09-01,1.0,1.0,1.0,0.0,0.0,0.0,0.0,0.003137904085579901,BURN_IN,NORMAL_TRENDING,DEFENSIVE,1.0,1.0,,0.5,0.0,False,25.559999465942383,0.0,0.0,0.0
2022-09-02,1.0,1.0,1.0,0.0,0.0,0.0,0.0,-0.010544474160108841,BURN_IN,NORMAL_TRENDING,DEFENSIVE,1.0,1.0,,0.5,0.0,False,25.469999313354492,0.0,0.0,0.0
2022-09-06,1.0,1.0,1.0,0.0,0.0,0.0,0.0,-0.0037731834630141403,BURN_IN,NORMAL_TRENDING,DEFENSIVE,1.0,1.0,,0.5,0.0,False,26.90999984741211,0.0,0.0,0.0
2022-09-07,1.0,1.0,1.0,0.0,0.0,0.0,0.0,0.01796499493569237,BURN_IN,NORMAL_TRENDING,DEFENSIVE,1.0,1.0,,0.5,0.0,False,24.639999389648438,0.0,0.0,0.0
2022-09-08,1.0,1.0,1.0,0.0,0.0,0.0,0.0,0.006536286578678441,BURN_IN,NORMAL_TRENDING,DEFENSIVE,1.0,1.0,,0.5,0.0,False,23.610000610351562,0.0,0.0,0.0
2022-09-09,1.0,1.0,1.0,0.0,0.0,0.0,0.0,0.015535180190909603,BURN_IN,NORMAL_TRENDING,DEFENSIVE,1.0,1.0,,0.5,0.0,False,22.790000915527344,0.0,0.0,0.0
2022-09-12,1.0,1.0,1.0,0.0,0.0,0.0,0.0,0.010747761818237667,BURN_IN,NORMAL_TRENDING,DEFENSIVE,1.0,1.0,,0.5,0.0,False,23.8700008392334,0.0,0.0,0.0
2022-09-13,1.0,1.0,1.0,0.0,0.0,0.0,0.0,-0.04348253986881323,BURN_IN,NORMAL_TRENDING,DEFENSIVE,1.0,1.0,,0.5,0.0,False,27.270000457763672,0.0,0.0,0.0
2022-09-14,1.0,1.0,1.0,0.0,0.0,0.0,0.0,0.003815844602254037,BURN_IN,NORMAL_TRENDING,DEFENSIVE,1.0,1.0,,0.5,0.0,False,26.15999984741211,0.0,0.0,0.0
2022-09-15,1.0,1.0,1.0,0.0,0.0,0.0,0.0,-0.011353538917833972,BURN_IN,NORMAL_TRENDING,DEFENSIVE,1.0,1.0,,0.5,0.0,False,26.270000457763672,0.0,0.0,0.0
2022-09-16,1.0,1.0,1.0,0.0,0.0,0.0,0.0,-0.007628667529956945,BURN_IN,NORMAL_TRENDING,DEFENSIVE,1.0,1.0,,0.5,0.0,False,26.299999237060547,0.0,0.0,0.0
2022-09-19,1.0,1.0,1.0,0.0,0.0,0.0,0.0,0.007755058216703858,BURN_IN,NORMAL_TRENDING,DEFENSIVE,1.0,1.0,,0.5,0.0,False,25.760000228881836,0.0,0.0,0.0
2022-09-20,1.0,1.0,1.0,0.0,0.0,0.0,0.0,-0.01147855345371962,BURN_IN,NORMAL_TRENDING,DEFENSIVE,1.0,1.0,,0.5,0.0,False,27.15999984741211,0.0,0.0,0.0
2022-09-21,1.0,1.0,1.0,0.0,0.0,0.0,0.0,-0.017443917040298462,BURN_IN,NORMAL_TRENDING,DEFENSIVE,1.0,1.0,,0.5,0.0,False,27.989999771118164,0.0,0.0,0.0
2022-09-22,1.0,1.0,1.0,0.0,0.0,0.0,0.0,-0.008399832535759821,BURN_IN,NORMAL_TRENDING,DEFENSIVE,1.0,1.0,,0.5,0.0,False,27.350000381469727,0.0,0.0,0.0
2022-09-23,1.0,1.0,1.0,0.0,0.0,0.0,0.0,-0.01675490487599729,BURN_IN,NORMAL_TRENDING,DEFENSIVE,1.0,1.0,,0.5,0.0,False,29.920000076293945,0.0,0.0,0.0
2022-09-26,1.0,1.0,1.0,0.0,0.0,0.0,0.0,-0.009892620116314643,BURN_IN,NORMAL_TRENDING,DEFENSIVE,1.0,1.0,,0.5,0.0,False,32.2599983215332,0.0,0.0,0.0
2022-09-27,1.0,1.0,1.0,0.0,0.0,0.0,0.0,-0.002552777314038801,BURN_IN,NORMAL_TRENDING,DEFENSIVE,1.0,1.0,,0.5,0.0,False,32.599998474121094,0.0,0.0,0.0
2022-09-28,1.0,1.0,1.0,0.0,0.0,0.0,0.0,0.01967632443668621,BURN_IN,NORMAL_TRENDING,DEFENSIVE,1.0,1.0,,0.5,0.0,False,30.18000030517578,0.0,0.0,0.0
2022-09-29,1.0,1.0,1.0,0.0,0.0,0.0,0.0,-0.02088892473402415,BURN_IN,NORMAL_TRENDING,DEFENSIVE,1.0,1.0,,0.5,0.0,False,31.84000015258789,0.0,0.0,0.0
2022-09-30,1.0,1.0,1.0,0.0,0.0,0.0,0.0,-0.015463384624473164,BURN_IN,NORMAL_TRENDING,DEFENSIVE,1.0,1.0,,0.5,0.0,False,31.6200008392334,0.0,0.0,0.0
2022-10-03,1.0,1.0,1.0,0.0,0.0,0.0,0.0,0.026401126142315157,BURN_IN,NORMAL_TRENDING,DEFENSIVE,1.0,1.0,,0.5,0.0,False,30.100000381469727,0.0,0.0,0.0
2022-10-04,1.0,1.0,1.0,0.0,0.0,0.0,0.0,0.030986773431054937,BURN_IN,NORMAL_TRENDING,DEFENSIVE,1.0,1.0,,0.5,0.0,False,29.06999969482422,0.0,0.0,0.0
2022-10-05,1.0,1.0,1.0,0.0,0.0,0.0,0.0,-0.0023282950927761004,BURN_IN,NORMAL_TRENDING,DEFENSIVE,1.0,1.0,,0.5,0.0,False,28.549999237060547,0.0,0.0,0.0
2022-10-06,1.0,1.0,1.0,0.0,0.0,0.0,0.0,-0.010316006132835676,BURN_IN,NORMAL_TRENDING,DEFENSIVE,1.0,1.0,,0.5,0.0,False,30.520000457763672,0.0,0.0,0.0
2022-10-07,1.0,1.0,1.0,0.0,0.0,0.0,0.0,-0.02789380183694601,BURN_IN,NORMAL_TRENDING,DEFENSIVE,1.0,1.0,,0.5,0.0,False,31.360000610351562,0.0,0.0,0.0
2022-10-10,1.0,1.0,1.0,0.0,0.0,0.0,0.0,-0.007635298351834741,BURN_IN,NORMAL_TRENDING,DEFENSIVE,1.0,1.0,,0.5,0.0,False,32.45000076293945,0.0,0.0,0.0
2022-10-11,1.0,1.0,1.0,0.0,0.0,0.0,0.0,-0.006332994370031875,BURN_IN,NORMAL_TRENDING,DEFENSIVE,1.0,1.0,,0.5,0.0,False,33.630001068115234,0.0,0.0,0.0
2022-10-12,1.0,1.0,1.0,0.0,0.0,0.0,0.0,-0.0032985190497297756,BURN_IN,NORMAL_TRENDING,DEFENSIVE,1.0,1.0,,0.5,0.0,False,33.56999969482422,0.0,0.0,0.0
2022-10-13,1.0,1.0,1.0,0.0,0.0,0.0,0.0,0.02639113412314087,BURN_IN,NORMAL_TRENDING,DEFENSIVE,1.0,1.0,,0.5,0.0,False,31.940000534057617,0.0,0.0,0.0
2022-10-14,1.0,1.0,1.0,0.0,0.0,0.0,0.0,-0.022788517060973623,BURN_IN,NORMAL_TRENDING,DEFENSIVE,1.0,1.0,,0.5,0.0,False,32.02000045776367,0.0,0.0,0.0
2022-10-17,1.0,1.0,1.0,0.0,0.0,0.0,0.0,0.025696831096635675,BURN_IN,NORMAL_TRENDING,DEFENSIVE,1.0,1.0,,0.5,0.0,False,31.3700008392334,0.0,0.0,0.0
2022-10-18,1.0,1.0,1.0,0.0,0.0,0.0,0.0,0.011749715581936604,BURN_IN,NORMAL_TRENDING,DEFENSIVE,1.0,1.0,,0.5,0.0,False,30.5,0.0,0.0,0.0
2022-10-19,1.0,1.0,1.0,0.0,0.0,0.0,0.0,-0.007086634134520153,BURN_IN,NORMAL_TRENDING,DEFENSIVE,1.0,1.0,,0.5,0.0,False,30.760000228881836,0.0,0.0,0.0
2022-10-20,1.0,1.0,1.0,0.0,0.0,0.0,0.0,-0.008385327278408017,BURN_IN,NORMAL_TRENDING,DEFENSIVE,1.0,1.0,,0.5,0.0,False,29.979999542236328,0.0,0.0,0.0
2022-10-21,1.0,1.0,1.0,0.0,0.0,0.0,0.0,0.0243012691248512,BURN_IN,NORMAL_TRENDING,DEFENSIVE,1.0,1.0,,0.5,0.0,False,29.690000534057617,0.0,0.0,0.0
2022-10-24,1.0,1.0,1.0,0.0,0.0,0.0,0.0,0.012236519250714784,BURN_IN,NORMAL_TRENDING,DEFENSIVE,1.0,1.0,,0.5,0.0,False,29.850000381469727,0.0,0.0,0.0
2022-10-25,1.0,1.0,1.0,0.0,0.0,0.0,0.0,0.015968682532762513,BURN_IN,NORMAL_TRENDING,DEFENSIVE,1.0,1.0,,0.5,0.0,False,28.459999084472656,0.0,0.0,0.0
2022-10-26,1.0,1.0,1.0,0.0,0.0,0.0,0.0,-0.007534048798271575,BURN_IN,NORMAL_TRENDING,DEFENSIVE,1.0,1.0,,0.5,0.0,False,27.280000686645508,0.0,0.0,0.0
2022-10-27,1.0,1.0,1.0,0.0,0.0,0.0,0.0,-0.005340058469816666,BURN_IN,NORMAL_TRENDING,DEFENSIVE,1.0,1.0,,0.5,0.0,False,27.389999389648438,0.0,0.0,0.0
2022-10-28,1.0,1.0,1.0,0.0,0.0,0.0,0.0,0.02379055481945791,BURN_IN,NORMAL_TRENDING,DEFENSIVE,1.0,1.0,,0.5,0.0,False,25.75,0.0,0.0,0.0
2022-10-31,1.0,1.0,1.0,0.0,0.0,0.0,0.0,-0.007223208251900148,BURN_IN,NORMAL_TRENDING,DEFENSIVE,1.0,1.0,,0.5,0.0,False,25.8799991607666,0.0,0.0,0.0
2022-11-01,1.0,1.0,1.0,0.0,0.0,0.0,0.0,-0.004375813048261734,BURN_IN,NORMAL_TRENDING,DEFENSIVE,1.0,1.0,,0.5,0.0,False,25.809999465942383,0.0,0.0,0.0
2022-11-02,1.0,1.0,1.0,0.0,0.0,0.0,0.0,-0.025096105579946237,BURN_IN,NORMAL_TRENDING,DEFENSIVE,1.0,1.0,,0.5,0.0,False,25.860000610351562,0.0,0.0,0.0
2022-11-03,1.0,1.0,1.0,0.0,0.0,0.0,0.0,-0.010296785083495297,BURN_IN,NORMAL_TRENDING,DEFENSIVE,1.0,1.0,,0.5,0.0,False,25.299999237060547,0.0,0.0,0.0
2022-11-04,1.0,1.0,1.0,0.0,0.0,0.0,0.0,0.014393018028473037,BURN_IN,NORMAL_TRENDING,DEFENSIVE,1.0,1.0,,0.5,0.0,False,24.549999237060547,0.0,0.0,0.0
2022-11-07,1.0,1.0,1.0,0.0,0.0,0.0,0.0,0.009565466830898872,BURN_IN,NORMAL_TRENDING,DEFENSIVE,1.0,1.0,,0.5,0.0,False,24.350000381469727,0.0,0.0,0.0
2022-11-08,1.0,1.0,1.0,0.0,0.0,0.0,0.0,0.005395593021244149,BURN_IN,NORMAL_TRENDING,DEFENSIVE,1.0,1.0,,0.5,0.0,False,25.540000915527344,0.0,0.0,0.0
2022-11-09,1.0,1.0,1.0,0.0,0.0,0.0,0.0,-0.02060234505974523,BURN_IN,NORMAL_TRENDING,DEFENSIVE,1.0,1.0,,0.5,0.0,False,26.09000015258789,0.0,0.0,0.0
2022-11-10,1.0,1.0,1.0,0.0,0.0,0.0,0.0,0.0549543486331443,BURN_IN,NORMAL_TRENDING,DEFENSIVE,1.0,1.0,,0.5,0.0,False,23.530000686645508,0.0,0.0,0.0
2022-11-11,1.0,1.0,1.0,0.0,0.0,0.0,0.0,0.00967862804718167,BURN_IN,NORMAL_TRENDING,DEFENSIVE,1.0,1.0,,0.5,0.0,False,22.520000457763672,0.0,0.0,0.0
2022-11-14,1.0,1.0,1.0,0.0,0.0,0.0,0.0,-0.008506874806525566,BURN_IN,NORMAL_TRENDING,DEFENSIVE,1.0,1.0,,0.5,0.0,False,23.729999542236328,0.0,0.0,0.0
2022-11-15,1.0,1.0,1.0,0.0,0.0,0.0,0.0,0.008529252775046237,BURN_IN,NORMAL_TRENDING,DEFENSIVE,1.0,1.0,,0.5,0.0,False,24.540000915527344,0.0,0.0,0.0
2022-11-16,1.0,1.0,1.0,0.0,0.0,0.0,0.0,-0.007628919495450859,BURN_IN,NORMAL_TRENDING,DEFENSIVE,1.0,1.0,,0.5,0.0,False,24.110000610351562,0.0,0.0,0.0
2022-11-17,1.0,1.0,1.0,0.0,0.0,0.0,0.0,-0.003059945362784755,BURN_IN,NORMAL_TRENDING,DEFENSIVE,1.0,1.0,,0.5,0.0,False,23.93000030517578,0.0,0.0,0.0
2022-11-18,1.0,1.0,1.0,0.0,0.0,0.0,0.0,0.004540380057113769,BURN_IN,NORMAL_TRENDING,DEFENSIVE,1.0,1.0,,0.5,0.0,False,23.1200008392334,0.0,0.0,0.0
2022-11-21,1.0,1.0,1.0,0.0,0.0,0.0,0.0,-0.003635939013120648,BURN_IN,NORMAL_TRENDING,DEFENSIVE,1.0,1.0,,0.5,0.0,False,22.360000610351562,0.0,0.0,0.0
2022-11-22,1.0,1.0,1.0,0.0,0.0,0.0,0.0,0.013456941956354607,BURN_IN,NORMAL_TRENDING,DEFENSIVE,1.0,1.0,,0.5,0.0,False,21.290000915527344,0.0,0.0,0.0
2022-11-23,1.013150810218845,1.013150810218845,1.013150810218845,0.013150810218844901,0.013150810218844901,0.013150810218844901,0.013150810218844901,0.006301495784793554,DEFENSIVE_NORMAL,NORMAL_TRENDING,CRISIS,1.175,1.175,"{'CRISIS': 0.25, 'DEFENSIVE': 0.25, 'GROWTH': 0.25, 'EUPHORIA': 0.25}",,0.0,False,20.350000381469727,0.0,0.0,0.0
2022-11-25,1.0021015239268642,1.0021015239268642,1.0021015239268642,-0.010905865326795744,-0.010905865326795744,-0.010905865326795744,-0.010905865326795744,-0.00022357336653933135,DEFENSIVE_NORMAL,NORMAL_TRENDING,CRISIS,1.175,1.175,"{'CRISIS': 0.25, 'DEFENSIVE': 0.25, 'GROWTH': 0.25, 'EUPHORIA': 0.25}",,0.0,False,20.5,0.0,0.0,0.0
2022-11-28,0.9906461925763889,0.9906461925763889,0.9906461925763889,-0.011431308182813823,-0.011431308182813823,-0.011431308182813823,-0.011431308182813823,-0.01595700533675848,DEFENSIVE_NORMAL,NORMAL_TRENDING,CRISIS,1.175,1.175,"{'CRISIS': 0.25, 'DEFENSIVE': 0.25, 'GROWTH': 0.25, 'EUPHORIA': 0.25}",,-1.0905865326795683,False,22.209999084472656,0.0,0.0,0.0
2022-11-29,0.9922971105907029,0.9922971105907029,0.9922971105907029,0.0016665061923070812,0.0016665061923070812,0.0016665061923070812,0.0016665061923070812,-0.0017174623060524086,DEFENSIVE_NORMAL,NORMAL_TRENDING,CRISIS,1.175,1.175,"{'CRISIS': 0.25, 'DEFENSIVE': 0.25, 'GROWTH': 0.25, 'EUPHORIA': 0.25}",,-2.221250520205866,False,21.889999389648438,0.0,0.0,0.0
2022-11-30,1.033760224478613,1.033760224478613,1.033760224478613,0.04178497895980734,0.04178497895980734,0.04178497895980734,0.04178497895980734,0.031500497403881056,DEFENSIVE_NORMAL,NORMAL_TRENDING,CRISIS,1.175,1.175,"{'CRISIS': 0.25, 'DEFENSIVE': 0.25, 'GROWTH': 0.25, 'EUPHORIA': 0.25}",,-2.0583016287217397,False,20.579999923706055,0.0,0.0,0.0
2022-12-01,1.0533239273137096,1.0533239273137096,1.0533239273137096,0.018924797425789563,0.018924797425789563,0.018924797425789563,0.018924797425789563,-0.0007359942246983886,DEFENSIVE_NORMAL,NORMAL_TRENDING,CRISIS,1.175,1.175,"{'CRISIS': 0.25, 'DEFENSIVE': 0.25, 'GROWTH': 0.25, 'EUPHORIA': 0.25}",,0.0,False,19.84000015258789,0.0,0.0,0.0
2022-12-02,1.044627708427559,1.044627708427559,1.044627708427559,-0.008255977729784042,-0.008255977729784042,-0.008255977729784042,-0.008255977729784042,-0.0011535780766459558,DEFENSIVE_NORMAL,NORMAL_TRENDING,CRISIS,1.175,1.175,"{'CRISIS': 0.25, 'DEFENSIVE': 0.25, 'GROWTH': 0.25, 'EUPHORIA': 0.25}",,0.0,False,19.059999465942383,0.0,0.0,0.0
2022-12-05,1.0199286915274959,1.0199286915274959,1.0199286915274959,-0.02364384622464378,-0.02364384622464378,-0.02364384622464378,-0.02364384622464378,-0.0179893257596504,DEFENSIVE_NORMAL,NORMAL_TRENDING,CRISIS,1.175,1.175,"{'CRISIS': 0.25, 'DEFENSIVE': 0.25, 'GROWTH': 0.25, 'EUPHORIA': 0.25}",,-0.8255977729783969,False,20.75,0.0,0.0,0.0
2022-12-06,1.0082808329533535,1.0082808329533535,1.0082808329533535,-0.011420267584293584,-0.011420267584293584,-0.011420267584293584,-0.011420267584293584,-0.014414662630393038,DEFENSIVE_NORMAL,NORMAL_TRENDING,CRISIS,1.175,1.175,"{'CRISIS': 0.25, 'DEFENSIVE': 0.25, 'GROWTH': 0.25, 'EUPHORIA': 0.25}",,-3.1704620886550585,False,22.170000076293945,0.0,0.0,0.0
2022-12-07,1.0176474271540763,1.0176474271540763,1.0175994137810784,0.009289668011725644,0.009289668011725644,0.009289668011725644,0.009242048964106596,-0.0017012667018991845,RISK_OFF,EARLY_DD_UNCERTAINTY,CRISIS,1.175,1.0575,"{'CRISIS': 0.25, 'DEFENSIVE': 0.25, 'GROWTH': 0.25, 'EUPHORIA': 0.25}",,-4.276281321666116,False,22.68000030517578,0.0,0.4718298020571394,-4.801337299777874e-05
2022-12-08,1.0402836378940725,1.0402836378940725,1.0401860994126406,0.022243667242691306,0.022243667242691306,0.022243667242691306,0.02219604819507226,0.007833906769598054,RISK_OFF,EARLY_DD_UNCERTAINTY,CRISIS,1.175,1.0575,"{'CRISIS': 0.25, 'DEFENSIVE': 0.25, 'GROWTH': 0.25, 'EUPHORIA': 0.25}",,-3.3915980266146,False,22.290000915527344,0.0,0.4658504374295934,-4.845711494195612e-05
2022-12-09,1.046540650478677,1.046540650478677,1.046442525330798,0.006014717867975935,0.006014717867975935,0.006014717867975935,0.006014717867975935,-0.0074700519397521425,DEFENSIVE_NORMAL,NORMAL_TRENDING,CRISIS,1.175,1.175,"{'CRISIS': 0.25, 'DEFENSIVE': 0.25, 'GROWTH': 0.25, 'EUPHORIA': 0.25}",,-1.2472732803644146,False,22.829999923706055,0.0,0.0,0.0
2022-12-12,1.0410231139247443,1.0410231139247443,1.0409255061089824,-0.005272166495786896,-0.005272166495786896,-0.005272166495786896,-0.005272166495786896,0.0144170860229198,DEFENSIVE_NORMAL,NORMAL_TRENDING,CRISIS,1.175,1.175,"{'CRISIS': 0.25, 'DEFENSIVE': 0.25, 'GROWTH': 0.25, 'EUPHORIA': 0.25}",,-0.6533034904524735,False,25.0,0.0,0.0,0.0
2022-12-13,1.0665471942891815,1.0665471942891815,1.0664471932991466,0.02451826479453399,0.02451826479453399,0.02451826479453399,0.02451826479453399,0.007569760672770931,DEFENSIVE_NORMAL,NORMAL_TRENDING,CRISIS,1.175,1.175,"{'CRISIS': 0.25, 'DEFENSIVE': 0.25, 'GROWTH': 0.25, 'EUPHORIA': 0.25}",,-1.1770758152572214,False,22.549999237060547,0.0,0.0,0.0
2022-12-14,1.0601111731294437,1.0601111731294437,1.0600117755899559,-0.006034445727483463,-0.006034445727483463,-0.006034445727483463,-0.006034445727483463,-0.0063934542250861925,DEFENSIVE_NORMAL,NORMAL_TRENDING,CRISIS,1.175,1.175,"{'CRISIS': 0.25, 'DEFENSIVE': 0.25, 'GROWTH': 0.25, 'EUPHORIA': 0.25}",,0.0,False,21.139999389648438,0.0,0.0,0.0
2022-12-15,1.0238394585921027,1.0238394585921027,1.0237434619404362,-0.034215010139235794,-0.034215010139235794,-0.034215010139235794,-0.034215010139235794,-0.02446161255236423,DEFENSIVE_NORMAL,NORMAL_TRENDING,CRISIS,1.175,1.175,"{'CRISIS': 0.25, 'DEFENSIVE': 0.25, 'GROWTH': 0.25, 'EUPHORIA': 0.25}",,-0.6034445727483457,False,22.829999923706055,0.0,0.0,0.0
2022-12-16,1.0130685077634776,1.0130685077634776,1.014737730921207,-0.01052015600515782,-0.01052015600515782,-0.01052015600515782,-0.008796863036526392,-0.011806080108336503,RISK_OFF,EARLY_DD_UNCERTAINTY,CRISIS,1.175,1.0575,"{'CRISIS': 0.25, 'DEFENSIVE': 0.25, 'GROWTH': 0.25, 'EUPHORIA': 0.25}",,-4.004298724496872,False,22.6200008392334,17.86628744613965,0.48041663553373526,0.0017642099096443493
2022-12-19,0.9969659328295795,0.9969659328295795,0.998560303086388,-0.015894852925047758,-0.015894852925047758,-0.015894852925047758,-0.015942471972666804,-0.008479751210268893,RISK_OFF,EARLY_DD_UNCERTAINTY,CRISIS,1.175,1.0575,"{'CRISIS': 0.25, 'DEFENSIVE': 0.25, 'GROWTH': 0.25, 'EUPHORIA': 0.25}",,-4.848759760712767,False,22.420000076293945,0.0,0.483905120003563,-4.832084432958128e-05
2022-12-20,1.0204482354041295,1.0204482354041295,1.0220326085947133,0.02355376628357084,0.02355376628357084,0.02355376628357084,0.023506147235951794,0.0013683201349490304,RISK_OFF,EARLY_DD_UNCERTAINTY,CRISIS,1.175,1.0575,"{'CRISIS': 0.25, 'DEFENSIVE': 0.25, 'GROWTH': 0.25, 'EUPHORIA': 0.25}",,-6.3657057413920946,False,21.479999542236328,0.0,0.46525414378454016,-4.755049062316134e-05
2022-12-21,1.0196358647105765,1.0196358647105765,1.0211703083748551,-0.0007960920165943827,-0.0007960920165943827,-0.0007960920165943827,-0.0008437110642134304,0.014952532972216881,RISK_OFF,EARLY_DD_UNCERTAINTY,CRISIS,1.175,1.0575,"{'CRISIS': 0.25, 'DEFENSIVE': 0.25, 'GROWTH': 0.25, 'EUPHORIA': 0.25}",,-4.164724234214814,False,20.06999969482422,0.0,0.47659258262555937,-4.866821945689111e-05
2022-12-22,0.9931029785272628,0.9931029785272628,0.9967341093460977,-0.02602192321946723,-0.02602192321946723,-0.02602192321946723,-0.02392960197564538,-0.014266268609606003,RISK_OFF,EARLY_DD_UNCERTAINTY,CRISIS,1.175,1.0575,"{'CRISIS': 0.25, 'DEFENSIVE': 0.25, 'GROWTH': 0.25, 'EUPHORIA': 0.25}",,-4.245581516720348,False,21.969999313354492,21.92403637864966,0.48786488879728784,0.002136616329772822
2022-12-23,1.008260951789085,1.008260951789085,1.011900041915258,0.01526324418470771,0.01526324418470771,0.01526324418470771,0.015215625137088662,0.005752489117926585,RISK_OFF,EARLY_DD_UNCERTAINTY,CRISIS,1.175,1.0575,"{'CRISIS': 0.25, 'DEFENSIVE': 0.25, 'GROWTH': 0.25, 'EUPHORIA': 0.25}",,-6.536946638434616,False,20.8700008392334,0.0,0.4690535334561801,-4.7463529016480845e-05
2022-12-27,1.007768719799867,1.007768719799867,1.011357847609595,-0.00048819900080873213,-0.00048819900080873213,-0.00048819900080873213,-0.0005358180484277798,-0.0039436423535498255,RISK_OFF,EARLY_DD_UNCERTAINTY,CRISIS,1.175,1.0575,"{'CRISIS': 0.25, 'DEFENSIVE': 0.25, 'GROWTH': 0.25, 'EUPHORIA': 0.25}",,-5.1148478543173175,False,21.649999618530273,0.0,0.4764457644301548,-4.818571628167895e-05
2022-12-28,0.993113216436696,0.993113216436696,0.998487346632949,-0.014542526549227927,-0.014542526549227927,-0.014542526549227927,-0.012725961445858346,-0.012427894339924195,RISK_OFF,EARLY_DD_UNCERTAINTY,CRISIS,1.175,1.0575,"{'CRISIS': 0.25, 'DEFENSIVE': 0.25, 'GROWTH': 0.25, 'EUPHORIA': 0.25}",,-5.165689031364782,False,22.139999389648438,18.882134829745127,0.4823285709891197,0.0018371973729865614
2022-12-29,1.0171919467480288,1.0171919467480288,1.0226488295044116,0.024245705235630185,0.024245705235630185,0.024245705235630185,0.02419808618801114,0.018000363442780776,RISK_OFF,EARLY_DD_UNCERTAINTY,CRISIS,1.175,1.0575,"{'CRISIS': 0.25, 'DEFENSIVE': 0.25, 'GROWTH': 0.25, 'EUPHORIA': 0.25}",,-6.372546816496176,False,21.440000534057617,0.0,0.4649398222982642,-4.7547016506330906e-05
2022-12-30,1.0184903124449667,1.0184903124449667,1.0239054629206552,0.0012764215260343953,0.0012764215260343953,0.0012764215260343953,0.0012288024784153477,-0.002634071978537933,RISK_OFF,EARLY_DD_UNCERTAINTY,CRISIS,1.175,1.0575,"{'CRISIS': 0.25, 'DEFENSIVE': 0.25, 'GROWTH': 0.25, 'EUPHORIA': 0.25}",,-4.10694163479778,False,21.670000076293945,0.0,0.4756060502971217,-4.8697563309733885e-05
2023-01-03,1.013202302666331,1.013202302666331,1.0185405802348126,-0.005192007929796953,-0.005192007929796953,-0.005192007929796953,-0.005239626977416,-0.004209756813511878,RISK_OFF,EARLY_DD_UNCERTAINTY,CRISIS,1.175,1.0575,"{'CRISIS': 0.25, 'DEFENSIVE': 0.25, 'GROWTH': 0.25, 'EUPHORIA': 0.25}",,-3.9891080070157887,False,22.899999618530273,0.0,0.4786986787014537,-4.875740299622168e-05
2023-01-04,1.0292178420978109,1.0292178420978109,1.034591999100454,0.015806852579523013,0.015806852579523013,0.015806852579523013,0.015759233531903966,0.007720156297192693,RISK_OFF,EARLY_DD_UNCERTAINTY,CRISIS,1.175,1.0575,"{'CRISIS': 0.25, 'DEFENSIVE': 0.25, 'GROWTH': 0.25, 'EUPHORIA': 0.25}",,-4.492169266827991,False,22.010000228881836,0.0,0.4688025079867704,-4.8501932392133935e-05
2023-01-05,1.0055004814360375,1.0055004814360375,1.0107507960268303,-0.02304406287150183,-0.02304406287150183,-0.02304406287150183,-0.02304406287150183,-0.011413506614309288,DEFENSIVE_NORMAL,NORMAL_TRENDING,CRISIS,1.175,1.175,"{'CRISIS': 0.25, 'DEFENSIVE': 0.25, 'GROWTH': 0.25, 'EUPHORIA': 0.25}",,-2.987039058178385,False,22.459999084472656,0.0,0.0,0.0
2023-01-06,1.0362597794039874,1.0362597794039874,1.0416225755490967,0.030591032561237446,0.030591032561237446,0.030591032561237446,0.0305434135136184,0.022932063642213008,RISK_OFF,EARLY_DD_UNCERTAINTY,CRISIS,1.175,1.0575,"{'CRISIS': 0.25, 'DEFENSIVE': 0.25, 'GROWTH': 0.25, 'EUPHORIA': 0.25}",,-5.222611829472281,False,21.1299991607666,0.0,0.4620770653095668,-4.8130990286991916e-05
2023-01-09,1.0401586194236458,1.0401586194236458,1.0455415926369416,0.003762415657877658,0.003762415657877658,0.003762415657877658,0.003762415657877658,-0.000566834295495533,DEFENSIVE_NORMAL,NORMAL_TRENDING,CRISIS,1.175,1.175,"{'CRISIS': 0.25, 'DEFENSIVE': 0.25, 'GROWTH': 0.25, 'EUPHORIA': 0.25}",,-2.3277868708391325,False,21.969999313354492,0.0,0.0,0.0
2023-01-10,1.0462343599467054,1.0462343599467054,1.0516487760071551,0.005841167308142054,0.005841167308142054,0.005841167308142054,0.005841167308142054,0.007012792395447054,DEFENSIVE_NORMAL,NORMAL_TRENDING,CRISIS,1.175,1.175,"{'CRISIS': 0.25, 'DEFENSIVE': 0.25, 'GROWTH': 0.25, 'EUPHORIA': 0.25}",,-1.9603034068224001,False,20.579999923706055,0.0,0.0,0.0
2023-01-11,1.0452152504649805,1.0452152504649805,1.0506243924845877,-0.000974073802906572,-0.000974073802906572,-0.000974073802906572,-0.000974073802906572,0.012647875138444231,DEFENSIVE_NORMAL,NORMAL_TRENDING,CRISIS,1.175,1.175,"{'CRISIS': 0.25, 'DEFENSIVE': 0.25, 'GROWTH': 0.25, 'EUPHORIA': 0.25}",,-1.3876371361821782,False,21.09000015258789,0.0,0.0,0.0
2023-01-12,1.0596985971357449,1.0596985971357449,1.065182692595829,0.013856807642560953,0.013856807642560953,0.013856807642560953,0.013856807642560953,0.0036408419648714663,DEFENSIVE_NORMAL,NORMAL_TRENDING,CRISIS,1.175,1.175,"{'CRISIS': 0.25, 'DEFENSIVE': 0.25, 'GROWTH': 0.25, 'EUPHORIA': 0.25}",,-1.483692855490546,False,18.829999923706055,0.0,0.0,0.0
2023-01-13,1.071409217334486,1.071409217334486,1.0769539169694178,0.011050897142256978,0.011050897142256978,0.011050897142256978,0.011050897142256978,0.003879478949539994,DEFENSIVE_NORMAL,NORMAL_TRENDING,CRISIS,1.175,1.175,"{'CRISIS': 0.25, 'DEFENSIVE': 0.25, 'GROWTH': 0.25, 'EUPHORIA': 0.25}",,-0.11857133773363741,False,18.350000381469727,0.0,0.0,0.0
2023-01-17,1.0673802457301451,1.0673802457301451,1.0729040948468787,-0.0037604414253262983,-0.0037604414253262983,-0.0037604414253262983,-0.0037604414253262983,-0.0018318629593788716,DEFENSIVE_NORMAL,NORMAL_TRENDING,CRISIS,1.175,1.175,"{'CRISIS': 0.25, 'DEFENSIVE': 0.25, 'GROWTH': 0.25, 'EUPHORIA': 0.25}",,0.0,False,19.360000610351562,0.0,0.0,0.0
2023-01-18,1.0534160856760288,1.0534160856760288,1.0588676682190745,-0.013082648015997409,-0.013082648015997409,-0.013082648015997409,-0.013082648015997409,-0.01578816936841021,DEFENSIVE_NORMAL,NORMAL_TRENDING,CRISIS,1.175,1.175,"{'CRISIS': 0.25, 'DEFENSIVE': 0.25, 'GROWTH': 0.25, 'EUPHORIA': 0.25}",,-0.37604414253262136,False,20.34000015258789,0.0,0.0,0.0
2023-01-19,1.0581084852979008,1.0581084852979008,1.0635843516963113,0.004454459814766096,0.004454459814766096,0.004454459814766096,0.004454459814766096,-0.00727960341374545,DEFENSIVE_NORMAL,NORMAL_TRENDING,CRISIS,1.175,1.175,"{'CRISIS': 0.25, 'DEFENSIVE': 0.25, 'GROWTH': 0.25, 'EUPHORIA': 0.25}",,-1.6793892909771415,False,20.520000457763672,0.0,0.0,0.0
2023-01-20,1.0712968795070121,1.0712968795070121,1.0768409977772317,0.012464122906450544,0.012464122906450544,0.012464122906450544,0.012464122906450544,0.01862915305775603,DEFENSIVE_NORMAL,NORMAL_TRENDING,CRISIS,1.175,1.175,"{'CRISIS': 0.25, 'DEFENSIVE': 0.25, 'GROWTH': 0.25, 'EUPHORIA': 0.25}",,-1.2414240816105564,False,19.850000381469727,0.0,0.0,0.0
2023-01-23,1.084456603651036,1.084456603651036,1.0900688254212785,0.012283919047798922,0.012283919047798922,0.012283919047798922,0.012283919047798922,0.011998339979430117,DEFENSIVE_NORMAL,NORMAL_TRENDING,CRISIS,1.175,1.175,"{'CRISIS': 0.25, 'DEFENSIVE': 0.25, 'GROWTH': 0.25, 'EUPHORIA': 0.25}",,-0.010485053297711395,False,19.809999465942383,0.0,0.0,0.0
2023-01-24,1.0934113083417054,1.0934113083417054,1.0990698720203673,0.00825731952806756,0.00825731952806756,0.00825731952806756,0.00825731952806756,-0.0010731939171784166,DEFENSIVE_NORMAL,NORMAL_TRENDING,CRISIS,1.175,1.175,"{'CRISIS': 0.25, 'DEFENSIVE': 0.25, 'GROWTH': 0.25, 'EUPHORIA': 0.25}",,0.0,False,19.200000762939453,0.0,0.0,0.0
2023-01-25,1.0893619595566169,1.0893619595566169,1.0949995672621855,-0.003703408547356189,-0.003703408547356189,-0.003703408547356189,-0.003703408547356189,0.00037466886269310606,DEFENSIVE_NORMAL,NORMAL_TRENDING,CRISIS,1.175,1.175,"{'CRISIS': 0.25, 'DEFENSIVE': 0.25, 'GROWTH': 0.25, 'EUPHORIA': 0.25}",,0.0,False,19.079999923706055,0.0,0.0,0.0
2023-01-26,1.0871866143015048,1.0871866143015048,1.0928129642767432,-0.0019968984927631345,-0.0019968984927631345,-0.0019968984927631345,-0.0019968984927631345,0.010990426168752343,DEFENSIVE_NORMAL,NORMAL_TRENDING,CRISIS,1.175,1.175,"{'CRISIS': 0.25, 'DEFENSIVE': 0.25, 'GROWTH': 0.25, 'EUPHORIA': 0.25}",,-0.3703408547356115,False,18.729999542236328,0.0,0.0,0.0
2023-01-27,1.083911290947887,1.083911290947887,1.0895206906450157,-0.003012659749975136,-0.003012659749975136,-0.003012659749975136,-0.003012659749975136,0.00229772793658789,DEFENSIVE_NORMAL,NORMAL_TRENDING,CRISIS,1.175,1.175,"{'CRISIS': 0.25, 'DEFENSIVE': 0.25, 'GROWTH': 0.25, 'EUPHORIA': 0.25}",,-0.5692911709173059,False,18.510000228881836,0.0,0.0,0.0
2023-01-30,1.0703009546372486,1.0703009546372486,1.0758399188503887,-0.01255668837874735,-0.01255668837874735,-0.01255668837874735,-0.01255668837874735,-0.012546866159404813,DEFENSIVE_NORMAL,NORMAL_TRENDING,CRISIS,1.175,1.175,"{'CRISIS': 0.25, 'DEFENSIVE': 0.25, 'GROWTH': 0.25, 'EUPHORIA': 0.25}",,-0.8688420653181819,False,19.940000534057617,0.0,0.0,0.0
2023-01-31,1.0812367577856912,1.0812367577856912,1.0868323163819518,0.01021750293789921,0.01021750293789921,0.01021750293789921,0.01021750293789921,0.014703424395516196,DEFENSIVE_NORMAL,NORMAL_TRENDING,CRISIS,1.175,1.175,"{'CRISIS': 0.25, 'DEFENSIVE': 0.25, 'GROWTH': 0.25, 'EUPHORIA': 0.25}",,-2.1136011241283654,False,19.399999618530273,0.0,0.0,0.0
2023-02-01,1.1061910324950273,1.1061910324950273,1.111915733118099,0.02307938065335548,0.02307938065335548,0.02307938065335548,0.02307938065335548,0.010627783882826813,DEFENSIVE_NORMAL,NORMAL_TRENDING,CRISIS,1.175,1.175,"{'CRISIS': 0.25, 'DEFENSIVE': 0.25, 'GROWTH': 0.25, 'EUPHORIA': 0.25}",,-1.113446556033771,False,17.8700008392334,0.0,0.0,0.0
2023-02-02,1.1076402209004552,1.1076402209004552,1.1133724212857958,0.0013100706504186187,0.0013100706504186187,0.0013100706504186187,0.0013100706504186187,0.014556846983280192,DEFENSIVE_NORMAL,NORMAL_TRENDING,CRISIS,1.175,1.175,"{'CRISIS': 0.25, 'DEFENSIVE': 0.25, 'GROWTH': 0.25, 'EUPHORIA': 0.25}",,0.0,False,18.729999542236328,0.0,0.0,0.0
2023-02-03,1.0711917639660182,1.0711917639660182,1.0767353382479163,-0.03290640430590932,-0.03290640430590932,-0.03290640430590932,-0.03290640430590932,-0.010629153084103504,DEFENSIVE_NORMAL,NORMAL_TRENDING,CRISIS,1.175,1.175,"{'CRISIS': 0.25, 'DEFENSIVE': 0.25, 'GROWTH': 0.25, 'EUPHORIA': 0.25}",,0.0,False,18.329999923706055,0.0,0.0,0.0
2023-02-06,1.0666131476346419,1.0666131476346419,1.0721330269063698,-0.004274319954089672,-0.004274319954089672,-0.004274319954089672,-0.004274319954089672,-0.00611117291789931,DEFENSIVE_NORMAL,NORMAL_TRENDING,CRISIS,1.175,1.175,"{'CRISIS': 0.25, 'DEFENSIVE': 0.25, 'GROWTH': 0.25, 'EUPHORIA': 0.25}",,-3.2906404305909227,False,19.43000030517578,0.0,0.0,0.0
2023-02-07,1.0846102286364978,1.0846102286364978,1.0902232454385423,0.016873110032223994,0.016873110032223994,0.016873110032223994,0.016873110032223994,0.013078573071926503,DEFENSIVE_NORMAL,NORMAL_TRENDING,CRISIS,1.175,1.175,"{'CRISIS': 0.25, 'DEFENSIVE': 0.25, 'GROWTH': 0.25, 'EUPHORIA': 0.25}",,-3.704007175945679,False,18.65999984741211,0.0,0.0,0.0
2023-02-08,1.0821453746176317,1.0821453746176317,1.0877456354390878,-0.0022725712461376195,-0.0022725712461376195,-0.0022725712461376195,-0.0022725712461376195,-0.010934730431642947,DEFENSIVE_NORMAL,NORMAL_TRENDING,CRISIS,1.175,1.175,"{'CRISIS': 0.25, 'DEFENSIVE': 0.25, 'GROWTH': 0.25, 'EUPHORIA': 0.25}",,-2.07919429336316,False,19.6299991607666,0.0,0.0,0.0
2023-02-09,1.0702957540091882,1.0702957540091882,1.075834691308316,-0.010950118982517078,-0.010950118982517078,-0.010950118982517078,-0.010950118982517078,-0.008669296903067059,DEFENSIVE_NORMAL,NORMAL_TRENDING,CRISIS,1.175,1.175,"{'CRISIS': 0.25, 'DEFENSIVE': 0.25, 'GROWTH': 0.25, 'EUPHORIA': 0.25}",,-2.3017263008107007,False,20.709999084472656,0.0,0.0,0.0
2023-02-10,1.0522668071091748,1.0522668071091748,1.0577124419672956,-0.016844827079318343,-0.016844827079318343,-0.016844827079318343,-0.016844827079318343,0.0023337296579488687,DEFENSIVE_NORMAL,NORMAL_TRENDING,CRISIS,1.175,1.175,"{'CRISIS': 0.25, 'DEFENSIVE': 0.25, 'GROWTH': 0.25, 'EUPHORIA': 0.25}",,-3.3715340222033414,False,20.530000686645508,0.0,0.0,0.0
2023-02-13,1.0608594001631408,1.0608594001631408,1.0662991356897793,0.008165793120066274,0.008165793120066274,0.008165793120066274,0.008118174072447226,0.01173904691347305,RISK_OFF,EARLY_DD_UNCERTAINTY,CRISIS,1.175,1.0575,"{'CRISIS': 0.25, 'DEFENSIVE': 0.25, 'GROWTH': 0.25, 'EUPHORIA': 0.25}",,-4.999223822539127,False,20.34000015258789,0.0,0.4723558095047847,-5.0367259141299796e-05
2023-02-14,1.0608847722203125,1.0608847722203125,1.0662738616971354,2.391651256314944e-05,2.391651256314944e-05,2.391651256314944e-05,-2.370253505589818e-05,-0.00046017933767084074,RISK_OFF,EARLY_DD_UNCERTAINTY,CRISIS,1.175,1.0575,"{'CRISIS': 0.25, 'DEFENSIVE': 0.25, 'GROWTH': 0.25, 'EUPHORIA': 0.25}",,-4.227990984512909,False,18.90999984741211,0.0,0.47620176337946646,-5.077614931856092e-05
2023-02-15,1.0480903981222176,1.0480903981222176,1.05336371970715,-0.01206009779112738,-0.01206009779112738,-0.01206009779112738,-0.012107716838746427,0.0032473582515966104,RISK_OFF,EARLY_DD_UNCERTAINTY,CRISIS,1.175,1.0575,"{'CRISIS': 0.25, 'DEFENSIVE': 0.25, 'GROWTH': 0.25, 'EUPHORIA': 0.25}",,-4.230261023913981,False,18.229999542236328,0.0,0.4820267192154467,-5.0774945795101686e-05
2023-02-16,1.044626340219937,1.044626340219937,1.052007604807763,-0.0033051136700488377,-0.0033051136700488377,-0.0033051136700488377,-0.001287413714765253,-0.013768793352684217,RISK_OFF,EARLY_DD_UNCERTAINTY,CRISIS,1.175,1.0575,"{'CRISIS': 0.25, 'DEFENSIVE': 0.25, 'GROWTH': 0.25, 'EUPHORIA': 0.25}",,-5.389813905157082,False,20.170000076293945,20.679813504550868,0.4768043206120915,0.002125371930150467
2023-02-17,1.0388786263138008,1.0388786263138008,1.0461691823133055,-0.0055021721019651556,-0.0055021721019651556,-0.0055021721019651556,-0.005549791149584203,-0.0024982296301324647,RISK_OFF,EARLY_DD_UNCERTAINTY,CRISIS,1.175,1.0575,"{'CRISIS': 0.25, 'DEFENSIVE': 0.25, 'GROWTH': 0.25, 'EUPHORIA': 0.25}",,-5.511616356292066,False,20.020000457763672,0.0,0.47884798248567145,-5.0095600228941095e-05
2023-02-21,1.0356501066529227,1.0356501066529227,1.0460162547876521,-0.0031076966828490924,-0.0031076966828490924,-0.0031076966828490924,-0.00014617858013681994,-0.020060914335542135,RISK_OFF,EARLY_DD_UNCERTAINTY,CRISIS,1.175,1.0575,"{'CRISIS': 0.25, 'DEFENSIVE': 0.25, 'GROWTH': 0.25, 'EUPHORIA': 0.25}",,-6.036007151576436,False,22.8700008392334,30.095770860365686,0.4762600952149705,0.0030982489719205497
2023-02-22,1.0278521180527649,1.0278521180527649,1.0380904033654763,-0.0075295590181126484,-0.0075295590181126484,-0.0075295590181126484,-0.007577178065731696,-0.0013781106329142645,RISK_OFF,EARLY_DD_UNCERTAINTY,CRISIS,1.175,1.0575,"{'CRISIS': 0.25, 'DEFENSIVE': 0.25, 'GROWTH': 0.25, 'EUPHORIA': 0.25}",,-6.049742674634993,False,22.290000915527344,0.0,0.4798262047847344,-4.9810297847031055e-05
2023-02-23,1.0483440136420414,1.0483440136420414,1.0587369828671467,0.01993661853623237,0.01993661853623237,0.01993661853623237,0.019888999488613324,0.0053192294426021025,RISK_OFF,EARLY_DD_UNCERTAINTY,CRISIS,1.175,1.0575,"{'CRISIS': 0.25, 'DEFENSIVE': 0.25, 'GROWTH': 0.25, 'EUPHORIA': 0.25}",,-6.7616205037106,False,21.139999389648438,0.0,0.4669042184289122,-4.943287635073697e-05
2023-02-24,1.0247319293104629,1.0247319293104629,1.036536840232029,-0.022523221408541197,-0.022523221408541197,-0.022523221408541197,-0.02096851531057122,-0.010682167637260154,RISK_OFF,EARLY_DD_UNCERTAINTY,CRISIS,1.175,1.0575,"{'CRISIS': 0.25, 'DEFENSIVE': 0.25, 'GROWTH': 0.25, 'EUPHORIA': 0.25}",,-4.907202421589763,False,21.670000076293945,16.366431219495635,0.4863893384813203,0.0016460248434098863
2023-02-27,1.0336689017903087,1.0336689017903087,1.0455274077298042,0.008721278438020048,0.008721278438020048,0.008721278438020048,0.008673659390401,0.003405717989218404,RISK_OFF,EARLY_DD_UNCERTAINTY,CRISIS,1.175,1.0575,"{'CRISIS': 0.25, 'DEFENSIVE': 0.25, 'GROWTH': 0.25, 'EUPHORIA': 0.25}",,-6.901157203537705,False,20.950000762939453,0.0,0.47209567907053823,-4.935889715390614e-05
2023-02-28,1.0368747566010654,1.0368747566010654,1.0487202538824258,0.0031014329687236372,0.0031014329687236372,0.0031014329687236372,0.0030538139211045896,-0.00369596252233495,RISK_OFF,EARLY_DD_UNCERTAINTY,CRISIS,1.175,1.0575,"{'CRISIS': 0.25, 'DEFENSIVE': 0.25, 'GROWTH': 0.25, 'EUPHORIA': 0.25}",,-6.09364955148069,False,20.700000762939453,0.0,0.4747407064123193,-4.978701941570497e-05
2023-03-01,1.0374216120316375,1.0374216120316375,1.0492234176563384,0.0005274074106738453,0.0005274074106738453,0.0005274074106738453,0.0004797883630547977,-0.003835938268625716,RISK_OFF,EARLY_DD_UNCERTAINTY,CRISIS,1.175,1.0575,"{'CRISIS': 0.25, 'DEFENSIVE': 0.25, 'GROWTH': 0.25, 'EUPHORIA': 0.25}",,-5.806877031200881,False,20.579999923706055,0.0,0.4759621151063932,-4.9939059708686946e-05
2023-03-02,1.0452205479878882,1.0452205479878882,1.0570611120201008,0.0075176146957047,0.0075176146957047,0.0075176146957047,0.007469995648085653,0.007777421133806639,RISK_OFF,EARLY_DD_UNCERTAINTY,CRISIS,1.175,1.0575,"{'CRISIS': 0.25, 'DEFENSIVE': 0.25, 'GROWTH': 0.25, 'EUPHORIA': 0.25}",,-5.761684266920669,False,19.59000015258789,0.0,0.47265971021216596,-4.996301988839707e-05
2023-03-03,1.0629378801409095,1.0629378801409095,1.0749288150495842,0.016950807355565645,0.016950807355565645,0.016950807355565645,0.0169031883079466,0.01603756780646548,RISK_OFF,EARLY_DD_UNCERTAINTY,CRISIS,1.175,1.0575,"{'CRISIS': 0.25, 'DEFENSIVE': 0.25, 'GROWTH': 0.25, 'EUPHORIA': 0.25}",,-5.057724458511649,False,18.489999771118164,0.0,0.468275133430177,-5.033624342952861e-05
2023-03-06,1.0546252577608524,1.0546252577608524,1.0664712314164755,-0.00782042162139826,-0.00782042162139826,-0.00782042162139826,-0.007868040669017308,0.0006929283527634666,RISK_OFF,EARLY_DD_UNCERTAINTY,CRISIS,1.175,1.0575,"{'CRISIS': 0.25, 'DEFENSIVE': 0.25, 'GROWTH': 0.25, 'EUPHORIA': 0.25}",,-3.4528972966489033,False,18.610000610351562,0.0,0.4799668750834136,-5.118708643093258e-05
2023-03-07,1.0230261571266748,1.0230261571266748,1.0369185529139309,-0.02996239697621856,-0.02996239697621856,-0.02996239697621856,-0.027710713268179706,-0.015328685037719336,RISK_OFF,EARLY_DD_UNCERTAINTY,CRISIS,1.175,1.0575,"{'CRISIS': 0.25, 'DEFENSIVE': 0.25, 'GROWTH': 0.25, 'EUPHORIA': 0.25}",,-4.212533827194656,False,19.59000015258789,23.648339923466633,0.4897621342626401,0.0024013558968726104
2023-03-08,1.0295049036844557,1.0295049036844557,1.043435901879773,0.00633292366245796,0.00633292366245796,0.00633292366245796,0.006285304614838913,0.0016320439888226623,RISK_OFF,EARLY_DD_UNCERTAINTY,CRISIS,1.175,1.0575,"{'CRISIS': 0.25, 'DEFENSIVE': 0.25, 'GROWTH': 0.25, 'EUPHORIA': 0.25}",,-6.86687283699474,False,19.110000610351562,0.0,0.473216168423269,-4.9377073948282426e-05
2023-03-09,1.0283168813591097,1.0283168813591097,1.0450698238828797,-0.0011539744211942736,-0.0011539744211942736,-0.0011539744211942736,0.0015659054860613874,-0.018449993032498058,RISK_OFF,EARLY_DD_UNCERTAINTY,CRISIS,1.175,1.0575,"{'CRISIS': 0.25, 'DEFENSIVE': 0.25, 'GROWTH': 0.25, 'EUPHORIA': 0.25}",,-6.281502763042717,False,22.610000610351562,27.631720885423288,0.4754459727334472,0.002838020344031984
2023-03-10,1.0341567565611247,1.0341567565611247,1.053217020301645,0.005679061880513344,0.005679061880513344,0.005679061880513344,0.007795839313870002,-0.01442930987317137,RISK_OFF,EARLY_DD_UNCERTAINTY,CRISIS,1.175,1.0575,"{'CRISIS': 0.25, 'DEFENSIVE': 0.25, 'GROWTH': 0.25, 'EUPHORIA': 0.25}",,-6.134748454073954,False,24.799999237060547,21.476537176907524,0.47250688841370625,0.0022121802194772964
2023-03-13,1.0719444455678568,1.0719444455678568,1.0916510108024,0.03653961429637351,0.03653961429637351,0.03653961429637351,0.03649199524875446,-0.0014253418977794308,RISK_OFF,EARLY_DD_UNCERTAINTY,CRISIS,1.175,1.0575,"{'CRISIS': 0.25, 'DEFENSIVE': 0.25, 'GROWTH': 0.25, 'EUPHORIA': 0.25}",,-5.402990035865924,False,26.520000457763672,0.0,0.45942513629947734,-5.0153191442935485e-05
2023-03-14,1.080745873277154,1.080745873277154,1.1006142434541337,0.008210712547360369,0.008210712547360369,0.008210712547360369,0.008210712547360369,0.016530083073866608,DEFENSIVE_NORMAL,NORMAL_TRENDING,CRISIS,1.175,1.175,"{'CRISIS': 0.25, 'DEFENSIVE': 0.25, 'GROWTH': 0.25, 'EUPHORIA': 0.25}",,-1.95095639770837,False,23.729999542236328,0.0,0.0,0.0
2023-03-15,1.07997381277196,1.07997381277196,1.0998279894328733,-0.0007143774723402342,-0.0007143774723402342,-0.0007143774723402342,-0.0007143774723402342,-0.00625431457098391,DEFENSIVE_NORMAL,NORMAL_TRENDING,CRISIS,1.175,1.175,"{'CRISIS': 0.25, 'DEFENSIVE': 0.25, 'GROWTH': 0.25, 'EUPHORIA': 0.25}",,-1.1459038851463668,False,26.139999389648438,0.0,0.0,0.0
2023-03-16,1.0913957123871092,1.0913957123871092,1.111459868595749,0.010576089420013503,0.010576089420013503,0.010576089420013503,0.010576089420013503,0.017545260373043936,DEFENSIVE_NORMAL,NORMAL_TRENDING,CRISIS,1.175,1.175,"{'CRISIS': 0.25, 'DEFENSIVE': 0.25, 'GROWTH': 0.25, 'EUPHORIA': 0.25}",,-1.2165230244593748,False,22.989999771118164,0.0,0.0,0.0
2023-03-17,1.1066243375977045,1.1066243375977045,1.1269684559791846,0.01395334894369997,0.01395334894369997,0.01395334894369997,0.01395334894369997,-0.011692665372922795,DEFENSIVE_NORMAL,NORMAL_TRENDING,CRISIS,1.175,1.175,"{'CRISIS': 0.25, 'DEFENSIVE': 0.25, 'GROWTH': 0.25, 'EUPHORIA': 0.25}",,-0.17178013874620784,False,25.510000228881836,0.0,0.0,0.0
2023-03-20,1.1125045189620373,1.1125045189620373,1.1329567382606183,0.005313620136981121,0.005313620136981121,0.005313620136981121,0.005313620136981121,0.009615623224506376,DEFENSIVE_NORMAL,NORMAL_TRENDING,CRISIS,1.175,1.175,"{'CRISIS': 0.25, 'DEFENSIVE': 0.25, 'GROWTH': 0.25, 'EUPHORIA': 0.25}",,0.0,False,24.149999618530273,0.0,0.0,0.0
2023-03-21,1.1055562962856333,1.1055562962856333,1.1258807798568613,-0.006245568047567726,-0.006245568047567726,-0.006245568047567726,-0.006245568047567726,0.013130410343295651,DEFENSIVE_NORMAL,NORMAL_TRENDING,CRISIS,1.175,1.175,"{'CRISIS': 0.25, 'DEFENSIVE': 0.25, 'GROWTH': 0.25, 'EUPHORIA': 0.25}",,0.0,False,21.3799991607666,0.0,0.0,0.0
2023-03-22,1.1255043277469348,1.1255043277469348,1.14619553478496,0.018043433453656978,0.018043433453656978,0.018043433453656978,0.018043433453656978,-0.01704661765631621,DEFENSIVE_NORMAL,NORMAL_TRENDING,CRISIS,1.175,1.175,"{'CRISIS': 0.25, 'DEFENSIVE': 0.25, 'GROWTH': 0.25, 'EUPHORIA': 0.25}",,-0.6245568047567635,False,22.260000228881836,0.0,0.0,0.0
2023-03-23,1.1383622737456036,1.1383622737456036,1.1592898605257438,0.011424163978479106,0.011424163978479106,0.011424163978479106,0.011424163978479106,0.002703557889926156,DEFENSIVE_NORMAL,NORMAL_TRENDING,CRISIS,1.175,1.175,"{'CRISIS': 0.25, 'DEFENSIVE': 0.25, 'GROWTH': 0.25, 'EUPHORIA': 0.25}",,0.0,False,22.610000610351562,0.0,0.0,0.0
2023-03-24,1.130275599444163,1.130275599444163,1.151054521267541,-0.007103779251953511,-0.007103779251953511,-0.007103779251953511,-0.007103779251953511,0.006562053909922927,DEFENSIVE_NORMAL,NORMAL_TRENDING,CRISIS,1.175,1.175,"{'CRISIS': 0.25, 'DEFENSIVE': 0.25, 'GROWTH': 0.25, 'EUPHORIA': 0.25}",,0.0,False,21.739999771118164,0.0,0.0,0.0
2023-03-27,1.1219431937817208,1.1219431937817208,1.1425689331370834,-0.007372012336229942,-0.007372012336229942,-0.007372012336229942,-0.007372012336229942,0.0018698649738200235,DEFENSIVE_NORMAL,NORMAL_TRENDING,CRISIS,1.175,1.175,"{'CRISIS': 0.25, 'DEFENSIVE': 0.25, 'GROWTH': 0.25, 'EUPHORIA': 0.25}",,-0.7103779251953509,False,20.600000381469727,0.0,0.0,0.0
2023-03-28,1.1249572447732903,1.1249572447732903,1.1456383942692914,0.002686455970564823,0.002686455970564823,0.002686455970564823,0.002686455970564823,-0.0022447073173981202,DEFENSIVE_NORMAL,NORMAL_TRENDING,CRISIS,1.175,1.175,"{'CRISIS': 0.25, 'DEFENSIVE': 0.25, 'GROWTH': 0.25, 'EUPHORIA': 0.25}",,-1.442342243990416,False,19.969999313354492,0.0,0.0,0.0
2023-03-29,1.133709873482817,1.133709873482817,1.1545519308032404,0.007780410100199455,0.007780410100199455,0.007780410100199455,0.007780410100199455,0.01453480284543418,DEFENSIVE_NORMAL,NORMAL_TRENDING,CRISIS,1.175,1.175,"{'CRISIS': 0.25, 'DEFENSIVE': 0.25, 'GROWTH': 0.25, 'EUPHORIA': 0.25}",,-1.1775714358669027,False,19.1200008392334,0.0,0.0,0.0
2023-03-30,1.1497849895037549,1.1497849895037549,1.1709225708355477,0.014179214979890886,0.014179214979890886,0.014179214979890886,0.014179214979890886,0.00585527429365551,DEFENSIVE_NORMAL,NORMAL_TRENDING,CRISIS,1.175,1.175,"{'CRISIS': 0.25, 'DEFENSIVE': 0.25, 'GROWTH': 0.25, 'EUPHORIA': 0.25}",,-0.40869241454028976,False,19.020000457763672,0.0,0.0,0.0
2023-03-31,1.157285041761697,1.157285041761697,1.1785605036242346,0.006523004149827439,0.006523004149827439,0.006523004149827439,0.006523004149827439,0.014094791890022496,DEFENSIVE_NORMAL,NORMAL_TRENDING,CRISIS,1.175,1.175,"{'CRISIS': 0.25, 'DEFENSIVE': 0.25, 'GROWTH': 0.25, 'EUPHORIA': 0.25}",,0.0,False,18.700000762939453,0.0,0.0,0.0
2023-04-03,1.1599218499281334,1.1599218499281334,1.181245786720839,0.002278443141736657,0.002278443141736657,0.002278443141736657,0.002278443141736657,0.0038105024942278742,DEFENSIVE_NORMAL,NORMAL_TRENDING,CRISIS,1.175,1.175,"{'CRISIS': 0.25, 'DEFENSIVE': 0.25, 'GROWTH': 0.25, 'EUPHORIA': 0.25}",,0.0,False,18.549999237060547,0.0,0.0,0.0
2023-04-04,1.1741973364912675,1.1741973364912675,1.1957837130105602,0.012307283084648006,0.012307283084648006,0.012307283084648006,0.012307283084648006,-0.005548179394930464,DEFENSIVE_NORMAL,NORMAL_TRENDING,CRISIS,1.175,1.175,"{'CRISIS': 0.25, 'DEFENSIVE': 0.25, 'GROWTH': 0.25, 'EUPHORIA': 0.25}",,0.0,False,19.0,0.0,0.0,0.0
2023-04-05,1.1595721740575244,1.1595721740575244,1.1808896824290713,-0.012455455296335306,-0.012455455296335306,-0.012455455296335306,-0.012455455296335306,-0.0026182272948183094,DEFENSIVE_NORMAL,NORMAL_TRENDING,CRISIS,1.175,1.175,"{'CRISIS': 0.25, 'DEFENSIVE': 0.25, 'GROWTH': 0.25, 'EUPHORIA': 0.25}",,0.0,False,19.079999923706055,0.0,0.0,0.0
2023-04-06,1.1663840635598461,1.1663840635598461,1.1878268013174895,0.005874485137467362,0.005874485137467362,0.005874485137467362,0.005874485137467362,0.0039009494806285794,DEFENSIVE_NORMAL,NORMAL_TRENDING,CRISIS,1.175,1.175,"{'CRISIS': 0.25, 'DEFENSIVE': 0.25, 'GROWTH': 0.25, 'EUPHORIA': 0.25}",,-1.245545529633529,False,18.399999618530273,0.0,0.0,0.0
2023-04-10,1.1600979603636923,1.1600979603636923,1.1814251347605493,-0.005389393933391341,-0.005389393933391341,-0.005389393933391341,-0.005389393933391341,0.0010262662481528295,DEFENSIVE_NORMAL,NORMAL_TRENDING,CRISIS,1.175,1.175,"{'CRISIS': 0.25, 'DEFENSIVE': 0.25, 'GROWTH': 0.25, 'EUPHORIA': 0.25}",,-0.6654139545886588,False,18.969999313354492,0.0,0.0,0.0
2023-04-11,1.1634179452949953,1.1634179452949953,1.1848061541045003,0.0028618142990805315,0.0028618142990805315,0.0028618142990805315,0.0028618142990805315,0.00026854154684419207,DEFENSIVE_NORMAL,NORMAL_TRENDING,CRISIS,1.175,1.175,"{'CRISIS': 0.25, 'DEFENSIVE': 0.25, 'GROWTH': 0.25, 'EUPHORIA': 0.25}",,-1.2007671699977447,False,19.100000381469727,0.0,0.0,0.0
2023-04-12,1.1682187427162123,1.1682187427162123,1.1896952091102873,0.004126459833830298,0.004126459833830298,0.004126459833830298,0.004126459833830298,-0.004075903523595992,DEFENSIVE_NORMAL,NORMAL_TRENDING,CRISIS,1.175,1.175,"{'CRISIS': 0.25, 'DEFENSIVE': 0.25, 'GROWTH': 0.25, 'EUPHORIA': 0.25}",,-0.9180221127466508,False,19.09000015258789,0.0,0.0,0.0
2023-04-13,1.19047117495456,1.19047117495456,1.2123567287872101,0.019048172593609438,0.019048172593609438,0.019048172593609438,0.019048172593609438,0.013282782452118669,DEFENSIVE_NORMAL,NORMAL_TRENDING,CRISIS,1.175,1.175,"{'CRISIS': 0.25, 'DEFENSIVE': 0.25, 'GROWTH': 0.25, 'EUPHORIA': 0.25}",,-0.5091643107384559,False,17.799999237060547,0.0,0.0,0.0
2023-04-14,1.179002096771149,1.179002096771149,1.2006768037279782,-0.009634066262754105,-0.009634066262754105,-0.009634066262754105,-0.009634066262754105,-0.0024429586219197885,DEFENSIVE_NORMAL,NORMAL_TRENDING,CRISIS,1.175,1.175,"{'CRISIS': 0.25, 'DEFENSIVE': 0.25, 'GROWTH': 0.25, 'EUPHORIA': 0.25}",,0.0,False,17.06999969482422,0.0,0.0,0.0
2023-04-17,1.1834213067874682,1.1834213067874682,1.2051772562478915,0.0037482630679129365,0.0037482630679129365,0.0037482630679129365,0.0037482630679129365,0.0035883760478236937,DEFENSIVE_NORMAL,NORMAL_TRENDING,CRISIS,1.175,1.175,"{'CRISIS': 0.25, 'DEFENSIVE': 0.25, 'GROWTH': 0.25, 'EUPHORIA': 0.25}",,-0.9634066262754178,False,16.950000762939453,0.0,0.0,0.0
2023-04-18,1.2050168052869352,1.2050168052869352,1.227169765153739,0.018248360390003892,0.018248360390003892,0.018248360390003892,0.018248360390003892,0.0006523357562511212,DEFENSIVE_NORMAL,NORMAL_TRENDING,CRISIS,1.175,1.175,"{'CRISIS': 0.25, 'DEFENSIVE': 0.25, 'GROWTH': 0.25, 'EUPHORIA': 0.25}",,-0.59219142096078,False,16.829999923706055,0.0,0.0,0.0
2023-04-19,1.2049348184322337,1.2049348184322337,1.2270862710574009,-6.803793469253448e-05,-6.803793469253448e-05,-6.803793469253448e-05,-6.803793469253448e-05,-0.00016912412030645196,DEFENSIVE_NORMAL,NORMAL_TRENDING,CRISIS,1.175,1.175,"{'CRISIS': 0.25, 'DEFENSIVE': 0.25, 'GROWTH': 0.25, 'EUPHORIA': 0.25}",,0.0,False,16.459999084472656,0.0,0.0,0.0
2023-04-20,1.1974640414230098,1.1974640414230098,1.2194781517119264,-0.006200150327587337,-0.006200150327587337,-0.006200150327587337,-0.006200150327587337,-0.0054571037463702066,DEFENSIVE_NORMAL,NORMAL_TRENDING,CRISIS,1.175,1.175,"{'CRISIS': 0.25, 'DEFENSIVE': 0.25, 'GROWTH': 0.25, 'EUPHORIA': 0.25}",,-0.006803793469248434,False,17.170000076293945,0.0,0.0,0.0
2023-04-21,1.19989659369763,1.19989659369763,1.2219554238881092,0.0020314198927672963,0.0020314198927672963,0.0020314198927672963,0.0020314198927672963,0.0007769970182480712,DEFENSIVE_NORMAL,NORMAL_TRENDING,CRISIS,1.175,1.175,"{'CRISIS': 0.25, 'DEFENSIVE': 0.25, 'GROWTH': 0.25, 'EUPHORIA': 0.25}",,-0.6267766416856736,False,16.770000457763672,0.0,0.0,0.0
2023-04-24,1.1868422790235342,1.1868422790235342,1.2086611194414267,-0.010879533071985295,-0.010879533071985295,-0.010879533071985295,-0.010879533071985295,0.0010430944957680044,DEFENSIVE_NORMAL,NORMAL_TRENDING,CRISIS,1.175,1.175,"{'CRISIS': 0.25, 'DEFENSIVE': 0.25, 'GROWTH': 0.25, 'EUPHORIA': 0.25}",,-0.424907898947181,False,16.889999389648438,0.0,0.0,0.0
2023-04-25,1.1715474341416512,1.1715474341416512,1.193085095008063,-0.012887007104656631,-0.012887007104656631,-0.012887007104656631,-0.012887007104656631,-0.01587384925036006,DEFENSIVE_NORMAL,NORMAL_TRENDING,CRISIS,1.175,1.175,"{'CRISIS': 0.25, 'DEFENSIVE': 0.25, 'GROWTH': 0.25, 'EUPHORIA': 0.25}",,-1.508238406606563,False,18.760000228881836,0.0,0.0,0.0
2023-04-26,1.177441096292828,1.177441096292828,1.199087105906353,0.0050306645547773185,0.0050306645547773185,0.0050306645547773185,0.0050306645547773185,-0.004235493863818274,DEFENSIVE_NORMAL,NORMAL_TRENDING,CRISIS,1.175,1.175,"{'CRISIS': 0.25, 'DEFENSIVE': 0.25, 'GROWTH': 0.25, 'EUPHORIA': 0.25}",,-2.777502438010764,False,18.84000015258789,0.0,0.0,0.0
2023-04-27,1.1810658032720613,1.1810658032720613,1.2027784492908944,0.003078461411484391,0.003078461411484391,0.003078461411484391,0.003078461411484391,0.01990795468783957,DEFENSIVE_NORMAL,NORMAL_TRENDING,CRISIS,1.175,1.175,"{'CRISIS': 0.25, 'DEFENSIVE': 0.25, 'GROWTH': 0.25, 'EUPHORIA': 0.25}",,-2.2884086655987472,False,17.030000686645508,0.0,0.0,0.0
2023-04-28,1.1876860343296662,1.1876860343296662,1.2095203862967354,0.005605302464319847,0.005605302464319847,0.005605302464319847,0.005605302464319847,0.008535216404572665,DEFENSIVE_NORMAL,NORMAL_TRENDING,CRISIS,1.175,1.175,"{'CRISIS': 0.25, 'DEFENSIVE': 0.25, 'GROWTH': 0.25, 'EUPHORIA': 0.25}",,-1.9876073022210479,False,15.779999732971191,0.0,0.0,0.0
2023-05-01,1.18320048554263,1.18320048554263,1.2049523754379472,-0.003776712580078364,-0.003776712580078364,-0.003776712580078364,-0.003776712580078364,-0.001009636101387268,DEFENSIVE_NORMAL,NORMAL_TRENDING,CRISIS,1.175,1.175,"{'CRISIS': 0.25, 'DEFENSIVE': 0.25, 'GROWTH': 0.25, 'EUPHORIA': 0.25}",,-1.4382181958983051,False,16.079999923706055,0.0,0.0,0.0
2023-05-02,1.186379756053879,1.186379756053879,1.2081900934760128,0.0026870091333598923,0.0026870091333598923,0.0026870091333598923,0.0026870091333598923,-0.011239310107820866,DEFENSIVE_NORMAL,NORMAL_TRENDING,CRISIS,1.175,1.175,"{'CRISIS': 0.25, 'DEFENSIVE': 0.25, 'GROWTH': 0.25, 'EUPHORIA': 0.25}",,-1.8104577171528025,False,17.780000686645508,0.0,0.0,0.0
2023-05-03,1.1836063578103644,1.1836063578103644,1.2053657092381838,-0.002337698556775258,-0.002337698556775258,-0.002337698556775258,-0.002337698556775258,-0.006864104253524572,DEFENSIVE_NORMAL,NORMAL_TRENDING,CRISIS,1.175,1.175,"{'CRISIS': 0.25, 'DEFENSIVE': 0.25, 'GROWTH': 0.25, 'EUPHORIA': 0.25}",,-1.546621520238353,False,18.34000015258789,0.0,0.0,0.0
2023-05-04,1.192747781538718,1.192747781538718,1.214675188376297,0.007723364840034354,0.007723364840034354,0.007723364840034354,0.007723364840034354,-0.0070828481704676705,DEFENSIVE_NORMAL,NORMAL_TRENDING,CRISIS,1.175,1.175,"{'CRISIS': 0.25, 'DEFENSIVE': 0.25, 'GROWTH': 0.25, 'EUPHORIA': 0.25}",,-1.7767758410201406,False,20.09000015258789,0.0,0.0,0.0
2023-05-05,1.2041302937060971,1.2041302937060971,1.226266955994821,0.00954310068193559,0.00954310068193559,0.00954310068193559,0.00954310068193559,0.018512482914433637,DEFENSIVE_NORMAL,NORMAL_TRENDING,CRISIS,1.175,1.175,"{'CRISIS': 0.25, 'DEFENSIVE': 0.25, 'GROWTH': 0.25, 'EUPHORIA': 0.25}",,-1.018162045075868,False,17.190000534057617,0.0,0.0,0.0
2023-05-08,1.2177516235188026,1.2177516235188026,1.2401386995539152,0.011312172680899324,0.011312172680899324,0.011312172680899324,0.011312172680899324,0.0002666527681225439,DEFENSIVE_NORMAL,NORMAL_TRENDING,CRISIS,1.175,1.175,"{'CRISIS': 0.25, 'DEFENSIVE': 0.25, 'GROWTH': 0.25, 'EUPHORIA': 0.25}",,-0.07356839978900119,False,16.979999542236328,0.0,0.0,0.0
2023-05-09,1.2232263526175968,1.2232263526175968,1.2457140757586045,0.004495768260997707,0.004495768260997707,0.004495768260997707,0.004495768260997707,-0.004385226547305887,DEFENSIVE_NORMAL,NORMAL_TRENDING,CRISIS,1.175,1.175,"{'CRISIS': 0.25, 'DEFENSIVE': 0.25, 'GROWTH': 0.25, 'EUPHORIA': 0.25}",,0.0,False,17.709999084472656,0.0,0.0,0.0
2023-05-10,1.2316764160123865,1.2316764160123865,1.254319484634416,0.006908012876527173,0.006908012876527173,0.006908012876527173,0.006908012876527173,0.004672220349444922,DEFENSIVE_NORMAL,NORMAL_TRENDING,CRISIS,1.175,1.175,"{'CRISIS': 0.25, 'DEFENSIVE': 0.25, 'GROWTH': 0.25, 'EUPHORIA': 0.25}",,0.0,False,16.940000534057617,0.0,0.0,0.0
2023-05-11,1.2060263812726457,1.2060263812726457,1.2281979011264932,-0.020825303144785406,-0.020825303144785406,-0.020825303144785406,-0.020825303144785406,-0.0017441548253022132,DEFENSIVE_NORMAL,NORMAL_TRENDING,CRISIS,1.175,1.175,"{'CRISIS': 0.25, 'DEFENSIVE': 0.25, 'GROWTH': 0.25, 'EUPHORIA': 0.25}",,0.0,False,16.93000030517578,0.0,0.0,0.0
2023-05-12,1.1907312653236102,1.1907312653236102,1.212621600642694,-0.012682239946439237,-0.012682239946439237,-0.012682239946439237,-0.012682239946439237,-0.0013099412260758614,DEFENSIVE_NORMAL,NORMAL_TRENDING,CRISIS,1.175,1.175,"{'CRISIS': 0.25, 'DEFENSIVE': 0.25, 'GROWTH': 0.25, 'EUPHORIA': 0.25}",,-2.0825303144785403,False,17.030000686645508,0.0,0.0,0.0
2023-05-15,1.2012410140661587,1.2012410140661587,1.223324560003619,0.008826297795827297,0.008826297795827297,0.008826297795827297,0.008826297795827297,0.0034498871181443125,DEFENSIVE_NORMAL,NORMAL_TRENDING,CRISIS,1.175,1.175,"{'CRISIS': 0.25, 'DEFENSIVE': 0.25, 'GROWTH': 0.25, 'EUPHORIA': 0.25}",,-3.3243431599785116,False,17.1200008392334,0.0,0.0,0.0
2023-05-16,1.1909283378152191,1.1909283378152191,1.2128222961036905,-0.008585018435252697,-0.008585018435252697,-0.008585018435252697,-0.008585018435252697,-0.006682698588385327,DEFENSIVE_NORMAL,NORMAL_TRENDING,CRISIS,1.175,1.175,"{'CRISIS': 0.25, 'DEFENSIVE': 0.25, 'GROWTH': 0.25, 'EUPHORIA': 0.25}",,-2.471055023101277,False,17.989999771118164,0.0,0.0,0.0
2023-05-17,1.1999051587310028,1.1999051587310028,1.221964146380564,0.0075376667350546865,0.0075376667350546865,0.0075376667350546865,0.0075376667350546865,0.012139062667070766,DEFENSIVE_NORMAL,NORMAL_TRENDING,CRISIS,1.175,1.175,"{'CRISIS': 0.25, 'DEFENSIVE': 0.25, 'GROWTH': 0.25, 'EUPHORIA': 0.25}",,-3.308342813698708,False,16.8700008392334,0.0,0.0,0.0
2023-05-18,1.1989380369748162,1.1989380369748162,1.2209792451134551,-0.0008059984984224917,-0.0008059984984224917,-0.0008059984984224917,-0.0008059984984224917,0.009633151171123844,DEFENSIVE_NORMAL,NORMAL_TRENDING,CRISIS,1.175,1.175,"{'CRISIS': 0.25, 'DEFENSIVE': 0.25, 'GROWTH': 0.25, 'EUPHORIA': 0.25}",,-2.5795133257682146,False,16.049999237060547,0.0,0.0,0.0
2023-05-19,1.2087834309954626,1.2087834309954626,1.2310056362933572,0.008211762173705483,0.008211762173705483,0.008211762173705483,0.008211762173705483,-0.0014551568180610763,DEFENSIVE_NORMAL,NORMAL_TRENDING,CRISIS,1.175,1.175,"{'CRISIS': 0.25, 'DEFENSIVE': 0.25, 'GROWTH': 0.25, 'EUPHORIA': 0.25}",,-2.658034091743231,False,16.809999465942383,0.0,0.0,0.0
2023-05-22,1.2054645762839689,1.2054645762839689,1.2276257679471119,-0.0027456156548741496,-0.0027456156548741496,-0.0027456156548741496,-0.0027456156548741496,0.000406154970332695,DEFENSIVE_NORMAL,NORMAL_TRENDING,CRISIS,1.175,1.175,"{'CRISIS': 0.25, 'DEFENSIVE': 0.25, 'GROWTH': 0.25, 'EUPHORIA': 0.25}",,-1.8586850181836816,False,17.209999084472656,0.0,0.0,0.0
2023-05-23,1.1908844631641557,1.1908844631641557,1.2127776148635574,-0.01209501581934381,-0.01209501581934381,-0.01209501581934381,-0.01209501581934381,-0.011222801175951425,DEFENSIVE_NORMAL,NORMAL_TRENDING,CRISIS,1.175,1.175,"{'CRISIS': 0.25, 'DEFENSIVE': 0.25, 'GROWTH': 0.25, 'EUPHORIA': 0.25}",,-2.1281433489876926,False,18.530000686645508,0.0,0.0,0.0
2023-05-24,1.1744472593721558,1.1744472593721558,1.1960382304593626,-0.013802517624863923,-0.013802517624863923,-0.013802517624863923,-0.013802517624863923,-0.007244811654143812,DEFENSIVE_NORMAL,NORMAL_TRENDING,CRISIS,1.175,1.175,"{'CRISIS': 0.25, 'DEFENSIVE': 0.25, 'GROWTH': 0.25, 'EUPHORIA': 0.25}",,-3.3119050034502413,False,20.030000686645508,0.0,0.0,0.0
2023-05-25,1.2180553001170955,1.2180553001170955,1.240391004723931,0.037130693095790444,0.037130693095790444,0.037130693095790444,0.0370830740481714,0.008659866718847997,RISK_OFF,EARLY_DD_UNCERTAINTY,CRISIS,1.175,1.0575,"{'CRISIS': 0.25, 'DEFENSIVE': 0.25, 'GROWTH': 0.25, 'EUPHORIA': 0.25}",,-4.646444138754642,False,19.139999389648438,0.0,0.45916328991052235,-5.695420145044584e-05
2023-05-26,1.2347058702732445,1.2347058702732445,1.2573468994548405,0.01366979820583531,0.01366979820583531,0.01366979820583531,0.01366979820583531,0.01295092595417513,DEFENSIVE_NORMAL,NORMAL_TRENDING,CRISIS,1.175,1.175,"{'CRISIS': 0.25, 'DEFENSIVE': 0.25, 'GROWTH': 0.25, 'EUPHORIA': 0.25}",,-1.110441165995635,False,17.950000762939453,0.0,0.0,0.0
2023-05-30,1.2407412985083361,1.2407412985083361,1.2634930004502096,0.004888150595538868,0.004888150595538868,0.004888150595538868,0.004888150595538868,0.0003807810748266416,DEFENSIVE_NORMAL,NORMAL_TRENDING,CRISIS,1.175,1.175,"{'CRISIS': 0.25, 'DEFENSIVE': 0.25, 'GROWTH': 0.25, 'EUPHORIA': 0.25}",,0.0,False,17.459999084472656,0.0,0.0,0.0
2023-05-31,1.2232219359325107,1.2232219359325107,1.2456523820928478,-0.01412007692247183,-0.01412007692247183,-0.01412007692247183,-0.01412007692247183,-0.005545154194140589,DEFENSIVE_NORMAL,NORMAL_TRENDING,CRISIS,1.175,1.175,"{'CRISIS': 0.25, 'DEFENSIVE': 0.25, 'GROWTH': 0.25, 'EUPHORIA': 0.25}",,0.0,False,17.940000534057617,0.0,0.0,0.0
2023-06-01,1.2478784783124277,1.2478784783124277,1.2707610560362257,0.02015704726642297,0.02015704726642297,0.02015704726642297,0.02015704726642297,0.009500920490133735,DEFENSIVE_NORMAL,NORMAL_TRENDING,CRISIS,1.175,1.175,"{'CRISIS': 0.25, 'DEFENSIVE': 0.25, 'GROWTH': 0.25, 'EUPHORIA': 0.25}",,-1.4120076922471942,False,15.649999618530273,0.0,0.0,0.0
2023-06-02,1.240469525266088,1.240469525266088,1.2632162436519125,-0.005937239222491694,-0.005937239222491694,-0.005937239222491694,-0.005937239222491694,0.014461021169695165,DEFENSIVE_NORMAL,NORMAL_TRENDING,CRISIS,1.175,1.175,"{'CRISIS': 0.25, 'DEFENSIVE': 0.25, 'GROWTH': 0.25, 'EUPHORIA': 0.25}",,0.0,False,14.600000381469727,0.0,0.0,0.0
2023-06-05,1.2457655265740923,1.2457655265740923,1.268609358712307,0.004269352209090641,0.004269352209090641,0.004269352209090641,0.004269352209090641,-0.0019160581041940405,DEFENSIVE_NORMAL,NORMAL_TRENDING,CRISIS,1.175,1.175,"{'CRISIS': 0.25, 'DEFENSIVE': 0.25, 'GROWTH': 0.25, 'EUPHORIA': 0.25}",,-0.5937239222491618,False,14.729999542236328,0.0,0.0,0.0
2023-06-06,1.2441078398443517,1.2441078398443517,1.2669212746753813,-0.0013306570894599137,-0.0013306570894599137,-0.0013306570894599137,-0.0013306570894599137,0.0021775031622890406,DEFENSIVE_NORMAL,NORMAL_TRENDING,CRISIS,1.175,1.175,"{'CRISIS': 0.25, 'DEFENSIVE': 0.25, 'GROWTH': 0.25, 'EUPHORIA': 0.25}",,-0.16932351787913805,False,13.960000038146973,0.0,0.0,0.0
2023-06-07,1.2220215838923152,1.2220215838923152,1.2444300189759867,-0.017752686097372083,-0.017752686097372083,-0.017752686097372083,-0.017752686097372083,-0.003457696929716425,DEFENSIVE_NORMAL,NORMAL_TRENDING,CRISIS,1.175,1.175,"{'CRISIS': 0.25, 'DEFENSIVE': 0.25, 'GROWTH': 0.25, 'EUPHORIA': 0.25}",,-0.30216391528565506,False,13.9399995803833,0.0,0.0,0.0
2023-06-08,1.2345204977346558,1.2345204977346558,1.2571581277058352,0.010228063077682885,0.010228063077682885,0.010228063077682885,0.010228063077682885,0.006048534789029114,DEFENSIVE_NORMAL,NORMAL_TRENDING,CRISIS,1.175,1.175,"{'CRISIS': 0.25, 'DEFENSIVE': 0.25, 'GROWTH': 0.25, 'EUPHORIA': 0.25}",,-2.0720683038848464,False,13.649999618530273,0.0,0.0,0.0
2023-06-09,1.230608965460935,1.230608965460935,1.2531748689436557,-0.0031684628006570436,-0.0031684628006570436,-0.0031684628006570436,-0.0031684628006570436,0.0017942101071992678,DEFENSIVE_NORMAL,NORMAL_TRENDING,CRISIS,1.175,1.175,"{'CRISIS': 0.25, 'DEFENSIVE': 0.25, 'GROWTH': 0.25, 'EUPHORIA': 0.25}",,-1.070455241429957,False,13.829999923706055,0.0,0.0,0.0
2023-06-12,1.2355199858018335,1.2355199858018335,1.258175943569973,0.003990723681311095,0.003990723681311095,0.003990723681311095,0.003990723681311095,0.009071881903834234,DEFENSIVE_NORMAL,NORMAL_TRENDING,CRISIS,1.175,1.175,"{'CRISIS': 0.25, 'DEFENSIVE': 0.25, 'GROWTH': 0.25, 'EUPHORIA': 0.25}",,-1.383909823883417,False,15.010000228881836,0.0,0.0,0.0
2023-06-13,1.2362616866846774,1.2362616866846774,1.2589312451586503,0.000600314759264979,0.000600314759264979,0.000600314759264979,0.000600314759264979,0.006592956819854612,DEFENSIVE_NORMAL,NORMAL_TRENDING,CRISIS,1.175,1.175,"{'CRISIS': 0.25, 'DEFENSIVE': 0.25, 'GROWTH': 0.25, 'EUPHORIA': 0.25}",,-0.9903602574592777,False,14.609999656677246,0.0,0.0,0.0
2023-06-14,1.2529155893155743,1.2529155893155743,1.2758905334725117,0.013471179128391584,0.013471179128391584,0.013471179128391584,0.013471179128391584,0.0011906507947028189,DEFENSIVE_NORMAL,NORMAL_TRENDING,CRISIS,1.175,1.175,"{'CRISIS': 0.25, 'DEFENSIVE': 0.25, 'GROWTH': 0.25, 'EUPHORIA': 0.25}",,-0.9309233094123215,False,13.880000114440918,0.0,0.0,0.0
2023-06-15,1.2597693763782434,1.2597693763782434,1.2828699996921578,0.005470270400588658,0.005470270400588658,0.005470270400588658,0.005470270400588658,0.01239773151954826,DEFENSIVE_NORMAL,NORMAL_TRENDING,CRISIS,1.175,1.175,"{'CRISIS': 0.25, 'DEFENSIVE': 0.25, 'GROWTH': 0.25, 'EUPHORIA': 0.25}",,0.0,False,14.5,0.0,0.0,0.0
2023-06-16,1.2619957249382876,1.2619957249382876,1.2851371732162116,0.0017672667726254159,0.0017672667726254159,0.0017672667726254159,0.0017672667726254159,-0.003406111664898126,DEFENSIVE_NORMAL,NORMAL_TRENDING,CRISIS,1.175,1.175,"{'CRISIS': 0.25, 'DEFENSIVE': 0.25, 'GROWTH': 0.25, 'EUPHORIA': 0.25}",,0.0,False,13.539999961853027,0.0,0.0,0.0
2023-06-20,1.245623638699722,1.245623638699722,1.2684648690138252,-0.012973170918915974,-0.012973170918915974,-0.012973170918915974,-0.012973170918915974,-0.005188327743195331,DEFENSIVE_NORMAL,NORMAL_TRENDING,CRISIS,1.175,1.175,"{'CRISIS': 0.25, 'DEFENSIVE': 0.25, 'GROWTH': 0.25, 'EUPHORIA': 0.25}",,0.0,False,13.880000114440918,0.0,0.0,0.0
2023-06-21,1.2252017003192313,1.2252017003192313,1.2476684497841302,-0.01639495088725897,-0.01639495088725897,-0.01639495088725897,-0.01639495088725897,-0.005123563896471506,DEFENSIVE_NORMAL,NORMAL_TRENDING,CRISIS,1.175,1.175,"{'CRISIS': 0.25, 'DEFENSIVE': 0.25, 'GROWTH': 0.25, 'EUPHORIA': 0.25}",,-1.2973170918915955,False,13.199999809265137,0.0,0.0,0.0
2023-06-22,1.2069281633257136,1.2069281633257136,1.2290598275737343,-0.014914717298185588,-0.014914717298185588,-0.014914717298185588,-0.014914717298185588,0.003609536321937279,DEFENSIVE_NORMAL,NORMAL_TRENDING,CRISIS,1.175,1.175,"{'CRISIS': 0.25, 'DEFENSIVE': 0.25, 'GROWTH': 0.25, 'EUPHORIA': 0.25}",,-2.915542730610724,False,12.90999984741211,0.0,0.0,0.0
2023-06-23,1.2017325777467416,1.2017325777467416,1.223710442925653,-0.004304801012063103,-0.004304801012063103,-0.004304801012063103,-0.00435242005968215,-0.007559881757787101,RISK_OFF,EARLY_DD_UNCERTAINTY,CRISIS,1.175,1.0575,"{'CRISIS': 0.25, 'DEFENSIVE': 0.25, 'GROWTH': 0.25, 'EUPHORIA': 0.25}",,-4.363529964831449,False,13.4399995803833,0.0,0.47827211734800834,-5.8526658455892114e-05
2023-06-26,1.2004901532219427,1.2004901532219427,1.2223870244158612,-0.0010338610667678212,-0.0010338610667678212,-0.0010338610667678212,-0.0010814801143868688,-0.0040857458942883396,RISK_OFF,EARLY_DD_UNCERTAINTY,CRISIS,1.175,1.0575,"{'CRISIS': 0.25, 'DEFENSIVE': 0.25, 'GROWTH': 0.25, 'EUPHORIA': 0.25}",,-4.77978005544971,False,14.25,0.0,0.47670602427613934,-5.827192585360252e-05
2023-06-27,1.2090518955727412,1.2090518955727412,1.2310467235476819,0.007131872200550747,0.007131872200550747,0.007131872200550747,0.0070842531529317,0.010963196475230585,RISK_OFF,EARLY_DD_UNCERTAINTY,CRISIS,1.175,1.0575,"{'CRISIS': 0.25, 'DEFENSIVE': 0.25, 'GROWTH': 0.25, 'EUPHORIA': 0.25}",,-4.882758829807288,False,13.739999771118164,0.0,0.472840752598049,-5.820890592456482e-05
2023-06-28,1.1950815404854027,1.1950815404854027,1.2167636013086796,-0.011554801856309487,-0.011554801856309487,-0.011554801856309487,-0.011602420903928535,0.0005044620291365653,RISK_OFF,EARLY_DD_UNCERTAINTY,CRISIS,1.175,1.0575,"{'CRISIS': 0.25, 'DEFENSIVE': 0.25, 'GROWTH': 0.25, 'EUPHORIA': 0.25}",,-4.208924214149203,False,13.430000305175781,0.0,0.48178029394403327,-5.862127254988961e-05
2023-06-29,1.1836234156721162,1.1836234156721162,1.2050396535235415,-0.009587734748737444,-0.009587734748737444,-0.009587734748737444,-0.009635353796356492,0.003941383384699959,RISK_OFF,EARLY_DD_UNCERTAINTY,CRISIS,1.175,1.0575,"{'CRISIS': 0.25, 'DEFENSIVE': 0.25, 'GROWTH': 0.25, 'EUPHORIA': 0.25}",,-5.320332594256757,False,13.539999961853027,0.0,0.480823379566156,-5.794112387184189e-05
2023-06-30,1.1999560164054437,1.1999560164054437,1.2216103901237851,0.01379881516119974,0.01379881516119974,0.01379881516119974,0.013751196113580692,0.01180067258159112,RISK_OFF,EARLY_DD_UNCERTAINTY,CRISIS,1.175,1.0575,"{'CRISIS': 0.25, 'DEFENSIVE': 0.25, 'GROWTH': 0.25, 'EUPHORIA': 0.25}",,-6.232604687032462,False,13.59000015258789,0.0,0.4697311115548354,-5.738284064397817e-05
2023-07-03,1.2042832488894966,1.2042832488894966,1.2259575398045122,0.003606159246582549,0.003606159246582549,0.003606159246582549,0.0035585401989635013,0.0011506161273204807,RISK_OFF,EARLY_DD_UNCERTAINTY,CRISIS,1.175,1.0575,"{'CRISIS': 0.25, 'DEFENSIVE': 0.25, 'GROWTH': 0.25, 'EUPHORIA': 0.25}",,-4.94319084502419,False,13.569999694824219,0.0,0.4745019419555412,-5.817192333922787e-05
2023-07-05,1.2098324429396712,1.2098324429396712,1.2315482274801972,0.004607881123723706,0.004607881123723706,0.004607881123723706,0.004560262076104659,-0.0014873296525450552,RISK_OFF,EARLY_DD_UNCERTAINTY,CRISIS,1.175,1.0575,"{'CRISIS': 0.25, 'DEFENSIVE': 0.25, 'GROWTH': 0.25, 'EUPHORIA': 0.25}",,-4.604927368461002,False,14.180000305175781,0.0,0.4740287807187822,-5.837893046688153e-05
2023-07-06,1.1973851800742144,1.1973851800742144,1.2188188983748642,-0.01028841881212258,-0.01028841881212258,-0.01028841881212258,-0.010336037859741628,-0.007830422244935353,RISK_OFF,EARLY_DD_UNCERTAINTY,CRISIS,1.175,1.0575,"{'CRISIS': 0.25, 'DEFENSIVE': 0.25, 'GROWTH': 0.25, 'EUPHORIA': 0.25}",,-4.169900836492149,False,15.4399995803833,0.0,0.4811638034799826,-5.8645153689533205e-05
2023-07-07,1.2080311362927652,1.2080311362927652,1.2295973828696942,0.00889100382709846,0.00889100382709846,0.00889100382709846,0.008843384779479413,-0.002524863056817206,RISK_OFF,EARLY_DD_UNCERTAINTY,CRISIS,1.175,1.0575,"{'CRISIS': 0.25, 'DEFENSIVE': 0.25, 'GROWTH': 0.25, 'EUPHORIA': 0.25}",,-5.160404369548957,False,14.829999923706055,0.0,0.4720162548268734,-5.803899516070782e-05
2023-07-10,1.2092347966394645,1.2092347966394645,1.2307639791775897,0.0009963818899512468,0.0009963818899512468,0.0009963818899512468,0.0009487628423321991,0.0025312541268496247,RISK_OFF,EARLY_DD_UNCERTAINTY,CRISIS,1.175,1.0575,"{'CRISIS': 0.25, 'DEFENSIVE': 0.25, 'GROWTH': 0.25, 'EUPHORIA': 0.25}",,-4.321701333058656,False,15.069999694824219,0.0,0.47573911259779933,-5.8552256327128296e-05
2023-07-11,1.2133607945791631,1.2133607945791631,1.2349048284608104,0.0034120734460875188,0.0034120734460875188,0.0034120734460875188,0.003364454398468471,0.006368345341065007,RISK_OFF,EARLY_DD_UNCERTAINTY,CRISIS,1.175,1.0575,"{'CRISIS': 0.25, 'DEFENSIVE': 0.25, 'GROWTH': 0.25, 'EUPHORIA': 0.25}",,-4.230925318465914,False,14.84000015258789,0.0,0.4745937272373868,-5.860780853226618e-05
2023-07-12,1.2462645110841781,1.2462645110841781,1.2683339675066314,0.02711783391388316,0.02711783391388316,0.02711783391388316,0.027070214866264115,0.008045952700349357,RISK_OFF,EARLY_DD_UNCERTAINTY,CRISIS,1.175,1.0575,"{'CRISIS': 0.25, 'DEFENSIVE': 0.25, 'GROWTH': 0.25, 'EUPHORIA': 0.25}",,-3.908714633916365,False,13.539999961853027,0.0,0.46363965121165696,-5.8804991831467164e-05
2023-07-13,1.2725978876103694,1.2725978876103694,1.2951336682364987,0.0211298454637713,0.0211298454637713,0.0211298454637713,0.0211298454637713,0.007936942465786023,DEFENSIVE_NORMAL,NORMAL_TRENDING,CRISIS,1.175,1.175,"{'CRISIS': 0.25, 'DEFENSIVE': 0.25, 'GROWTH': 0.25, 'EUPHORIA': 0.25}",,-1.307502892280993,False,13.609999656677246,0.0,0.0,0.0
2023-07-14,1.2657793327227882,1.2657793327227882,1.2881943670718494,-0.0053579806739933655,-0.0053579806739933655,-0.0053579806739933655,-0.0053579806739933655,-0.0006228876262921457,DEFENSIVE_NORMAL,NORMAL_TRENDING,CRISIS,1.175,1.175,"{'CRISIS': 0.25, 'DEFENSIVE': 0.25, 'GROWTH': 0.25, 'EUPHORIA': 0.25}",,0.0,False,13.34000015258789,0.0,0.0,0.0
2023-07-17,1.2756949808972955,1.2756949808972955,1.2982856063534944,0.007833630964078032,0.007833630964078032,0.007833630964078032,0.007833630964078032,0.0034722363463173256,DEFENSIVE_NORMAL,NORMAL_TRENDING,CRISIS,1.175,1.175,"{'CRISIS': 0.25, 'DEFENSIVE': 0.25, 'GROWTH': 0.25, 'EUPHORIA': 0.25}",,-0.5357980673993329,False,13.479999542236328,0.0,0.0,0.0
2023-07-18,1.2943917236919118,1.2943917236919118,1.3173134401377664,0.01465612319134893,0.01465612319134893,0.01465612319134893,0.01465612319134893,0.007430575935507111,DEFENSIVE_NORMAL,NORMAL_TRENDING,CRISIS,1.175,1.175,"{'CRISIS': 0.25, 'DEFENSIVE': 0.25, 'GROWTH': 0.25, 'EUPHORIA': 0.25}",,0.0,False,13.300000190734863,0.0,0.0,0.0
2023-07-19,1.290515767392924,1.290515767392924,1.313368846524729,-0.002994422961800722,-0.002994422961800722,-0.002994422961800722,-0.002994422961800722,0.0022237546446737255,DEFENSIVE_NORMAL,NORMAL_TRENDING,CRISIS,1.175,1.175,"{'CRISIS': 0.25, 'DEFENSIVE': 0.25, 'GROWTH': 0.25, 'EUPHORIA': 0.25}",,0.0,False,13.760000228881836,0.0,0.0,0.0
2023-07-20,1.264408043131481,1.264408043131481,1.2867987940193597,-0.02023045740400777,-0.02023045740400777,-0.02023045740400777,-0.02023045740400777,-0.006634518434817105,DEFENSIVE_NORMAL,NORMAL_TRENDING,CRISIS,1.175,1.175,"{'CRISIS': 0.25, 'DEFENSIVE': 0.25, 'GROWTH': 0.25, 'EUPHORIA': 0.25}",,-0.2994422961800806,False,13.989999771118164,0.0,0.0,0.0
2023-07-21,1.2594348552725898,1.2594348552725898,1.2817375385377798,-0.003933214349518341,-0.003933214349518341,-0.003933214349518341,-0.003933214349518341,0.0,DEFENSIVE_NORMAL,NORMAL_TRENDING,CRISIS,1.175,1.175,"{'CRISIS': 0.25, 'DEFENSIVE': 0.25, 'GROWTH': 0.25, 'EUPHORIA': 0.25}",,-2.3164301819630295,False,13.600000381469727,0.0,0.0,0.0
2023-07-24,1.2558516090000407,1.2558516090000407,1.278090838402299,-0.0028451223638507107,-0.0028451223638507107,-0.0028451223638507107,-0.0028451223638507107,0.004467418678659962,DEFENSIVE_NORMAL,NORMAL_TRENDING,CRISIS,1.175,1.175,"{'CRISIS': 0.25, 'DEFENSIVE': 0.25, 'GROWTH': 0.25, 'EUPHORIA': 0.25}",,-2.7006406004835117,False,13.90999984741211,0.0,0.0,0.0
2023-07-25,1.2690521843831348,1.2690521843831348,1.291525175976788,0.010511254107167248,0.010511254107167248,0.010511254107167248,0.010511254107167248,0.002729925515510878,DEFENSIVE_NORMAL,NORMAL_TRENDING,CRISIS,1.175,1.175,"{'CRISIS': 0.25, 'DEFENSIVE': 0.25, 'GROWTH': 0.25, 'EUPHORIA': 0.25}",,-2.9774691838994194,False,13.859999656677246,0.0,0.0,0.0
2023-07-26,1.2689384363198304,1.2689384363198304,1.2914094136076089,-8.963229779214183e-05,-8.963229779214183e-05,-8.963229779214183e-05,-8.963229779214183e-05,0.0001537979373227305,DEFENSIVE_NORMAL,NORMAL_TRENDING,CRISIS,1.175,1.175,"{'CRISIS': 0.25, 'DEFENSIVE': 0.25, 'GROWTH': 0.25, 'EUPHORIA': 0.25}",,-1.957640708370923,False,13.1899995803833,0.0,0.0,0.0
2023-07-27,1.2445844066112297,1.2445844066112297,1.2666241109287961,-0.019192443866096556,-0.019192443866096556,-0.019192443866096556,-0.019192443866096556,-0.006630072121731723,DEFENSIVE_NORMAL,NORMAL_TRENDING,CRISIS,1.175,1.175,"{'CRISIS': 0.25, 'DEFENSIVE': 0.25, 'GROWTH': 0.25, 'EUPHORIA': 0.25}",,-1.966428470315195,False,14.40999984741211,0.0,0.0,0.0
2023-07-28,1.2584820468852052,1.2584820468852052,1.2807678573573429,0.011166490758000166,0.011166490758000166,0.011166490758000166,0.011166490758000166,0.009790321402450397,DEFENSIVE_NORMAL,NORMAL_TRENDING,CRISIS,1.175,1.175,"{'CRISIS': 0.25, 'DEFENSIVE': 0.25, 'GROWTH': 0.25, 'EUPHORIA': 0.25}",,-3.8479322888916347,False,13.329999923706055,0.0,0.0,0.0
2023-07-31,1.2721033366046424,1.2721033366046424,1.2946303594816966,0.010823586838724015,0.010823586838724015,0.010823586838724015,0.010823586838724015,0.0019041445417558034,DEFENSIVE_NORMAL,NORMAL_TRENDING,CRISIS,1.175,1.175,"{'CRISIS': 0.25, 'DEFENSIVE': 0.25, 'GROWTH': 0.25, 'EUPHORIA': 0.25}",,-2.774251113432923,False,13.630000114440918,0.0,0.0,0.0
2023-08-01,1.250465200284446,1.250465200284446,1.2726090445486662,-0.017009731597709864,-0.017009731597709864,-0.017009731597709864,-0.017009731597709864,-0.002861594762114894,DEFENSIVE_NORMAL,NORMAL_TRENDING,CRISIS,1.175,1.175,"{'CRISIS': 0.25, 'DEFENSIVE': 0.25, 'GROWTH': 0.25, 'EUPHORIA': 0.25}",,-1.7219197773991894,False,13.930000305175781,0.0,0.0,0.0
2023-08-02,1.22989025712512,1.22989025712512,1.251669750316666,-0.01645383106594706,-0.01645383106594706,-0.01645383106594706,-0.01645383106594706,-0.01391085009308668,DEFENSIVE_NORMAL,NORMAL_TRENDING,CRISIS,1.175,1.175,"{'CRISIS': 0.25, 'DEFENSIVE': 0.25, 'GROWTH': 0.25, 'EUPHORIA': 0.25}",,-3.3936035439238346,False,16.09000015258789,0.0,0.0,0.0
2023-08-03,1.2284839474362421,1.2284839474362421,1.250178933692289,-0.0011434432305895568,-0.0011434432305895568,-0.0011434432305895568,-0.0011910622782086045,-0.0028657709805249842,RISK_OFF,EARLY_DD_UNCERTAINTY,CRISIS,1.175,1.0575,"{'CRISIS': 0.25, 'DEFENSIVE': 0.25, 'GROWTH': 0.25, 'EUPHORIA': 0.25}",,-4.983148871102025,False,15.920000076293945,0.0,0.47675832504726195,-5.960332144365077e-05
2023-08-04,1.232393829758458,1.232393829758458,1.2540983320780181,0.0031826889804913135,0.0031826889804913135,0.0031826889804913135,0.003135069932872266,-0.004522705527600701,RISK_OFF,EARLY_DD_UNCERTAINTY,CRISIS,1.175,1.0575,"{'CRISIS': 0.25, 'DEFENSIVE': 0.25, 'GROWTH': 0.25, 'EUPHORIA': 0.25}",,-5.096319858275821,False,17.100000381469727,0.0,0.4747022514349358,-5.953233017582329e-05
2023-08-07,1.2302681216411102,1.2302681216411102,1.251875467741778,-0.0017248610517340405,-0.0017248610517340405,-0.0017248610517340405,-0.0017724800993530881,0.008728329826199976,RISK_OFF,EARLY_DD_UNCERTAINTY,CRISIS,1.175,1.0575,"{'CRISIS': 0.25, 'DEFENSIVE': 0.25, 'GROWTH': 0.25, 'EUPHORIA': 0.25}",,-4.798790184144569,False,15.770000457763672,0.0,0.47703601303024706,-5.9718968194191344e-05
2023-08-08,1.214213633892366,1.214213633892366,1.2354793999878544,-0.013049584449386885,-0.013049584449386885,-0.013049584449386885,-0.013097203497005933,-0.004348599362580141,RISK_OFF,EARLY_DD_UNCERTAINTY,CRISIS,1.175,1.0575,"{'CRISIS': 0.25, 'DEFENSIVE': 0.25, 'GROWTH': 0.25, 'EUPHORIA': 0.25}",,-4.967532433977503,False,15.989999771118164,0.0,0.4825100079539916,-5.961311751151324e-05
2023-08-09,1.1992725213658908,1.1992725213658908,1.2202177761133715,-0.012305176049274573,-0.012305176049274573,-0.012305176049274573,-0.012352795096893621,-0.006685290829460566,RISK_OFF,EARLY_DD_UNCERTAINTY,CRISIS,1.175,1.0575,"{'CRISIS': 0.25, 'DEFENSIVE': 0.25, 'GROWTH': 0.25, 'EUPHORIA': 0.25}",,-6.212192000512324,False,15.960000038146973,0.0,0.48214633102433885,-5.883235238037402e-05
2023-08-10,1.2111995383181218,1.2111995383181218,1.232294992412088,0.009945209899954286,0.009945209899954286,0.009945209899954286,0.009897590852335238,0.0003589579446625635,RISK_OFF,EARLY_DD_UNCERTAINTY,CRISIS,1.175,1.0575,"{'CRISIS': 0.25, 'DEFENSIVE': 0.25, 'GROWTH': 0.25, 'EUPHORIA': 0.25}",,-7.3707335753167875,False,15.850000381469727,0.0,0.4715235292209976,-5.810560838635102e-05
2023-08-11,1.2041292416973735,1.2041292416973735,1.2250428717694177,-0.005837433384895568,-0.005837433384895568,-0.005837433384895568,-0.005885052432514615,-0.0005830443550409736,RISK_OFF,EARLY_DD_UNCERTAINTY,CRISIS,1.175,1.0575,"{'CRISIS': 0.25, 'DEFENSIVE': 0.25, 'GROWTH': 0.25, 'EUPHORIA': 0.25}",,-6.4539269952933145,False,14.84000015258789,0.0,0.4790094720491566,-5.8680713924385146e-05
2023-08-14,1.2132350899166526,1.2132350899166526,1.234248537355729,0.0075621851076744726,0.0075621851076744726,0.0075621851076744726,0.007514566060055425,0.005519986769736196,RISK_OFF,EARLY_DD_UNCERTAINTY,CRISIS,1.175,1.0575,"{'CRISIS': 0.25, 'DEFENSIVE': 0.25, 'GROWTH': 0.25, 'EUPHORIA': 0.25}",,-7.004450539781853,False,14.819999694824219,0.0,0.47263880070007014,-5.833537484616275e-05
2023-08-15,1.2007307399769978,1.2007307399769978,1.2236254728009008,-0.010306617442555016,-0.010306617442555016,-0.010306617442555016,-0.008606908765382938,-0.011648851498607504,RISK_OFF,EARLY_DD_UNCERTAINTY,CRISIS,1.175,1.0575,"{'CRISIS': 0.25, 'DEFENSIVE': 0.25, 'GROWTH': 0.25, 'EUPHORIA': 0.25}",,-6.305629340071891,False,16.459999084472656,17.624973789308097,0.48032458608064266,0.002097862948730478
2023-08-16,1.1884807300979339,1.1884807300979339,1.2110836200249557,-0.010202128979640023,-0.010202128979640023,-0.010202128979640023,-0.010249748027259071,-0.007338141381253549,RISK_OFF,EARLY_DD_UNCERTAINTY,CRISIS,1.175,1.0575,"{'CRISIS': 0.25, 'DEFENSIVE': 0.25, 'GROWTH': 0.25, 'EUPHORIA': 0.25}",,-7.112048240171872,False,16.780000686645508,0.0,0.48112185396401513,-5.826787965718575e-05
2023-08-17,1.1902042582560335,1.1902042582560335,1.212782256119997,0.0014501944494779526,0.0014501944494779526,0.0014501944494779526,0.001402575401858905,-0.007620015658734713,RISK_OFF,EARLY_DD_UNCERTAINTY,CRISIS,1.175,1.0575,"{'CRISIS': 0.25, 'DEFENSIVE': 0.25, 'GROWTH': 0.25, 'EUPHORIA': 0.25}",,-8.064126340478317,False,17.889999389648438,0.0,0.475523518600282,-5.767064857261694e-05
2023-08-18,1.1997150975506563,1.1997150975506563,1.2224157630863164,0.007990930320278564,0.007990930320278564,0.007990930320278564,0.007943311272659516,0.00048135682970951166,RISK_OFF,EARLY_DD_UNCERTAINTY,CRISIS,1.175,1.0575,"{'CRISIS': 0.25, 'DEFENSIVE': 0.25, 'GROWTH': 0.25, 'EUPHORIA': 0.25}",,-7.93517934553506,False,17.299999237060547,0.0,0.4724377560373151,-5.775153600571415e-05
2023-08-21,1.2239111114528993,1.2239111114528993,1.2470113967606204,0.020168133210661115,0.020168133210661115,0.020168133210661115,0.02012051416304207,0.006506415749087724,RISK_OFF,EARLY_DD_UNCERTAINTY,CRISIS,1.175,1.0575,"{'CRISIS': 0.25, 'DEFENSIVE': 0.25, 'GROWTH': 0.25, 'EUPHORIA': 0.25}",,-7.203879817815075,False,17.1299991607666,0.0,0.466798255283756,-5.821027443268173e-05
2023-08-22,1.2222109083205643,1.2222109083205643,1.2452197222395234,-0.0013891557290600573,-0.0013891557290600573,-0.0013891557290600573,-0.001436774776679105,-0.0027086564477347697,RISK_OFF,EARLY_DD_UNCERTAINTY,CRISIS,1.175,1.0575,"{'CRISIS': 0.25, 'DEFENSIVE': 0.25, 'GROWTH': 0.25, 'EUPHORIA': 0.25}",,-5.336774167414073,False,16.969999313354492,0.0,0.47687563908031955,-5.938149508383907e-05
2023-08-23,1.2498507223803017,1.2498507223803017,1.2733205753064918,0.02261460266110467,0.02261460266110467,0.02261460266110467,0.022566983613485622,0.011137689291024655,RISK_OFF,EARLY_DD_UNCERTAINTY,CRISIS,1.175,1.0575,"{'CRISIS': 0.25, 'DEFENSIVE': 0.25, 'GROWTH': 0.25, 'EUPHORIA': 0.25}",,-5.472783902569413,False,15.979999542236328,0.0,0.46568145052732196,-5.929617724950112e-05
2023-08-24,1.239031130430726,1.239031130430726,1.2648842192146212,-0.00865670736179608,-0.00865670736179608,-0.00865670736179608,-0.006625476926609756,-0.013858996552035818,RISK_OFF,EARLY_DD_UNCERTAINTY,CRISIS,1.175,1.0575,"{'CRISIS': 0.25, 'DEFENSIVE': 0.25, 'GROWTH': 0.25, 'EUPHORIA': 0.25}",,-3.339589765870284,False,17.200000762939453,20.927147158693415,0.47936650792814356,0.002586407506311507
2023-08-25,1.2360632642855431,1.2360632642855431,1.2617941942735595,-0.0023953120081421997,-0.0023953120081421997,-0.0023953120081421997,-0.0024429310557612474,0.0070497466304602074,RISK_OFF,EARLY_DD_UNCERTAINTY,CRISIS,1.175,1.0575,"{'CRISIS': 0.25, 'DEFENSIVE': 0.25, 'GROWTH': 0.25, 'EUPHORIA': 0.25}",,-3.980011083593139,False,15.680000305175781,0.0,0.4773566255156217,-6.0232581867362915e-05
2023-08-28,1.2513271567600792,1.2513271567600792,1.277315747302695,0.012348795499038494,0.012348795499038494,0.012348795499038494,0.012301176451419446,0.006341371394882556,RISK_OFF,EARLY_DD_UNCERTAINTY,CRISIS,1.175,1.0575,"{'CRISIS': 0.25, 'DEFENSIVE': 0.25, 'GROWTH': 0.25, 'EUPHORIA': 0.25}",,-4.214581296490878,False,15.079999923706055,0.0,0.4704039541470678,-6.0085437822550456e-05
2023-08-29,1.2747071257090676,1.2747071257090676,1.301120466097536,0.018684137735429256,0.018684137735429256,0.018684137735429256,0.01863651868781021,0.014454852976665489,RISK_OFF,EARLY_DD_UNCERTAINTY,CRISIS,1.175,1.0575,"{'CRISIS': 0.25, 'DEFENSIVE': 0.25, 'GROWTH': 0.25, 'EUPHORIA': 0.25}",,-3.036307959545935,False,14.449999809265137,0.0,0.4674783079678868,-6.082455939536643e-05
2023-08-30,1.2738036458279758,1.2738036458279758,1.3001982651148263,-0.0007087744807179452,-0.0007087744807179452,-0.0007087744807179452,-0.0007087744807179452,0.004118703921863975,DEFENSIVE_NORMAL,NORMAL_TRENDING,CRISIS,1.175,1.175,"{'CRISIS': 0.25, 'DEFENSIVE': 0.25, 'GROWTH': 0.25, 'EUPHORIA': 0.25}",,-1.2292423007949402,False,13.880000114440918,0.0,0.0,0.0
2023-08-31,1.2710482669078749,1.2710482669078749,1.2973857916983913,-0.0021631111899588135,-0.0021631111899588135,-0.0021631111899588135,-0.0021631111899588135,-0.00146338007682012,DEFENSIVE_NORMAL,NORMAL_TRENDING,CRISIS,1.175,1.175,"{'CRISIS': 0.25, 'DEFENSIVE': 0.25, 'GROWTH': 0.25, 'EUPHORIA': 0.25}",,-1.2992484932933048,False,13.569999694824219,0.0,0.0,0.0
2023-09-01,1.2621610640802736,1.2621610640802736,1.2883144362065015,-0.00699202623455167,-0.00699202623455167,-0.00699202623455167,-0.00699202623455167,0.0018651750863321048,DEFENSIVE_NORMAL,NORMAL_TRENDING,CRISIS,1.175,1.175,"{'CRISIS': 0.25, 'DEFENSIVE': 0.25, 'GROWTH': 0.25, 'EUPHORIA': 0.25}",,-1.5127491933348112,False,13.09000015258789,0.0,0.0,0.0
2023-09-05,1.2466483829294974,1.2466483829294974,1.272480315158427,-0.01229057177586149,-0.01229057177586149,-0.01229057177586149,-0.01229057177586149,-0.00432183474577752,DEFENSIVE_NORMAL,NORMAL_TRENDING,CRISIS,1.175,1.175,"{'CRISIS': 0.25, 'DEFENSIVE': 0.25, 'GROWTH': 0.25, 'EUPHORIA': 0.25}",,-2.2013746347438854,False,14.010000228881836,0.0,0.0,0.0
2023-09-06,1.2291947698878964,1.2291947698878964,1.2546650439657272,-0.014000429696613236,-0.014000429696613236,-0.014000429696613236,-0.014000429696613236,-0.006722467457818904,DEFENSIVE_NORMAL,NORMAL_TRENDING,CRISIS,1.175,1.175,"{'CRISIS': 0.25, 'DEFENSIVE': 0.25, 'GROWTH': 0.25, 'EUPHORIA': 0.25}",,-3.4033756593761573,False,14.449999809265137,0.0,0.0,0.0
2023-09-07,1.2221295581047802,1.2221295581047802,1.2473936872318647,-0.005747837491824482,-0.005747837491824482,-0.005747837491824482,-0.005795456539443529,-0.003070172124675863,RISK_OFF,EARLY_DD_UNCERTAINTY,CRISIS,1.175,1.0575,"{'CRISIS': 0.25, 'DEFENSIVE': 0.25, 'GROWTH': 0.25, 'EUPHORIA': 0.25}",,-4.755769907387217,False,14.399999618530273,0.0,0.4789663045926006,-5.974595447455844e-05
2023-09-08,1.2121719101111346,1.2121719101111346,1.237170792864843,-0.008147784273450961,-0.008147784273450961,-0.008147784273450961,-0.00819540332107001,0.0015060267632474034,RISK_OFF,EARLY_DD_UNCERTAINTY,CRISIS,1.175,1.0575,"{'CRISIS': 0.25, 'DEFENSIVE': 0.25, 'GROWTH': 0.25, 'EUPHORIA': 0.25}",,-5.307753703521721,False,13.84000015258789,0.0,0.4801252966410983,-5.939969939199356e-05
2023-09-11,1.220493868398902,1.220493868398902,1.245605463798431,0.006865328439267579,0.006865328439267579,0.006865328439267579,0.006817709391648532,0.0065766781088469894,RISK_OFF,EARLY_DD_UNCERTAINTY,CRISIS,1.175,1.0575,"{'CRISIS': 0.25, 'DEFENSIVE': 0.25, 'GROWTH': 0.25, 'EUPHORIA': 0.25}",,-6.083794853299454,False,13.800000190734863,0.0,0.4729659319145326,-5.891289489832586e-05
2023-09-12,1.2181900649238233,1.2181900649238233,1.2431949451454312,-0.0018875993847481012,-0.0018875993847481012,-0.0018875993847481012,-0.0019352184323671489,-0.005485591329067008,RISK_OFF,EARLY_DD_UNCERTAINTY,CRISIS,1.175,1.0575,"{'CRISIS': 0.25, 'DEFENSIVE': 0.25, 'GROWTH': 0.25, 'EUPHORIA': 0.25}",,-5.443501459442791,False,14.229999542236328,0.0,0.4771137956020619,-5.9314545895163385e-05
2023-09-13,1.2191711686722235,1.2191711686722235,1.24413698752051,0.0008053782218800081,0.0008053782218800081,0.0008053782218800081,0.0007577591742609605,0.001165879451936247,RISK_OFF,EARLY_DD_UNCERTAINTY,CRISIS,1.175,1.0575,"{'CRISIS': 0.25, 'DEFENSIVE': 0.25, 'GROWTH': 0.25, 'EUPHORIA': 0.25}",,-5.6264889383185706,False,13.479999542236328,0.0,0.4758299117094905,-5.919975929263958e-05
2023-09-14,1.2191388357595463,1.2191388357595463,1.2440447478857621,-2.6520404606040848e-05,-2.6520404606040848e-05,-2.6520404606040848e-05,-7.413945222508846e-05,0.00862234436535747,RISK_OFF,EARLY_DD_UNCERTAINTY,CRISIS,1.175,1.0575,"{'CRISIS': 0.25, 'DEFENSIVE': 0.25, 'GROWTH': 0.25, 'EUPHORIA': 0.25}",,-5.554976544504365,False,12.819999694824219,0.0,0.47622578330918625,-5.9244618453357615e-05
2023-09-15,1.2197653205658148,1.2197653205658148,1.2468730580223193,0.0005138748663340421,0.0005138748663340421,0.0005138748663340421,0.0022734794237616704,-0.01204815736697784,RISK_OFF,EARLY_DD_UNCERTAINTY,CRISIS,1.175,1.0575,"{'CRISIS': 0.25, 'DEFENSIVE': 0.25, 'GROWTH': 0.25, 'EUPHORIA': 0.25}",,-5.561978646808745,False,13.789999961853027,18.031242391903906,0.4751103226479193,0.002189026808023692
2023-09-18,1.2258484559153084,1.2258484559153084,1.2530320084333633,0.004987135842386255,0.004987135842386255,0.004987135842386255,0.0049395167947672075,0.000586377100246338,RISK_OFF,EARLY_DD_UNCERTAINTY,CRISIS,1.175,1.0575,"{'CRISIS': 0.25, 'DEFENSIVE': 0.25, 'GROWTH': 0.25, 'EUPHORIA': 0.25}",,-5.347275748441492,False,14.0,0.0,0.4738498867168398,-5.937490752487235e-05
2023-09-19,1.2271227319621898,1.2271227319621898,1.2542748737380554,0.0010395053652288387,0.0010395053652288387,0.0010395053652288387,0.000991886317609791,-0.002073907313004053,RISK_OFF,EARLY_DD_UNCERTAINTY,CRISIS,1.175,1.0575,"{'CRISIS': 0.25, 'DEFENSIVE': 0.25, 'GROWTH': 0.25, 'EUPHORIA': 0.25}",,-4.879737027330451,False,14.109999656677246,0.0,0.4757186174028421,-5.9668190877779205e-05
2023-09-20,1.2172152604713888,1.2172152604713888,1.2440884555036629,-0.008073741307814212,-0.008073741307814212,-0.008073741307814212,-0.00812136035543326,-0.00919332088095648,RISK_OFF,EARLY_DD_UNCERTAINTY,CRISIS,1.175,1.0575,"{'CRISIS': 0.25, 'DEFENSIVE': 0.25, 'GROWTH': 0.25, 'EUPHORIA': 0.25}",,-4.7853885399604215,False,15.140000343322754,0.0,0.48008945566275735,-5.97273749399074e-05
2023-09-21,1.203794222668331,1.203794222668331,1.2333962748356246,-0.011026018354272254,-0.011026018354272254,-0.011026018354272254,-0.00859438942684312,-0.016528319833654548,RISK_OFF,EARLY_DD_UNCERTAINTY,CRISIS,1.175,1.0575,"{'CRISIS': 0.25, 'DEFENSIVE': 0.25, 'GROWTH': 0.25, 'EUPHORIA': 0.25}",,-5.558660710729982,False,17.540000915527344,25.007403111375023,0.4803185206054849,0.00302516147668334
2023-09-22,1.2092326050541735,1.2092326050541735,1.2389096572867493,0.004517701018524352,0.004517701018524352,0.004517701018524352,0.004470081970905305,-0.0022485523393082074,RISK_OFF,EARLY_DD_UNCERTAINTY,CRISIS,1.175,1.0575,"{'CRISIS': 0.25, 'DEFENSIVE': 0.25, 'GROWTH': 0.25, 'EUPHORIA': 0.25}",,-6.3703263585745855,False,17.200000762939453,0.0,0.4740713384475588,-5.873315594455356e-05
2023-09-25,1.2018618265524426,1.2018618265524426,1.2312989890409636,-0.00609541826024517,-0.00609541826024517,-0.00609541826024517,-0.006143037307864217,0.004205156793733789,RISK_OFF,EARLY_DD_UNCERTAINTY,CRISIS,1.175,1.0575,"{'CRISIS': 0.25, 'DEFENSIVE': 0.25, 'GROWTH': 0.25, 'EUPHORIA': 0.25}",,-5.95179404248829,False,16.899999618530273,0.0,0.47913381307968395,-5.899569796603568e-05
2023-09-26,1.1897774205008353,1.1897774205008353,1.221573351314891,-0.010054738227497808,-0.010054738227497808,-0.010054738227497808,-0.007898680834333907,-0.01469117627188632,RISK_OFF,EARLY_DD_UNCERTAINTY,CRISIS,1.175,1.0575,"{'CRISIS': 0.25, 'DEFENSIVE': 0.25, 'GROWTH': 0.25, 'EUPHORIA': 0.25}",,-6.529535680422978,False,18.940000534057617,22.21221157770648,0.47998169843271776,0.0026547512885170058
2023-09-27,1.1814311584375654,1.1814311584375654,1.2129458713466774,-0.007014977692009497,-0.007014977692009497,-0.007014977692009497,-0.007062596739628544,0.0003991572135317867,RISK_OFF,EARLY_DD_UNCERTAINTY,CRISIS,1.175,1.0575,"{'CRISIS': 0.25, 'DEFENSIVE': 0.25, 'GROWTH': 0.25, 'EUPHORIA': 0.25}",,-7.267829045520314,False,18.219999313354492,0.0,0.47957753895348815,-5.817015958642338e-05
2023-09-28,1.1960311425809096,1.1960311425809096,1.2278775511940867,0.012357879711461552,0.012357879711461552,0.012357879711461552,0.012310260663842503,0.005797409269605369,RISK_OFF,EARLY_DD_UNCERTAINTY,CRISIS,1.175,1.0575,"{'CRISIS': 0.25, 'DEFENSIVE': 0.25, 'GROWTH': 0.25, 'EUPHORIA': 0.25}",,-7.922758973762091,False,17.34000015258789,0.0,0.470399732862734,-5.775932720698464e-05
2023-09-29,1.1855578603563768,1.1855578603563768,1.2170669292617018,-0.008756696921731215,-0.008756696921731215,-0.008756696921731215,-0.008804315969350263,-0.002426863453558359,RISK_OFF,EARLY_DD_UNCERTAINTY,CRISIS,1.175,1.0575,"{'CRISIS': 0.25, 'DEFENSIVE': 0.25, 'GROWTH': 0.25, 'EUPHORIA': 0.25}",,-6.78926413552164,False,17.520000457763672,0.0,0.4804202478506267,-5.8470359580670795e-05
2023-10-02,1.1681321683553803,1.1681321683553803,1.1991201517617136,-0.014698305821833391,-0.014698305821833391,-0.014698305821833391,-0.01474592486945244,-0.00039781010531680927,RISK_OFF,EARLY_DD_UNCERTAINTY,CRISIS,1.175,1.0575,"{'CRISIS': 0.25, 'DEFENSIVE': 0.25, 'GROWTH': 0.25, 'EUPHORIA': 0.25}",,-7.609920905808165,False,17.610000610351562,0.0,0.48331743883158285,-5.795556806008104e-05
2023-10-03,1.1526968047618924,1.1526968047618924,1.1856259516740688,-0.013213713320830196,-0.013213713320830196,-0.013213713320830196,-0.011253417822909187,-0.013386096970267047,RISK_OFF,EARLY_DD_UNCERTAINTY,CRISIS,1.175,1.0575,"{'CRISIS': 0.25, 'DEFENSIVE': 0.25, 'GROWTH': 0.25, 'EUPHORIA': 0.25}",,-8.972298070813883,False,19.780000686645508,20.30767622092702,0.48161023741995335,0.002350629834964845
2023-10-04,1.1536983642723349,1.1536983642723349,1.1865996644061738,0.000868883739683225,0.000868883739683225,0.000868883739683225,0.0008212646920641774,0.007282072387714056,RISK_OFF,EARLY_DD_UNCERTAINTY,CRISIS,1.175,1.0575,"{'CRISIS': 0.25, 'DEFENSIVE': 0.25, 'GROWTH': 0.25, 'EUPHORIA': 0.25}",,-9.996670834082247,False,18.579999923706055,0.0,0.4757997186810293,-5.645837865114614e-05
2023-10-05,1.1492557339135652,1.1492557339135652,1.1819738338676091,-0.0038507728678039256,-0.0038507728678039256,-0.0038507728678039256,-0.0038983919154229733,-0.000376717512070357,RISK_OFF,EARLY_DD_UNCERTAINTY,CRISIS,1.175,1.0575,"{'CRISIS': 0.25, 'DEFENSIVE': 0.25, 'GROWTH': 0.25, 'EUPHORIA': 0.25}",,-9.922754277670041,False,18.489999771118164,0.0,0.4780541185011759,-5.650474592410352e-05
2023-10-06,1.168471974217591,1.168471974217591,1.2016808558196734,0.016720595544552016,0.016720595544552016,0.016720595544552016,0.01667297649693297,0.011872811885060841,RISK_OFF,EARLY_DD_UNCERTAINTY,CRISIS,1.175,1.0575,"{'CRISIS': 0.25, 'DEFENSIVE': 0.25, 'GROWTH': 0.25, 'EUPHORIA': 0.25}",,-10.273910684157544,False,17.450000762939453,0.0,0.4683811679850554,-5.628446827940996e-05
2023-10-09,1.1775403240763092,1.1775403240763092,1.2109497123310786,0.007760862099230168,0.007760862099230168,0.007760862099230168,0.007713243051611121,0.006402125591660424,RISK_OFF,EARLY_DD_UNCERTAINTY,CRISIS,1.175,1.0575,"{'CRISIS': 0.25, 'DEFENSIVE': 0.25, 'GROWTH': 0.25, 'EUPHORIA': 0.25}",,-8.777909705832803,False,17.700000762939453,0.0,0.4725456169936308,-5.722289789617493e-05
2023-10-10,1.1838148574174907,1.1838148574174907,1.2173446036014608,0.005328508258180766,0.005328508258180766,0.005328508258180766,0.005280889210561719,0.005204781094568567,RISK_OFF,EARLY_DD_UNCERTAINTY,CRISIS,1.175,1.0575,"{'CRISIS': 0.25, 'DEFENSIVE': 0.25, 'GROWTH': 0.25, 'EUPHORIA': 0.25}",,-8.074291551717875,False,17.030000686645508,0.0,0.4736889771817152,-5.766427201576565e-05
2023-10-11,1.1945456531552598,1.1945456531552598,1.2283213639340986,0.009064589509527444,0.009064589509527444,0.009064589509527444,0.009016970461908396,0.0040962083283475614,RISK_OFF,EARLY_DD_UNCERTAINTY,CRISIS,1.175,1.0575,"{'CRISIS': 0.25, 'DEFENSIVE': 0.25, 'GROWTH': 0.25, 'EUPHORIA': 0.25}",,-7.588842069800088,False,16.09000015258789,0.0,0.47193505176873835,-5.7968790647688614e-05
2023-10-12,1.1813876452776422,1.1813876452776422,1.2147328226344445,-0.011015073256398576,-0.011015073256398576,-0.011015073256398576,-0.011062692304017624,-0.006096182712914677,RISK_OFF,EARLY_DD_UNCERTAINTY,CRISIS,1.175,1.0575,"{'CRISIS': 0.25, 'DEFENSIVE': 0.25, 'GROWTH': 0.25, 'EUPHORIA': 0.25}",,-6.755573388392733,False,16.690000534057617,0.0,0.4815173545226043,-5.8491493520671364e-05
2023-10-13,1.19719674031392,1.19719674031392,1.2309302917970177,0.013381801561470213,0.013381801561470213,0.013381801561470213,0.013334182513851165,-0.004981044589381534,RISK_OFF,EARLY_DD_UNCERTAINTY,CRISIS,1.175,1.0575,"{'CRISIS': 0.25, 'DEFENSIVE': 0.25, 'GROWTH': 0.25, 'EUPHORIA': 0.25}",,-7.787107789061494,False,19.31999969482422,0.0,0.46992441823008096,-5.784442012544974e-05
2023-10-16,1.2018354064391117,1.2018354064391117,1.235641046427742,0.0038746063775409833,0.0038746063775409833,0.0038746063775409833,0.0038269873299219357,0.010521471064535604,RISK_OFF,EARLY_DD_UNCERTAINTY,CRISIS,1.175,1.0575,"{'CRISIS': 0.25, 'DEFENSIVE': 0.25, 'GROWTH': 0.25, 'EUPHORIA': 0.25}",,-6.557524254190756,False,17.209999084472656,0.0,0.4743750488887478,-5.861572818081037e-05
2023-10-17,1.1948211543706517,1.1948211543706517,1.2283706550129383,-0.005836283430226407,-0.005836283430226407,-0.005836283430226407,-0.005883902477845454,-4.5869719770608164e-05,RISK_OFF,EARLY_DD_UNCERTAINTY,CRISIS,1.175,1.0575,"{'CRISIS': 0.25, 'DEFENSIVE': 0.25, 'GROWTH': 0.25, 'EUPHORIA': 0.25}",,-6.199921083435004,False,17.8799991607666,0.0,0.47900891794971057,-5.884004982989248e-05
2023-10-18,1.186277909221616,1.186277909221616,1.2219842633924105,-0.007150229235383594,-0.007150229235383594,-0.007150229235383594,-0.005199075372294989,-0.013325152738051016,RISK_OFF,EARLY_DD_UNCERTAINTY,CRISIS,1.175,1.0575,"{'CRISIS': 0.25, 'DEFENSIVE': 0.25, 'GROWTH': 0.25, 'EUPHORIA': 0.25}",,-6.751831600194283,False,19.219999313354492,20.09218991684869,0.478679165249757,0.002396740148833174
2023-10-19,1.1872839976891845,1.1872839976891845,1.22296244487792,0.0008481052034667192,0.0008481052034667192,0.0008481052034667192,0.0008004861558476716,-0.008786350087727768,RISK_OFF,EARLY_DD_UNCERTAINTY,CRISIS,1.175,1.0575,"{'CRISIS': 0.25, 'DEFENSIVE': 0.25, 'GROWTH': 0.25, 'EUPHORIA': 0.25}",,-7.236635856033341,False,21.399999618530273,0.0,0.475809597195102,-5.8189726828210026e-05
2023-10-20,1.184066721910801,1.184066721910801,1.221844436997786,-0.0027097777655937403,-0.0027097777655937403,-0.0027097777655937403,-0.0009141800590985807,-0.012288111694094717,RISK_OFF,EARLY_DD_UNCERTAINTY,CRISIS,1.175,1.0575,"{'CRISIS': 0.25, 'DEFENSIVE': 0.25, 'GROWTH': 0.25, 'EUPHORIA': 0.25}",,-7.162380067266231,False,21.709999084472656,18.449033279475817,0.4766261983566578,0.002195948561152506
2023-10-23,1.1922436688169828,1.1922436688169828,1.2302240867846055,0.006905815994039751,0.006905815994039751,0.006905815994039751,0.0068581969464207035,-0.0017330132349222538,RISK_OFF,EARLY_DD_UNCERTAINTY,CRISIS,1.175,1.0575,"{'CRISIS': 0.25, 'DEFENSIVE': 0.25, 'GROWTH': 0.25, 'EUPHORIA': 0.25}",,-7.24725036814291,False,20.3700008392334,0.0,0.47294691311513093,-5.818306842846601e-05
2023-10-24,1.1940539232452505,1.1940539232452505,1.232033427039625,0.0015183594391101239,0.0015183594391101239,0.0015183594391101239,0.0014707403914910762,0.007539190055142475,RISK_OFF,EARLY_DD_UNCERTAINTY,CRISIS,1.175,1.0575,"{'CRISIS': 0.25, 'DEFENSIVE': 0.25, 'GROWTH': 0.25, 'EUPHORIA': 0.25}",,-6.61113374384558,False,18.969999313354492,0.0,0.4754911521472166,-5.85820993706955e-05
2023-10-25,1.1848992200940818,1.1848992200940818,1.2251812190773714,-0.007666909318707949,-0.007666909318707949,-0.007666909318707949,-0.005561706210129482,-0.014352147707983431,RISK_OFF,EARLY_DD_UNCERTAINTY,CRISIS,1.175,1.0575,"{'CRISIS': 0.25, 'DEFENSIVE': 0.25, 'GROWTH': 0.25, 'EUPHORIA': 0.25}",,-6.4737829661270885,False,20.190000534057617,21.6486248532623,0.47885371989817754,0.0025936806004764005
2023-10-26,1.1757584616216994,1.1757584616216994,1.2178720183310765,-0.007714376309283543,-0.007714376309283543,-0.007714376309283543,-0.0059658119407014045,-0.011974556108007905,RISK_OFF,EARLY_DD_UNCERTAINTY,CRISIS,1.175,1.0575,"{'CRISIS': 0.25, 'DEFENSIVE': 0.25, 'GROWTH': 0.25, 'EUPHORIA': 0.25}",,-6.993948308214305,False,20.68000030517578,18.069634201495244,0.4790483887884843,0.002142308224734718
2023-10-27,1.1829269729643777,1.1829269729643777,1.225239298971453,0.0060969251565418554,0.0060969251565418554,0.0060969251565418554,0.006049306108922808,-0.004532751596216467,RISK_OFF,EARLY_DD_UNCERTAINTY,CRISIS,1.175,1.0575,"{'CRISIS': 0.25, 'DEFENSIVE': 0.25, 'GROWTH': 0.25, 'EUPHORIA': 0.25}",,-7.548804921954656,False,21.270000457763672,0.0,0.4733271752179113,-5.7993905634813166e-05
2023-10-30,1.1965809930659066,1.1965809930659066,1.2393233674262363,0.011542572291941484,0.011542572291941484,0.011542572291941484,0.011494953244322436,0.01195582424779329,RISK_OFF,EARLY_DD_UNCERTAINTY,CRISIS,1.175,1.0575,"{'CRISIS': 0.25, 'DEFENSIVE': 0.25, 'GROWTH': 0.25, 'EUPHORIA': 0.25}",,-6.989539342791817,False,19.75,0.0,0.47077889480626434,-5.834472852245014e-05
2023-10-31,1.1904032898788768,1.1904032898788768,1.2328659786948692,-0.005162795684395155,-0.005162795684395155,-0.005162795684395155,-0.005210414732014202,0.006280211960553617,RISK_OFF,EARLY_DD_UNCERTAINTY,CRISIS,1.175,1.0575,"{'CRISIS': 0.25, 'DEFENSIVE': 0.25, 'GROWTH': 0.25, 'EUPHORIA': 0.25}",,-5.920388446304307,False,18.139999389648438,0.0,0.4786846215948225,-5.90153984488684e-05
2023-11-01,1.1965400775965374,1.1965400775965374,1.239162962899757,0.0051552173703124544,0.0051552173703124544,0.0051552173703124544,0.005107598322693407,0.010664703153386412,RISK_OFF,EARLY_DD_UNCERTAINTY,CRISIS,1.175,1.0575,"{'CRISIS': 0.25, 'DEFENSIVE': 0.25, 'GROWTH': 0.25, 'EUPHORIA': 0.25}",,-6.4105822403258514,False,16.8700008392334,0.0,0.47377064603345437,-5.8707903747374726e-05
2023-11-02,1.2064586980111451,1.2064586980111451,1.249375894451114,0.00828941763031545,0.00828941763031545,0.00828941763031545,0.008241798582696401,0.01916428955712579,RISK_OFF,EARLY_DD_UNCERTAINTY,CRISIS,1.175,1.0575,"{'CRISIS': 0.25, 'DEFENSIVE': 0.25, 'GROWTH': 0.25, 'EUPHORIA': 0.25}",,-5.932565087154687,False,15.65999984741211,0.0,0.47229789209281514,-5.900776013808366e-05
2023-11-03,1.2232150810320135,1.2232150810320135,1.2666688559890757,0.013888899013692993,0.013888899013692993,0.013888899013692993,0.013841279966073945,0.009123407491087088,RISK_OFF,EARLY_DD_UNCERTAINTY,CRISIS,1.175,1.0575,"{'CRISIS': 0.25, 'DEFENSIVE': 0.25, 'GROWTH': 0.25, 'EUPHORIA': 0.25}",,-5.1572802354121166,False,14.90999984741211,0.0,0.4696893740669259,-5.949409021195781e-05
2023-11-06,1.2164214100655046,1.2164214100655046,1.2595735275220445,-0.005553946376116505,-0.005553946376116505,-0.005553946376116505,-0.005601565423735552,0.0023005366666857263,RISK_OFF,EARLY_DD_UNCERTAINTY,CRISIS,1.175,1.0575,"{'CRISIS': 0.25, 'DEFENSIVE': 0.25, 'GROWTH': 0.25, 'EUPHORIA': 0.25}",,-3.844535598406571,False,14.890000343322754,0.0,0.47887291414873534,-6.031756457090837e-05
2023-11-07,1.202120305438199,1.202120305438199,1.2447051165959646,-0.011756702495507164,-0.011756702495507164,-0.011756702495507164,-0.011804321543126212,0.002845991030562711,RISK_OFF,EARLY_DD_UNCERTAINTY,CRISIS,1.175,1.0575,"{'CRISIS': 0.25, 'DEFENSIVE': 0.25, 'GROWTH': 0.25, 'EUPHORIA': 0.25}",,-4.383156723101781,False,14.8100004196167,0.0,0.4818787276362875,-5.9979691786764025e-05
2023-11-08,1.1933000267829241,1.1933000267829241,1.2355131101031482,-0.007337267838645893,-0.007337267838645893,-0.007337267838645893,-0.00738488688626494,0.0007325643539533022,RISK_OFF,EARLY_DD_UNCERTAINTY,CRISIS,1.175,1.0575,"{'CRISIS': 0.25, 'DEFENSIVE': 0.25, 'GROWTH': 0.25, 'EUPHORIA': 0.25}",,-5.5118486860809925,False,14.449999809265137,0.0,0.4797332519920172,-5.927167221885546e-05
2023-11-09,1.1832583952999989,1.1832583952999989,1.225057421150535,-0.00841500985296806,-0.00841500985296806,-0.00841500985296806,-0.008462628900587108,-0.007798820812892959,RISK_OFF,EARLY_DD_UNCERTAINTY,CRISIS,1.175,1.0575,"{'CRISIS': 0.25, 'DEFENSIVE': 0.25, 'GROWTH': 0.25, 'EUPHORIA': 0.25}",,-6.209632995626568,False,15.289999961853027,0.0,0.48025469343881416,-5.883395762395944e-05
2023-11-10,1.1771013465003355,1.1771013465003355,1.2186245363330916,-0.005203469355569177,-0.005203469355569177,-0.005203469355569177,-0.005251088403188224,0.015604587101583078,RISK_OFF,EARLY_DD_UNCERTAINTY,CRISIS,1.175,1.0575,"{'CRISIS': 0.25, 'DEFENSIVE': 0.25, 'GROWTH': 0.25, 'EUPHORIA': 0.25}",,-7.003346066034459,False,14.170000076293945,0.0,0.4787041942333727,-5.8336067673835e-05
2023-11-13,1.1890040320795412,1.1890040320795412,1.2308890689097596,0.010111861323236151,0.010111861323236151,0.010111861323236151,0.010064242275617103,-0.0009530595713540535,RISK_OFF,EARLY_DD_UNCERTAINTY,CRISIS,1.175,1.0575,"{'CRISIS': 0.25, 'DEFENSIVE': 0.25, 'GROWTH': 0.25, 'EUPHORIA': 0.25}",,-7.491679717042418,False,14.760000228881836,0.0,0.4714457321225888,-5.802973982538532e-05
2023-11-14,1.2189351651063716,1.2189351651063716,1.2618159719879214,0.025173281350847468,0.025173281350847468,0.025173281350847468,0.02512566230322842,0.0194007173097539,RISK_OFF,EARLY_DD_UNCERTAINTY,CRISIS,1.175,1.0575,"{'CRISIS': 0.25, 'DEFENSIVE': 0.25, 'GROWTH': 0.25, 'EUPHORIA': 0.25}",,-6.560653569204339,False,14.15999984741211,0.0,0.4645191255095327,-5.861376518617903e-05
2023-11-15,1.2244025104792051,1.2244025104792051,1.2674155661206166,0.0044853455124959155,0.0044853455124959155,0.0044853455124959155,0.004437726464876868,0.00211709043928221,RISK_OFF,EARLY_DD_UNCERTAINTY,CRISIS,1.175,1.0575,"{'CRISIS': 0.25, 'DEFENSIVE': 0.25, 'GROWTH': 0.25, 'EUPHORIA': 0.25}",,-4.2129281049498,False,14.180000305175781,0.0,0.4740866094968682,-6.008647485656769e-05
2023-11-16,1.232648202975674,1.232648202975674,1.2758905752947445,0.006734462258854439,0.006734462258854439,0.006734462258854439,0.006686843211235392,0.001223050436935491,RISK_OFF,EARLY_DD_UNCERTAINTY,CRISIS,1.175,1.0575,"{'CRISIS': 0.25, 'DEFENSIVE': 0.25, 'GROWTH': 0.25, 'EUPHORIA': 0.25}",,-3.7878512810080687,False,14.319999694824219,0.0,0.4730274160249018,-6.035312219621984e-05
2023-11-17,1.2358715054843084,1.2358715054843084,1.2791661973680901,0.0026149411493508914,0.0026149411493508914,0.0026149411493508914,0.002567322101731844,0.0012438730395889497,RISK_OFF,EARLY_DD_UNCERTAINTY,CRISIS,1.175,1.0575,"{'CRISIS': 0.25, 'DEFENSIVE': 0.25, 'GROWTH': 0.25, 'EUPHORIA': 0.25}",,-3.144495727508092,False,13.800000190734863,0.0,0.47497107245847026,-6.07566940616545e-05
2023-11-20,1.249300524431999,1.249300524431999,1.2930656578099504,0.010866031693503623,0.010866031693503623,0.010866031693503623,0.010866031693503623,0.007697612022634415,DEFENSIVE_NORMAL,NORMAL_TRENDING,CRISIS,1.175,1.175,"{'CRISIS': 0.25, 'DEFENSIVE': 0.25, 'GROWTH': 0.25, 'EUPHORIA': 0.25}",,-2.895836450714934,False,13.40999984741211,0.0,0.0,0.0
2023-11-21,1.2554887332144022,1.2554887332144022,1.2994706501263682,0.004953338817508819,0.004953338817508819,0.004953338817508819,0.004953338817508819,-0.002179308369404054,DEFENSIVE_NORMAL,NORMAL_TRENDING,CRISIS,1.175,1.175,"{'CRISIS': 0.25, 'DEFENSIVE': 0.25, 'GROWTH': 0.25, 'EUPHORIA': 0.25}",,-1.840699532017234,False,13.350000381469727,0.0,0.0,0.0
2023-11-22,1.242078675925157,1.242078675925157,1.2855908156022686,-0.010681145066839223,-0.010681145066839223,-0.010681145066839223,-0.010681145066839223,0.0038607208900307555,DEFENSIVE_NORMAL,NORMAL_TRENDING,CRISIS,1.175,1.175,"{'CRISIS': 0.25, 'DEFENSIVE': 0.25, 'GROWTH': 0.25, 'EUPHORIA': 0.25}",,-1.35448325870965,False,12.850000381469727,0.0,0.0,0.0
2023-11-24,1.2507035250627434,1.2507035250627434,1.2945178079515876,0.006943883108823301,0.006943883108823301,0.006943883108823301,0.006943883108823301,0.0006152513608193022,DEFENSIVE_NORMAL,NORMAL_TRENDING,CRISIS,1.175,1.175,"{'CRISIS': 0.25, 'DEFENSIVE': 0.25, 'GROWTH': 0.25, 'EUPHORIA': 0.25}",,-2.4081303332166866,False,12.460000038146973,0.0,0.0,0.0
2023-11-27,1.2544173784256534,1.2544173784256534,1.298361763947607,0.0029694114460287295,0.0029694114460287295,0.0029694114460287295,0.0029694114460287295,-0.0018007587848022366,DEFENSIVE_NORMAL,NORMAL_TRENDING,CRISIS,1.175,1.175,"{'CRISIS': 0.25, 'DEFENSIVE': 0.25, 'GROWTH': 0.25, 'EUPHORIA': 0.25}",,-1.7304637978790272,False,12.6899995803833,0.0,0.0,0.0
2023-11-28,1.262724720101305,1.262724720101305,1.3069601260057375,0.006622470175020781,0.006622470175020781,0.006622470175020781,0.006622470175020781,0.0009898827187948545,DEFENSIVE_NORMAL,NORMAL_TRENDING,CRISIS,1.175,1.175,"{'CRISIS': 0.25, 'DEFENSIVE': 0.25, 'GROWTH': 0.25, 'EUPHORIA': 0.25}",,-1.438661112284512,False,12.6899995803833,0.0,0.0,0.0
2023-11-29,1.2571774389714072,1.2571774389714072,1.3012185141333266,-0.0043931040880016495,-0.0043931040880016495,-0.0043931040880016495,-0.0043931040880016495,-0.000703165279040241,DEFENSIVE_NORMAL,NORMAL_TRENDING,CRISIS,1.175,1.175,"{'CRISIS': 0.25, 'DEFENSIVE': 0.25, 'GROWTH': 0.25, 'EUPHORIA': 0.25}",,-0.785941585090495,False,12.979999542236328,0.0,0.0,0.0
2023-11-30,1.2475209494139303,1.2475209494139303,1.291223741236348,-0.007681087218187491,-0.007681087218187491,-0.007681087218187491,-0.007681087218187491,0.003937333089663042,DEFENSIVE_NORMAL,NORMAL_TRENDING,CRISIS,1.175,1.175,"{'CRISIS': 0.25, 'DEFENSIVE': 0.25, 'GROWTH': 0.25, 'EUPHORIA': 0.25}",,-1.2217992707002685,False,12.920000076293945,0.0,0.0,0.0
2023-12-01,1.2552506565751966,1.2552506565751966,1.2992242332554365,0.006196053994041283,0.006196053994041283,0.006196053994041283,0.006196053994041283,0.0059159625385665215,DEFENSIVE_NORMAL,NORMAL_TRENDING,CRISIS,1.175,1.175,"{'CRISIS': 0.25, 'DEFENSIVE': 0.25, 'GROWTH': 0.25, 'EUPHORIA': 0.25}",,-1.9805232457576556,False,12.630000114440918,0.0,0.0,0.0
2023-12-04,1.2235342937339921,1.2235342937339921,1.266396791996459,-0.02526695578693335,-0.02526695578693335,-0.02526695578693335,-0.02526695578693335,-0.005249432328829573,DEFENSIVE_NORMAL,NORMAL_TRENDING,CRISIS,1.175,1.175,"{'CRISIS': 0.25, 'DEFENSIVE': 0.25, 'GROWTH': 0.25, 'EUPHORIA': 0.25}",,-1.3731892753206985,False,13.079999923706055,0.0,0.0,0.0
2023-12-05,1.2127690252302272,1.2127690252302272,1.2552543977309556,-0.008798501651238003,-0.008798501651238003,-0.008798501651238003,-0.008798501651238003,-0.00019725227376388155,DEFENSIVE_NORMAL,NORMAL_TRENDING,CRISIS,1.175,1.175,"{'CRISIS': 0.25, 'DEFENSIVE': 0.25, 'GROWTH': 0.25, 'EUPHORIA': 0.25}",,-3.865188541307416,False,12.850000381469727,0.0,0.0,0.0
2023-12-06,1.207076321476857,1.207076321476857,1.2493024948129943,-0.004693971922880818,-0.004693971922880818,-0.004693971922880818,-0.004741590970499865,-0.004029581438041663,RISK_OFF,EARLY_DD_UNCERTAINTY,CRISIS,1.175,1.0575,"{'CRISIS': 0.25, 'DEFENSIVE': 0.25, 'GROWTH': 0.25, 'EUPHORIA': 0.25}",,-4.711030838668176,False,12.970000267028809,0.0,0.47845913369857457,-5.9774018939569315e-05
2023-12-07,1.2221944508540306,1.2221944508540306,1.2648899988709181,0.012524584492450776,0.012524584492450776,0.012524584492450776,0.012476965444831728,0.007630343209748425,RISK_OFF,EARLY_DD_UNCERTAINTY,CRISIS,1.175,1.0575,"{'CRISIS': 0.25, 'DEFENSIVE': 0.25, 'GROWTH': 0.25, 'EUPHORIA': 0.25}",,-5.162852154431786,False,13.0600004196167,0.0,0.47032228133828397,-5.949059499109497e-05
2023-12-08,1.212070558778019,1.212070558778019,1.254352210803488,-0.008283372640857049,-0.008283372640857049,-0.008283372640857049,-0.008330991688476097,0.0042991332252331205,RISK_OFF,EARLY_DD_UNCERTAINTY,CRISIS,1.175,1.0575,"{'CRISIS': 0.25, 'DEFENSIVE': 0.25, 'GROWTH': 0.25, 'EUPHORIA': 0.25}",,-3.9795723378762284,False,12.350000381469727,0.0,0.4801909429450328,-6.023285708909134e-05
2023-12-11,1.2068159231369935,1.2068159231369935,1.2488545423373583,-0.00433525556987631,-0.00433525556987631,-0.00433525556987631,-0.004382874617495357,0.0038897117635567913,RISK_OFF,EARLY_DD_UNCERTAINTY,CRISIS,1.175,1.0575,"{'CRISIS': 0.25, 'DEFENSIVE': 0.25, 'GROWTH': 0.25, 'EUPHORIA': 0.25}",,-4.779517722653306,False,12.630000114440918,0.0,0.4782867470339356,-5.973105765730895e-05
2023-12-12,1.219982918247767,1.219982918247767,1.262420731583378,0.010910524843380669,0.010910524843380669,0.010910524843380669,0.01086290579576162,0.0045672639566747275,RISK_OFF,EARLY_DD_UNCERTAINTY,CRISIS,1.175,1.0575,"{'CRISIS': 0.25, 'DEFENSIVE': 0.25, 'GROWTH': 0.25, 'EUPHORIA': 0.25}",,-5.196857157492345,False,12.069999694824219,0.0,0.4710732518329122,-5.946926392082659e-05
2023-12-13,1.2474704719828122,1.2474704719828122,1.2908043405434644,0.02253109721775864,0.02253109721775864,0.02253109721775864,0.022483478170139595,0.013789961912813453,RISK_OFF,EARLY_DD_UNCERTAINTY,CRISIS,1.175,1.0575,"{'CRISIS': 0.25, 'DEFENSIVE': 0.25, 'GROWTH': 0.25, 'EUPHORIA': 0.25}",,-4.1670195476520515,False,12.1899995803833,0.0,0.46571948237508726,-6.011527293254181e-05
2023-12-14,1.279855937907996,1.279855937907996,1.324314793035622,0.025960907815082774,0.025960907815082774,0.025960907815082774,0.025960907815082774,0.0032093506882475697,DEFENSIVE_NORMAL,NORMAL_TRENDING,CRISIS,1.175,1.175,"{'CRISIS': 0.25, 'DEFENSIVE': 0.25, 'GROWTH': 0.25, 'EUPHORIA': 0.25}",,-2.0123608236722825,False,12.479999542236328,0.0,0.0,0.0
2023-12-15,1.2864110959700767,1.2864110959700767,1.3310976601811932,0.0051217936862452415,0.0051217936862452415,0.0051217936862452415,0.0051217936862452415,-0.0016466057888839813,DEFENSIVE_NORMAL,NORMAL_TRENDING,CRISIS,1.175,1.175,"{'CRISIS': 0.25, 'DEFENSIVE': 0.25, 'GROWTH': 0.25, 'EUPHORIA': 0.25}",,0.0,False,12.279999732971191,0.0,0.0,0.0
2023-12-18,1.2955756862975962,1.2955756862975962,1.340580604459034,0.007124153667695543,0.007124153667695543,0.007124153667695543,0.007124153667695543,0.005625204016340923,DEFENSIVE_NORMAL,NORMAL_TRENDING,CRISIS,1.175,1.175,"{'CRISIS': 0.25, 'DEFENSIVE': 0.25, 'GROWTH': 0.25, 'EUPHORIA': 0.25}",,0.0,False,12.5600004196167,0.0,0.0,0.0
2023-12-19,1.309010906254535,1.309010906254535,1.3544825288941735,0.010370077255257158,0.010370077255257158,0.010370077255257158,0.010370077255257158,0.006080870307542563,DEFENSIVE_NORMAL,NORMAL_TRENDING,CRISIS,1.175,1.175,"{'CRISIS': 0.25, 'DEFENSIVE': 0.25, 'GROWTH': 0.25, 'EUPHORIA': 0.25}",,0.0,False,12.529999732971191,0.0,0.0,0.0
2023-12-20,1.2929639781871316,1.2929639781871316,1.3378781724248217,-0.01225881922811357,-0.01225881922811357,-0.01225881922811357,-0.01225881922811357,-0.013857245040514887,DEFENSIVE_NORMAL,NORMAL_TRENDING,CRISIS,1.175,1.175,"{'CRISIS': 0.25, 'DEFENSIVE': 0.25, 'GROWTH': 0.25, 'EUPHORIA': 0.25}",,0.0,False,13.670000076293945,0.0,0.0,0.0
2023-12-21,1.3095793799513185,1.3095793799513185,1.3550707498835861,0.012850630059689177,0.012850630059689177,0.012850630059689177,0.012850630059689177,0.009481843457521899,DEFENSIVE_NORMAL,NORMAL_TRENDING,CRISIS,1.175,1.175,"{'CRISIS': 0.25, 'DEFENSIVE': 0.25, 'GROWTH': 0.25, 'EUPHORIA': 0.25}",,-1.2258819228113635,False,13.649999618530273,0.0,0.0,0.0
2023-12-22,1.3081546468029623,1.3081546468029623,1.3535965252239104,-0.0010879318735219552,-0.0010879318735219552,-0.0010879318735219552,-0.0010879318735219552,0.002009757369049625,DEFENSIVE_NORMAL,NORMAL_TRENDING,CRISIS,1.175,1.175,"{'CRISIS': 0.25, 'DEFENSIVE': 0.25, 'GROWTH': 0.25, 'EUPHORIA': 0.25}",,0.0,False,13.029999732971191,0.0,0.0,0.0
2023-12-26,1.3115558578428481,1.3115558578428481,1.3571158854588752,0.0026000068479657273,0.0026000068479657273,0.0026000068479657273,0.0026000068479657273,0.004222529656742857,DEFENSIVE_NORMAL,NORMAL_TRENDING,CRISIS,1.175,1.175,"{'CRISIS': 0.25, 'DEFENSIVE': 0.25, 'GROWTH': 0.25, 'EUPHORIA': 0.25}",,-0.10879318735220116,False,12.989999771118164,0.0,0.0,0.0
2023-12-27,1.3146315586346808,1.3146315586346808,1.360298428069283,0.0023450780029235442,0.0023450780029235442,0.0023450780029235442,0.0023450780029235442,0.0018080104593733992,DEFENSIVE_NORMAL,NORMAL_TRENDING,CRISIS,1.175,1.175,"{'CRISIS': 0.25, 'DEFENSIVE': 0.25, 'GROWTH': 0.25, 'EUPHORIA': 0.25}",,0.0,False,12.430000305175781,0.0,0.0,0.0
2023-12-28,1.3074428172533077,1.3074428172533077,1.3528599685734266,-0.005468255599187892,-0.005468255599187892,-0.005468255599187892,-0.005468255599187892,0.00037775004956497327,DEFENSIVE_NORMAL,NORMAL_TRENDING,CRISIS,1.175,1.175,"{'CRISIS': 0.25, 'DEFENSIVE': 0.25, 'GROWTH': 0.25, 'EUPHORIA': 0.25}",,0.0,False,12.470000267028809,0.0,0.0,0.0
2023-12-29,1.2939450986599805,1.2939450986599805,1.338893374462379,-0.010323754442800965,-0.010323754442800965,-0.010323754442800965,-0.010323754442800965,-0.0028950338655984176,DEFENSIVE_NORMAL,NORMAL_TRENDING,CRISIS,1.175,1.175,"{'CRISIS': 0.25, 'DEFENSIVE': 0.25, 'GROWTH': 0.25, 'EUPHORIA': 0.25}",,-0.5468255599187866,False,12.449999809265137,0.0,0.0,0.0
2024-01-02,1.2771186098248044,1.2771186098248044,1.3214823773186721,-0.013004020690369055,-0.013004020690369055,-0.013004020690369055,-0.013004020690369055,-0.005596275860299316,DEFENSIVE_NORMAL,NORMAL_TRENDING,CRISIS,1.175,1.175,"{'CRISIS': 0.25, 'DEFENSIVE': 0.25, 'GROWTH': 0.25, 'EUPHORIA': 0.25}",,-1.5735557113952439,False,13.199999809265137,0.0,0.0,0.0
2024-01-03,1.2602891643697915,1.2602891643697915,1.3040683208498713,-0.013177668327393336,-0.013177668327393336,-0.013177668327393336,-0.013177668327393336,-0.00816664853796667,DEFENSIVE_NORMAL,NORMAL_TRENDING,CRISIS,1.175,1.175,"{'CRISIS': 0.25, 'DEFENSIVE': 0.25, 'GROWTH': 0.25, 'EUPHORIA': 0.25}",,-2.85349522940372,False,14.039999961853027,0.0,0.0,0.0
2024-01-04,1.2522444698378827,1.2522444698378827,1.295682076133419,-0.006383213281002422,-0.006383213281002422,-0.006383213281002422,-0.0064308323286214695,-0.0032211252772047505,RISK_OFF,EARLY_DD_UNCERTAINTY,CRISIS,1.175,1.0575,"{'CRISIS': 0.25, 'DEFENSIVE': 0.25, 'GROWTH': 0.25, 'EUPHORIA': 0.25}",,-4.133659648436177,False,14.130000114440918,0.0,0.47927259790732096,-6.209849146904149e-05
2024-01-05,1.2582291422996177,1.2582291422996177,1.3018126445728362,0.004779156631060793,0.004779156631060793,0.004779156631060793,0.0047315375834417455,0.00136965610094264,RISK_OFF,EARLY_DD_UNCERTAINTY,CRISIS,1.175,1.0575,"{'CRISIS': 0.25, 'DEFENSIVE': 0.25, 'GROWTH': 0.25, 'EUPHORIA': 0.25}",,-4.750160009195641,False,13.350000381469727,0.0,0.47394797354107043,-6.169914648254375e-05
2024-01-08,1.2627820047423948,1.2627820047423948,1.306461221464818,0.003618468440856462,0.003618468440856462,0.003618468440856462,0.0035708493932374145,0.014276039883436953,RISK_OFF,EARLY_DD_UNCERTAINTY,CRISIS,1.175,1.0575,"{'CRISIS': 0.25, 'DEFENSIVE': 0.25, 'GROWTH': 0.25, 'EUPHORIA': 0.25}",,-4.299481811462325,False,13.079999923706055,0.0,0.47449612200113495,-6.19910783129922e-05
2024-01-09,1.2574983409268612,1.2574983409268612,1.3009325850060933,-0.004184145636927641,-0.004184145636927641,-0.004184145636927641,-0.004231764684546688,-0.0015171468230451568,RISK_OFF,EARLY_DD_UNCERTAINTY,CRISIS,1.175,1.0575,"{'CRISIS': 0.25, 'DEFENSIVE': 0.25, 'GROWTH': 0.25, 'EUPHORIA': 0.25}",,-3.957749674156277,False,12.760000228881836,0.0,0.4782141660098467,-6.221243911737229e-05
2024-01-10,1.2641401951199716,1.2641401951199716,1.3077419010000768,0.0052817995673973125,0.0052817995673973125,0.0052817995673973125,0.005234180519778265,0.0056553312573757175,RISK_OFF,EARLY_DD_UNCERTAINTY,CRISIS,1.175,1.0575,"{'CRISIS': 0.25, 'DEFENSIVE': 0.25, 'GROWTH': 0.25, 'EUPHORIA': 0.25}",,-4.3641778773095785,False,12.6899995803833,0.0,0.47371098736838774,-6.194917071457587e-05
2024-01-11,1.262304175548575,1.262304175548575,1.3057802814959034,-0.0014523860395264639,-0.0014523860395264639,-0.0014523860395264639,-0.0015000050871455115,-0.0004405746842006675,RISK_OFF,EARLY_DD_UNCERTAINTY,CRISIS,1.175,1.0575,"{'CRISIS': 0.25, 'DEFENSIVE': 0.25, 'GROWTH': 0.25, 'EUPHORIA': 0.25}",,-3.8636027201620267,False,12.4399995803833,0.0,0.47690583737262454,-6.227342385714652e-05
2024-01-12,1.250668405681075,1.250668405681075,1.2936815740374377,-0.009217881151698873,-0.009217881151698873,-0.009217881151698873,-0.009265500199317921,0.0006927305894453006,RISK_OFF,EARLY_DD_UNCERTAINTY,CRISIS,1.175,1.0575,"{'CRISIS': 0.25, 'DEFENSIVE': 0.25, 'GROWTH': 0.25, 'EUPHORIA': 0.25}",,-4.007807805141621,False,12.699999809265137,0.0,0.4806438821765843,-6.218001340456684e-05
2024-01-16,1.2384426854341852,1.2384426854341852,1.2809737811704174,-0.00977534907842508,-0.00977534907842508,-0.00977534907842508,-0.009822968126044128,-0.0036713185210940358,RISK_OFF,EARLY_DD_UNCERTAINTY,CRISIS,1.175,1.0575,"{'CRISIS': 0.25, 'DEFENSIVE': 0.25, 'GROWTH': 0.25, 'EUPHORIA': 0.25}",,-4.897223481056049,False,13.84000015258789,0.0,0.48091448383655566,-6.160388447797323e-05
2024-01-17,1.219476455990694,1.219476455990694,1.2612952071120411,-0.015314579888565305,-0.015314579888565305,-0.015314579888565305,-0.015362198936184353,-0.005558480925508813,RISK_OFF,EARLY_DD_UNCERTAINTY,CRISIS,1.175,1.0575,"{'CRISIS': 0.25, 'DEFENSIVE': 0.25, 'GROWTH': 0.25, 'EUPHORIA': 0.25}",,-5.831415023499929,False,14.789999961853027,0.0,0.4836199419481902,-6.099875148430559e-05
2024-01-18,1.2312029742211064,1.2312029742211064,1.273363793895654,0.00961602675706089,0.00961602675706089,0.00961602675706089,0.009568407709441841,0.008892680130355934,RISK_OFF,EARLY_DD_UNCERTAINTY,CRISIS,1.175,1.0575,"{'CRISIS': 0.25, 'DEFENSIVE': 0.25, 'GROWTH': 0.25, 'EUPHORIA': 0.25}",,-7.278051559447905,False,14.130000114440918,0.0,0.4716772757092117,-6.006167652914482e-05
2024-01-19,1.2481342986384316,1.2481342986384316,1.2908142714083681,0.013751854707820586,0.013751854707820586,0.013751854707820586,0.013704235660201538,0.012466143976723965,RISK_OFF,EARLY_DD_UNCERTAINTY,CRISIS,1.175,1.0575,"{'CRISIS': 0.25, 'DEFENSIVE': 0.25, 'GROWTH': 0.25, 'EUPHORIA': 0.25}",,-6.390850153154867,False,13.300000190734863,0.0,0.46975287212876715,-6.0636371137888285e-05
2024-01-22,1.2321561590932695,1.2321561590932695,1.2742282917736902,-0.01280161883428125,-0.01280161883428125,-0.01280161883428125,-0.012849237881900299,0.0021144890141535644,RISK_OFF,EARLY_DD_UNCERTAINTY,CRISIS,1.175,1.0575,"{'CRISIS': 0.25, 'DEFENSIVE': 0.25, 'GROWTH': 0.25, 'EUPHORIA': 0.25}",,-5.108008303702591,False,13.1899995803833,0.0,0.48238880469354917,-6.146734625754134e-05
2024-01-23,1.2376790479439927,1.2376790479439927,1.279879082846501,0.004482296184590225,0.004482296184590225,0.004482296184590225,0.004434677136971178,0.0029163916203063245,RISK_OFF,EARLY_DD_UNCERTAINTY,CRISIS,1.175,1.0575,"{'CRISIS': 0.25, 'DEFENSIVE': 0.25, 'GROWTH': 0.25, 'EUPHORIA': 0.25}",,-6.3272980780956205,False,12.550000190734863,0.0,0.4740880487597301,-6.067753770350906e-05
2024-01-24,1.2466877485718901,1.2466877485718901,1.2891339984548562,0.007278704962213318,0.007278704962213318,0.007278704962213318,0.007231085914594271,0.0010931593789482719,RISK_OFF,EARLY_DD_UNCERTAINTY,CRISIS,1.175,1.0575,"{'CRISIS': 0.25, 'DEFENSIVE': 0.25, 'GROWTH': 0.25, 'EUPHORIA': 0.25}",,-5.911889888524226,False,13.140000343322754,0.0,0.47277182252380723,-6.0946622992690526e-05
2024-01-25,1.2455875706399866,1.2455875706399866,1.287934975191516,-0.0008824807440065585,-0.0008824807440065585,-0.0008824807440065585,-0.0009300997916256061,0.005438889801598457,RISK_OFF,EARLY_DD_UNCERTAINTY,CRISIS,1.175,1.0575,"{'CRISIS': 0.25, 'DEFENSIVE': 0.25, 'GROWTH': 0.25, 'EUPHORIA': 0.25}",,-5.231530680766334,False,13.449999809265137,0.0,0.47663379318219673,-6.138733325975507e-05
2024-01-26,1.2613095317917966,1.2613095317917966,1.3041301203107385,0.012622124306950309,0.012622124306950309,0.012622124306950309,0.012574505259331261,-0.0012704112592809569,RISK_OFF,EARLY_DD_UNCERTAINTY,CRISIS,1.175,1.0575,"{'CRISIS': 0.25, 'DEFENSIVE': 0.25, 'GROWTH': 0.25, 'EUPHORIA': 0.25}",,-5.31967481433283,False,13.260000228881836,0.0,0.47027697588388184,-6.133023691388171e-05
2024-01-29,1.2902316864934331,1.2902316864934331,1.3339720607789114,0.022930259363496817,0.022930259363496817,0.022930259363496817,0.02288264031587777,0.007919277532659752,RISK_OFF,EARLY_DD_UNCERTAINTY,CRISIS,1.175,1.0575,"{'CRISIS': 0.25, 'DEFENSIVE': 0.25, 'GROWTH': 0.25, 'EUPHORIA': 0.25}",,-4.129116567330449,False,13.600000381469727,0.0,0.465537743453563,-6.210143430051136e-05
2024-01-30,1.288756973519234,1.288756973519234,1.3324473532974228,-0.0011429830701238195,-0.0011429830701238195,-0.0011429830701238195,-0.0011429830701238195,-0.0007732863556143554,DEFENSIVE_NORMAL,NORMAL_TRENDING,CRISIS,1.175,1.175,"{'CRISIS': 0.25, 'DEFENSIVE': 0.25, 'GROWTH': 0.25, 'EUPHORIA': 0.25}",,-1.9353376249752356,False,13.3100004196167,0.0,0.0,0.0
2024-01-31,1.2713279306062284,1.2713279306062284,1.3144274452952762,-0.01352391744225583,-0.01352391744225583,-0.01352391744225583,-0.01352391744225583,-0.01631732385186435,DEFENSIVE_NORMAL,NORMAL_TRENDING,CRISIS,1.175,1.175,"{'CRISIS': 0.25, 'DEFENSIVE': 0.25, 'GROWTH': 0.25, 'EUPHORIA': 0.25}",,-2.047423873847305,False,14.350000381469727,0.0,0.0,0.0
2024-02-01,1.2841490750104494,1.2841490750104494,1.3276832416002988,0.010084844433573603,0.010084844433573603,0.010084844433573603,0.010084844433573603,0.013088157742291884,DEFENSIVE_NORMAL,NORMAL_TRENDING,CRISIS,1.175,1.175,"{'CRISIS': 0.25, 'DEFENSIVE': 0.25, 'GROWTH': 0.25, 'EUPHORIA': 0.25}",,-3.3721264266336703,False,13.880000114440918,0.0,0.0,0.0
2024-02-02,1.2812897907681542,1.2812897907681542,1.3247270242534643,-0.00222659837392479,-0.00222659837392479,-0.00222659837392479,-0.00222659837392479,0.010527325128161236,DEFENSIVE_NORMAL,NORMAL_TRENDING,CRISIS,1.175,1.175,"{'CRISIS': 0.25, 'DEFENSIVE': 0.25, 'GROWTH': 0.25, 'EUPHORIA': 0.25}",,-2.3976493536992405,False,13.850000381469727,0.0,0.0,0.0
2024-02-05,1.2861980026979323,1.2861980026979323,1.3298016303503741,0.0038306805885307237,0.0038306805885307237,0.0038306805885307237,0.0038306805885307237,-0.0036411786690189185,DEFENSIVE_NORMAL,NORMAL_TRENDING,CRISIS,1.175,1.175,"{'CRISIS': 0.25, 'DEFENSIVE': 0.25, 'GROWTH': 0.25, 'EUPHORIA': 0.25}",,-2.6149705889395363,False,13.670000076293945,0.0,0.0,0.0
2024-02-06,1.2888297239285618,1.2888297239285618,1.3325225700313392,0.002046124488693961,0.002046124488693961,0.002046124488693961,0.002046124488693961,0.00290327143734026,DEFENSIVE_NORMAL,NORMAL_TRENDING,CRISIS,1.175,1.175,"{'CRISIS': 0.25, 'DEFENSIVE': 0.25, 'GROWTH': 0.25, 'EUPHORIA': 0.25}",,-2.2419196471610947,False,13.0600004196167,0.0,0.0,0.0
2024-02-07,1.2832159850074372,1.2832159850074372,1.3267185187468449,-0.004355687036773986,-0.004355687036773986,-0.004355687036773986,-0.004355687036773986,0.00834040463816832,DEFENSIVE_NORMAL,NORMAL_TRENDING,CRISIS,1.175,1.175,"{'CRISIS': 0.25, 'DEFENSIVE': 0.25, 'GROWTH': 0.25, 'EUPHORIA': 0.25}",,-2.0418944449834364,False,12.829999923706055,0.0,0.0,0.0
2024-02-08,1.2926461218546246,1.2926461218546246,1.336468348343464,0.007348830561156623,0.007348830561156623,0.007348830561156623,0.007348830561156623,0.0004416755090710378,DEFENSIVE_NORMAL,NORMAL_TRENDING,CRISIS,1.175,1.175,"{'CRISIS': 0.25, 'DEFENSIVE': 0.25, 'GROWTH': 0.25, 'EUPHORIA': 0.25}",,-2.468569295496366,False,12.789999961853027,0.0,0.0,0.0
2024-02-09,1.3002931652799368,1.3002931652799368,1.3443746355504178,0.0059158058002297545,0.0059158058002297545,0.0059158058002297545,0.0059158058002297545,0.005779535360424415,GOLDILOCKS,NORMAL_TRENDING,GROWTH,1.1812103626032255,1.1812103626032255,"{'CRISIS': 0.24026882848985703, 'DEFENSIVE': 0.24828717917198273, 'GROWTH': 0.26537714524360123, 'EUPHORIA': 0.24606684709455895}",0.7075480222702026,-1.751827336861786,False,12.930000305175781,0.0,0.0,0.0
2024-02-12,1.321507101006865,1.321507101006865,1.3663077486921296,0.016314732933600622,0.016314732933600622,0.016314732933600622,0.016314732933600622,-0.00043894362772090023,GOLDILOCKS,NORMAL_TRENDING,GROWTH,1.1841587106770928,1.1841587106770928,"{'CRISIS': 0.23523950777771965, 'DEFENSIVE': 0.24747738334027747, 'GROWTH': 0.2734227865544972, 'EUPHORIA': 0.24386032232750562}",0.7056965231895447,-1.1706102271592185,False,13.930000305175781,0.0,0.0,0.0
2024-02-13,1.2916516870695325,1.2916516870695325,1.3354402010475432,-0.02259194363358745,-0.02259194363358745,-0.02259194363358745,-0.02259194363358745,-0.013773152193996552,GOLDILOCKS,NORMAL_TRENDING,GROWTH,1.1851926991134858,1.1851926991134858,"{'CRISIS': 0.23249206491436586, 'DEFENSIVE': 0.24719976577334507, 'GROWTH': 0.2780376692546279, 'EUPHORIA': 0.24227050005766115}",0.7081842422485352,0.0,False,15.850000381469727,0.0,0.0,0.0
2024-02-14,1.3305883384663582,1.3305883384663582,1.3756968508007488,0.030144853900329845,0.030144853900329845,0.030144853900329845,0.030144853900329845,0.009087731186302683,GOLDILOCKS,NORMAL_TRENDING,GROWTH,1.1860695777448014,1.1860695777448014,"{'CRISIS': 0.23151724811681645, 'DEFENSIVE': 0.24688431235093478, 'GROWTH': 0.2795935691095218, 'EUPHORIA': 0.2420048704227269}",0.7085059881210327,-2.2591943633587426,False,14.380000114440918,0.0,0.0,0.0
2024-02-15,1.3417666761630775,1.3417666761630775,1.3872541473153785,0.008401048899619588,0.008401048899619588,0.008401048899619588,0.008401048899619588,0.0068996364175557545,GOLDILOCKS,NORMAL_TRENDING,GROWTH,1.186543356404328,1.186543356404328,"{'CRISIS': 0.23068259765096627, 'DEFENSIVE': 0.24685170747342094, 'GROWTH': 0.2807805704700387, 'EUPHORIA': 0.2416851244055741}",0.7046774625778198,0.0,False,14.010000228881836,0.0,0.0,0.0
2024-02-16,1.3476117005545851,1.3476117005545851,1.3932973249201954,0.0043562152014550255,0.0043562152014550255,0.0043562152014550255,0.0043562152014550255,-0.004979936790690087,GOLDILOCKS,NORMAL_TRENDING,GROWTH,1.186706986214293,1.186706986214293,"{'CRISIS': 0.2302822335239037, 'DEFENSIVE': 0.24684769325985334, 'GROWTH': 0.2813845690328313, 'EUPHORIA': 0.24148550418341166}",0.7072401642799377,0.0,False,14.239999771118164,0.0,0.0,0.0
2024-02-20,1.3409546397939678,1.3409546397939678,1.3864145819566382,-0.004939895340681416,-0.004939895340681416,-0.004939895340681416,-0.004939895340681416,-0.005505327966968454,GOLDILOCKS,NORMAL_TRENDING,GROWTH,1.1865469664772639,1.1865469664772639,"{'CRISIS': 0.23003824256574898, 'DEFENSIVE': 0.24687600329909293, 'GROWTH': 0.2819204113415099, 'EUPHORIA': 0.2411653427936482}",0.7087262272834778,0.0,False,15.420000076293945,0.0,0.0,0.0
2024-02-21,1.318665614338177,1.318665614338177,1.3633699322776163,-0.016621759449831502,-0.016621759449831502,-0.016621759449831502,-0.016621759449831502,0.0009058154054089051,GOLDILOCKS,NORMAL_TRENDING,GROWTH,1.186538311164082,1.186538311164082,"{'CRISIS': 0.22995895460735832, 'DEFENSIVE': 0.2468462259607175, 'GROWTH': 0.2821201328119721, 'EUPHORIA': 0.24107468661995207}",0.7060058116912842,-0.49398953406814317,False,15.34000015258789,0.0,0.0,0.0
2024-02-22,1.3695033141986466,1.3695033141986466,1.4159310900588515,0.038552381519392595,0.038552381519392595,0.038552381519392595,0.038552381519392595,0.020695399434599526,GOLDILOCKS,NORMAL_TRENDING,GROWTH,1.1867315333773933,1.1867315333773933,"{'CRISIS': 0.23020752428870123, 'DEFENSIVE': 0.24671202178328638, 'GROWTH': 0.28171589316601653, 'EUPHORIA': 0.24136456076199592}",0.7068487405776978,-2.147954503845281,False,14.539999961853027,0.0,0.0,0.0
2024-02-23,1.3716887683014871,1.3716887683014871,1.4181906336306167,0.001595800521387945,0.001595800521387945,0.001595800521387945,0.001595800521387945,0.0006897095252564878,GOLDILOCKS,NORMAL_TRENDING,GROWTH,1.1868974763701756,1.1868974763701756,"{'CRISIS': 0.23006526072845065, 'DEFENSIVE': 0.24676597748551313, 'GROWTH': 0.28175299400396503, 'EUPHORIA': 0.2414157677820712}",0.7064363360404968,0.0,False,13.75,0.0,0.0,0.0
2024-02-26,1.3736873653375261,1.3736873653375261,1.4202569854608662,0.0014570339002729841,0.0014570339002729841,0.0014570339002729841,0.0014570339002729841,-0.0036625532242956504,GOLDILOCKS,NORMAL_TRENDING,GROWTH,1.186951295430994,1.186951295430994,"{'CRISIS': 0.2300241471568922, 'DEFENSIVE': 0.24680017988142697, 'GROWTH': 0.28172936587427655, 'EUPHORIA': 0.24144630708740422}",0.7088867425918579,0.0,False,13.739999771118164,0.0,0.0,0.0
2024-02-27,1.3813039256918553,1.3813039256918553,1.4281317561848166,0.00554460974637976,0.00554460974637976,0.00554460974637976,0.00554460974637976,0.0018578164723304091,GOLDILOCKS,NORMAL_TRENDING,GROWTH,1.187028737460078,1.187028737460078,"{'CRISIS': 0.2300257616346152, 'DEFENSIVE': 0.24681216872254572, 'GROWTH': 0.281642888642443, 'EUPHORIA': 0.24151918100039604}",0.7090376615524292,0.0,False,13.430000305175781,0.0,0.0,0.0
2024-02-28,1.3842371272120408,1.3842371272120408,1.4311643966923489,0.0021235019068786866,0.0021235019068786866,0.0021235019068786866,0.0021235019068786866,-0.001321748550077162,GOLDILOCKS,NORMAL_TRENDING,GROWTH,1.1869906655445919,1.1869906655445919,"{'CRISIS': 0.23000662868103314, 'DEFENSIVE': 0.24682729942630707, 'GROWTH': 0.2816857353726264, 'EUPHORIA': 0.24148033652003334}",0.7096049785614014,0.0,False,13.84000015258789,0.0,0.0,0.0
2024-02-29,1.4063116248990881,1.4063116248990881,1.4539872458585166,0.015947049283027894,0.015947049283027894,0.015947049283027894,0.015947049283027894,0.0035951134229530446,GOLDILOCKS,NORMAL_TRENDING,GROWTH,1.1870642203171036,1.1870642203171036,"{'CRISIS': 0.23000879309370598, 'DEFENSIVE': 0.24682261807814065, 'GROWTH': 0.2816278837735634, 'EUPHORIA': 0.24154070505458997}",0.7081817388534546,0.0,False,13.399999618530273,0.0,0.0,0.0
2024-03-01,1.4397264276063615,1.4397264276063615,1.4885348497459128,0.02376059624030434,0.02376059624030434,0.02376059624030434,0.02376059624030434,0.009388248501888352,GOLDILOCKS,NORMAL_TRENDING,GROWTH,1.1872140102038462,1.1872140102038462,"{'CRISIS': 0.22996827256874242, 'DEFENSIVE': 0.24679970832453418, 'GROWTH': 0.28161362027358794, 'EUPHORIA': 0.24161839883313543}",0.7030390501022339,0.0,False,13.109999656677246,0.0,0.0,0.0
2024-03-04,1.485998493223036,1.485998493223036,1.5363755929033909,0.032139484786428946,0.032139484786428946,0.032139484786428946,0.032139484786428946,-0.001072522758409744,GOLDILOCKS,NORMAL_TRENDING,GROWTH,1.1872577212584392,1.1872577212584392,"{'CRISIS': 0.2298919864337556, 'DEFENSIVE': 0.2467871910194092, 'GROWTH': 0.2817368713753507, 'EUPHORIA': 0.24158395117148443}",0.7005615234375,0.0,False,13.489999771118164,0.0,0.0,0.0
2024-03-05,1.4558605705588061,1.4558605705588061,1.505215959153222,-0.02028126058113472,-0.02028126058113472,-0.02028126058113472,-0.02028126058113472,-0.009994162517870886,GOLDILOCKS,NORMAL_TRENDING,GROWTH,1.1870497408659377,1.1870497408659377,"{'CRISIS': 0.22984959374138675, 'DEFENSIVE': 0.2468137530136957, 'GROWTH': 0.281945851814158, 'EUPHORIA': 0.24139080143075953}",0.7051987051963806,0.0,False,14.460000038146973,0.0,0.0,0.0
2024-03-06,1.5229809860149102,1.5229809860149102,1.5746118357726042,0.04610360141173492,0.04610360141173492,0.04610360141173492,0.04610360141173492,0.005067165328531242,GOLDILOCKS,NORMAL_TRENDING,GROWTH,1.1869680686523734,1.1869680686523734,"{'CRISIS': 0.23015898227299178, 'DEFENSIVE': 0.24670789854911238, 'GROWTH': 0.2816143025864425, 'EUPHORIA': 0.2415188165914533}",0.7087003588676453,-2.0281260581134672,False,14.5,0.0,0.0,0.0
2024-03-07,1.5462435403662853,1.5462435403662853,1.5986630181237542,0.015274356387235587,0.015274356387235587,0.015274356387235587,0.015274356387235587,0.009926555099257772,GOLDILOCKS,NORMAL_TRENDING,GROWTH,1.1870756321696938,1.1870756321696938,"{'CRISIS': 0.22982425103420576, 'DEFENSIVE': 0.24673338166947517, 'GROWTH': 0.28209799198587554, 'EUPHORIA': 0.2413443753104435}",0.6920446157455444,0.0,False,14.4399995803833,0.0,0.0,0.0
2024-03-08,1.5338586619711247,1.5338586619711247,1.585858277759495,-0.008009655705482694,-0.008009655705482694,-0.008009655705482694,-0.008009655705482694,-0.006002249864189957,GOLDILOCKS,NORMAL_TRENDING,GROWTH,1.1868542774900435,1.1868542774900435,"{'CRISIS': 0.22985090033334366, 'DEFENSIVE': 0.24680543093679608, 'GROWTH': 0.2821195191639066, 'EUPHORIA': 0.2412241495659537}",0.7093991041183472,0.0,False,14.739999771118164,0.0,0.0,0.0
2024-03-11,1.5506642286663208,1.5506642286663208,1.6032335729654867,0.010956398468682576,0.010956398468682576,0.010956398468682576,0.010956398468682576,-0.0008598396579316825,GOLDILOCKS,NORMAL_TRENDING,GROWTH,1.186679602248118,1.186679602248118,"{'CRISIS': 0.2299625083733216, 'DEFENSIVE': 0.24679964249842412, 'GROWTH': 0.28206963215297365, 'EUPHORIA': 0.24116821697528057}",0.7099352478981018,-0.8009655705482793,False,15.220000267028809,0.0,0.0,0.0
2024-03-12,1.559137590474111,1.559137590474111,1.6119941917216287,0.005464343376952466,0.005464343376952466,0.005464343376952466,0.005464343376952466,0.010757428722661277,GOLDILOCKS,NORMAL_TRENDING,GROWTH,1.1868598978776586,1.1868598978776586,"{'CRISIS': 0.22993325166101086, 'DEFENSIVE': 0.24681051743864807, 'GROWTH': 0.2819558044455718, 'EUPHORIA': 0.24130042645476923}",0.7061232924461365,0.0,False,13.84000015258789,0.0,0.0,0.0
2024-03-13,1.5832473818636958,1.5832473818636958,1.6369213334447739,0.015463543138776787,0.015463543138776787,0.015463543138776787,0.015463543138776787,-0.0015674730492424294,GOLDILOCKS,NORMAL_TRENDING,GROWTH,1.1869435822410794,1.1869435822410794,"{'CRISIS': 0.2299453213016103, 'DEFENSIVE': 0.24681956398819463, 'GROWTH': 0.28184961609817333, 'EUPHORIA': 0.24138549861202174}",0.7078698873519897,0.0,False,13.75,0.0,0.0,0.0
2024-03-14,1.5560650615028253,1.5560650615028253,1.6088175003982528,-0.017168713286532154,-0.017168713286532154,-0.017168713286532154,-0.017168713286532154,-0.00197673603213111,GOLDILOCKS,NORMAL_TRENDING,GROWTH,1.1868632001770054,1.1868632001770054,"{'CRISIS': 0.22991861682588796, 'DEFENSIVE': 0.24683845811302474, 'GROWTH': 0.28193564365941154, 'EUPHORIA': 0.24130728140167573}",0.7084319591522217,0.0,False,14.399999618530273,0.0,0.0,0.0
2024-03-15,1.5591777912853193,1.5591777912853193,1.6120357553877007,0.0020003853691616404,0.0020003853691616404,0.0020003853691616404,0.0020003853691616404,-0.0068667232734751504,GOLDILOCKS,NORMAL_TRENDING,GROWTH,1.1869036892400795,1.1869036892400795,"{'CRISIS': 0.23013143807018238, 'DEFENSIVE': 0.24673175900592642, 'GROWTH': 0.28168067074521574, 'EUPHORIA': 0.24145613217867543}",0.7069059610366821,-1.7168713286532074,False,14.40999984741211,0.0,0.0,0.0
2024-03-18,1.5377035258201244,1.5377035258201244,1.5898334870228823,-0.013772813841513474,-0.013772813841513474,-0.013772813841513474,-0.013772813841513474,0.0059432302092738976,GOLDILOCKS,NORMAL_TRENDING,GROWTH,1.186892606471567,1.186892606471567,"{'CRISIS': 0.23025093970538535, 'DEFENSIVE': 0.24669875735353303, 'GROWTH': 0.28152307267072696, 'EUPHORIA': 0.2415272302703546}",0.7100765109062195,-1.5202671960236094,False,14.329999923706055,0.0,0.0,0.0
2024-03-19,1.5131955045294958,1.5131955045294958,1.5644946149358654,-0.01593806665531145,-0.01593806665531145,-0.01593806665531145,-0.01593806665531145,0.005557194436520252,GOLDILOCKS,NORMAL_TRENDING,GROWTH,1.187024028419541,1.187024028419541,"{'CRISIS': 0.23051875706872696, 'DEFENSIVE': 0.2465899133314755, 'GROWTH': 0.2810948922495469, 'EUPHORIA': 0.2417964373502506}",0.7089515924453735,-2.8766102230947683,False,13.819999694824219,0.0,0.0,0.0
2024-03-20,1.5465342283294246,1.5465342283294246,1.5988890610077555,0.022032000293507943,0.022032000293507943,0.022032000293507943,0.021984381245888897,0.009249352026689417,CAUTIOUS_BULL,EARLY_DD_UNCERTAINTY,GROWTH,1.187248783479879,1.068523905131891,"{'CRISIS': 0.23090279836713443, 'DEFENSIVE': 0.24643954655217207, 'GROWTH': 0.2804416013860819, 'EUPHORIA': 0.2422160536946117}",0.7078649997711182,-4.424569283148877,False,13.039999961853027,0.0,0.46594692142942357,-7.449974356837455e-05
2024-03-21,1.538099015071766,1.538099015071766,1.5901682904241605,-0.005454268714615142,-0.005454268714615142,-0.005454268714615142,-0.005454268714615142,0.0033045121415216094,GOLDILOCKS,NORMAL_TRENDING,GROWTH,1.187354284564828,1.187354284564828,"{'CRISIS': 0.23079650814139807, 'DEFENSIVE': 0.24647216505053954, 'GROWTH': 0.2804969032733926, 'EUPHORIA': 0.24223442353466978}",0.7072305083274841,-2.3234025765295865,False,12.920000076293945,0.0,0.0,0.0
2024-03-22,1.5258284861096187,1.5258284861096187,1.5774823671701057,-0.007977723697830074,-0.007977723697830074,-0.007977723697830074,-0.007977723697830074,-0.001895821288933952,GOLDILOCKS,NORMAL_TRENDING,GROWTH,1.187355194736522,1.187355194736522,"{'CRISIS': 0.2308482847399321, 'DEFENSIVE': 0.24647090462305696, 'GROWTH': 0.2804032167098495, 'EUPHORIA': 0.24227759392716147}",0.710555911064148,-2.8561569860064804,False,13.0600004196167,0.0,0.0,0.0
2024-03-25,1.5643870390345869,1.5643870390345869,1.61734624302277,0.02527056826896732,0.02527056826896732,0.02527056826896732,0.02527056826896732,-0.0027627035676313083,GOLDILOCKS,NORMAL_TRENDING,GROWTH,1.1873684020150186,1.1873684020150186,"{'CRISIS': 0.23095890872310743, 'DEFENSIVE': 0.24642565507473324, 'GROWTH': 0.2802610451267932, 'EUPHORIA': 0.24235439107536616}",0.7089910507202148,-3.631143724517504,False,13.1899995803833,0.0,0.0,0.0
2024-03-26,1.5474240048774808,1.5474240048774808,1.5998089591667282,-0.010843246417826635,-0.010843246417826635,-0.010843246417826635,-0.010843246417826635,-0.00184710475805816,GOLDILOCKS,NORMAL_TRENDING,GROWTH,1.1873107906080858,1.1873107906080858,"{'CRISIS': 0.23066951073419356, 'DEFENSIVE': 0.2465435973685957, 'GROWTH': 0.28065287564696373, 'EUPHORIA': 0.242134016250247}",0.7090594172477722,-1.1958479630056214,False,13.239999771118164,0.0,0.0,0.0
2024-03-27,1.5422138353460897,1.5422138353460897,1.5944224097343658,-0.0033669954162327664,-0.0033669954162327664,-0.0033669954162327664,-0.0033669954162327664,0.008403847111814855,GOLDILOCKS,NORMAL_TRENDING,GROWTH,1.1873810889744054,1.1873810889744054,"{'CRISIS': 0.2307030665353011, 'DEFENSIVE': 0.2465314690467783, 'GROWTH': 0.2805519778825446, 'EUPHORIA': 0.24221348653537605}",0.7091474533081055,-2.2672057306471527,False,12.779999732971191,0.0,0.0,0.0
2024-03-28,1.5694977126621819,1.5694977126621819,1.6226299283158978,0.017691371125567384,0.017691371125567384,0.017691371125567384,0.017691371125567384,-0.00019104213784137958,GOLDILOCKS,NORMAL_TRENDING,GROWTH,1.187379200295519,1.187379200295519,"{'CRISIS': 0.23076035338975726, 'DEFENSIVE': 0.2465122592638384, 'GROWTH': 0.28047894137143514, 'EUPHORIA': 0.24224844597496925}",0.7098965644836426,-2.5962716009676776,False,13.010000228881836,0.0,0.0,0.0
2024-04-01,1.5675233437519072,1.5675233437519072,1.6205887210828436,-0.0012579622731184754,-0.0012579622731184754,-0.0012579622731184754,-0.0012579622731184754,-0.0017399718877186832,GOLDILOCKS,NORMAL_TRENDING,GROWTH,1.1872275692044367,1.1872275692044367,"{'CRISIS': 0.23051017826268022, 'DEFENSIVE': 0.24661691636472005, 'GROWTH': 0.28089824793724893, 'EUPHORIA': 0.2419746574353508}",0.7099209427833557,-0.8730660928464353,False,13.649999618530273,0.0,0.0,0.0
2024-04-02,1.5740788443395408,1.5740788443395408,1.6273661450719132,0.004182075255059876,0.004182075255059876,0.004182075255059876,0.004182075255059876,-0.006357901177355019,GOLDILOCKS,NORMAL_TRENDING,GROWTH,1.1869907197061038,1.1869907197061038,"{'CRISIS': 0.23034688271033693, 'DEFENSIVE': 0.24667881534728991, 'GROWTH': 0.2812969909760866, 'EUPHORIA': 0.24167731096628647}",0.7097235321998596,-0.9977640359515366,False,14.609999656677246,0.0,0.0,0.0
2024-04-03,1.5969298771748164,1.5969298771748164,1.6509907540613422,0.01451708274807768,0.01451708274807768,0.01451708274807768,0.01451708274807768,0.001098496474260191,GOLDILOCKS,NORMAL_TRENDING,GROWTH,1.186915641689934,1.186915641689934,"{'CRISIS': 0.23021296479648548, 'DEFENSIVE': 0.2467291212628347, 'GROWTH': 0.28152542113201, 'EUPHORIA': 0.24153249280866979}",0.7090510725975037,-0.5837292347306924,False,14.329999923706055,0.0,0.0,0.0
2024-04-04,1.5870721242533823,1.5870721242533823,1.6407992865700447,-0.006172940379119128,-0.006172940379119128,-0.006172940379119128,-0.006172940379119128,-0.012206088098995038,GOLDILOCKS,NORMAL_TRENDING,GROWTH,1.1864532404220594,1.1864532404220594,"{'CRISIS': 0.22997404015335232, 'DEFENSIVE': 0.24684193767040452, 'GROWTH': 0.2821701580556641, 'EUPHORIA': 0.24101386412057907}",0.7092965245246887,0.0,False,16.350000381469727,0.0,0.0,0.0
2024-04-05,1.601329529884419,1.601329529884419,1.6555393482409975,0.008983464212594574,0.008983464212594574,0.008983464212594574,0.008983464212594574,0.010446804601187631,GOLDILOCKS,NORMAL_TRENDING,GROWTH,1.1863529673687703,1.1863529673687703,"{'CRISIS': 0.22992296365307546, 'DEFENSIVE': 0.24683892772666183, 'GROWTH': 0.28235212492817185, 'EUPHORIA': 0.24088598369209083}",0.7064241170883179,-0.6172940379119076,False,16.030000686645508,0.0,0.0,0.0
2024-04-08,1.645722282865588,1.645722282865588,1.7014349293600022,0.027722434485032633,0.027722434485032633,0.027722434485032633,0.027722434485032633,0.000559364227412873,GOLDILOCKS,NORMAL_TRENDING,GROWTH,1.186414152964636,1.186414152964636,"{'CRISIS': 0.22987034748842555, 'DEFENSIVE': 0.24686648494679714, 'GROWTH': 0.2823539676349278, 'EUPHORIA': 0.2409091999298495}",0.7088104486465454,0.0,False,15.1899995803833,0.0,0.0,0.0
2024-04-09,1.6488813759995211,1.6488813759995211,1.704700967293095,0.0019195785138380174,0.0019195785138380174,0.0019195785138380174,0.0019195785138380174,0.001156807518960301,GOLDILOCKS,NORMAL_TRENDING,GROWTH,1.1864799669388988,1.1864799669388988,"{'CRISIS': 0.22985960519585563, 'DEFENSIVE': 0.24687679043676897, 'GROWTH': 0.2823024998336314, 'EUPHORIA': 0.24096110453374395}",0.7092432975769043,0.0,False,14.979999542236328,0.0,0.0,0.0
2024-04-10,1.634579312695417,1.634579312695417,1.6899147361525957,-0.008673797589250234,-0.008673797589250234,-0.008673797589250234,-0.008673797589250234,-0.010013240370595922,GOLDILOCKS,NORMAL_TRENDING,GROWTH,1.1863790481465597,1.1863790481465597,"{'CRISIS': 0.22978883891294627, 'DEFENSIVE': 0.24689444309529876, 'GROWTH': 0.2824883869699092, 'EUPHORIA': 0.24082833102184578}",0.7069212198257446,0.0,False,15.800000190734863,0.0,0.0,0.0
2024-04-11,1.670766168619719,1.670766168619719,1.7273266259315434,0.022138329809539996,0.022138329809539996,0.022138329809539996,0.022138329809539996,0.007547051052606779,GOLDILOCKS,NORMAL_TRENDING,GROWTH,1.1865747705099143,1.1865747705099143,"{'CRISIS': 0.22988645217001624, 'DEFENSIVE': 0.24681540028129717, 'GROWTH': 0.2822714784846544, 'EUPHORIA': 0.2410266690640322}",0.7041766047477722,-0.8673797589250224,False,14.90999984741211,0.0,0.0,0.0
2024-04-12,1.6327708882495353,1.6327708882495353,1.6880450911029012,-0.022741231588123998,-0.022741231588123998,-0.022741231588123998,-0.022741231588123998,-0.013803184835544768,GOLDILOCKS,NORMAL_TRENDING,GROWTH,1.1860873357352537,1.1860873357352537,"{'CRISIS': 0.22977035644705796, 'DEFENSIVE': 0.24690859897320996, 'GROWTH': 0.28274295169343316, 'EUPHORIA': 0.24057809288629894}",0.708046019077301,0.0,False,17.309999465942383,0.0,0.0,0.0
2024-04-15,1.620184225569797,1.620184225569797,1.6750323320545824,-0.007708774556381545,-0.007708774556381545,-0.007708774556381545,-0.007708774556381545,-0.012528093329782442,GOLDILOCKS,NORMAL_TRENDING,GROWTH,1.1855198757189152,1.1855198757189152,"{'CRISIS': 0.23006319176212134, 'DEFENSIVE': 0.2468636386572888, 'GROWTH': 0.28275015746297427, 'EUPHORIA': 0.24032301211761561}",0.7069926857948303,-2.274123158812406,False,19.229999542236328,0.0,0.0,0.0
2024-04-16,1.6101765376508546,1.6101765376508546,1.6646858538153901,-0.006176882703213988,-0.006176882703213988,-0.006176882703213988,-0.006176882703213988,-0.0018237257511991567,GOLDILOCKS,NORMAL_TRENDING,GROWTH,1.1854510356751207,1.1854510356751207,"{'CRISIS': 0.23033132886766075, 'DEFENSIVE': 0.2467714660649616, 'GROWTH': 0.28246187941049894, 'EUPHORIA': 0.2404353256568787}",0.7077288627624512,-3.0274699117058335,False,18.399999618530273,0.0,0.0,0.0
2024-04-17,1.5871819027312288,1.5871819027312288,1.6409127813793722,-0.014280816035969212,-0.014280816035969212,-0.014280816035969212,-0.014280816035969212,-0.00591834234159716,GOLDILOCKS,NORMAL_TRENDING,GROWTH,1.1854590027203722,1.1854590027203722,"{'CRISIS': 0.23058209751488923, 'DEFENSIVE': 0.2466915258388333, 'GROWTH': 0.2821220697109069, 'EUPHORIA': 0.24060430693537058}",0.7094656229019165,-3.6264578554951203,False,18.209999084472656,0.0,0.0,0.0
2024-04-18,1.5981908692597309,1.5981908692597309,1.6522162958151345,0.0069361719091918,0.0069361719091918,0.0069361719091918,0.006888552861572752,-0.0020577277364434154,CAUTIOUS_BULL,EARLY_DD_UNCERTAINTY,GROWTH,1.1855666263927476,1.067009963753473,"{'CRISIS': 0.23090789541438764, 'DEFENSIVE': 0.24656913909154182, 'GROWTH': 0.28162886618472527, 'EUPHORIA': 0.24089409930934533}",0.7074259519577026,-5.0027506815955185,False,18.0,0.0,0.47293265459930495,-7.81387038752082e-05
2024-04-19,1.5736110741779674,1.5736110741779674,1.6267269255685228,-0.01537976192615134,-0.01537976192615134,-0.01537976192615134,-0.015427380973770388,-0.008728316588987761,CAUTIOUS_BULL,EARLY_DD_UNCERTAINTY,GROWTH,1.185442017547113,1.0668978157924016,"{'CRISIS': 0.23097963043114142, 'DEFENSIVE': 0.24656397785399173, 'GROWTH': 0.28160936465149305, 'EUPHORIA': 0.24084702706337385}",0.7080191373825073,-4.348357107961678,False,18.709999084472656,0.0,0.48365195922413745,-7.867696646738737e-05
2024-04-22,1.5642325445564154,1.5642325445564154,1.6169543687793868,-0.005959877745809031,-0.005959877745809031,-0.005959877745809031,-0.006007496793428079,0.009209120574001473,CAUTIOUS_BULL,EARLY_DD_UNCERTAINTY,GROWTH,1.1857907005210038,1.0672116304689034,"{'CRISIS': 0.23123531066495062, 'DEFENSIVE': 0.24643829821737373, 'GROWTH': 0.2810490411692458, 'EUPHORIA': 0.24127734994842992}",0.7074525356292725,-5.824011443624183,False,16.940000534057617,0.0,0.4790684785391325,-7.746318693183442e-05
2024-04-23,1.5747529819879833,1.5747529819879833,1.627752395465533,0.006725622394304293,0.006725622394304293,0.006725622394304293,0.006678003346685246,0.011866605171472866,CAUTIOUS_BULL,EARLY_DD_UNCERTAINTY,GROWTH,1.1861969399493373,1.0675772459544035,"{'CRISIS': 0.2314734214166919, 'DEFENSIVE': 0.24632459875368812, 'GROWTH': 0.28045399608494415, 'EUPHORIA': 0.24174798374467585}",0.7084197998046875,-6.389773392894531,False,15.6899995803833,0.0,0.47303156978436833,-7.69978270847327e-05
2024-04-24,1.5508133972887959,1.5508133972887959,1.6029295952737213,-0.015202120569389747,-0.015202120569389747,-0.015202120569389747,-0.015249739617008795,-0.00047460944291533025,CAUTIOUS_BULL,EARLY_DD_UNCERTAINTY,GROWTH,1.1863438267848643,1.067709444106378,"{'CRISIS': 0.2314914893533569, 'DEFENSIVE': 0.24630062222739685, 'GROWTH': 0.28033642867141373, 'EUPHORIA': 0.24187145974783253}",0.7084875702857971,-5.764643986328305,False,15.970000267028809,0.0,0.48356471213856317,-7.751201883169205e-05
2024-04-25,1.5640806214326974,1.5640806214326974,1.6165663440325566,0.008555010014161661,0.008555010014161661,0.008555010014161661,0.008507390966542613,-0.0037989251634935606,CAUTIOUS_BULL,EARLY_DD_UNCERTAINTY,GROWTH,1.186534633845693,1.0678811704611237,"{'CRISIS': 0.2317293810561088, 'DEFENSIVE': 0.24621628314968474, 'GROWTH': 0.2798748248720554, 'EUPHORIA': 0.24217951092215106}",0.7081332206726074,-7.201708628252929,False,15.369999885559082,0.0,0.4721735115238972,-7.632998072732007e-05
2024-04-26,1.5742296409381558,1.5742296409381558,1.6269789539870196,0.006488808419710363,0.006488808419710363,0.006488808419710363,0.006441189372091316,0.00947396486246821,CAUTIOUS_BULL,EARLY_DD_UNCERTAINTY,GROWTH,1.1867030673839487,1.068032760645554,"{'CRISIS': 0.23172044960588567, 'DEFENSIVE': 0.24619439694749373, 'GROWTH': 0.2797854910690538, 'EUPHORIA': 0.24229966237756675}",0.7070127725601196,-6.412237282526344,False,15.029999732971191,0.0,0.4731428733432171,-7.697934971583602e-05
2024-04-29,1.5848390349652468,1.5848390349652468,1.6378663725777298,0.006739419555566535,0.006739419555566535,0.006739419555566535,0.006691800507947487,0.003541475525250082,CAUTIOUS_BULL,EARLY_DD_UNCERTAINTY,GROWTH,1.1868272500971484,1.0681445250874335,"{'CRISIS': 0.23165196637002833, 'DEFENSIVE': 0.24620724620121448, 'GROWTH': 0.279787213422068, 'EUPHORIA': 0.24235357400668914}",0.7086889147758484,-5.809420779952749,False,14.670000076293945,0.0,0.4730250866751913,-7.747518828509617e-05
2024-04-30,1.530087374680214,1.530087374680214,1.5850966612845654,-0.0345471426921494,-0.0345471426921494,-0.0345471426921494,-0.03221856933915412,-0.015841282670762236,CAUTIOUS_BULL,EARLY_DD_UNCERTAINTY,GROWTH,1.1867030175602546,1.0680327158042293,"{'CRISIS': 0.23150434455112848, 'DEFENSIVE': 0.246263694998637, 'GROWTH': 0.2800720032748771, 'EUPHORIA': 0.24215995717535743}",0.7093333005905151,-5.17911621408417,False,15.649999618530273,24.552986090999504,0.4920434109438444,0.0038138919909515533
2024-05-01,1.518797466371831,1.518797466371831,1.5733253804591192,-0.007378603663560406,-0.007378603663560406,-0.007378603663560406,-0.0074262227111794536,-0.003247126074506168,CAUTIOUS_BULL,EARLY_DD_UNCERTAINTY,GROWTH,1.1866974531889602,1.0680277078700642,"{'CRISIS': 0.2319028810485907, 'DEFENSIVE': 0.24616404864107444, 'GROWTH': 0.27950376340508243, 'EUPHORIA': 0.2424293069052525}",0.7088122367858887,-8.234109433140574,False,15.390000343322754,0.0,0.47975323052677593,-7.548079339450312e-05
2024-05-02,1.5376693847200469,1.5376693847200469,1.5927999187532484,0.01242556612455894,0.01242556612455894,0.01242556612455894,0.012377947076939892,0.009353352715692376,CAUTIOUS_BULL,EARLY_DD_UNCERTAINTY,GROWTH,1.1868241888265179,1.068141769943866,"{'CRISIS': 0.23220040930524619, 'DEFENSIVE': 0.24607377795313395, 'GROWTH': 0.27899561049248844, 'EUPHORIA': 0.24273020224913147}",0.7073068618774414,-8.915583373779796,False,14.680000305175781,0.0,0.47036828248322765,-7.4920256212339e-05
2024-05-03,1.5646283917803911,1.5646283917803911,1.6206496477815835,0.017532382011528756,0.017532382011528756,0.017532382011528756,0.01748476296390971,0.012395489218238076,CAUTIOUS_BULL,EARLY_DD_UNCERTAINTY,GROWTH,1.1870781295876276,1.068370316628865,"{'CRISIS': 0.2322171723130183, 'DEFENSIVE': 0.2460482328384821, 'GROWTH': 0.2787937074421801, 'EUPHORIA': 0.2429408874063195}",0.7079612612724304,-7.7881452852465,False,13.489999771118164,0.0,0.46800747640027984,-7.584761517872612e-05
2024-05-06,1.603730075094875,1.603730075094875,1.661074186487591,0.024991035264284218,0.024991035264284218,0.024991035264284218,0.02494341621666517,0.01032683746075147,CAUTIOUS_BULL,EARLY_DD_UNCERTAINTY,GROWTH,1.187225888047542,1.0685032992427879,"{'CRISIS': 0.2319766163611017, 'DEFENSIVE': 0.24609354286622603, 'GROWTH': 0.2790398537601708, 'EUPHORIA': 0.24288998701250153}",0.7069815397262573,-6.175842863096564,False,13.489999771118164,0.0,0.46460172206210193,-7.717379275150398e-05
2024-05-07,1.6003099029286052,1.6003099029286052,1.6574526214458543,-0.002132635796624033,-0.002132635796624033,-0.002132635796624033,-0.002180254844243081,0.0011033236463102725,CAUTIOUS_BULL,EARLY_DD_UNCERTAINTY,GROWTH,1.187370786695806,1.0686337080262256,"{'CRISIS': 0.23148538729471696, 'DEFENSIVE': 0.2462089034923098, 'GROWTH': 0.27963703718369004, 'EUPHORIA': 0.24266867202928322}",0.7033495903015137,-3.835547860453001,False,13.229999542236328,0.0,0.4772309613056857,-7.909877078512338e-05
2024-05-08,1.590279945146125,1.590279945146125,1.6469855948075158,-0.006267509664300114,-0.006267509664300114,-0.006267509664300114,-0.006315128711919161,9.651429665491484e-05,CAUTIOUS_BULL,EARLY_DD_UNCERTAINTY,GROWTH,1.1874075370149064,1.0686667833134158,"{'CRISIS': 0.23134924371728044, 'DEFENSIVE': 0.2462715388329139, 'GROWTH': 0.2797568358537835, 'EUPHORIA': 0.24262238159602215}",0.7092131972312927,-4.045210873074237,False,13.0,0.0,0.4792167919123155,-7.892631530694544e-05
2024-05-09,1.6120387020156899,1.6120387020156899,1.669441789982896,0.013682343750845545,0.013682343750845545,0.013682343750845545,0.013634724703226497,0.00576208887656815,CAUTIOUS_BULL,EARLY_DD_UNCERTAINTY,GROWTH,1.1874873861859991,1.0687386475673992,"{'CRISIS': 0.2313743411079481, 'DEFENSIVE': 0.24626646064071928, 'GROWTH': 0.27965232346595703, 'EUPHORIA': 0.24270687478537561}",0.708358883857727,-4.651177716935837,False,12.6899995803833,0.0,0.46978508587489043,-7.842788546702456e-05
2024-05-10,1.618452394612274,1.618452394612274,1.6760043705383267,0.003978621970157714,0.003978621970157714,0.003978621970157714,0.003931002922538666,0.0012881314446651082,CAUTIOUS_BULL,EARLY_DD_UNCERTAINTY,GROWTH,1.1875243728094436,1.0687719355284993,"{'CRISIS': 0.23121962674736085, 'DEFENSIVE': 0.24632968765991223, 'GROWTH': 0.27980503482710767, 'EUPHORIA': 0.24264565076561923}",0.7090811729431152,-3.3511227743293945,False,12.550000190734863,0.0,0.474325899692549,-7.949722809442361e-05
2024-05-13,1.6223346951924893,1.6223346951924893,1.6800247252684657,0.0023987734165916742,0.0023987734165916742,0.0023987734165916742,0.0023987734165916742,0.0001341361791671325,GOLDILOCKS,NORMAL_TRENDING,GROWTH,1.1873862737523968,1.1873862737523968,"{'CRISIS': 0.23101998104170682, 'DEFENSIVE': 0.2463943386369145, 'GROWTH': 0.28018377045475884, 'EUPHORIA': 0.24240190986661986}",0.7082608938217163,-2.971195755495211,False,13.600000381469727,0.0,0.0,0.0
2024-05-14,1.6394053553773158,1.6394053553773158,1.6977024161125007,0.010522280165376815,0.010522280165376815,0.010522280165376815,0.010522280165376815,0.004588086893504872,GOLDILOCKS,NORMAL_TRENDING,GROWTH,1.1873656773936085,1.1873656773936085,"{'CRISIS': 0.2308737772738742, 'DEFENSIVE': 0.24643056369106398, 'GROWTH': 0.28041161799237235, 'EUPHORIA': 0.24228404104268952}",0.7063077092170715,-2.738445639229807,False,13.420000076293945,0.0,0.0,0.0
2024-05-15,1.7058520050933004,1.7058520050933004,1.7665119008414591,0.040530945868901165,0.040530945868901165,0.040530945868901165,0.040530945868901165,0.012383081277121954,GOLDILOCKS,NORMAL_TRENDING,GROWTH,1.1874460791212773,1.1874460791212773,"{'CRISIS': 0.23074924834705207, 'DEFENSIVE': 0.24650243908962843, 'GROWTH': 0.28045911687076186, 'EUPHORIA': 0.24228919569255766}",0.7089933156967163,-1.7150323149257547,False,12.449999809265137,0.0,0.0,0.0
2024-05-16,1.6921655109613605,1.6921655109613605,1.7523387165952993,-0.00802325998449749,-0.00802325998449749,-0.00802325998449749,-0.00802325998449749,-0.002057354781481502,GOLDILOCKS,NORMAL_TRENDING,GROWTH,1.187748430007173,1.187748430007173,"{'CRISIS': 0.2301718027556066, 'DEFENSIVE': 0.24657283828512783, 'GROWTH': 0.2811543426572912, 'EUPHORIA': 0.24210101630197434}",0.6850496530532837,0.0,False,12.420000076293945,0.0,0.0,0.0
2024-05-17,1.7308752224318784,1.7308752224318784,1.7924249408320079,0.022875842356889782,0.022875842356889782,0.022875842356889782,0.022875842356889782,0.0014372560544719803,GOLDILOCKS,NORMAL_TRENDING,GROWTH,1.187659500437557,1.187659500437557,"{'CRISIS': 0.2303263392306003, 'DEFENSIVE': 0.246628383513269, 'GROWTH': 0.28085718714992614, 'EUPHORIA': 0.2421880901062046}",0.7104396820068359,-0.8023259984497488,False,11.989999771118164,0.0,0.0,0.0
2024-05-20,1.7574746593087238,1.7574746593087238,1.8199702505413684,0.015367622421374376,0.015367622421374376,0.015367622421374376,0.015367622421374376,0.001152323506963704,GOLDILOCKS,NORMAL_TRENDING,GROWTH,1.187590689045987,1.187590689045987,"{'CRISIS': 0.2302628086571415, 'DEFENSIVE': 0.2467044746327547, 'GROWTH': 0.28091052508838965, 'EUPHORIA': 0.24212219162171414}",0.7084224224090576,0.0,False,12.149999618530273,0.0,0.0,0.0
2024-05-21,1.7561050803574119,1.7561050803574119,1.8185519695243688,-0.0007792880221958622,-0.0007792880221958622,-0.0007792880221958622,-0.0007792880221958622,0.0024524415255788856,GOLDILOCKS,NORMAL_TRENDING,GROWTH,1.187692082653386,1.187692082653386,"{'CRISIS': 0.23016726225359496, 'DEFENSIVE': 0.24671635220175409, 'GROWTH': 0.28098239267114344, 'EUPHORIA': 0.24213399287350748}",0.7011269330978394,0.0,False,11.859999656677246,0.0,0.0,0.0
2024-05-22,1.7215608193093552,1.7215608193093552,1.7827793186349803,-0.01967095331278579,-0.01967095331278579,-0.01967095331278579,-0.01967095331278579,-0.0028793125884677417,GOLDILOCKS,NORMAL_TRENDING,GROWTH,1.1875708998904886,1.1875708998904886,"{'CRISIS': 0.2301996454657645, 'DEFENSIVE': 0.2467495496530984, 'GROWTH': 0.2809714464532855, 'EUPHORIA': 0.2420793584278516}",0.7098618149757385,-0.07792880221958066,False,12.289999961853027,0.0,0.0,0.0
2024-05-23,1.703159470502218,1.703159470502218,1.7637236200384512,-0.010688759061395974,-0.010688759061395974,-0.010688759061395974,-0.010688759061395974,-0.0073041499193599035,GOLDILOCKS,NORMAL_TRENDING,GROWTH,1.1874994179524374,1.1874994179524374,"{'CRISIS': 0.23044524405033662, 'DEFENSIVE': 0.24664930732677193, 'GROWTH': 0.28073946767996266, 'EUPHORIA': 0.24216598094292874}",0.7097828388214111,-2.043491199667978,False,12.770000457763672,0.0,0.0,0.0
2024-05-24,1.7270924240445091,1.7270924240445091,1.7885076265809359,0.014052091983632093,0.014052091983632093,0.014052091983632093,0.014052091983632093,0.006616389864486871,GOLDILOCKS,NORMAL_TRENDING,GROWTH,1.1876392109787675,1.1876392109787675,"{'CRISIS': 0.23073438414267672, 'DEFENSIVE': 0.24652104354884863, 'GROWTH': 0.28029596763710946, 'EUPHORIA': 0.24244860467136514}",0.7070127725601196,-3.0905247207302486,False,11.930000305175781,0.0,0.0,0.0
2024-05-28,1.7782803053003606,1.7782803053003606,1.8415157428462008,0.029638182961847222,0.029638182961847222,0.029638182961847222,0.029638182961847222,0.0006989441056695078,GOLDILOCKS,NORMAL_TRENDING,GROWTH,1.1875464084565561,1.1875464084565561,"{'CRISIS': 0.2306190601780891, 'DEFENSIVE': 0.24654510732651436, 'GROWTH': 0.280546629359392, 'EUPHORIA': 0.2422892031360045}",0.70632004737854,-1.7287438600204406,False,12.920000076293945,0.0,0.0,0.0
2024-05-29,1.756877190865821,1.756877190865821,1.8193515361912291,-0.01203584967496139,-0.01203584967496139,-0.01203584967496139,-0.01203584967496139,-0.00700268261209569,GOLDILOCKS,NORMAL_TRENDING,GROWTH,1.187160528858455,1.187160528858455,"{'CRISIS': 0.23028729214234386, 'DEFENSIVE': 0.24670501782606807, 'GROWTH': 0.2812232454657159, 'EUPHORIA': 0.24178444456587217}",0.7105042934417725,0.0,False,14.279999732971191,0.0,0.0,0.0
2024-05-30,1.7368650909991752,1.7368650909991752,1.7986278084178318,-0.011390722112331303,-0.011390722112331303,-0.011390722112331303,-0.011390722112331303,-0.006633711041880375,GOLDILOCKS,NORMAL_TRENDING,GROWTH,1.1869777737325493,1.1869777737325493,"{'CRISIS': 0.2302836878123499, 'DEFENSIVE': 0.24670987904503525, 'GROWTH': 0.2813744524122617, 'EUPHORIA': 0.24163198073035316}",0.710703432559967,-1.2035849674961347,False,14.470000267028809,0.0,0.0,0.0
2024-05-31,1.7127557203857033,1.7127557203857033,1.7736611114339595,-0.013880969073770932,-0.013880969073770932,-0.013880969073770932,-0.013880969073770932,0.00910826588491287,GOLDILOCKS,NORMAL_TRENDING,GROWTH,1.1872062086039454,1.1872062086039454,"{'CRISIS': 0.23049948577896934, 'DEFENSIVE': 0.246610186605755, 'GROWTH': 0.28094630677615634, 'EUPHORIA': 0.24194402083911934}",0.7082399129867554,-2.328947476825938,False,12.920000076293945,0.0,0.0,0.0
2024-06-03,1.7392390795961445,1.7392390795961445,1.8010862157688137,0.015462426366602519,0.015462426366602519,0.015462426366602519,0.015462426366602519,0.000815187095192238,GOLDILOCKS,NORMAL_TRENDING,GROWTH,1.1872940392336657,1.1872940392336657,"{'CRISIS': 0.23080827650817065, 'DEFENSIVE': 0.24649466040628787, 'GROWTH': 0.28048991473034335, 'EUPHORIA': 0.2422071483551982}",0.7100244164466858,-3.6847163363027686,False,13.109999656677246,0.0,0.0,0.0
2024-06-04,1.7247215823634734,1.7247215823634734,1.7860524780498466,-0.008347039462821962,-0.008347039462821962,-0.008347039462821962,-0.008347039462821962,0.0011178871873094298,GOLDILOCKS,NORMAL_TRENDING,GROWTH,1.1874109483283382,1.1874109483283382,"{'CRISIS': 0.23064799449167414, 'DEFENSIVE': 0.24649217366062723, 'GROWTH': 0.28069027819565584, 'EUPHORIA': 0.2421695536520428}",0.7013654112815857,-2.195448354674408,False,13.15999984741211,0.0,0.0,0.0
2024-06-05,1.766547268121935,1.766547268121935,1.8293654802520138,0.02425068845091251,0.02425068845091251,0.02425068845091251,0.02425068845091251,0.01188536627184078,GOLDILOCKS,NORMAL_TRENDING,GROWTH,1.1874938990158113,1.1874938990158113,"{'CRISIS': 0.23078148701078377, 'DEFENSIVE': 0.2464555112046473, 'GROWTH': 0.2804344652263622, 'EUPHORIA': 0.2423285365582068}",0.7071061730384827,-3.0118268069015572,False,12.630000114440918,0.0,0.0,0.0
2024-06-06,1.776762329164085,1.776762329164085,1.8399437876578741,0.005782500828868246,0.005782500828868246,0.005782500828868246,0.005782500828868246,-1.889155106860052e-05,GOLDILOCKS,NORMAL_TRENDING,GROWTH,1.1875660251826172,1.1875660251826172,"{'CRISIS': 0.23045324079904372, 'DEFENSIVE': 0.24655674570547936, 'GROWTH': 0.28081585684922983, 'EUPHORIA': 0.24217415664624709}",0.7006864547729492,-0.659796835372572,False,12.579999923706055,0.0,0.0,0.0
2024-06-07,1.7133766266930162,1.7133766266930162,1.7743040970961979,-0.03567483474331092,-0.03567483474331092,-0.03567483474331092,-0.03567483474331092,-0.0012156126459166305,GOLDILOCKS,NORMAL_TRENDING,GROWTH,1.1875136389568575,1.1875136389568575,"{'CRISIS': 0.23035345366590926, 'DEFENSIVE': 0.24666942029363875, 'GROWTH': 0.28086405368352385, 'EUPHORIA': 0.24211307235692814}",0.7102397680282593,-0.08536202823317009,False,12.220000267028809,0.0,0.0,0.0
2024-06-10,1.7277494288849455,1.7277494288849455,1.7891879944358704,0.008388583086761327,0.008388583086761327,0.008388583086761327,0.008388583086761327,0.0030896673732900837,GOLDILOCKS,NORMAL_TRENDING,GROWTH,1.187498710108824,1.187498710108824,"{'CRISIS': 0.23075414183211523, 'DEFENSIVE': 0.24652195049148587, 'GROWTH': 0.2803753932722494, 'EUPHORIA': 0.24234851440414945}",0.7103183269500732,-3.649800226313694,False,12.739999771118164,0.0,0.0,0.0
2024-06-11,1.707159374651322,1.707159374651322,1.7678657603064931,-0.011917268725078919,-0.011917268725078919,-0.011917268725078919,-0.011917268725078919,0.002408179219097528,GOLDILOCKS,NORMAL_TRENDING,GROWTH,1.1875050486582779,1.1875050486582779,"{'CRISIS': 0.2307947473850276, 'DEFENSIVE': 0.2464819804504509, 'GROWTH': 0.28035895353233725, 'EUPHORIA': 0.24236431863218422}",0.7068722248077393,-2.841558570086071,False,12.850000381469727,0.0,0.0,0.0
2024-06-12,1.7304464569032785,1.7304464569032785,1.791980928451871,0.01364083670085729,0.01364083670085729,0.01364083670085729,0.01364083670085729,0.008213355888361473,GOLDILOCKS,NORMAL_TRENDING,GROWTH,1.1876006710824407,1.1876006710824407,"{'CRISIS': 0.23106146257041849, 'DEFENSIVE': 0.24640105588974565, 'GROWTH': 0.27991842089343494, 'EUPHORIA': 0.24261906064640099}",0.7100070714950562,-3.9994218255161966,False,12.039999961853027,0.0,0.0,0.0
2024-06-13,1.7191006760883774,1.7191006760883774,1.7802316930117397,-0.006556562770052398,-0.006556562770052398,-0.006556562770052398,-0.006556562770052398,0.002013576872901268,GOLDILOCKS,NORMAL_TRENDING,GROWTH,1.1876855536472697,1.1876855536472697,"{'CRISIS': 0.23098386769194737, 'DEFENSIVE': 0.24641801259467905, 'GROWTH': 0.27996309458379665, 'EUPHORIA': 0.2426350251295769}",0.7067251205444336,-2.6898936154501696,False,11.9399995803833,0.0,0.0,0.0
2024-06-14,1.739689288906329,1.739689288906329,1.801552434468874,0.011976385737220818,0.011976385737220818,0.011976385737220818,0.011976385737220818,0.0006081579836050288,GOLDILOCKS,NORMAL_TRENDING,GROWTH,1.1875996812425915,1.1875996812425915,"{'CRISIS': 0.2310214635780486, 'DEFENSIVE': 0.24641001420639713, 'GROWTH': 0.2799783932446225, 'EUPHORIA': 0.24259012897093177}",0.7096794247627258,-3.327913436120943,False,12.65999984741211,0.0,0.0,0.0
2024-06-17,1.7453758369117103,1.7453758369117103,1.8074411954494394,0.0032687147306380503,0.0032687147306380503,0.0032687147306380503,0.0032687147306380503,0.00795891438041485,GOLDILOCKS,NORMAL_TRENDING,GROWTH,1.1875266897960415,1.1875266897960415,"{'CRISIS': 0.23086854128888556, 'DEFENSIVE': 0.24647015810123857, 'GROWTH': 0.2802243491467142, 'EUPHORIA': 0.2424369514631617}",0.7092362642288208,-2.170131237409921,False,12.75,0.0,0.0,0.0
2024-06-18,1.7482417962950099,1.7482417962950099,1.810409068009785,0.0016420299414541743,0.0016420299414541743,0.0016420299414541743,0.0016420299414541743,0.002540737385946512,GOLDILOCKS,NORMAL_TRENDING,GROWTH,1.1875408100148115,1.1875408100148115,"{'CRISIS': 0.2307852702353727, 'DEFENSIVE': 0.2465149066947219, 'GROWTH': 0.2802943939561642, 'EUPHORIA': 0.24240542911374124}",0.7098562121391296,-1.8503533042892504,False,12.300000190734863,0.0,0.0,0.0
2024-06-20,1.7712170409702344,1.7712170409702344,1.8342013096710472,0.013141914764831203,0.013141914764831203,0.013141914764831203,0.013141914764831203,-0.0027164077576312673,GOLDILOCKS,NORMAL_TRENDING,GROWTH,1.1874451051549428,1.1874451051549428,"{'CRISIS': 0.23061134649685133, 'DEFENSIVE': 0.24654858179423222, 'GROWTH': 0.280639689285786, 'EUPHORIA': 0.2422003824231305}",0.7058855295181274,-1.689188645671745,False,13.279999732971191,0.0,0.0,0.0
2024-06-21,1.7509518799484618,1.7509518799484618,1.813215521917747,-0.011441376495944082,-0.011441376495944082,-0.011441376495944082,-0.011441376495944082,-0.0013408159748027337,GOLDILOCKS,NORMAL_TRENDING,GROWTH,1.1874058634639768,1.1874058634639768,"{'CRISIS': 0.23031622863256274, 'DEFENSIVE': 0.24663719300721232, 'GROWTH': 0.2810731390255681, 'EUPHORIA': 0.24197343933465684}",0.7029581069946289,-0.39719634239176055,False,13.199999809265137,0.0,0.0,0.0
2024-06-24,1.7179117526313694,1.7179117526313694,1.7790004915770767,-0.018869808871083815,-0.018869808871083815,-0.018869808871083815,-0.018869808871083815,-0.0032507907259383684,GOLDILOCKS,NORMAL_TRENDING,GROWTH,1.1873307591280922,1.1873307591280922,"{'CRISIS': 0.23038479762974656, 'DEFENSIVE': 0.2466283546238176, 'GROWTH': 0.2810240102510102, 'EUPHORIA': 0.2419628374954257}",0.7086300253868103,-1.536789519090053,False,13.329999923706055,0.0,0.0,0.0
2024-06-25,1.731226154006529,1.731226154006529,1.7927883514919896,0.007750340699844345,0.007750340699844345,0.007750340699844345,0.007750340699844345,0.003851125392945187,GOLDILOCKS,NORMAL_TRENDING,GROWTH,1.1874342274932994,1.1874342274932994,"{'CRISIS': 0.23068645972713492, 'DEFENSIVE': 0.24650451507301357, 'GROWTH': 0.280580818723565, 'EUPHORIA': 0.2422282064762865}",0.70669025182724,-3.3947714816981165,False,12.84000015258789,0.0,0.0,0.0
2024-06-26,1.727710856496799,1.727710856496799,1.7891480504181594,-0.0020305247246841704,-0.0020305247246841704,-0.0020305247246841704,-0.0020305247246841704,0.001247946278536416,GOLDILOCKS,NORMAL_TRENDING,GROWTH,1.18752689884326,1.18752689884326,"{'CRISIS': 0.2307397730502705, 'DEFENSIVE': 0.24647673625417435, 'GROWTH': 0.2804498346360115, 'EUPHORIA': 0.24233365605954366}",0.7058111429214478,-2.646048047294963,False,12.550000190734863,0.0,0.0,0.0
2024-06-27,1.7276720316812917,1.7276720316812917,1.7891078449968,-2.247182470451175e-05,-2.247182470451175e-05,-2.247182470451175e-05,-2.247182470451175e-05,0.0015765591022249836,GOLDILOCKS,NORMAL_TRENDING,GROWTH,1.1875883947250574,1.1875883947250574,"{'CRISIS': 0.23084371599154407, 'DEFENSIVE': 0.24645623283992432, 'GROWTH': 0.2802404897480746, 'EUPHORIA': 0.24245956142045705}",0.7084168195724487,-2.8437276537806406,False,12.239999771118164,0.0,0.0,0.0
2024-06-28,1.731898643695601,1.731898643695601,1.7934847548349477,0.0024464203487718776,0.0024464203487718776,0.0024464203487718776,0.0024464203487718776,-0.003935079939771491,GOLDILOCKS,NORMAL_TRENDING,GROWTH,1.1875818014411514,1.1875818014411514,"{'CRISIS': 0.23089142525530304, 'DEFENSIVE': 0.2464505896978917, 'GROWTH': 0.2801674521426565, 'EUPHORIA': 0.2424905329041488}",0.7091288566589355,-2.8459109325017424,False,12.4399995803833,0.0,0.0,0.0
2024-07-01,1.7518695764908456,1.7518695764908456,1.8141658516407488,0.011531236465795602,0.011531236465795602,0.011531236465795602,0.011531236465795602,0.0020579935995610477,GOLDILOCKS,NORMAL_TRENDING,GROWTH,1.187594192277529,1.187594192277529,"{'CRISIS': 0.23090701813982634, 'DEFENSIVE': 0.24646102135929082, 'GROWTH': 0.28011202269350044, 'EUPHORIA': 0.2425199378073824}",0.7100159525871277,-2.608231192040615,False,12.220000267028809,0.0,0.0,0.0
2024-07-02,1.7640144141735343,1.7640144141735343,1.8267425583164747,0.006932501052399041,0.006932501052399041,0.006932501052399041,0.006932501052399041,0.00672975932372144,GOLDILOCKS,NORMAL_TRENDING,GROWTH,1.1876365011647005,1.1876365011647005,"{'CRISIS': 0.23074429972830102, 'DEFENSIVE': 0.24652079114552788, 'GROWTH': 0.2802804468804452, 'EUPHORIA': 0.24245446224572592}",0.7072734832763672,-1.4851836760939463,False,12.029999732971191,0.0,0.0,0.0
2024-07-03,1.7913903611223165,1.7913903611223165,1.8550919907041825,0.01551911749066296,0.01551911749066296,0.01551911749066296,0.01551911749066296,0.004462590190542848,GOLDILOCKS,NORMAL_TRENDING,GROWTH,1.1876000938849136,1.1876000938849136,"{'CRISIS': 0.23059512620474593, 'DEFENSIVE': 0.24660104627873827, 'GROWTH': 0.28045720044586886, 'EUPHORIA': 0.24234662707064697}",0.7095933556556702,-0.8022296082515713,False,12.09000015258789,0.0,0.0,0.0
2024-07-05,1.7925998955868465,1.7925998955868465,1.8563445360713602,0.0006751931297498603,0.0006751931297498603,0.0006751931297498603,0.0006751931297498603,0.005766317896378714,GOLDILOCKS,NORMAL_TRENDING,GROWTH,1.1875309598815056,1.1875309598815056,"{'CRISIS': 0.23035411312561593, 'DEFENSIVE': 0.24669095896317705, 'GROWTH': 0.28081430767675264, 'EUPHORIA': 0.24214062023445443}",0.7069321274757385,0.0,False,12.479999542236328,0.0,0.0,0.0
2024-07-08,1.775228080145213,1.775228080145213,1.8383549809251687,-0.00969084929905483,-0.00969084929905483,-0.00969084929905483,-0.00969084929905483,0.0011541592594106476,GOLDILOCKS,NORMAL_TRENDING,GROWTH,1.1874928938650582,1.1874928938650582,"{'CRISIS': 0.23026064495492463, 'DEFENSIVE': 0.24673908965255723, 'GROWTH': 0.28094118074520735, 'EUPHORIA': 0.2420590846473108}",0.7085022926330566,0.0,False,12.369999885559082,0.0,0.0,0.0
2024-07-09,1.777819038225874,1.777819038225874,1.8410380731690466,0.0014595071527085134,0.0014595071527085134,0.0014595071527085134,0.0014595071527085134,0.0009724054218764877,GOLDILOCKS,NORMAL_TRENDING,GROWTH,1.18749514729858,1.18749514729858,"{'CRISIS': 0.23032353625561874, 'DEFENSIVE': 0.24669968852400692, 'GROWTH': 0.2808863872862047, 'EUPHORIA': 0.24209038793416965}",0.707780122756958,-0.9690849299054878,False,12.510000228881836,0.0,0.0,0.0
2024-07-10,1.794214128547768,1.794214128547768,1.8580161709656442,0.00922202427208497,0.00922202427208497,0.00922202427208497,0.00922202427208497,0.009895414778973155,GOLDILOCKS,NORMAL_TRENDING,GROWTH,1.1874565948328764,1.1874565948328764,"{'CRISIS': 0.23029618188848083, 'DEFENSIVE': 0.24669009694684596, 'GROWTH': 0.280983850677882, 'EUPHORIA': 0.24202987048679117}",0.7064663767814636,-0.8245486010214018,False,12.850000381469727,0.0,0.0,0.0
2024-07-11,1.7931626297924008,1.7931626297924008,1.856927281038775,-0.0005860497577389527,-0.0005860497577389527,-0.0005860497577389527,-0.0005860497577389527,-0.008622821984271,GOLDILOCKS,NORMAL_TRENDING,GROWTH,1.1873823553758385,1.1873823553758385,"{'CRISIS': 0.23018024890450564, 'DEFENSIVE': 0.24674428399414858, 'GROWTH': 0.28117246453780564, 'EUPHORIA': 0.24190300256354014}",0.7076113820075989,0.0,False,12.920000076293945,0.0,0.0,0.0
2024-07-12,1.7855315964192162,1.7855315964192162,1.8490248890204757,-0.004255628154635394,-0.004255628154635394,-0.004255628154635394,-0.004255628154635394,0.006307676998422274,GOLDILOCKS,NORMAL_TRENDING,GROWTH,1.1874837045549107,1.1874837045549107,"{'CRISIS': 0.23010345237951008, 'DEFENSIVE': 0.24674490246795067, 'GROWTH': 0.28122782126755064, 'EUPHORIA': 0.24192382388498862}",0.7025368213653564,-0.05860497577388521,False,12.460000038146973,0.0,0.0,0.0
2024-07-15,1.807504603036802,1.807504603036802,1.871779253157188,0.012306142698147398,0.012306142698147398,0.012306142698147398,0.012306142698147398,0.0027501770468092435,GOLDILOCKS,NORMAL_TRENDING,GROWTH,1.187383151955525,1.187383151955525,"{'CRISIS': 0.2301340175400698, 'DEFENSIVE': 0.2467423195151136, 'GROWTH': 0.2812596686480049, 'EUPHORIA': 0.24186399429681174}",0.7075254917144775,-0.4839183902525233,False,13.119999885559082,0.0,0.0,0.0
2024-07-16,1.83370581291622,1.83370581291622,1.8989121749641447,0.014495791510238647,0.014495791510238647,0.014495791510238647,0.014495791510238647,0.005929978265895919,GOLDILOCKS,NORMAL_TRENDING,GROWTH,1.1872846580600114,1.1872846580600114,"{'CRISIS': 0.2300966479519771, 'DEFENSIVE': 0.24677901714546807, 'GROWTH': 0.2813521532243749, 'EUPHORIA': 0.24177218167818}",0.7090002298355103,0.0,False,13.1899995803833,0.0,0.0,0.0
2024-07-17,1.7863382028239676,1.7863382028239676,1.8498601782536765,-0.02583163000226394,-0.02583163000226394,-0.02583163000226394,-0.02583163000226394,-0.014021057167003304,GOLDILOCKS,NORMAL_TRENDING,GROWTH,1.1870194830472176,1.1870194830472176,"{'CRISIS': 0.22998936205032033, 'DEFENSIVE': 0.2468197431459278, 'GROWTH': 0.2817053403873459, 'EUPHORIA': 0.241485554416406}",0.7084008455276489,0.0,False,14.479999542236328,0.0,0.0,0.0
2024-07-18,1.7628116308269468,1.7628116308269468,1.8254970041361964,-0.013170278707485768,-0.013170278707485768,-0.013170278707485768,-0.013170278707485768,-0.007684861962399481,GOLDILOCKS,NORMAL_TRENDING,GROWTH,1.1867016218565256,1.1867016218565256,"{'CRISIS': 0.23025792609499016, 'DEFENSIVE': 0.24670903322346854, 'GROWTH': 0.2816531480082549, 'EUPHORIA': 0.24137989267328647}",0.7086435556411743,-2.5831630002263966,False,15.930000305175781,0.0,0.0,0.0
2024-07-19,1.74810813032562,1.74810813032562,1.8102706488943177,-0.008340936855759899,-0.008340936855759899,-0.008340936855759899,-0.008340936855759899,-0.006640623418591285,GOLDILOCKS,NORMAL_TRENDING,GROWTH,1.1864594943375424,1.1864594943375424,"{'CRISIS': 0.23057842292871777, 'DEFENSIVE': 0.2465972306026415, 'GROWTH': 0.28144436422854974, 'EUPHORIA': 0.241379982240091}",0.7085615992546082,-3.8661698943151213,False,16.520000457763672,0.0,0.0,0.0
2024-07-22,1.7656530931577623,1.7656530931577623,1.8283533051675331,0.010036543236529675,0.010036543236529675,0.010036543236529675,0.009988924188910626,0.010310033456212508,CAUTIOUS_BULL,EARLY_DD_UNCERTAINTY,GROWTH,1.1866755790823742,1.0680080211741367,"{'CRISIS': 0.23088080355761142, 'DEFENSIVE': 0.24645972800905974, 'GROWTH': 0.28092764156138933, 'EUPHORIA': 0.2417318268719395}",0.7069549560546875,-4.668016100928982,False,14.90999984741211,0.0,0.47148088933043436,-8.620336423306275e-05
2024-07-23,1.7571275300935314,1.7571275300935314,1.8194379258831361,-0.00482856065966133,-0.00482856065966133,-0.00482856065966133,-0.004876179707280377,-0.0015687313299962424,CAUTIOUS_BULL,EARLY_DD_UNCERTAINTY,GROWTH,1.1868196564428704,1.0681376907985833,"{'CRISIS': 0.23087884471653072, 'DEFENSIVE': 0.24643075449530194, 'GROWTH': 0.2808570430330737, 'EUPHORIA': 0.24183335775509368}",0.7055878639221191,-3.715752140982709,False,14.720000267028809,0.0,0.47852384445023427,-8.706444310321587e-05
2024-07-24,1.7262552809333578,1.7262552809333578,1.7935692076338603,-0.017569725948423494,-0.017569725948423494,-0.017569725948423494,-0.014217972419542405,-0.022662483843334247,CAUTIOUS_BULL,EARLY_DD_UNCERTAINTY,GROWTH,1.1862037026712489,1.067583332404124,"{'CRISIS': 0.23093858513782778, 'DEFENSIVE': 0.24648464556177513, 'GROWTH': 0.2811754862151312, 'EUPHORIA': 0.24140128308526593}",0.7088285088539124,-4.1852514365236075,False,18.040000915527344,34.484018590232274,0.4830585898986786,0.006098307488658892
2024-07-25,1.6819259437417957,1.6819259437417957,1.7474258757803927,-0.025679479553912674,-0.025679479553912674,-0.025679479553912674,-0.02572709860153172,-0.005210440355988721,CAUTIOUS_BULL,EARLY_DD_UNCERTAINTY,GROWTH,1.185838917742698,1.0672550259684281,"{'CRISIS': 0.23119347283980524, 'DEFENSIVE': 0.24645745757646292, 'GROWTH': 0.2810552271787093, 'EUPHORIA': 0.2412938424050226}",0.7083534002304077,-5.547542888984502,False,18.459999084472656,0.0,0.48876498105094984,-8.54080575063743e-05
2024-07-26,1.7074224343601898,1.7074224343601898,1.773832075936905,0.015159104188423332,0.015159104188423332,0.015159104188423332,0.015111485140804284,0.011199798871120326,CAUTIOUS_BULL,EARLY_DD_UNCERTAINTY,GROWTH,1.186081214720902,1.067473093248812,"{'CRISIS': 0.23170682318312408, 'DEFENSIVE': 0.2462935223543815, 'GROWTH': 0.28017173483575, 'EUPHORIA': 0.24182791962674444}",0.7093011140823364,-7.977530566236554,False,16.389999389648438,0.0,0.4691016535237256,-8.32107559895425e-05
2024-07-29,1.7042464767339989,1.7042464767339989,1.7704481222752548,-0.0018600889635031245,-0.0018600889635031245,-0.0018600889635031245,-0.0019077080111221721,0.0005877768667053029,CAUTIOUS_BULL,EARLY_DD_UNCERTAINTY,GROWTH,1.1862034250902436,1.0675830825812191,"{'CRISIS': 0.23170221385415168, 'DEFENSIVE': 0.2462568412675311, 'GROWTH': 0.2801364216852614, 'EUPHORIA': 0.2419045231930558}",0.7057099342346191,-6.586934386768117,False,16.600000381469727,0.0,0.4771006449128881,-8.446819409223358e-05
2024-07-30,1.6838811281923551,1.6838811281923551,1.749207372431841,-0.011949767137363667,-0.011949767137363667,-0.011949767137363667,-0.011997386184982715,-0.0050665831857433785,CAUTIOUS_BULL,EARLY_DD_UNCERTAINTY,GROWTH,1.1860064981027592,1.0674058482924833,"{'CRISIS': 0.23177411021221078, 'DEFENSIVE': 0.24627205658132206, 'GROWTH': 0.28014462660488765, 'EUPHORIA': 0.2418092066015795}",0.7092921137809753,-6.765139240381957,False,17.690000534057617,0.0,0.48197289109564323,-8.430705344167881e-05
2024-07-31,1.7533535403968161,1.7533535403968161,1.8212916744088552,0.041257313857445174,0.041257313857445174,0.041257313857445174,0.04120969480982613,0.016254807722077214,CAUTIOUS_BULL,EARLY_DD_UNCERTAINTY,GROWTH,1.1861810852756316,1.0675629767480685,"{'CRISIS': 0.2319726561696852, 'DEFENSIVE': 0.24620047867844524, 'GROWTH': 0.2797484680516792, 'EUPHORIA': 0.24207839710019036}",0.7084190845489502,-7.883713870818185,False,16.360000610351562,0.0,0.4573434905227721,-8.3295589163421e-05
2024-08-01,1.7050118644719536,1.7050118644719536,1.7748588278732549,-0.027570980302079853,-0.027570980302079853,-0.027570980302079853,-0.025494459337860417,-0.014160933412256549,CAUTIOUS_BULL,EARLY_DD_UNCERTAINTY,GROWTH,1.185751843462397,1.0671766591161573,"{'CRISIS': 0.2314840975766157, 'DEFENSIVE': 0.24639379751969714, 'GROWTH': 0.28069577215135333, 'EUPHORIA': 0.24142633275233388}",0.7095361948013306,-4.08762983241998,False,18.59000015258789,21.797105539237975,0.48864830041594515,0.003781950343868304
2024-08-02,1.6835620541984164,1.6835620541984164,1.7574026048448301,-0.012580446342043559,-0.012580446342043559,-0.012580446342043559,-0.009835274081681111,-0.01861860871987664,CAUTIOUS_BULL,EARLY_DD_UNCERTAINTY,GROWTH,1.1845021334283699,1.066051920085533,"{'CRISIS': 0.2318881491948513, 'DEFENSIVE': 0.24655190661677234, 'GROWTH': 0.28074609647590837, 'EUPHORIA': 0.24081384771246803}",0.7070684432983398,-6.532863853655167,False,23.389999389648438,28.20532013389336,0.4809204607332763,0.004872293220337069
2024-08-05,1.5979318093060098,1.5979318093060098,1.6901547589028783,-0.050862541525490274,-0.050862541525490274,-0.050862541525490274,-0.038265475285266,-0.029123630844488324,CRISIS_MODE,FAST_SHOCK,GROWTH,1.1811632945652817,0.5905816472826408,"{'CRISIS': 0.23395674084585005, 'DEFENSIVE': 0.24718526656543974, 'GROWTH': 0.27873322424959396, 'EUPHORIA': 0.24012476833911628}",0.7100704908370972,-7.452138755284274,False,38.56999969482422,134.9438778339183,3.9610970716204412,0.02213811702397301
2024-08-06,1.6232338282807088,1.6232338282807088,1.716273188745971,0.015834229487983034,0.015834229487983034,0.015834229487983034,0.015453277107030653,0.009219641677138402,CRISIS_MODE,FAST_SHOCK,GROWTH,1.1814012917411112,0.5907006458705556,"{'CRISIS': 0.2343199541446907, 'DEFENSIVE': 0.24698510857302447, 'GROWTH': 0.2781859190431857, 'EUPHORIA': 0.24050901823909915}",0.7016863822937012,-10.993526652448168,False,27.709999084472656,0.0,3.751550066761249,-0.0006438684795820489
2024-08-07,1.603553842848484,1.603553842848484,1.6986362340122316,-0.012123937469359844,-0.012123937469359844,-0.012123937469359844,-0.010276309651277678,-0.006684002505273456,CRISIS_MODE,FAST_SHOCK,GROWTH,1.181429761660677,0.5907148808303385,"{'CRISIS': 0.23431100338150668, 'DEFENSIVE': 0.24693504041765188, 'GROWTH': 0.27825787842205796, 'EUPHORIA': 0.24049607777878346}",0.7053104639053345,-9.61808495548891,False,27.850000381469727,22.51719566548237,3.8490781282415805,0.0031710340869556385
2024-08-08,1.6772295608823056,1.6885642867336625,1.788646910743883,0.045945272347667064,0.053013775785769685,0.053013775785769685,0.05298996626196016,0.02311732111011877,RECOVERY_GROWTH,RECOVERY_ACCEL,GROWTH,1.1823164463692426,1.3005480910061669,"{'CRISIS': 0.2340521238090622, 'DEFENSIVE': 0.24671218980224818, 'GROWTH': 0.2783464338554577, 'EUPHORIA': 0.24088925253323196}",0.707736074924469,-10.54687750136178,False,23.790000915527344,0.0,0.22611349179371512,-4.0443719857434084e-05
2024-08-09,1.678138789009404,1.6896204859975599,1.7897231249943646,0.000542101181796576,0.0006255013636114332,0.0006255013636114332,0.0006016918398019093,0.0044096889243268045,RECOVERY_GROWTH,RECOVERY_ACCEL,GROWTH,1.1837905777161941,1.3021696354878136,"{'CRISIS': 0.23252626947260638, 'DEFENSIVE': 0.2465342963509647, 'GROWTH': 0.28019705531436573, 'EUPHORIA': 0.2407423788620632}",0.6791995167732239,-5.806759558131948,False,20.3700008392334,0.0,0.23795206427989685,-4.258683120818769e-05
2024-08-12,1.7069512087495744,1.7230930461221259,1.825136175751052,0.017169271057239775,0.019810697373738202,0.019810697373738202,0.01978688784992868,0.0005253096032542537,RECOVERY_GROWTH,RECOVERY_ACCEL,GROWTH,1.1841494569843258,1.3025644026827585,"{'CRISIS': 0.23207510414736665, 'DEFENSIVE': 0.24654406377374316, 'GROWTH': 0.28070966060112973, 'EUPHORIA': 0.2406711714777605}",0.70606529712677,-5.750084253993568,False,20.709999084472656,0.0,0.23347548486059383,-4.261245535700868e-05
2024-08-13,1.7421123368478442,1.764047235049088,1.868472253187489,0.020598789185091546,0.023767833675105626,0.023767833675105626,0.023744024151296103,0.016445503706120856,RECOVERY_GROWTH,RECOVERY_ACCEL,GROWTH,1.1848521291457081,1.303337342060279,"{'CRISIS': 0.23147904647947082, 'DEFENSIVE': 0.2465568768889043, 'GROWTH': 0.28119658542544845, 'EUPHORIA': 0.24076749120617646}",0.7080323696136475,-3.8851717412621083,False,18.1200008392334,0.0,0.2325730187217686,-4.345562323216791e-05
2024-08-14,1.7248627204935278,1.743893228246845,1.84997147751737,-0.00990155226472221,-0.011424867997756397,-0.00990155226472221,-0.00990155226472221,0.003154958620119608,GOLDILOCKS,NORMAL_TRENDING,GROWTH,1.1855631019627288,1.1855631019627288,"{'CRISIS': 0.23081616089542745, 'DEFENSIVE': 0.24663547597365426, 'GROWTH': 0.2816949497644897, 'EUPHORIA': 0.24085341336642857}",0.7061455249786377,-1.6030189377889643,False,16.190000534057617,0.0,0.0,0.0
2024-08-15,1.7552702787045258,1.7793659742280719,1.8825845746194974,0.01762897293200094,0.02034112261384724,0.01762897293200094,0.01762897293200094,0.017140195621797805,GOLDILOCKS,NORMAL_TRENDING,GROWTH,1.186117185660725,1.186117185660725,"{'CRISIS': 0.23068351155712935, 'DEFENSIVE': 0.24659891776433224, 'GROWTH': 0.28153428763446575, 'EUPHORIA': 0.2411832830440726}",0.7078710794448853,-2.577301788467329,False,15.229999542236328,0.0,0.0,0.0
2024-08-16,1.7932749883722394,1.8238195405470325,1.9233458642347556,0.021651770743684576,0.024982812396559126,0.021651770743684576,0.021651770743684576,0.0022419410753025115,GOLDILOCKS,NORMAL_TRENDING,GROWTH,1.1864271482304791,1.1864271482304791,"{'CRISIS': 0.2303736602998959, 'DEFENSIVE': 0.2466748912312705, 'GROWTH': 0.28172375480861334, 'EUPHORIA': 0.2412276936602203}",0.7071555256843567,-0.8598396787337259,False,14.800000190734863,0.0,0.0,0.0
2024-08-19,1.8082918354870794,1.8390921671007059,1.939451922134102,0.008373979011702266,0.008373979011702266,0.008373979011702266,0.008373979011702266,0.009561454415638826,GOLDILOCKS,NORMAL_TRENDING,GROWTH,1.186628271802335,1.186628271802335,"{'CRISIS': 0.23005183921861275, 'DEFENSIVE': 0.24675459083504625, 'GROWTH': 0.28201996610844093, 'EUPHORIA': 0.2411736038379001}",0.7028827667236328,0.0,False,14.649999618530273,0.0,0.0,0.0
2024-08-20,1.8022990040318965,1.8329972607522442,1.9330244151041598,-0.0033140842299765284,-0.0033140842299765284,-0.0033140842299765284,-0.0033140842299765284,-0.0016260164407465583,GOLDILOCKS,NORMAL_TRENDING,GROWTH,1.1864271658549719,1.1864271658549719,"{'CRISIS': 0.2298912651469192, 'DEFENSIVE': 0.24683770248812792, 'GROWTH': 0.2823503467453024, 'EUPHORIA': 0.2409206856196505}",0.7077063322067261,0.0,False,15.880000114440918,0.0,0.0,0.0
2024-08-21,1.82999759838705,1.8611676406204591,1.9627320601912401,0.015368478977788693,0.015368478977788693,0.015368478977788693,0.015368478977788693,0.0034364257345704807,GOLDILOCKS,NORMAL_TRENDING,GROWTH,1.1862441905525998,1.1862441905525998,"{'CRISIS': 0.22986317165198195, 'DEFENSIVE': 0.2468705393290222, 'GROWTH': 0.28250233923991486, 'EUPHORIA': 0.240763949779081}",0.7091186046600342,-0.3314084229976488,False,16.270000457763672,0.0,0.0,0.0
2024-08-22,1.7808864831201143,1.8112200239622924,1.9100587886355171,-0.02683671022859364,-0.02683671022859364,-0.02683671022859364,-0.02683671022859364,-0.007848375887495873,GOLDILOCKS,NORMAL_TRENDING,GROWTH,1.1858910758491248,1.1858910758491248,"{'CRISIS': 0.22973033397596396, 'DEFENSIVE': 0.24693759922800593, 'GROWTH': 0.28293395905878604, 'EUPHORIA': 0.24039810773724407}",0.7060596942901611,0.0,False,17.549999237060547,0.0,0.0,0.0
2024-08-23,1.8421521673377195,1.873529236305948,1.9757682314836567,0.03440179079256504,0.03440179079256504,0.03440179079256504,0.03440179079256504,0.010625197423502541,GOLDILOCKS,NORMAL_TRENDING,GROWTH,1.186158866973884,1.186158866973884,"{'CRISIS': 0.23014107918370585, 'DEFENSIVE': 0.24675927186048865, 'GROWTH': 0.28224011857252895, 'EUPHORIA': 0.24085953038327657}",0.7082481384277344,-2.6836710228593676,False,15.859999656677246,0.0,0.0,0.0
2024-08-26,1.8370119837301033,1.868301500812866,1.970255217056299,-0.002790314339257177,-0.002790314339257177,-0.002790314339257177,-0.002790314339257177,-0.002383810915512319,GOLDILOCKS,NORMAL_TRENDING,GROWTH,1.1864396521077152,1.1864396521077152,"{'CRISIS': 0.22962682434759402, 'DEFENSIVE': 0.24677290781481587, 'GROWTH': 0.28292734123285673, 'EUPHORIA': 0.2406729266047334}",0.6833704710006714,0.0,False,16.149999618530273,0.0,0.0,0.0
2024-08-27,1.840360756538557,1.871707312707033,1.9738468850230995,0.0018229455431497594,0.0018229455431497594,0.0018229455431497594,0.0018229455431497594,0.001373127050270373,GOLDILOCKS,NORMAL_TRENDING,GROWTH,1.1864107409836127,1.1864107409836127,"{'CRISIS': 0.22976368484222007, 'DEFENSIVE': 0.24682284228699694, 'GROWTH': 0.2826214600151743, 'EUPHORIA': 0.24079201285560875}",0.7098112106323242,-0.2790314339257173,False,15.430000305175781,0.0,0.0,0.0
2024-08-28,1.7861893342641062,1.8166131976806208,1.915746269296644,-0.02943521919927221,-0.02943521919927221,-0.02943521919927221,-0.02943521919927221,-0.005805154948376412,GOLDILOCKS,NORMAL_TRENDING,GROWTH,1.1860448296150543,1.1860448296150543,"{'CRISIS': 0.229738688211684, 'DEFENSIVE': 0.24690212883388746, 'GROWTH': 0.2828466762790458, 'EUPHORIA': 0.24051250667538282}",0.7089271545410156,-0.09724553871961004,False,17.110000610351562,0.0,0.0,0.0
2024-08-29,1.7833493434109908,1.813724833739523,1.9127002865571188,-0.0015899719019907225,-0.0015899719019907225,-0.0015899719019907225,-0.0015899719019907225,8.938970873972885e-05,GOLDILOCKS,NORMAL_TRENDING,GROWTH,1.1862642685396674,1.1862642685396674,"{'CRISIS': 0.23022635822499254, 'DEFENSIVE': 0.2467222346743338, 'GROWTH': 0.2820545812367623, 'EUPHORIA': 0.24099682586391136}",0.7100516557693481,-3.0379050148984597,False,15.649999618530273,0.0,0.0,0.0
2024-08-30,1.7728920193716071,1.8030893918532944,1.901484465741836,-0.005863867378548566,-0.005863867378548566,-0.005863867378548566,-0.005863867378548566,0.009546034367994505,GOLDILOCKS,NORMAL_TRENDING,GROWTH,1.1865474302883814,1.1865474302883814,"{'CRISIS': 0.2304682609398282, 'DEFENSIVE': 0.24659721426279635, 'GROWTH': 0.2815730737872363, 'EUPHORIA': 0.24136145101013923}",0.7060701847076416,-3.19207202148293,False,15.0,0.0,0.0,0.0
2024-09-03,1.7104150995589782,1.739548313141829,1.834475933246315,-0.03524011565846718,-0.03524011565846718,-0.03524011565846718,-0.03524011565846718,-0.020579178960805855,GOLDILOCKS,NORMAL_TRENDING,GROWTH,1.1854234799200685,1.1854234799200685,"{'CRISIS': 0.23074214841256913, 'DEFENSIVE': 0.24668435635480582, 'GROWTH': 0.2818695970817904, 'EUPHORIA': 0.24070389815083465}",0.7096148729324341,-3.759740872341037,False,20.719999313354492,0.0,0.0,0.0
2024-09-04,1.705227177197186,1.7342720257683761,1.8288243614525728,-0.0030331364375406375,-0.0030331364375406375,-0.0030331364375406375,-0.003080755485159685,-0.0020465934350956116,CAUTIOUS_BULL,EARLY_DD_UNCERTAINTY,GROWTH,1.1848189559411455,1.066337060347031,"{'CRISIS': 0.23149691970326342, 'DEFENSIVE': 0.24659445979807043, 'GROWTH': 0.28113195591278434, 'EUPHORIA': 0.24077666458588184}",0.7093287706375122,-7.1512587350005905,False,21.31999969482422,0.0,0.47766203612833114,-8.73559968212531e-05
2024-09-05,1.7151590219318675,1.7443730379490194,1.8393889929227523,0.005824352829636467,0.005824352829636467,0.005824352829636467,0.00577673378201742,-0.002432296274036183,CAUTIOUS_BULL,EARLY_DD_UNCERTAINTY,GROWTH,1.1848315555121005,1.0663483999608905,"{'CRISIS': 0.23186046632224028, 'DEFENSIVE': 0.24648978271508554, 'GROWTH': 0.28062069285025704, 'EUPHORIA': 0.24102905811241715}",0.710537850856781,-7.437303003942919,False,19.899999618530273,0.0,0.473455450097617,-8.708687435488442e-05
2024-09-06,1.662534992629155,1.6908526723793613,1.787509355005166,-0.030681720254393415,-0.030681720254393415,-0.030681720254393415,-0.028204821338606897,-0.0168301197560371,CAUTIOUS_BULL,EARLY_DD_UNCERTAINTY,GROWTH,1.184281479418727,1.0658533314768543,"{'CRISIS': 0.2320725204887461, 'DEFENSIVE': 0.24654572731743007, 'GROWTH': 0.28060174466909527, 'EUPHORIA': 0.24078000752472856}",0.7081408500671387,-6.902592945251156,False,22.3799991607666,25.97788113008527,0.4900111532209992,0.004555980602280018
2024-09-09,1.7164720475566977,1.7457084281191448,1.845415790993222,0.03244265845030163,0.03244265845030163,0.03244265845030163,0.03239503940268258,0.011196301836637002,CAUTIOUS_BULL,EARLY_DD_UNCERTAINTY,GROWTH,1.184690761853348,1.0662216856680131,"{'CRISIS': 0.23245775484479286, 'DEFENSIVE': 0.24637580698443423, 'GROWTH': 0.2798234535147357, 'EUPHORIA': 0.24134298465603726}",0.7084801197052002,-9.528388678317908,False,19.450000762939453,0.0,0.4612483187307717,-8.511949309548409e-05
2024-09-10,1.736980353269057,1.7665660483638037,1.8673768319239257,0.011947940394107529,0.011947940394107529,0.011947940394107529,0.01190032134648848,0.004355637692474268,CAUTIOUS_BULL,EARLY_DD_UNCERTAINTY,GROWTH,1.1850994746718322,1.066589527204649,"{'CRISIS': 0.2320069540904714, 'DEFENSIVE': 0.24633954929274945, 'GROWTH': 0.28036673556075586, 'EUPHORIA': 0.24128676105602337}",0.696069061756134,-6.597557264727833,False,19.079999923706055,0.0,0.4705903003932559,-8.787694242824868e-05
2024-09-11,1.7833512167159997,1.8137267389522218,1.9171398697848197,0.026696250973519135,0.026696250973519135,0.026696250973519135,0.026648631925900088,0.010258979551575731,CAUTIOUS_BULL,EARLY_DD_UNCERTAINTY,GROWTH,1.1854844806227784,1.0669360325605006,"{'CRISIS': 0.23167376968213443, 'DEFENSIVE': 0.24635530716768206, 'GROWTH': 0.2806317853816082, 'EUPHORIA': 0.2413391377685753}",0.7054097056388855,-5.486038181631102,False,17.690000534057617,0.0,0.46383004017371154,-8.89227062820917e-05
2024-09-12,1.832070176735431,1.8632755208483112,1.9695137711185682,0.027318769047157243,0.027318769047157243,0.027318769047157243,0.027318769047157243,0.008423324342266225,GOLDILOCKS,NORMAL_TRENDING,GROWTH,1.1857217385668921,1.1857217385668921,"{'CRISIS': 0.2311295331912319, 'DEFENSIVE': 0.24648170946120415, 'GROWTH': 0.2812317003634249, 'EUPHORIA': 0.2411570569841391}",0.70787113904953,-2.9673704012748203,False,17.06999969482422,0.0,0.0,0.0
2024-09-13,1.8664828923415406,1.8982743824689041,2.0065081603884107,0.01878351388669506,0.01878351388669506,0.01878351388669506,0.01878351388669506,0.0052227427586593045,GOLDILOCKS,NORMAL_TRENDING,GROWTH,1.1859529703231304,1.1859529703231304,"{'CRISIS': 0.23034789351066315, 'DEFENSIVE': 0.24667082827661552, 'GROWTH': 0.2821725751898677, 'EUPHORIA': 0.24080870302285368}",0.6989535689353943,-0.3165584032288968,False,16.559999465942383,0.0,0.0,0.0
2024-09-16,1.8485536425599187,1.8800397467821865,1.9872338417519646,-0.009605900946206452,-0.009605900946206452,-0.009605900946206452,-0.009605900946206452,0.0014767499248853344,GOLDILOCKS,NORMAL_TRENDING,GROWTH,1.1858421030984068,1.1858421030984068,"{'CRISIS': 0.22997684617003739, 'DEFENSIVE': 0.24682453189717313, 'GROWTH': 0.2827018539357353, 'EUPHORIA': 0.24049676799705424}",0.7057600617408752,0.0,False,17.139999389648438,0.0,0.0,0.0
2024-09-17,1.8606375453701764,1.8923294726827435,2.000224290096072,0.00653695004139764,0.00653695004139764,0.00653695004139764,0.00653695004139764,0.0004086709801092159,GOLDILOCKS,NORMAL_TRENDING,GROWTH,1.1856917296196934,1.1856917296196934,"{'CRISIS': 0.22997062809845775, 'DEFENSIVE': 0.24685863253425833, 'GROWTH': 0.28278457229050735, 'EUPHORIA': 0.2403861670767766}",0.7089097499847412,-0.9605900946206516,False,17.610000610351562,0.0,0.0,0.0
2024-09-18,1.8198706210314426,1.8508681721576778,1.9563989934939756,-0.02191019118160553,-0.02191019118160553,-0.02191019118160553,-0.02191019118160553,-0.0029657106060716476,GOLDILOCKS,NORMAL_TRENDING,GROWTH,1.1854504602426426,1.1854504602426426,"{'CRISIS': 0.2298498755421092, 'DEFENSIVE': 0.2469367360279688, 'GROWTH': 0.2830833459263137, 'EUPHORIA': 0.24013004250360834}",0.7080169916152954,-0.3131744199396875,False,18.229999542236328,0.0,0.0,0.0
2024-09-19,1.8879342896545706,1.9200911578353275,2.0295688613125598,0.03740027880913413,0.03740027880913413,0.03740027880913413,0.03740027880913413,0.01706439830678952,GOLDILOCKS,NORMAL_TRENDING,GROWTH,1.1858349604914373,1.1858349604914373,"{'CRISIS': 0.230164536827821, 'DEFENSIVE': 0.24678222064224348, 'GROWTH': 0.28243069938924503, 'EUPHORIA': 0.24062254314069054}",0.7085980176925659,-2.4973318266861777,False,16.329999923706055,0.0,0.0,0.0
2024-09-20,1.8831339879740718,1.915209093421235,2.0244084365726556,-0.002542621163672503,-0.002542621163672503,-0.002542621163672503,-0.002542621163672503,-0.001728717035514804,GOLDILOCKS,NORMAL_TRENDING,GROWTH,1.1863561949362245,1.1863561949362245,"{'CRISIS': 0.22956191727557435, 'DEFENSIVE': 0.24676518748961074, 'GROWTH': 0.28312810902270963, 'EUPHORIA': 0.2405447862121053}",0.6772410273551941,0.0,False,16.149999618530273,0.0,0.0,0.0
2024-09-23,1.8706065720662495,1.9024683001388922,2.010941202369351,-0.006652429401106876,-0.006652429401106876,-0.006652429401106876,-0.006652429401106876,0.0024988883773886528,GOLDILOCKS,NORMAL_TRENDING,GROWTH,1.1862918377327616,1.1862918377327616,"{'CRISIS': 0.22969258178681656, 'DEFENSIVE': 0.24682786234087395, 'GROWTH': 0.2828429532404845, 'EUPHORIA': 0.24063660263182501}",0.7084653377532959,-0.2542621163672588,False,15.890000343322754,0.0,0.0,0.0
2024-09-24,1.929797486923975,1.9626674039240652,2.0745726742516815,0.031642631722577516,0.031642631722577516,0.031642631722577516,0.031642631722577516,0.002861370368871796,GOLDILOCKS,NORMAL_TRENDING,GROWTH,1.1864235938797305,1.1864235938797305,"{'CRISIS': 0.22984118125272113, 'DEFENSIVE': 0.24679384610750926, 'GROWTH': 0.2825145831333461, 'EUPHORIA': 0.24085038950642346}",0.7055830955505371,-0.9178135956994327,False,15.390000343322754,0.0,0.0,0.0
2024-09-25,1.916815325436986,1.9494641194573592,2.0606165790364477,-0.006727214422733059,-0.006727214422733059,-0.006727214422733059,-0.006727214422733059,-0.0022056278051612033,GOLDILOCKS,NORMAL_TRENDING,GROWTH,1.1865216899386266,1.1865216899386266,"{'CRISIS': 0.2297062935787555, 'DEFENSIVE': 0.24682104738243768, 'GROWTH': 0.2826370618012331, 'EUPHORIA': 0.2408355972375737}",0.6995035409927368,0.0,False,15.40999984741211,0.0,0.0,0.0
2024-09-26,1.9440518967431863,1.9771646067155018,2.08989646304242,0.014209282941741579,0.014209282941741579,0.014209282941741579,0.014209282941741579,0.003964710640578684,GOLDILOCKS,NORMAL_TRENDING,GROWTH,1.1864782091301644,1.1864782091301644,"{'CRISIS': 0.22986573731427756, 'DEFENSIVE': 0.24681954898626374, 'GROWTH': 0.28238335475376986, 'EUPHORIA': 0.24093135894568884}",0.7099999785423279,-0.6727214422733047,False,15.369999885559082,0.0,0.0,0.0
2024-09-27,1.917177001978185,1.9498319563744375,2.061005388885343,-0.013824165296216632,-0.013824165296216632,-0.013824165296216632,-0.013824165296216632,-0.0014503104645270382,GOLDILOCKS,NORMAL_TRENDING,GROWTH,1.1861389647288878,1.1861389647288878,"{'CRISIS': 0.2297459029363945, 'DEFENSIVE': 0.2468950952366897, 'GROWTH': 0.282766139884445, 'EUPHORIA': 0.24059286194247084}",0.7062489986419678,0.0,False,16.959999084472656,0.0,0.0,0.0
2024-09-30,1.8861754821726653,1.9183023928805054,2.0276781064712077,-0.016170400423921056,-0.016170400423921056,-0.016170400423921056,-0.016170400423921056,0.0040072655540939195,GOLDILOCKS,NORMAL_TRENDING,GROWTH,1.1860423720990096,1.1860423720990096,"{'CRISIS': 0.22994467692147214, 'DEFENSIVE': 0.24684353878477844, 'GROWTH': 0.282563845818894, 'EUPHORIA': 0.2406479384748555}",0.7097042798995972,-1.3824165296216746,False,16.729999542236328,0.0,0.0,0.0
2024-10-01,1.877060045553326,1.9090316945577348,2.017878821389488,-0.00483276169449478,-0.00483276169449478,-0.00483276169449478,-0.00483276169449478,-0.008958331061065916,GOLDILOCKS,NORMAL_TRENDING,GROWTH,1.185504567688267,1.185504567688267,"{'CRISIS': 0.23028367739036587, 'DEFENSIVE': 0.2467944879359747, 'GROWTH': 0.28246817914548017, 'EUPHORIA': 0.24045365552817924}",0.7083185911178589,-2.9771023431771475,False,19.260000228881836,0.0,0.0,0.0
2024-10-02,1.8890899283387783,1.9212664803194621,2.030811197076706,0.006408896089366227,0.006408896089366227,0.006408896089366227,0.006408896089366227,0.0004219128364255642,GOLDILOCKS,NORMAL_TRENDING,GROWTH,1.1853298944448636,1.1853298944448636,"{'CRISIS': 0.23053131427266882, 'DEFENSIVE': 0.2467332970581843, 'GROWTH': 0.28225662478726243, 'EUPHORIA': 0.24047876388188447}",0.708925724029541,-3.445990886461925,False,18.899999618530273,0.0,0.0,0.0
2024-10-03,1.8968819100194545,1.9291911815175207,2.0391877404096372,0.004124727766416335,0.004124727766416335,0.004124727766416335,0.004124727766416335,-0.0018280988066492476,GOLDILOCKS,NORMAL_TRENDING,GROWTH,1.1848309095983132,1.1848309095983132,"{'CRISIS': 0.2306041553084831, 'DEFENSIVE': 0.24679623698675596, 'GROWTH': 0.2824392487068229, 'EUPHORIA': 0.24016035899793797}",0.7096426486968994,-2.827186275041543,False,20.489999771118164,0.0,0.0,0.0
2024-10-04,1.9148278671412864,1.9474428091177727,2.0584800197863653,0.009460766654497644,0.009460766654497644,0.009460766654497644,0.009460766654497644,0.009087398447394923,GOLDILOCKS,NORMAL_TRENDING,GROWTH,1.1848962889487376,1.1848962889487376,"{'CRISIS': 0.23051207139521712, 'DEFENSIVE': 0.24679932658469156, 'GROWTH': 0.28254869455905895, 'EUPHORIA': 0.2401399074610323}",0.7075901031494141,-2.426374872129416,False,19.209999084472656,0.0,0.0,0.0
2024-10-07,1.916302770864815,1.9489428346291076,2.0600655721475416,0.0007702539475419085,0.0007702539475419085,0.0007702539475419085,0.0007702539475419085,-0.009040705504844038,GOLDILOCKS,NORMAL_TRENDING,GROWTH,1.184031902241002,1.184031902241002,"{'CRISIS': 0.2304347883760123, 'DEFENSIVE': 0.24698801084011818, 'GROWTH': 0.2831119522796222, 'EUPHORIA': 0.23946524850424733}",0.7060617208480835,-1.5032535731611962,False,22.639999389648438,0.0,0.0,0.0
2024-10-08,1.9087519835085005,1.9412634359778933,2.05194831775964,-0.003940289327509004,-0.003940289327509004,-0.003940289327509004,-0.003940289327509004,0.009457645961693295,GOLDILOCKS,NORMAL_TRENDING,GROWTH,1.183907426548333,1.183907426548333,"{'CRISIS': 0.23031893334767112, 'DEFENSIVE': 0.24703800480643612, 'GROWTH': 0.28334892579546833, 'EUPHORIA': 0.2392941360504245}",0.7065085768699646,-1.4273860654059034,False,21.420000076293945,0.0,0.0,0.0
2024-10-09,1.9017081932855815,1.9340996700572328,2.044376095897686,-0.00369025954329164,-0.00369025954329164,-0.00369025954329164,-0.00369025954329164,0.006926622939449567,GOLDILOCKS,NORMAL_TRENDING,GROWTH,1.1839712460455596,1.1839712460455596,"{'CRISIS': 0.23034554786395964, 'DEFENSIVE': 0.24702594636027475, 'GROWTH': 0.28326604214100615, 'EUPHORIA': 0.2393624636347595}",0.7101318836212158,-1.8157906840770546,False,20.860000610351562,0.0,0.0,0.0
2024-10-10,1.926272156786484,1.9590820274294813,2.0707828705958518,0.0129167890150714,0.0129167890150714,0.0129167890150714,0.0129167890150714,-0.0017501256071009719,GOLDILOCKS,NORMAL_TRENDING,GROWTH,1.1840079849581215,1.1840079849581215,"{'CRISIS': 0.23042070752927885, 'DEFENSIVE': 0.24699910251717982, 'GROWTH': 0.2831401364123528, 'EUPHORIA': 0.23944005354118852}",0.7098647356033325,-2.1781158995056877,False,20.93000030517578,0.0,0.0,0.0
2024-10-11,1.9603913623552354,1.9937823797054663,2.107461730434628,0.017712557100794498,0.017712557100794498,0.017712557100794498,0.017712557100794498,0.005988197182801747,GOLDILOCKS,NORMAL_TRENDING,GROWTH,1.1840773422671462,1.1840773422671462,"{'CRISIS': 0.23022191130867836, 'DEFENSIVE': 0.24704882150553847, 'GROWTH': 0.28336807666103186, 'EUPHORIA': 0.2393611905247513}",0.7095240354537964,-0.9145712615228356,False,20.459999084472656,0.0,0.0,0.0
2024-10-14,1.9741055673782684,2.0077301764830144,2.122204787767146,0.006995646525679805,0.006995646525679805,0.006995646525679805,0.006995646525679805,0.00817819790789942,GOLDILOCKS,NORMAL_TRENDING,GROWTH,1.1842550824449916,1.1842550824449916,"{'CRISIS': 0.22994427072981832, 'DEFENSIVE': 0.24710762100301992, 'GROWTH': 0.2836358683697253, 'EUPHORIA': 0.23931223989743644}",0.7088544368743896,0.0,False,19.700000762939453,0.0,0.0,0.0
2024-10-15,1.9541092404627787,1.987393255484222,2.1007083179637775,-0.010129309823104393,-0.010129309823104393,-0.010129309823104393,-0.010129309823104393,-0.007769674992330833,GOLDILOCKS,NORMAL_TRENDING,GROWTH,1.1841242482169065,1.1841242482169065,"{'CRISIS': 0.22980498212038258, 'DEFENSIVE': 0.2471673737139143, 'GROWTH': 0.2839056508848453, 'EUPHORIA': 0.23912199328085776}",0.7069386839866638,0.0,False,20.639999389648438,0.0,0.0,0.0
2024-10-16,1.9797115013966917,2.013431595435552,2.1282312841260036,0.013101755216023483,0.013101755216023483,0.013101755216023483,0.013101755216023483,0.004346629168934912,GOLDILOCKS,NORMAL_TRENDING,GROWTH,1.184396327931082,1.184396327931082,"{'CRISIS': 0.2298715471229266, 'DEFENSIVE': 0.24708478326151273, 'GROWTH': 0.2836876501680045, 'EUPHORIA': 0.23935601944755622}",0.7064687013626099,-1.0129309823104244,False,19.579999923706055,0.0,0.0,0.0
2024-10-17,1.9872702453114768,2.021119086167963,2.1363570919807304,0.003818103753729936,0.003818103753729936,0.003818103753729936,0.003818103753729936,8.56561672069045e-05,GOLDILOCKS,NORMAL_TRENDING,GROWTH,1.1846131911501279,1.1846131911501279,"{'CRISIS': 0.22970800692941443, 'DEFENSIVE': 0.2470915810758149, 'GROWTH': 0.2837959913009269, 'EUPHORIA': 0.23940442069384382}",0.7044214010238647,0.0,False,19.110000610351562,0.0,0.0,0.0
2024-10-18,2.0439313796798126,2.0787453201368726,2.1972689969081323,0.028512042839676704,0.028512042839676704,0.028512042839676704,0.028512042839676704,0.003846643268044403,GOLDILOCKS,NORMAL_TRENDING,GROWTH,1.184919719590391,1.184919719590391,"{'CRISIS': 0.22969228832567384, 'DEFENSIVE': 0.2470741444757711, 'GROWTH': 0.28359697632430103, 'EUPHORIA': 0.23963659087425404}",0.7098093032836914,0.0,False,18.030000686645508,0.0,0.0,0.0
2024-10-21,2.0478065389400153,2.082686484334955,2.2014348741901077,0.0018959341290653896,0.0018959341290653896,0.0018959341290653896,0.0018959341290653896,-0.0016421837079351187,GOLDILOCKS,NORMAL_TRENDING,GROWTH,1.1850270714582205,1.1850270714582205,"{'CRISIS': 0.22964640532288985, 'DEFENSIVE': 0.24706791425463565, 'GROWTH': 0.28360149978967863, 'EUPHORIA': 0.23968418063279595}",0.7068494558334351,0.0,False,18.3700008392334,0.0,0.0,0.0
2024-10-22,2.0781592622164613,2.113556200457326,2.234064686761171,0.014822065805179559,0.014822065805179559,0.014822065805179559,0.014822065805179559,-0.0005312381628587159,GOLDILOCKS,NORMAL_TRENDING,GROWTH,1.1850887165201613,1.1850887165201613,"{'CRISIS': 0.2296579862161277, 'DEFENSIVE': 0.24706727154047392, 'GROWTH': 0.28352991489788126, 'EUPHORIA': 0.23974482734551716}",0.7096259593963623,0.0,False,18.200000762939453,0.0,0.0,0.0
2024-10-23,2.0295373838367055,2.0641061537762018,2.1817951502212454,-0.02339660836576017,-0.02339660836576017,-0.02339660836576017,-0.02339660836576017,-0.009137394444739488,GOLDILOCKS,NORMAL_TRENDING,GROWTH,1.1848675949904015,1.1848675949904015,"{'CRISIS': 0.2296650751733778, 'DEFENSIVE': 0.24710228621366925, 'GROWTH': 0.2836457465184966, 'EUPHORIA': 0.23958689209445638}",0.7095876932144165,0.0,False,19.239999771118164,0.0,0.0,0.0
2024-10-24,2.0813586083156475,2.116810040482143,2.237504050755486,0.025533515613778562,0.025533515613778562,0.025533515613778562,0.025533515613778562,0.0021628398893882572,GOLDILOCKS,NORMAL_TRENDING,GROWTH,1.1849192048558765,1.1849192048558765,"{'CRISIS': 0.23004919090269732, 'DEFENSIVE': 0.246959036698692, 'GROWTH': 0.2831253378588955, 'EUPHORIA': 0.23986643453971523}",0.7095744013786316,-2.339660836576014,False,19.079999923706055,0.0,0.0,0.0
2024-10-25,2.0857322155020785,2.1212581425863997,2.2422057699868354,0.0021013232265488695,0.0021013232265488695,0.0021013232265488695,0.0021013232265488695,-0.0003452904226192155,GOLDILOCKS,NORMAL_TRENDING,GROWTH,1.1845391051456549,1.1845391051456549,"{'CRISIS': 0.22984582937614711, 'DEFENSIVE': 0.24708042808318292, 'GROWTH': 0.28362271405731165, 'EUPHORIA': 0.23945102848335836}",0.706723690032959,0.0,False,20.329999923706055,0.0,0.0,0.0
2024-10-28,2.1126492335952496,2.1486336337352188,2.271142127603012,0.012905308693566687,0.012905308693566687,0.012905308693566687,0.012905308693566687,0.003091245512242047,GOLDILOCKS,NORMAL_TRENDING,GROWTH,1.1844563032353939,1.1844563032353939,"{'CRISIS': 0.22976264906422872, 'DEFENSIVE': 0.2471282107838389, 'GROWTH': 0.2837685569450077, 'EUPHORIA': 0.23934058320692472}",0.7092394828796387,0.0,False,19.799999237060547,0.0,0.0,0.0
2024-10-29,2.1492182799896664,2.1858255545648557,2.310454617585692,0.017309568390671687,0.017309568390671687,0.017309568390671687,0.017309568390671687,0.0016184652678015166,GOLDILOCKS,NORMAL_TRENDING,GROWTH,1.1845160421253815,1.1845160421253815,"{'CRISIS': 0.2297295585115978, 'DEFENSIVE': 0.24713894256002156, 'GROWTH': 0.2837624485708854, 'EUPHORIA': 0.23936905035749528}",0.7105060815811157,0.0,False,19.34000015258789,0.0,0.0,0.0
2024-10-30,2.1063955477090217,2.142273429865929,2.2644192844338042,-0.019924794367955363,-0.019924794367955363,-0.019924794367955363,-0.019924794367955363,-0.0030254055467365815,GOLDILOCKS,NORMAL_TRENDING,GROWTH,1.1843095778061035,1.1843095778061035,"{'CRISIS': 0.22971114844039175, 'DEFENSIVE': 0.24717687866659394, 'GROWTH': 0.2839081884654219, 'EUPHORIA': 0.2392037844275925}",0.7087575197219849,0.0,False,20.350000381469727,0.0,0.0,0.0
2024-10-31,2.035638511447431,2.0703112008704636,2.188353990052418,-0.033591523842019085,-0.033591523842019085,-0.033591523842019085,-0.033591523842019085,-0.019602977349403528,GOLDILOCKS,NORMAL_TRENDING,GROWTH,1.1835959955464601,1.1835959955464601,"{'CRISIS': 0.23020109429995045, 'DEFENSIVE': 0.24717773241051538, 'GROWTH': 0.28360325451139157, 'EUPHORIA': 0.23901791877814266}",0.7098516821861267,-1.9924794367955287,False,23.15999984741211,0.0,0.0,0.0
2024-11-01,2.029262684942776,2.063826775982074,2.1813956358300777,-0.0031321015341382744,-0.0031321015341382744,-0.0031321015341382744,-0.003179720581757322,0.004220396830403761,CAUTIOUS_BULL,EARLY_DD_UNCERTAINTY,GROWTH,1.183761265905246,1.0653851393147216,"{'CRISIS': 0.23089645378622203, 'DEFENSIVE': 0.2469320920814422, 'GROWTH': 0.2825796340086046, 'EUPHORIA': 0.23959182012373126}",0.7058225274085999,-5.2847014004916,False,21.8799991607666,0.0,0.4777094587886867,-0.00010420733285963895
2024-11-04,2.0132142171004506,2.047504957278049,2.164040145271953,-0.007908521632712214,-0.007908521632712214,-0.007908521632712214,-0.007956140680331262,-0.002153899837961104,CAUTIOUS_BULL,EARLY_DD_UNCERTAINTY,GROWTH,1.183793023663951,1.0654137212975558,"{'CRISIS': 0.23134291242005506, 'DEFENSIVE': 0.24680974693322916, 'GROWTH': 0.2819283748656606, 'EUPHORIA': 0.23991896578105526}",0.7093408107757568,-5.585869584855744,False,21.979999542236328,0.0,0.4800094992947606,-0.00010387598265857513
2024-11-05,2.0443617338873605,2.0791830044954738,2.197418121346879,0.015471536273854954,0.015471536273854954,0.015471536273854954,0.015423917226235906,0.0120919419493708,CAUTIOUS_BULL,EARLY_DD_UNCERTAINTY,GROWTH,1.1842036820692048,1.0657833138622843,"{'CRISIS': 0.2315858774977645, 'DEFENSIVE': 0.24665153309439036, 'GROWTH': 0.28139122879697653, 'EUPHORIA': 0.24037136061086867}",0.7071463465690613,-6.337041688649767,False,20.489999771118164,0.0,0.46895731734510765,-0.00010304953072723586
2024-11-06,2.0506185674916915,2.085546409697421,2.2040387498971588,0.0030605315588810474,0.0030605315588810474,0.0030605315588810474,0.0030129125112619997,0.02486554619862491,CAUTIOUS_BULL,EARLY_DD_UNCERTAINTY,GROWTH,1.185284864730735,1.0667563782576615,"{'CRISIS': 0.23140179910263536, 'DEFENSIVE': 0.2465095450995379, 'GROWTH': 0.28105253462862106, 'EUPHORIA': 0.24103612116920567}",0.7080672979354858,-4.892391972491121,False,16.270000457763672,0.0,0.4747600656488353,-0.0001046389581593752
2024-11-07,2.0800909388236706,2.1155207789882753,2.2356111877988014,0.01437242976300047,0.01437242976300047,0.01437242976300047,0.014324810715381421,0.007732177612600255,CAUTIOUS_BULL,EARLY_DD_UNCERTAINTY,GROWTH,1.1860379221432198,1.0674341299288979,"{'CRISIS': 0.2312723799806864, 'DEFENSIVE': 0.24642415571970058, 'GROWTH': 0.2807974550265326, 'EUPHORIA': 0.24150600927308047}",0.7067684531211853,-4.605841070348847,False,15.199999809265137,0.0,0.46946547216431517,-0.00010495422618557899
2024-11-08,2.044896567440225,2.0797269477785614,2.1976790134952098,-0.016919631121199312,-0.016919631121199312,-0.016919631121199312,-0.01696725016881836,0.0043315951055544755,CAUTIOUS_BULL,EARLY_DD_UNCERTAINTY,GROWTH,1.1864216350482626,1.0677794715434363,"{'CRISIS': 0.23102394810891724, 'DEFENSIVE': 0.24645069798964106, 'GROWTH': 0.280891127443168, 'EUPHORIA': 0.2416342264582737}",0.7080801725387573,-3.2393378003285824,False,14.9399995803833,0.0,0.4844095746273494,-0.00010645767560946674
2024-11-11,2.0553746213427684,2.090383472616233,2.208835273560455,0.005124001902775777,0.005124001902775777,0.005124001902775777,0.00507638285515673,0.0009529240006855844,CAUTIOUS_BULL,EARLY_DD_UNCERTAINTY,GROWTH,1.1866197135512153,1.0679577421960937,"{'CRISIS': 0.23116136774192972, 'DEFENSIVE': 0.24638512974822913, 'GROWTH': 0.28057794241241996, 'EUPHORIA': 0.2418755600974212}",0.7093411087989807,-4.8811001623709425,False,14.970000267028809,0.0,0.4737853603103724,-0.00010465138159501
2024-11-12,2.047348804568995,2.0822209534511464,2.2001050417500156,-0.0039047951115258857,-0.0039047951115258857,-0.0039047951115258857,-0.003952414159144933,-0.0031064722137856826,CAUTIOUS_BULL,EARLY_DD_UNCERTAINTY,GROWTH,1.1867620082849288,1.0680858074564359,"{'CRISIS': 0.2311618424085384, 'DEFENSIVE': 0.24636960224704946, 'GROWTH': 0.28048307845574394, 'EUPHORIA': 0.24198547688866817}",0.7090411186218262,-4.398240210033823,False,14.710000038146973,0.0,0.4780800465356082,-0.00010518263207430737
2024-11-13,2.0218458924542464,2.056283654510758,2.172594546323656,-0.012456554573326487,-0.012456554573326487,-0.012456554573326487,-0.012504173620945535,0.00048579591900277386,CAUTIOUS_BULL,EARLY_DD_UNCERTAINTY,GROWTH,1.186989712786404,1.0682907415077636,"{'CRISIS': 0.23121056314432933, 'DEFENSIVE': 0.2463217326869143, 'GROWTH': 0.28027979682577864, 'EUPHORIA': 0.24218790734297774}",0.7060897350311279,-4.7760979590668615,False,14.020000457763672,0.0,0.48222024181769907,-0.00010476690675000075
2024-11-14,2.0158039451046172,2.050138795685056,2.165998655022044,-0.00298833228198972,-0.00298833228198972,-0.00298833228198972,-0.0030359513296087676,-0.006430142903016134,CAUTIOUS_BULL,EARLY_DD_UNCERTAINTY,GROWTH,1.1870263122046754,1.0683236809842078,"{'CRISIS': 0.23143629269871588, 'DEFENSIVE': 0.2462590379706636, 'GROWTH': 0.2799347264282407, 'EUPHORIA': 0.24236994290237984}",0.7090920209884644,-5.966794163050601,False,14.3100004196167,0.0,0.477640569713172,-0.00010345688315826933
2024-11-15,2.013108207350315,2.0473971418816146,2.167160396210493,-0.0013373015569540189,-0.0013373015569540189,-0.0013373015569540189,0.0005363536056477249,-0.012808494734805276,CAUTIOUS_BULL,EARLY_DD_UNCERTAINTY,GROWTH,1.1867555553047715,1.0680799997742945,"{'CRISIS': 0.23152310020271594, 'DEFENSIVE': 0.24624400354190962, 'GROWTH': 0.2800250145996877, 'EUPHORIA': 0.24220788165568674}",0.7062979936599731,-6.252274399338659,False,16.139999389648438,19.202442802773405,0.4759352066263475,0.004058334562170486
2024-11-18,2.062064874820955,2.09718768006007,2.2197602522518642,0.02431894484950605,0.02431894484950605,0.02431894484950605,0.024271325801887005,0.0040973288821755105,CAUTIOUS_BULL,EARLY_DD_UNCERTAINTY,GROWTH,1.186721752453281,1.0680495772079528,"{'CRISIS': 0.23156790528987814, 'DEFENSIVE': 0.24622649781296455, 'GROWTH': 0.2799987583869622, 'EUPHORIA': 0.24220683851019514}",0.7064687013626099,-6.201992468691478,False,15.579999923706055,0.0,0.46490657718810363,-0.00010319811410526157
2024-11-19,2.1045259530259135,2.1403719906900824,2.2653628172544016,0.02059153362410333,0.02059153362410333,0.02059153362410333,0.020543914576484284,0.0036555348431992485,CAUTIOUS_BULL,EARLY_DD_UNCERTAINTY,GROWTH,1.1865011071675928,1.0678509964508336,"{'CRISIS': 0.23124891287325025, 'DEFENSIVE': 0.24634960622754243, 'GROWTH': 0.2805725272324382, 'EUPHORIA': 0.2418289536667691}",0.7088762521743774,-3.925390468331237,False,16.350000381469727,0.0,0.466604591325294,-0.00010570286915485068
2024-11-20,2.0970731255175608,2.132792220420494,2.2573404128280945,-0.003541333143284305,-0.003541333143284305,-0.003541333143284305,-0.003541333143284305,0.0003388209806600706,GOLDILOCKS,NORMAL_TRENDING,GROWTH,1.18620250558364,1.18620250558364,"{'CRISIS': 0.23072876999301328, 'DEFENSIVE': 0.24653455622830467, 'GROWTH': 0.28148211966495984, 'EUPHORIA': 0.24125455411372215}",0.7056147456169128,-1.9516418971435583,False,17.15999984741211,0.0,0.0,0.0
2024-11-21,2.124269889306013,2.1604522221261138,2.286615669494531,0.012968915321796348,0.012968915321796348,0.012968915321796348,0.012968915321796348,0.005368304715560823,GOLDILOCKS,NORMAL_TRENDING,GROWTH,1.1860862238072334,1.1860862238072334,"{'CRISIS': 0.23056902622275588, 'DEFENSIVE': 0.24660863410582162, 'GROWTH': 0.28175459475136877, 'EUPHORIA': 0.24106774492005367}",0.7091276049613953,-2.298863797337819,False,16.8700008392334,0.0,0.0,0.0
2024-11-22,2.121848761254165,2.1579898554061416,2.2840095084934844,-0.0011397459729745926,-0.0011397459729745926,-0.0011397459729745926,-0.0011397459729745926,0.0030993957655054416,GOLDILOCKS,NORMAL_TRENDING,GROWTH,1.1863510763156786,1.1863510763156786,"{'CRISIS': 0.23030568602176693, 'DEFENSIVE': 0.2466741789044476, 'GROWTH': 0.28191289543165304, 'EUPHORIA': 0.24110723964213243}",0.705846905708313,-1.031786035082187,False,15.239999771118164,0.0,0.0,0.0
2024-11-25,2.0430943959407517,2.0778940801941315,2.1992363981305734,-0.03711591832156025,-0.03711591832156025,-0.03711591832156025,-0.03711591832156025,0.003391965367223193,GOLDILOCKS,NORMAL_TRENDING,GROWTH,1.1865983563794675,1.1865983563794675,"{'CRISIS': 0.2302290860186933, 'DEFENSIVE': 0.2466882460784165, 'GROWTH': 0.2818249890253465, 'EUPHORIA': 0.24125767887754368}",0.7065962553024292,-1.1445846584011825,False,14.600000381469727,0.0,0.0,0.0
2024-11-26,2.032976978842463,2.067604334826929,2.188241039251513,-0.0049520066808414875,-0.0049520066808414875,-0.0049520066808414875,-0.004999625728460535,0.005221569865871967,CAUTIOUS_BULL,EARLY_DD_UNCERTAINTY,GROWTH,1.1869253850889052,1.0682328465800148,"{'CRISIS': 0.23071846215888864, 'DEFENSIVE': 0.24647264556939472, 'GROWTH': 0.2809966429830748, 'EUPHORIA': 0.24181224928864187}",0.7036261558532715,-4.813694179863873,False,14.100000381469727,0.0,0.47858321313608065,-0.00010472554276812255
2024-11-27,2.044775800550188,2.079604123886337,2.2008367675691516,0.005803716338412529,0.005803716338412529,0.005803716338412529,0.005756097290793482,-0.003030059523226214,CAUTIOUS_BULL,EARLY_DD_UNCERTAINTY,GROWTH,1.1870833895296689,1.068375050576702,"{'CRISIS': 0.23104252868993846, 'DEFENSIVE': 0.24634515912300187, 'GROWTH': 0.2804727041823025, 'EUPHORIA': 0.24213960800475715}",0.7043533325195312,-5.289590083439341,False,14.100000381469727,0.0,0.4734651646390125,-0.00010420195425007204
2024-11-29,2.0797429803722287,2.115166893818877,2.238367903699545,0.0171007402438117,0.0171007402438117,0.0171007402438117,0.017053121196192653,0.006212011081421442,CAUTIOUS_BULL,EARLY_DD_UNCERTAINTY,GROWTH,1.1872039043520908,1.0684835139168818,"{'CRISIS': 0.23119354257955935, 'DEFENSIVE': 0.24631010689332863, 'GROWTH': 0.2801509157296286, 'EUPHORIA': 0.24234543479748347}",0.7083261013031006,-4.744427749508685,False,13.510000228881836,0.0,0.4682061008085906,-0.00010480175083662627
2024-12-02,2.0697743070537657,2.10502842575936,2.227532316693288,-0.0047932236879957135,-0.0047932236879957135,-0.0047932236879957135,-0.004840842735614761,0.001792313166776749,CAUTIOUS_BULL,EARLY_DD_UNCERTAINTY,GROWTH,1.1872533745514964,1.0685280370963468,"{'CRISIS': 0.23105770668889286, 'DEFENSIVE': 0.2463766183215711, 'GROWTH': 0.2802534132682952, 'EUPHORIA': 0.24231226172124087}",0.7096149921417236,-3.120022931308372,False,13.34000015258789,0.0,0.47850685261188436,-0.00010658894779521645
2024-12-03,2.0796222804912134,2.115044138077028,2.238024828803964,0.004757993856569865,0.004757993856569865,0.004757993856569865,0.004710374808950818,0.00046405912858493714,CAUTIOUS_BULL,EARLY_DD_UNCERTAINTY,GROWTH,1.187299377060003,1.0685694393540028,"{'CRISIS': 0.23105229327451993, 'DEFENSIVE': 0.2463824656995956, 'GROWTH': 0.28021574408901784, 'EUPHORIA': 0.24234949693686664}",0.7090350389480591,-3.589003664527868,False,13.300000190734863,0.0,0.4739579565713408,-0.00010607296746158515
2024-12-04,2.1114803012370533,2.147444791148176,2.2722028674393475,0.015319138020734658,0.015319138020734658,0.015319138020734658,0.01527151897311561,0.006209311063081646,CAUTIOUS_BULL,EARLY_DD_UNCERTAINTY,GROWTH,1.1872755060807885,1.0685479554727098,"{'CRISIS': 0.2309913020958573, 'DEFENSIVE': 0.24641586559194273, 'GROWTH': 0.28029457056969515, 'EUPHORIA': 0.2422982617425048}",0.7103053331375122,-3.134871736083415,False,13.449999809265137,0.0,0.46902771060899395,-0.00010657261089542685
2024-12-05,2.0995704545735285,2.135332086063513,2.2593864619423276,-0.005640519902812826,-0.005640519902812826,-0.005640519902812826,-0.005640519902812826,-0.001645503085190847,GOLDILOCKS,NORMAL_TRENDING,GROWTH,1.1872810371419273,1.1872810371419273,"{'CRISIS': 0.23068313538361374, 'DEFENSIVE': 0.2465024474675001, 'GROWTH': 0.28071784568822694, 'EUPHORIA': 0.24209657146065922}",0.7049594521522522,-1.6555940919677337,False,13.539999961853027,0.0,0.0,0.0
2024-12-06,2.095404340035087,2.131095010794726,2.254903229304646,-0.001984269939294691,-0.001984269939294691,-0.001984269939294691,-0.001984269939294691,0.0018955802850253445,GOLDILOCKS,NORMAL_TRENDING,GROWTH,1.1873515406823918,1.1873515406823918,"{'CRISIS': 0.2307164004594132, 'DEFENSIVE': 0.24651775109270335, 'GROWTH': 0.28057387602563566, 'EUPHORIA': 0.24219197242224785}",0.7103316783905029,-2.210307670822288,False,12.770000457763672,0.0,0.0,0.0
2024-12-09,2.088590569869135,2.1241651828240924,2.247570805649034,-0.003251768661430683,-0.003251768661430683,-0.003251768661430683,-0.003251768661430683,-0.0051495669056838,GOLDILOCKS,NORMAL_TRENDING,GROWTH,1.187194607289817,1.187194607289817,"{'CRISIS': 0.230651256948602, 'DEFENSIVE': 0.24652907100743807, 'GROWTH': 0.2808061604242721, 'EUPHORIA': 0.24201351161968793}",0.7077912092208862,-2.4043488176839536,False,14.1899995803833,0.0,0.0,0.0
2024-12-10,2.0879416435476714,2.1235052034494095,2.246872484074581,-0.00031070058958673763,-0.00031070058958673763,-0.00031070058958673763,-0.00031070058958673763,-0.003109155722253454,GOLDILOCKS,NORMAL_TRENDING,GROWTH,1.1871850404306639,1.1871850404306639,"{'CRISIS': 0.23060931174332316, 'DEFENSIVE': 0.246501267687448, 'GROWTH': 0.2809350542732284, 'EUPHORIA': 0.24195436629600048}",0.7030016183853149,-2.7217072976905343,False,14.180000305175781,0.0,0.0,0.0
2024-12-11,2.1329164211202425,2.169246028866858,2.2952706711204045,0.021540246448724123,0.021540246448724123,0.021540246448724123,0.021540246448724123,0.007730680288764447,GOLDILOCKS,NORMAL_TRENDING,GROWTH,1.1872065422603086,1.1872065422603086,"{'CRISIS': 0.2306926241076756, 'DEFENSIVE': 0.24649421040516675, 'GROWTH': 0.28077557077749027, 'EUPHORIA': 0.24203759470966738}",0.7089658975601196,-2.751931720587136,False,13.579999923706055,0.0,0.0,0.0
2024-12-12,2.0973831974614354,2.1331075737677963,2.257032714252134,-0.016659454307236612,-0.016659454307236612,-0.016659454307236612,-0.016659454307236612,-0.005152533493864686,GOLDILOCKS,NORMAL_TRENDING,GROWTH,1.1871363282397005,1.1871363282397005,"{'CRISIS': 0.23038367726676634, 'DEFENSIVE': 0.24661489577842682, 'GROWTH': 0.2812093998286689, 'EUPHORIA': 0.24179202712613798}",0.7060326337814331,-0.6571843631862321,False,13.920000076293945,0.0,0.0,0.0
2024-12-13,2.0738273985318205,2.1091505528649255,2.231683884882834,-0.011231042070960534,-0.011231042070960534,-0.011231042070960534,-0.011231042070960534,-0.00019879853506288292,GOLDILOCKS,NORMAL_TRENDING,GROWTH,1.1871283699520785,1.1871283699520785,"{'CRISIS': 0.23051024483747223, 'DEFENSIVE': 0.24658143684900435, 'GROWTH': 0.2810369678269787, 'EUPHORIA': 0.24187135048654476}",0.7094454765319824,-2.3121814610399523,False,13.8100004196167,0.0,0.0,0.0
2024-12-16,2.0909604100531713,2.1265753880986007,2.250121034348011,0.008261541695070946,0.008261541695070946,0.008261541695070946,0.008261541695070946,0.004270147402686719,GOLDILOCKS,NORMAL_TRENDING,GROWTH,1.187022327079752,1.187022327079752,"{'CRISIS': 0.23067084202628152, 'DEFENSIVE': 0.24651330258885057, 'GROWTH': 0.2809387879530106, 'EUPHORIA': 0.24187706743185733}",0.7074874639511108,-3.409317460871375,False,14.6899995803833,0.0,0.0,0.0
2024-12-17,2.0835169731301932,2.119005168362653,2.242111014690198,-0.00355981724340193,-0.00355981724340193,-0.00355981724340193,-0.00355981724340193,-0.004119961667651162,GOLDILOCKS,NORMAL_TRENDING,GROWTH,1.1867327421022025,1.1867327421022025,"{'CRISIS': 0.23058803373135583, 'DEFENSIVE': 0.2465483711090985, 'GROWTH': 0.28127639881793964, 'EUPHORIA': 0.24158719634160603}",0.7072298526763916,-2.611329509719015,False,15.869999885559082,0.0,0.0,0.0
2024-12-18,2.0220652592108306,2.056506757704524,2.205132285455012,-0.02949422285100961,-0.02949422285100961,-0.02949422285100961,-0.016492818149013655,-0.029803607053334735,CRISIS_MODE,FAST_SHOCK,GROWTH,1.1837820487812492,0.5918910243906246,"{'CRISIS': 0.2312244815294505, 'DEFENSIVE': 0.24699659014866238, 'GROWTH': 0.28185880880958447, 'EUPHORIA': 0.23992011951230266}",0.7078168392181396,-2.9580153782422967,False,27.6200008392334,136.06771084032545,3.873407210259702,0.029150592688790066
2024-12-19,2.0111957117178294,2.0437513500051296,2.191402530224032,-0.00537546819692812,-0.00620246330414783,-0.00620246330414783,-0.006226272827957354,-0.00030700865352240037,RECOVERY_GROWTH,RECOVERY_ACCEL,GROWTH,1.1832729706436038,1.3016002677079643,"{'CRISIS': 0.23146011104978603, 'DEFENSIVE': 0.24697301833806715, 'GROWTH': 0.2818883751704493, 'EUPHORIA': 0.2396784954416975}",0.7067445516586304,-4.558511183428329,False,24.09000015258789,0.0,0.23958697194861434,-5.250314965369076e-05
2024-12-20,2.041026858726212,2.078729076830502,2.2288550529017868,0.01483254306608609,0.017114472768560873,0.017114472768560873,0.01709066324475135,0.01201094914470513,RECOVERY_GROWTH,RECOVERY_ACCEL,GROWTH,1.18441203499101,1.3028532384901113,"{'CRISIS': 0.23136287802176508, 'DEFENSIVE': 0.2467100569477694, 'GROWTH': 0.2815337709669541, 'EUPHORIA': 0.24039329406351143}",0.7062265872955322,-5.152755931906746,False,18.360000610351562,0.0,0.23409440937709525,-5.217625071961981e-05
2024-12-23,2.049896587101884,2.0891524286835934,2.2399781120612885,0.004345718596377345,0.005014290688127705,0.005014290688127705,0.004990481164318181,0.005988309811411963,RECOVERY_GROWTH,RECOVERY_ACCEL,GROWTH,1.1852628598032833,1.3037891457836117,"{'CRISIS': 0.23106581010502125, 'DEFENSIVE': 0.24661981586594622, 'GROWTH': 0.28151225651697664, 'EUPHORIA': 0.24080211751205582}",0.7077919244766235,-3.5317536238462273,False,16.780000686645508,0.0,0.23691292858753854,-5.306797745004254e-05
2024-12-24,2.085583143450565,2.131117766576718,2.2849197911281895,0.017408954467861178,0.020087255155224436,0.020087255155224436,0.020063445631414913,0.011115009681411214,RECOVERY_GROWTH,RECOVERY_ACCEL,GROWTH,1.1861765277740706,1.3047941805514778,"{'CRISIS': 0.23089303488221619, 'DEFENSIVE': 0.24653867332360885, 'GROWTH': 0.28119609680849744, 'EUPHORIA': 0.24137219498567747}",0.7057698965072632,-3.050330657351228,False,14.270000457763672,0.0,0.23341218540368164,-5.333281219193545e-05
2024-12-26,2.0695175459313084,2.112175814605445,2.267318669905415,-0.007703168089801504,-0.008888270872847888,-0.007703168089801504,-0.007703168089801504,6.654786640147847e-05,GOLDILOCKS,NORMAL_TRENDING,GROWTH,1.186510045165604,1.186510045165604,"{'CRISIS': 0.23048742680246193, 'DEFENSIVE': 0.24661970915969547, 'GROWTH': 0.2815334737212987, 'EUPHORIA': 0.24135939031654394}",0.7046489715576172,-1.1051862375113422,False,14.729999542236328,0.0,0.0,0.0
2024-12-27,2.0349636838424368,2.0714841501220524,2.2294622058297846,-0.016696578464292188,-0.019265282843414062,-0.016696578464292188,-0.016696578464292188,-0.010526494146641974,GOLDILOCKS,NORMAL_TRENDING,GROWTH,1.186428820879808,1.186428820879808,"{'CRISIS': 0.2303884557576069, 'DEFENSIVE': 0.24664994500134713, 'GROWTH': 0.2817347341257478, 'EUPHORIA': 0.24122686511529823}",0.7079067230224609,-1.8669896111334021,False,15.949999809265137,0.0,0.0,0.0
2024-12-30,2.012744150431292,2.0453861160865765,2.2051189655230177,-0.010918884492911334,-0.01259871287643615,-0.010918884492911334,-0.010918884492911334,-0.011411663108467862,GOLDILOCKS,NORMAL_TRENDING,GROWTH,1.186125023107252,1.186125023107252,"{'CRISIS': 0.23058495300822113, 'DEFENSIVE': 0.24661222903589608, 'GROWTH': 0.2816873709220492, 'EUPHORIA': 0.24111544703383359}",0.7091128826141357,-3.505475119028319,False,17.399999618530273,0.0,0.0,0.0
2024-12-31,2.0074623251310455,2.03919286525246,2.19922730627877,-0.0026241911070091824,-0.0030279128157798263,-0.0026241911070091824,-0.00267181015462823,-0.0036381154824253192,CAUTIOUS_BULL,EARLY_DD_UNCERTAINTY,GROWTH,1.1860118636522228,1.0674106772870005,"{'CRISIS': 0.23085037040205264, 'DEFENSIVE': 0.24653675149692472, 'GROWTH': 0.2814145780159204, 'EUPHORIA': 0.24119830008510226}",0.7088932991027832,-4.559087690402016,False,17.350000381469727,0.0,0.4774661751657756,-0.0001050056650249056
2025-01-02,2.0541933844868483,2.0939656009008525,2.2503176748451916,0.023278673164016873,0.026860007496942548,0.023278673164016873,0.023231054116397826,-0.002456779302153267,CAUTIOUS_BULL,EARLY_DD_UNCERTAINTY,GROWTH,1.1858328829442508,1.0672495946498257,"{'CRISIS': 0.23103172790908144, 'DEFENSIVE': 0.24650452065708928, 'GROWTH': 0.28128227200608386, 'EUPHORIA': 0.24118147942774548}",0.7092986106872559,-4.814087689077784,False,17.93000030517578,0.0,0.4653792262019318,-0.00010472510982279857
2025-01-03,2.082052296107864,2.126732871604559,2.280836418453346,0.013561971249350052,0.015648428364634676,0.013561971249350052,0.013561971249350052,0.012503321868222894,GOLDILOCKS,NORMAL_TRENDING,GROWTH,1.1861083167048672,1.1861083167048672,"{'CRISIS': 0.23073876092821327, 'DEFENSIVE': 0.24654505762060736, 'GROWTH': 0.281525666478258, 'EUPHORIA': 0.24119051497292138}",0.7053943872451782,-2.602818609064062,False,16.1299991607666,0.0,0.0,0.0
2025-01-06,2.112400093052812,2.162501014041704,2.31408167392616,0.014575905226626438,0.016818352184568966,0.014575905226626438,0.014575905226626438,0.005760624414506976,GOLDILOCKS,NORMAL_TRENDING,GROWTH,1.1862186636030088,1.1862186636030088,"{'CRISIS': 0.230392720479003, 'DEFENSIVE': 0.24664389506071932, 'GROWTH': 0.28191162560651495, 'EUPHORIA': 0.24105175885376273}",0.7053964138031006,-1.2819208352724705,False,16.040000915527344,0.0,0.0,0.0
2025-01-07,2.078615627978237,2.1279152647686854,2.277071634137964,-0.015993402568805222,-0.015993402568805222,-0.015993402568805222,-0.015993402568805222,-0.011304032781944029,GOLDILOCKS,NORMAL_TRENDING,GROWTH,1.1858183065601091,1.1858183065601091,"{'CRISIS': 0.22998880973791616, 'DEFENSIVE': 0.24683207359968923, 'GROWTH': 0.28268781014755473, 'EUPHORIA': 0.24049130651483985}",0.7058525085449219,0.0,False,17.81999969482422,0.0,0.0,0.0
2025-01-08,2.0760807068122995,2.1253202215238547,2.274294691155318,-0.001219523769482726,-0.001219523769482726,-0.001219523769482726,-0.001219523769482726,0.0014608415265473518,GOLDILOCKS,NORMAL_TRENDING,GROWTH,1.1857799931500805,1.1857799931500805,"{'CRISIS': 0.22998434477084218, 'DEFENSIVE': 0.2468002562409692, 'GROWTH': 0.2827783012468543, 'EUPHORIA': 0.24043709774133432}",0.7011791467666626,-1.5993402568805266,False,17.700000762939453,0.0,0.0,0.0
2025-01-10,2.081388555194802,2.1307539589807365,2.2801093068194263,0.00255666765029227,0.00255666765029227,0.00255666765029227,0.00255666765029227,-0.015267488237607374,GOLDILOCKS,NORMAL_TRENDING,GROWTH,1.18526037058163,1.18526037058163,"{'CRISIS': 0.23008914043902196, 'DEFENSIVE': 0.24685623328386266, 'GROWTH': 0.28293056434431874, 'EUPHORIA': 0.24012406193279665}",0.7074283361434937,-1.7193422003700407,False,19.540000915527344,0.0,0.0,0.0
2025-01-13,2.050284617173365,2.0989123122523266,2.2460357176357015,-0.014943840228104877,-0.014943840228104877,-0.014943840228104877,-0.014943840228104877,0.0015505794088459535,GOLDILOCKS,NORMAL_TRENDING,GROWTH,1.185108808197873,1.185108808197873,"{'CRISIS': 0.2300562979507455, 'DEFENSIVE': 0.2468788537476331, 'GROWTH': 0.28308126182498683, 'EUPHORIA': 0.23998358647663456}",0.704296350479126,-1.4680712219242877,False,19.190000534057617,0.0,0.0,0.0
2025-01-14,2.059485505808397,2.1083314232762174,2.256115061905845,0.004487615308608699,0.004487615308608699,0.004487615308608699,0.004487615308608699,0.001376005543533898,GOLDILOCKS,NORMAL_TRENDING,GROWTH,1.185157647414725,1.185157647414725,"{'CRISIS': 0.2303310690548954, 'DEFENSIVE': 0.24679766739935, 'GROWTH': 0.2826653605047835, 'EUPHORIA': 0.24020590304097106}",0.708932638168335,-2.940516622950871,False,18.709999084472656,0.0,0.0,0.0
2025-01-15,2.1128598761297543,2.1629717020393975,2.3145853548319844,0.025916361232368415,0.025916361232368415,0.025916361232368415,0.025916361232368415,0.01818997001237177,GOLDILOCKS,NORMAL_TRENDING,GROWTH,1.1857384612962496,1.1857384612962496,"{'CRISIS': 0.23040412691634446, 'DEFENSIVE': 0.24670512896701352, 'GROWTH': 0.28219392870872256, 'EUPHORIA': 0.2406968154079195}",0.7079892158508301,-2.5049509995023835,False,16.1200008392334,0.0,0.0,0.0
2025-01-16,2.101478554445604,2.151320443471452,2.302117400479507,-0.005386690245165885,-0.005386690245165885,-0.005386690245165885,-0.005386690245165885,-0.0019230406627260832,GOLDILOCKS,NORMAL_TRENDING,GROWTH,1.1858802887991762,1.1858802887991762,"{'CRISIS': 0.2299925539091873, 'DEFENSIVE': 0.2468197970635603, 'GROWTH': 0.2826487318165396, 'EUPHORIA': 0.24053891721071288}",0.7035917639732361,0.0,False,16.600000381469727,0.0,0.0,0.0
2025-01-17,2.1315261157597334,2.182080658842102,2.3350337552987837,0.014298295478945091,0.014298295478945091,0.014298295478945091,0.014298295478945091,0.010039744613278723,GOLDILOCKS,NORMAL_TRENDING,GROWTH,1.1860680915506037,1.1860680915506037,"{'CRISIS': 0.22992973547712361, 'DEFENSIVE': 0.2468334333354245, 'GROWTH': 0.28258580588534843, 'EUPHORIA': 0.24065102530210356}",0.7070179581642151,-0.5386690245165983,False,15.970000267028809,0.0,0.0,0.0
2025-01-21,2.1650104255649296,2.2163591339029405,2.3717149824673975,0.015709077903210068,0.015709077903210068,0.015709077903210068,0.015709077903210068,0.009153558329547007,GOLDILOCKS,NORMAL_TRENDING,GROWTH,1.186326624219859,1.186326624219859,"{'CRISIS': 0.22985115675658116, 'DEFENSIVE': 0.24685357219290505, 'GROWTH': 0.2824825364576192, 'EUPHORIA': 0.24081273459289465}",0.7064127922058105,0.0,False,15.0600004196167,0.0,0.0,0.0
2025-01-22,2.1951659329176807,2.2472298555260513,2.404749589482633,0.01392857373649016,0.01392857373649016,0.01392857373649016,0.01392857373649016,0.005621414808230085,GOLDILOCKS,NORMAL_TRENDING,GROWTH,1.1864652327050262,1.1864652327050262,"{'CRISIS': 0.22979326209772238, 'DEFENSIVE': 0.24686041142427295, 'GROWTH': 0.282462340811555, 'EUPHORIA': 0.2408839856664497}",0.7050379514694214,0.0,False,15.100000381469727,0.0,0.0,0.0
2025-01-23,2.1908377804146846,2.2427990499189896,2.400008206246531,-0.001971674413352056,-0.001971674413352056,-0.001971674413352056,-0.001971674413352056,0.005458125317954421,GOLDILOCKS,NORMAL_TRENDING,GROWTH,1.1865010177040238,1.1865010177040238,"{'CRISIS': 0.22981595002714142, 'DEFENSIVE': 0.2468738800125294, 'GROWTH': 0.28236960017704943, 'EUPHORIA': 0.2409405697832798}",0.7089858055114746,0.0,False,15.020000457763672,0.0,0.0,0.0
2025-01-24,2.1868847117582684,2.238752224222385,2.395677718019576,-0.0018043639249584252,-0.0018043639249584252,-0.0018043639249584252,-0.0018043639249584252,-0.0029193280664033816,GOLDILOCKS,NORMAL_TRENDING,GROWTH,1.186545222676865,1.186545222676865,"{'CRISIS': 0.2298784388050255, 'DEFENSIVE': 0.2468668732485426, 'GROWTH': 0.28222929398320673, 'EUPHORIA': 0.2410253939632252}",0.7101823687553406,-0.19716744133521816,False,14.850000381469727,0.0,0.0,0.0
2025-01-27,2.0814999679380777,2.1308680141595375,2.2802313567039643,-0.048189437355141085,-0.048189437355141085,-0.048189437355141085,-0.048189437355141085,-0.014145337846320327,GOLDILOCKS,NORMAL_TRENDING,GROWTH,1.18596266176894,1.18596266176894,"{'CRISIS': 0.22981131610620845, 'DEFENSIVE': 0.24692464694221655, 'GROWTH': 0.2827463446726583, 'EUPHORIA': 0.2405176922789167}",0.7076180577278137,-0.3772480720127321,False,17.899999618530273,0.0,0.0,0.0
2025-01-28,2.1199730678791315,2.170253601155806,2.322269096730897,0.01848335360733396,0.01848335360733396,0.01848335360733396,0.018435734559714912,0.008592330306164131,CAUTIOUS_BULL,EARLY_DD_UNCERTAINTY,GROWTH,1.1861666506208257,1.0675499855587431,"{'CRISIS': 0.23053324092639177, 'DEFENSIVE': 0.2466292061354441, 'GROWTH': 0.28172060640314056, 'EUPHORIA': 0.24111694653502364}",0.7058933973312378,-5.178012435193231,False,16.40999984741211,0.0,0.4675704710973643,-0.00010858244555733163
2025-01-29,2.1231262505555466,2.1734815695494976,2.32561258405011,0.0014873692143502321,0.0014873692143502321,0.0014873692143502321,0.0014397501667311845,-0.0044829682753841915,CAUTIOUS_BULL,EARLY_DD_UNCERTAINTY,GROWTH,1.1861628868980103,1.0675465982082093,"{'CRISIS': 0.23065719964018533, 'DEFENSIVE': 0.2465843408551296, 'GROWTH': 0.2815675218906966, 'EUPHORIA': 0.2411909376139885}",0.7094507217407227,-3.429899442023872,False,16.559999465942383,0.0,0.47550586653984384,-0.00011058424270147129
2025-01-30,2.1651160295797345,2.2164672425845553,2.371496259660696,0.01977733496215818,0.01977733496215818,0.01977733496215818,0.019729715914539134,0.005367134535447349,CAUTIOUS_BULL,EARLY_DD_UNCERTAINTY,GROWTH,1.1863376247512862,1.0677038622761577,"{'CRISIS': 0.23067606483191713, 'DEFENSIVE': 0.24654216746745095, 'GROWTH': 0.2814540953586162, 'EUPHORIA': 0.24132767234201577}",0.7063443660736084,-3.290862623644275,False,15.84000015258789,0.0,0.46697714968854004,-0.00011074345638333857
2025-01-31,2.1505842780320896,2.201590833725773,2.3555793323594614,-0.006711765720225946,-0.006711765720225946,-0.006711765720225946,-0.006711765720225946,-0.005321845992555918,GOLDILOCKS,NORMAL_TRENDING,GROWTH,1.186224069975407,1.186224069975407,"{'CRISIS': 0.2303978793132247, 'DEFENSIVE': 0.24665421474600774, 'GROWTH': 0.2818813229317366, 'EUPHORIA': 0.24106658300903092}",0.7081038951873779,-1.3828188168686335,False,16.43000030517578,0.0,0.0,0.0
2025-02-03,2.137604207648462,2.1883029080817433,2.3413619934527423,-0.006035601820499255,-0.006035601820499255,-0.006035601820499255,-0.006035601820499255,-0.0067296868088350115,GOLDILOCKS,NORMAL_TRENDING,GROWTH,1.1857171570109664,1.1857171570109664,"{'CRISIS': 0.23033619431199487, 'DEFENSIVE': 0.24673131052541497, 'GROWTH': 0.2822947712536302, 'EUPHORIA': 0.24063772390895993}",0.7074379920959473,-2.0447142329588868,False,18.6200008392334,0.0,0.0,0.0
2025-02-04,2.1506171030311076,2.2016244372528204,2.3556152862581583,0.006087607488834636,0.006087607488834636,0.006087607488834636,0.006087607488834636,0.006708341481419744,GOLDILOCKS,NORMAL_TRENDING,GROWTH,1.1857788488268022,1.1857788488268022,"{'CRISIS': 0.2304254421820044, 'DEFENSIVE': 0.24669753121416726, 'GROWTH': 0.2821332242215585, 'EUPHORIA': 0.24074380238226978}",0.7094628810882568,-2.6359333340619595,False,17.209999084472656,0.0,0.0,0.0
2025-02-05,2.1775512772972494,2.229197423712375,2.3851168430599907,0.012523928238169427,0.012523928238169427,0.012523928238169427,0.012523928238169427,0.004054540090558056,GOLDILOCKS,NORMAL_TRENDING,GROWTH,1.1861081232059565,1.1861081232059565,"{'CRISIS': 0.2303866092451247, 'DEFENSIVE': 0.24667298835191695, 'GROWTH': 0.2819688821551059, 'EUPHORIA': 0.2409715202478525}",0.7076408863067627,-2.043219112682989,False,15.770000457763672,0.0,0.0,0.0
2025-02-06,2.1862765492960823,2.2381296376463355,2.3946738135073304,0.0040069191893671195,0.0040069191893671195,0.0040069191893671195,0.0040069191893671195,0.0034756526992263392,GOLDILOCKS,NORMAL_TRENDING,GROWTH,1.1862582857290593,1.1862582857290593,"{'CRISIS': 0.23021534018156445, 'DEFENSIVE': 0.2467374603069627, 'GROWTH': 0.2820556594068916, 'EUPHORIA': 0.24099154010458135}",0.7094770669937134,-0.816415418408131,False,15.5,0.0,0.0,0.0
2025-02-07,2.166883845410671,2.2182769866475347,2.3734325848153572,-0.008870197089958728,-0.008870197089958728,-0.008870197089958728,-0.008870197089958728,-0.00915350336018872,GOLDILOCKS,NORMAL_TRENDING,GROWTH,1.1861047219378076,1.1861047219378076,"{'CRISIS': 0.23003213170901932, 'DEFENSIVE': 0.24682211938621296, 'GROWTH': 0.2823854678904545, 'EUPHORIA': 0.24076028101431327}",0.7092856168746948,-0.4189948100779373,False,16.540000915527344,0.0,0.0,0.0
2025-02-10,2.2119892355133106,2.2644521653726692,2.4228374492464377,0.02081578585680548,0.02081578585680548,0.02081578585680548,0.02081578585680548,0.006791094866051894,GOLDILOCKS,NORMAL_TRENDING,GROWTH,1.186211811430563,1.186211811430563,"{'CRISIS': 0.23010130105168794, 'DEFENSIVE': 0.24678854777615067, 'GROWTH': 0.2822225712341978, 'EUPHORIA': 0.24088757993796361}",0.7096935510635376,-1.3022979525287537,False,15.8100004196167,0.0,0.0,0.0
2025-02-11,2.194185647334486,2.246226319986226,2.4033368117758367,-0.008048677585310702,-0.008048677585310702,-0.008048677585310702,-0.008048677585310702,0.0007606046408725753,GOLDILOCKS,NORMAL_TRENDING,GROWTH,1.1863531716756348,1.1863531716756348,"{'CRISIS': 0.22974959814796714, 'DEFENSIVE': 0.246818443284153, 'GROWTH': 0.2827022251324558, 'EUPHORIA': 0.2407297334354241}",0.6945059299468994,0.0,False,16.020000457763672,0.0,0.0,0.0
2025-02-12,2.2019514487492495,2.2541763070599354,2.4118428542958554,0.003539263609803379,0.003539263609803379,0.003539263609803379,0.003539263609803379,-0.0032214924493656483,GOLDILOCKS,NORMAL_TRENDING,GROWTH,1.1863201686533065,1.1863201686533065,"{'CRISIS': 0.2298628829269797, 'DEFENSIVE': 0.24681596112578047, 'GROWTH': 0.2825259689736295, 'EUPHORIA': 0.24079518697361033}",0.7080219984054565,-0.8048677585310655,False,15.890000343322754,0.0,0.0,0.0
2025-02-13,2.2349057312256253,2.287912183850771,2.4479383598322015,0.014965944183326379,0.014965944183326379,0.014965944183326379,0.014965944183326379,0.010557471201430468,GOLDILOCKS,NORMAL_TRENDING,GROWTH,1.1864350704703566,1.1864350704703566,"{'CRISIS': 0.22991012228054136, 'DEFENSIVE': 0.2468219317048621, 'GROWTH': 0.28233415856101196, 'EUPHORIA': 0.24093378745358454}",0.708816409111023,-0.4537900367192151,False,15.100000381469727,0.0,0.0,0.0
2025-02-14,2.2228130243987874,2.275532667838843,2.434692968538052,-0.005410835301856812,-0.005410835301856812,-0.005410835301856812,-0.005410835301856812,-4.9018292229030536e-05,GOLDILOCKS,NORMAL_TRENDING,GROWTH,1.1865402271021093,1.1865402271021093,"{'CRISIS': 0.22988073647757012, 'DEFENSIVE': 0.24684748655428862, 'GROWTH': 0.28225994016174005, 'EUPHORIA': 0.2410118368064012}",0.7084428071975708,0.0,False,14.770000457763672,0.0,0.0,0.0
2025-02-18,2.2355221868262736,2.2885432602580758,2.448613576370813,0.005717603004833765,0.005717603004833765,0.005717603004833765,0.005717603004833765,0.0029357724572767196,GOLDILOCKS,NORMAL_TRENDING,GROWTH,1.1865201353381631,1.1865201353381631,"{'CRISIS': 0.2299011235507855, 'DEFENSIVE': 0.24683267337225706, 'GROWTH': 0.2822627612023502, 'EUPHORIA': 0.2410034418746072}",0.7072094678878784,-0.5410835301856787,False,15.350000381469727,0.0,0.0,0.0
2025-02-19,2.2359237401220478,2.2889543374077874,2.449053405980853,0.0001796239366982242,0.0001796239366982242,0.0001796239366982242,0.0001796239366982242,0.0023548915123019487,GOLDILOCKS,NORMAL_TRENDING,GROWTH,1.186530911083112,1.186530911083112,"{'CRISIS': 0.2298079418838429, 'DEFENSIVE': 0.24685336998540502, 'GROWTH': 0.2823918448334702, 'EUPHORIA': 0.2409468432972819}",0.7048647999763489,0.0,False,15.270000457763672,0.0,0.0,0.0
2025-02-20,2.251882890399732,2.3052919993744934,2.4665337925623687,0.0071376093877033395,0.0071376093877033395,0.0071376093877033395,0.0071376093877033395,-0.004160316979602174,GOLDILOCKS,NORMAL_TRENDING,GROWTH,1.186430280981824,1.186430280981824,"{'CRISIS': 0.22977148687037602, 'DEFENSIVE': 0.24687992046933505, 'GROWTH': 0.28250049917634357, 'EUPHORIA': 0.2408480934839454}",0.7071437835693359,0.0,False,15.65999984741211,0.0,0.0,0.0
2025-02-21,2.2038302813534285,2.2560997009402484,2.4139007784128377,-0.02133885791803927,-0.02133885791803927,-0.02133885791803927,-0.02133885791803927,-0.017104137512959805,GOLDILOCKS,NORMAL_TRENDING,GROWTH,1.1858304679942027,1.1858304679942027,"{'CRISIS': 0.22967651788869964, 'DEFENSIVE': 0.2469630686499727, 'GROWTH': 0.28304280184642516, 'EUPHORIA': 0.24031761161490256}",0.7060048580169678,0.0,False,18.209999084472656,0.0,0.0,0.0
2025-02-24,2.173509528343803,2.225059814440781,2.380689832038578,-0.013758206911924658,-0.013758206911924658,-0.013758206911924658,-0.013758206911924658,-0.004550335305200215,GOLDILOCKS,NORMAL_TRENDING,GROWTH,1.1854558415010765,1.1854558415010765,"{'CRISIS': 0.22997744804932077, 'DEFENSIVE': 0.24688800899249214, 'GROWTH': 0.2829221297539024, 'EUPHORIA': 0.2402124132042847}",0.7060188055038452,-2.133885791803931,False,18.979999542236328,0.0,0.0,0.0
2025-02-25,2.1179310655732206,2.168163167590814,2.3198135950252152,-0.025570839255962537,-0.025570839255962537,-0.025570839255962537,-0.025570839255962537,-0.004973157193789324,GOLDILOCKS,NORMAL_TRENDING,GROWTH,1.1851873145835434,1.1851873145835434,"{'CRISIS': 0.2303914313242339, 'DEFENSIVE': 0.246795058051258, 'GROWTH': 0.2825341051714598, 'EUPHORIA': 0.24027940545304827}",0.708576500415802,-3.480348040746342,False,19.43000030517578,0.0,0.0,0.0
2025-02-26,2.1197212771293388,2.169995838550348,2.3216639833657062,0.0008452643172472028,0.0008452643172472028,0.0008452643172472028,0.0007976452696281551,0.000504623078982247,CAUTIOUS_BULL,EARLY_DD_UNCERTAINTY,GROWTH,1.1851961577078132,1.0666765419370319,"{'CRISIS': 0.2310029012740626, 'DEFENSIVE': 0.24661571001947316, 'GROWTH': 0.2816896753768752, 'EUPHORIA': 0.24069171332958905}",0.7084013223648071,-5.948436546037855,False,19.100000381469727,0.0,0.4758109478386953,-0.00011046731404881977
2025-02-27,2.0492694083737173,2.0978730252034756,2.2499484299292956,-0.0332363832527226,-0.0332363832527226,-0.0332363832527226,-0.03088972131636595,-0.015961873226504664,CAUTIOUS_BULL,EARLY_DD_UNCERTAINTY,GROWTH,1.1847728789133471,1.0662955910220124,"{'CRISIS': 0.23133991540242024, 'DEFENSIVE': 0.2465906075896484, 'GROWTH': 0.2814642939841637, 'EUPHORIA': 0.24060518302376765}",0.7044754028320312,-5.873416761347667,False,21.1299991607666,24.705970379634287,0.49136871898345486,0.005448160498774466
2025-02-28,2.064552812608167,2.1135189140972046,2.2666213533012147,0.0074579770585550265,0.0074579770585550265,0.0074579770585550265,0.007410358010935979,0.015605748706408074,CAUTIOUS_BULL,EARLY_DD_UNCERTAINTY,GROWTH,1.1849256318168253,1.0664330686351429,"{'CRISIS': 0.23194711996433204, 'DEFENSIVE': 0.2464185361737285, 'GROWTH': 0.28049623794296674, 'EUPHORIA': 0.24113810591897272}",0.7059159278869629,-8.780960686051358,False,19.6299991607666,0.0,0.4726876911715325,-0.00010714040142520455
2025-03-03,2.057251572118902,2.106044506188531,2.2644542712417874,-0.003536475523743628,-0.003536475523743628,-0.003536475523743628,-0.0009560847277253568,-0.017520065624248793,CAUTIOUS_BULL,EARLY_DD_UNCERTAINTY,GROWTH,1.1842762336977626,1.0658486103279863,"{'CRISIS': 0.23234154472811558, 'DEFENSIVE': 0.2464778342862194, 'GROWTH': 0.2802204022971385, 'EUPHORIA': 0.24096021868852646}",0.7064821720123291,-8.104994947321362,False,22.780000686645508,26.305248482706524,0.47664619033358263,0.005848768878116933
2025-03-04,2.079634513435404,2.1289583156763063,2.293004375274275,0.01088002149073506,0.01088002149073506,0.01088002149073506,0.012607940197808093,-0.011836918364613869,CAUTIOUS_BULL,EARLY_DD_UNCERTAINTY,GROWTH,1.1838568758676837,1.0654711882809154,"{'CRISIS': 0.23253772827239758, 'DEFENSIVE': 0.24651361419334425, 'GROWTH': 0.28015354580473967, 'EUPHORIA': 0.24079511172951856}",0.6989479064941406,-8.192854358206466,False,23.510000228881836,17.53430606464766,0.4702614479770469,0.0039127928965901155
2025-03-05,2.1173215457625725,2.1675391914733457,2.334448894849406,0.01812194983478738,0.01812194983478738,0.01812194983478738,0.018074330787168334,0.010747867543521084,CAUTIOUS_BULL,EARLY_DD_UNCERTAINTY,GROWTH,1.1839369008627434,1.065543210776469,"{'CRISIS': 0.23236623888339272, 'DEFENSIVE': 0.24652434919988503, 'GROWTH': 0.2803842584283426, 'EUPHORIA': 0.2407251534883797}",0.7048406600952148,-7.035355356223275,False,21.93000030517578,0.0,0.4677364528209732,-0.00010919068453687024
2025-03-06,2.079162503375886,2.1284751107021624,2.2984814254660932,-0.01802231808534465,-0.01802231808534465,-0.01802231808534465,-0.015407263557008832,-0.01775115717303244,CAUTIOUS_BULL,EARLY_DD_UNCERTAINTY,GROWTH,1.1832303438452036,1.0649073094606833,"{'CRISIS': 0.23221190239542838, 'DEFENSIVE': 0.24672307089692053, 'GROWTH': 0.2809413634839208, 'EUPHORIA': 0.2401236632237303}",0.703306257724762,-5.355081617420112,False,24.8700008392334,27.0434005594458,0.48364207714023505,0.0061047111536444865
2025-03-07,2.0807781616671517,2.1301290884238533,2.300158058783285,0.0007770716760437077,0.0007770716760437077,0.0007770716760437077,0.0007294526284246601,0.005604801188652253,CAUTIOUS_BULL,EARLY_DD_UNCERTAINTY,GROWTH,1.183246161582648,1.0649215454243832,"{'CRISIS': 0.2323095183375018, 'DEFENSIVE': 0.24670678966304777, 'GROWTH': 0.2807749980958809, 'EUPHORIA': 0.24020869390356947}",0.7079131603240967,-6.813300819272117,False,23.3700008392334,0.0,0.47584337099278706,-0.00010945149645076635
2025-03-10,2.0002594180235636,2.047700638741774,2.2202304001299797,-0.03869645747294622,-0.03869645747294622,-0.03869645747294622,-0.03474876795883518,-0.026635390411533955,CAUTIOUS_BULL,EARLY_DD_UNCERTAINTY,GROWTH,1.1822274459474855,1.064004701352737,"{'CRISIS': 0.23280579021300546, 'DEFENSIVE': 0.24689753480524007, 'GROWTH': 0.28041208287828856, 'EUPHORIA': 0.23988459210346588}",0.7070400714874268,-6.745325536620504,False,27.860000610351562,41.391385259166455,0.49333319697867867,0.009080309849456791
2025-03-11,2.0477513456376486,2.0963189577628794,2.272839348029451,0.02374288414100359,0.02374288414100359,0.02374288414100359,0.023695265093384543,-0.008313009339123156,CAUTIOUS_BULL,EARLY_DD_UNCERTAINTY,GROWTH,1.1820463589539318,1.0638417230585386,"{'CRISIS': 0.23350987916726984, 'DEFENSIVE': 0.246839787956546, 'GROWTH': 0.27936359146719764, 'EUPHORIA': 0.24028674140898654}",0.7052801251411438,-9.985810580625197,False,26.920000076293945,0.0,0.46516819255487785,-0.00010572525714904665
2025-03-12,2.085288462787295,2.134746362764079,2.3143942995185087,0.01833089609713234,0.01833089609713234,0.01833089609713234,0.018283277049513293,0.0053066517818711745,CAUTIOUS_BULL,EARLY_DD_UNCERTAINTY,GROWTH,1.1825280067566313,1.0642752060809682,"{'CRISIS': 0.23316977861067076, 'DEFENSIVE': 0.2467492211441475, 'GROWTH': 0.27972913343834416, 'EUPHORIA': 0.24035186680683762}",0.7028923034667969,-7.85290050016698,False,24.229999542236328,0.0,0.46764047581164564,-0.00010823044514425957
2025-03-13,2.0878271619672355,2.1373452736280876,2.3217295411182475,0.0012174330915095937,0.0012174330915095937,0.0012174330915095937,0.0031694001325811485,-0.013330573924604017,CAUTIOUS_BULL,EARLY_DD_UNCERTAINTY,GROWTH,1.1826113692567142,1.0643502323310428,"{'CRISIS': 0.23274028298595395, 'DEFENSIVE': 0.24678944407729503, 'GROWTH': 0.28038338702277243, 'EUPHORIA': 0.2400868859139787}",0.7032023072242737,-6.168149550702456,False,24.65999984741211,19.932686228530624,0.47468600629917723,0.004517621392704017
2025-03-14,2.1362106524367355,2.1868763011769277,2.3754229473660278,0.02317408804276267,0.02317408804276267,0.02317408804276267,0.023126468995143624,0.02065578951270286,CAUTIOUS_BULL,EARLY_DD_UNCERTAINTY,GROWTH,1.1833218443571423,1.0649896599214281,"{'CRISIS': 0.23225333523570496, 'DEFENSIVE': 0.24670449549626555, 'GROWTH': 0.2808185639011689, 'EUPHORIA': 0.24022360536686072}",0.7050135135650635,-5.870758871448128,False,21.770000457763672,0.0,0.46542679778206036,-0.0001105585495770594
2025-03-17,2.143519839278349,2.194358843905832,2.3834374996079783,0.0034215665169895267,0.0034215665169895267,0.0034215665169895267,0.003373947469370479,0.007711280088294359,CAUTIOUS_BULL,EARLY_DD_UNCERTAINTY,GROWTH,1.183904172345442,1.0655137551108977,"{'CRISIS': 0.23156660431341625, 'DEFENSIVE': 0.24672139424686715, 'GROWTH': 0.2815655409133291, 'EUPHORIA': 0.24014646052638763}",0.7054733037948608,-3.6938818949522707,False,20.510000228881836,0.0,0.47458923703519074,-0.00011311537844600132
2025-03-18,2.123585173182753,2.17395137668971,2.3650222843546267,-0.009299968085346649,-0.009299968085346649,-0.009299968085346649,-0.007726326054860067,-0.010808407187370861,CAUTIOUS_BULL,EARLY_DD_UNCERTAINTY,GROWTH,1.1838604590760708,1.0654744131684637,"{'CRISIS': 0.23125544284452412, 'DEFENSIVE': 0.24680164715713293, 'GROWTH': 0.282045364222853, 'EUPHORIA': 0.23989754577549}",0.7080177664756775,-3.368950111486834,False,21.700000762939453,16.33885006401232,0.47989832713913505,0.0037506774264209597
2025-03-19,2.1452862646465127,2.1961671645276906,2.3890780213971126,0.010219082209561232,0.010219082209561232,0.010219082209561232,0.010171463161942184,0.01089084237601412,CAUTIOUS_BULL,EARLY_DD_UNCERTAINTY,GROWTH,1.1843150763840327,1.0658835687456294,"{'CRISIS': 0.2311373813644017, 'DEFENSIVE': 0.24673054513951892, 'GROWTH': 0.2819955407076645, 'EUPHORIA': 0.2401365327884148}",0.7072889804840088,-4.115553109948936,False,19.899999618530273,0.0,0.4713956922718349,-0.00011262010877879175
2025-03-20,2.1310112757103874,2.181553608056391,2.3730670476118676,-0.006654118460259377,-0.006654118460259377,-0.006654118460259377,-0.006701737507878424,-0.0028916568888006644,CAUTIOUS_BULL,EARLY_DD_UNCERTAINTY,GROWTH,1.1845375522559944,1.0660837970303951,"{'CRISIS': 0.23090197518074518, 'DEFENSIVE': 0.2467426352019688, 'GROWTH': 0.28222257955218777, 'EUPHORIA': 0.24013281006509823}",0.7066532373428345,-3.1402679906035633,False,19.799999237060547,0.0,0.4794033113435081,-0.00011376562006652917
2025-03-21,2.1179087981297404,2.168140372018487,2.3583632920645448,-0.006148478766861148,-0.006148478766861148,-0.006148478766861148,-0.006196097814480195,0.00032978609440559303,CAUTIOUS_BULL,EARLY_DD_UNCERTAINTY,GROWTH,1.1847859327510508,1.0663073394759457,"{'CRISIS': 0.2308895406060022, 'DEFENSIVE': 0.2466972240865169, 'GROWTH': 0.28211029345946864, 'EUPHORIA': 0.2403029418480123}",0.7075079083442688,-3.789396489613986,False,19.280000686645508,0.0,0.4791593946685698,-0.00011300319274342227
2025-03-24,2.1447627077939626,2.195631190197699,2.3881537284209275,0.012679445728700023,0.012679445728700023,0.012679445728700023,0.012631826681080975,0.01790857697164272,CAUTIOUS_BULL,EARLY_DD_UNCERTAINTY,GROWTH,1.1853323790327595,1.0667991411294835,"{'CRISIS': 0.23095378718989484, 'DEFENSIVE': 0.2465858637183266, 'GROWTH': 0.2817134567372096, 'EUPHORIA': 0.24074689235456898}",0.7070729732513428,-4.385526799754508,False,17.479999542236328,0.0,0.47025035520678726,-0.00011230301390783547
2025-03-25,2.158593673738691,2.2097901925472145,2.4034405323687746,0.006448716165414181,0.006448716165414181,0.006448716165414181,0.006401097117795134,0.002403769329945238,CAUTIOUS_BULL,EARLY_DD_UNCERTAINTY,GROWTH,1.1856488729622539,1.0670839856660286,"{'CRISIS': 0.230788567155983, 'DEFENSIVE': 0.24658375599791738, 'GROWTH': 0.2817559524154505, 'EUPHORIA': 0.2408717244306491}",0.706700325012207,-3.177741346086149,False,17.149999618530273,0.0,0.47316172205517776,-0.00011372160611528226
2025-03-26,2.1265123076371286,2.176947935554975,2.367720212903227,-0.01486216071688808,-0.01486216071688808,-0.01486216071688808,-0.01486216071688808,-0.011938136732721816,GOLDILOCKS,NORMAL_TRENDING,GROWTH,1.1855228363757417,1.1855228363757417,"{'CRISIS': 0.23060786414117052, 'DEFENSIVE': 0.2466542886862787, 'GROWTH': 0.2820805950081279, 'EUPHORIA': 0.2406572521644229}",0.7069790363311768,-2.5579726652781587,False,18.329999923706055,0.0,0.0,0.0
2025-03-27,2.142179932215189,2.19298715755137,2.3850522499776963,0.007367756359458511,0.007367756359458511,0.007367756359458511,0.007320137311839464,-0.002655665171794719,CAUTIOUS_BULL,EARLY_DD_UNCERTAINTY,GROWTH,1.1854071312435432,1.066866418119189,"{'CRISIS': 0.2307803858611288, 'DEFENSIVE': 0.24662564832091627, 'GROWTH': 0.28190607337686036, 'EUPHORIA': 0.24068789244109456}",0.7087153196334839,-4.006171736106196,False,18.690000534057617,0.0,0.4727300274779083,-0.00011274858156682033
2025-03-28,2.113485073996747,2.163611728058046,2.360195162184316,-0.013395167131814927,-0.013395167131814927,-0.013395167131814927,-0.010422030709647062,-0.020138369798579414,CAUTIOUS_BULL,EARLY_DD_UNCERTAINTY,GROWTH,1.184614096800939,1.0661526871208453,"{'CRISIS': 0.23085586297858363, 'DEFENSIVE': 0.246757425847438, 'GROWTH': 0.2822199129467039, 'EUPHORIA': 0.2401667982272745}",0.7087035179138184,-3.3034837321253563,False,21.649999618530273,30.525694422574496,0.4812056158970095,0.007091085713182102
2025-03-31,2.1246798873221437,2.175072054748901,2.3725843715841446,0.005296849957982864,0.005296849957982864,0.005296849957982864,0.005249230910363817,0.006712770962271408,CAUTIOUS_BULL,EARLY_DD_UNCERTAINTY,GROWTH,1.1841000266134099,1.0656900239520688,"{'CRISIS': 0.23111691410679236, 'DEFENSIVE': 0.24679616239173602, 'GROWTH': 0.28210837817279066, 'EUPHORIA': 0.23997854532868101}",0.7092804908752441,-4.311257794185037,False,22.280000686645508,0.0,0.47370389506215627,-0.00011239024581830076
2025-04-01,2.1363476764887093,2.1870165751015103,2.3855005608017845,0.0054915515679263656,0.0054915515679263656,0.0054915515679263656,0.005443932520307318,0.002824480385528405,CAUTIOUS_BULL,EARLY_DD_UNCERTAINTY,GROWTH,1.1839563466284235,1.0655607119655812,"{'CRISIS': 0.23111683622761092, 'DEFENSIVE': 0.24681885128198733, 'GROWTH': 0.2821923301958804, 'EUPHORIA': 0.23987198229452136}",0.7084441184997559,-3.808965490824449,False,21.770000457763672,0.0,0.4736121635314144,-0.00011298020817067355
2025-04-02,2.141621581510663,2.1924155641450356,2.391275943031586,0.002468654835537815,0.002468654835537815,0.002468654835537815,0.0024210357879187673,0.0063283192754013395,CAUTIOUS_BULL,EARLY_DD_UNCERTAINTY,GROWTH,1.1839442891352139,1.0655498602216926,"{'CRISIS': 0.23098989126150207, 'DEFENSIVE': 0.24684361690459264, 'GROWTH': 0.28239589830896306, 'EUPHORIA': 0.2397705935249423}",0.7066842317581177,-3.2853079898979405,False,21.510000228881836,0.0,0.4750403864142605,-0.00011359526480008498
2025-04-03,2.0521294868786244,2.100800937717512,2.3548308594045353,-0.0417870717239002,-0.0417870717239002,-0.0417870717239002,-0.015240852371410835,-0.049280731244662146,CRISIS_MODE,FAST_SHOCK,GROWTH,1.1818881820356146,0.5909440910178073,"{'CRISIS': 0.23169342723643657, 'DEFENSIVE': 0.2472344690900048, 'GROWTH': 0.2822006556443464, 'EUPHORIA': 0.23887144802921223}",0.7044409513473511,-3.0511582593239406,False,30.020000457763672,273.4391632541359,3.8684827845443954,0.06347933571604734
2025-04-04,1.963291437733524,1.995864320108446,2.237149185030648,-0.0432906645088107,-0.049950766740935425,-0.049950766740935425,-0.04997457626474495,-0.0585430179907348,RECOVERY_GROWTH,RECOVERY_ACCEL,GROWTH,1.1790842180687697,1.2969926398756468,"{'CRISIS': 0.23378649806105584, 'DEFENSIVE': 0.24777103833163647, 'GROWTH': 0.27985042780566505, 'EUPHORIA': 0.23859203580164262}",0.7021228075027466,-4.528741243872859,False,45.310001373291016,0.0,0.2506198593708251,-5.60674014143937e-05
2025-04-07,1.9341786570435835,1.966268530547385,2.204354141296125,-0.01482855786482161,-0.01482855786482161,-0.01482855786482161,-0.014659301200815468,-0.0017811549348305533,CRISIS_MODE,FAST_SHOCK,GROWTH,1.1780102487700086,0.5890051243850043,"{'CRISIS': 0.2357606018894386, 'DEFENSIVE': 0.24788557701988995, 'GROWTH': 0.2769448589461963, 'EUPHORIA': 0.23940896214447516}",0.7059587240219116,-9.299876945672144,False,46.97999954223633,5.583947213680011,3.8661995938728624,0.0003786524079423449
2025-04-08,1.928749446789655,1.9599001235737767,2.197162131187932,-0.0028069848843369416,-0.0032388287126964704,-0.0032388287126964704,-0.003262638236505994,-0.01566283891938358,RECOVERY_GROWTH,RECOVERY_ACCEL,GROWTH,1.1773789739518863,1.295116871347075,"{'CRISIS': 0.23715569195469335, 'DEFENSIVE': 0.24796159875860957, 'GROWTH': 0.27479288842202515, 'EUPHORIA': 0.24008982086467195}",0.7051087617874146,-10.629477368476568,False,52.33000183105469,0.0,0.238874599497288,-5.24846224118125e-05
2025-04-09,2.0499256263723806,2.0830333847309905,2.3343646708190504,0.06282629388924499,0.06282629388924499,0.06282629388924499,0.06244534150829261,0.10501940700140122,CRISIS_MODE,FAST_SHOCK,GROWTH,1.1784258244427108,0.5892129122213554,"{'CRISIS': 0.23666401138151166, 'DEFENSIVE': 0.24763259450756103, 'GROWTH': 0.2753428507946647, 'EUPHORIA': 0.2403605433162626}",0.7081257104873657,-10.921061052830689,False,33.619998931884766,0.0,3.585618629675243,-0.0008370141452144503
2025-04-10,2.0259014032697187,2.0548654254113212,2.302742487134948,-0.011719558404260862,-0.01352256738953176,-0.01352256738953176,-0.013546376913341283,-0.04381916391528795,RECOVERY_GROWTH,RECOVERY_ACCEL,GROWTH,1.177945315647405,1.2957398472121455,"{'CRISIS': 0.23585793477839073, 'DEFENSIVE': 0.24779688811607564, 'GROWTH': 0.27696095034965984, 'EUPHORIA': 0.23938422675587379}",0.6755554676055908,-5.358496289078361,False,40.720001220703125,0.0,0.24136485742758707,-5.558011120997739e-05
2025-04-11,2.07214913501451,2.101774354351639,2.3544327740183135,0.022828224349985354,0.022828224349985354,0.022828224349985354,0.022447271969032973,0.017842818186459386,CRISIS_MODE,FAST_SHOCK,GROWTH,1.1779552342869872,0.5889776171434936,"{'CRISIS': 0.2356717635125113, 'DEFENSIVE': 0.2478044690066606, 'GROWTH': 0.2772819957273607, 'EUPHORIA': 0.23924177175346745}",0.7064188718795776,-6.64054576999189,False,37.560001373291016,0.0,3.725887792910253,-0.0008772352331942658
2025-04-14,2.089276970580311,2.1191470641288728,2.3835683920628643,0.008265734968772726,0.008265734968772726,0.012398602453159088,0.012374792929349565,0.00970153513184413,RECOVERY_GROWTH,RECOVERY_ACCEL,GROWTH,1.17887926987152,1.296767196858672,"{'CRISIS': 0.23436951580887702, 'DEFENSIVE': 0.2476573221660399, 'GROWTH': 0.2791324026945624, 'EUPHORIA': 0.23884075933052074}",0.699376106262207,-4.544880710010406,False,30.889999389648438,0.0,0.23518487397962506,-5.605792319091223e-05
2025-04-15,2.10052023783344,2.1305510747632628,2.4027520978932864,0.005381415394630995,0.005381415394630995,0.008072123091946493,0.00804831356813697,-0.002800832552786514,RECOVERY_GROWTH,RECOVERY_ACCEL,GROWTH,1.1793488706667294,1.2972837577334024,"{'CRISIS': 0.2334702049348653, 'DEFENSIVE': 0.24763103429519356, 'GROWTH': 0.2804314277630826, 'EUPHORIA': 0.23846733300685857}",0.7059746980667114,-3.363643374750421,False,30.1200008392334,0.0,0.23619427252694322,-5.675162838244915e-05
2025-04-16,2.0957099982956118,2.1267979894991025,2.3963460155504555,-0.0022900229434540493,-0.0017615561103492688,-0.0026423341655239033,-0.002666143689333427,-0.02222807288371853,RECOVERY_GROWTH,RECOVERY_ACCEL,GROWTH,1.17900194667148,1.2969021413386281,"{'CRISIS': 0.2332058295476307, 'DEFENSIVE': 0.24776840093379077, 'GROWTH': 0.2809877221246084, 'EUPHORIA': 0.23803804739397022}",0.7081458568572998,-2.585883674548098,False,32.63999938964844,0.0,0.23873173119380414,-5.720838328317349e-05
2025-04-17,2.078114578876512,2.1130622727343527,2.373074110208561,-0.008395922829690195,-0.006458402176684766,-0.009687603265027149,-0.009711412788836672,0.0014267883196374953,RECOVERY_GROWTH,RECOVERY_ACCEL,GROWTH,1.1794697347869494,1.2974167082656445,"{'CRISIS': 0.23272837998427037, 'DEFENSIVE': 0.247695816205867, 'GROWTH': 0.2815881487137572, 'EUPHORIA': 0.2379876550961055}",0.7054605484008789,-2.845603706041197,False,29.649999618530273,0.0,0.2404301545731821,-5.7055857513106084e-05
2025-04-21,2.0798191758303712,2.114795535928803,2.375937419705159,0.0008202612941491383,0.0008202612941491383,0.0012303919412237074,0.0012065824174141836,-0.02380260949430768,RECOVERY_GROWTH,RECOVERY_ACCEL,GROWTH,1.1789741085050904,1.2968715193555995,"{'CRISIS': 0.23320272680081378, 'DEFENSIVE': 0.24777480652264558, 'GROWTH': 0.2810064667834107, 'EUPHORIA': 0.23801599989313}",0.7084771394729614,-3.789110152702059,False,33.81999969482422,0.0,0.23780830277839057,-5.6501764528775255e-05
2025-04-22,2.0882672563742757,2.1276807640503415,2.390357188086438,0.004061930307249689,0.006092895460874534,0.006092895460874534,0.00606908593706501,0.026017642137553088,RECOVERY_GROWTH,RECOVERY_ACCEL,GROWTH,1.1793157993388133,1.2972473792726946,"{'CRISIS': 0.23301811301688424, 'DEFENSIVE': 0.2476951160950857, 'GROWTH': 0.2811863595361488, 'EUPHORIA': 0.23810041135188126}",0.707731306552887,-3.6730237846485476,False,30.56999969482422,0.0,0.2366589346828735,-5.6569938564408545e-05
2025-04-23,2.1098332962512907,2.1496538367320133,2.427328968068891,0.010327241310319007,0.010327241310319007,0.015490861965478511,0.015467052441668988,0.015495424213525677,RECOVERY_GROWTH,RECOVERY_ACCEL,GROWTH,1.179905208827575,1.2978957297103326,"{'CRISIS': 0.2325448696948845, 'DEFENSIVE': 0.24759522654762262, 'GROWTH': 0.28172095616933013, 'EUPHORIA': 0.23813894758816273}",0.7063478231430054,-3.0884070879399754,False,28.450000762939453,0.0,0.23446869844052862,-5.6913266383010426e-05
2025-04-24,2.1496290991028957,2.19643872167882,2.473113393426521,0.018862060297519013,0.02176391572790655,0.018862060297519013,0.018862060297519013,0.021049069381725127,GOLDILOCKS,NORMAL_TRENDING,GROWTH,1.1806841904582768,1.1806841904582768,"{'CRISIS': 0.23164382809898096, 'DEFENSIVE': 0.24751450677274345, 'GROWTH': 0.28285152071312714, 'EUPHORIA': 0.23799014441514849}",0.6921574473381042,-1.5894703981634746,False,26.469999313354492,0.0,0.0,0.0
2025-04-25,2.1576943358530305,2.205947409428844,2.4823923174214735,0.0037519201584593617,0.0043291386443761876,0.0037519201584593617,0.0037519201584593617,0.007225181113781787,GOLDILOCKS,NORMAL_TRENDING,GROWTH,1.1812260156781194,1.1812260156781194,"{'CRISIS': 0.23090253934313226, 'DEFENSIVE': 0.24754841144318118, 'GROWTH': 0.2837053466874545, 'EUPHORIA': 0.23784370252623205}",0.7060618996620178,0.0,False,24.84000015258789,0.0,0.0,0.0
2025-04-28,2.1698598580558253,2.220298466627874,2.4963885532885426,0.00563820463382966,0.006505620731341914,0.00563820463382966,0.00563820463382966,0.00038138168625501123,GOLDILOCKS,NORMAL_TRENDING,GROWTH,1.1814224638013888,1.1814224638013888,"{'CRISIS': 0.2305502172807952, 'DEFENSIVE': 0.24757730211937085, 'GROWTH': 0.28414182012838096, 'EUPHORIA': 0.23773066047145303}",0.7052464485168457,0.0,False,25.149999618530273,0.0,0.0,0.0
2025-04-29,2.1571918774806997,2.205341794652138,2.481814247218214,-0.005838156103996496,-0.006736333966149803,-0.005838156103996496,-0.005838156103996496,0.006299396001456126,GOLDILOCKS,NORMAL_TRENDING,GROWTH,1.1817375693715408,1.1817375693715408,"{'CRISIS': 0.23034236308501546, 'DEFENSIVE': 0.24755919668673382, 'GROWTH': 0.28428896511385904, 'EUPHORIA': 0.23780947511439166}",0.7097246050834656,0.0,False,24.170000076293945,0.0,0.0,0.0
2025-04-30,2.141429269417642,2.186748210423992,2.4636796224439452,-0.00730700325159116,-0.008431157597989798,-0.00730700325159116,-0.00730700325159116,0.0003968426298504024,GOLDILOCKS,NORMAL_TRENDING,GROWTH,1.181836822072516,1.181836822072516,"{'CRISIS': 0.23034893051773914, 'DEFENSIVE': 0.2475226860756287, 'GROWTH': 0.2842520227039696, 'EUPHORIA': 0.23787636070266258}",0.7064375281333923,-0.5838156103996591,False,24.700000762939453,0.0,0.0,0.0
2025-05-01,2.1448467113969314,2.1907748624645587,2.467611333981422,0.0015958696502820571,0.0018413880580177566,0.0015958696502820571,0.0015958696502820571,0.007086820658539716,GOLDILOCKS,NORMAL_TRENDING,GROWTH,1.1819397885723855,1.1819397885723855,"{'CRISIS': 0.23051133130468307, 'DEFENSIVE': 0.24745775217261162, 'GROWTH': 0.2839712945244581, 'EUPHORIA': 0.2380596219982472}",0.7096182107925415,-1.3102499929952505,False,24.600000381469727,0.0,0.0,0.0
2025-05-02,2.1621945619471385,2.211220236899033,2.48756975451117,0.008088154019598332,0.009332485407228842,0.008088154019598332,0.008088154019598332,0.014844271409002019,GOLDILOCKS,NORMAL_TRENDING,GROWTH,1.1825106127621707,1.1825106127621707,"{'CRISIS': 0.23038521581078283, 'DEFENSIVE': 0.2473447573003899, 'GROWTH': 0.2839057279861386, 'EUPHORIA': 0.23836429890268865}",0.7069101333618164,-1.1527540161651493,False,22.68000030517578,0.0,0.0,0.0
2025-05-05,2.1698007295090687,2.2201955792882586,2.4963205268550626,0.003517799783512645,0.004058999750206897,0.003517799783512645,0.003517799783512645,-0.0057343194259684704,GOLDILOCKS,NORMAL_TRENDING,GROWTH,1.1824720450219595,1.1824720450219595,"{'CRISIS': 0.2302589781207384, 'DEFENSIVE': 0.24738853321326, 'GROWTH': 0.28409999167268507, 'EUPHORIA': 0.23825249699331652}",0.7078323364257812,-0.3532622662347687,False,23.639999389648438,0.0,0.0,0.0
2025-05-06,2.218454565780058,2.277638482154082,2.552295975909776,0.0224231818200178,0.025872902100020537,0.0224231818200178,0.0224231818200178,-0.008358391135077414,GOLDILOCKS,NORMAL_TRENDING,GROWTH,1.182106627013523,1.182106627013523,"{'CRISIS': 0.2302450002183829, 'DEFENSIVE': 0.24749062969544797, 'GROWTH': 0.2842684800705695, 'EUPHORIA': 0.23799589001559962}",0.7095828056335449,-0.0027249938071705975,False,24.760000228881836,0.0,0.0,0.0
2025-05-07,2.208233232874296,2.2671444645960146,2.5405364982778162,-0.004607411422089488,-0.004607411422089488,-0.004607411422089488,-0.004607411422089488,0.004205552130898571,GOLDILOCKS,NORMAL_TRENDING,GROWTH,1.182248908519955,1.182248908519955,"{'CRISIS': 0.23013866451671694, 'DEFENSIVE': 0.2474876195607637, 'GROWTH': 0.2843496269815138, 'EUPHORIA': 0.23802408894100557}",0.7094218134880066,0.0,False,23.549999237060547,0.0,0.0,0.0
2025-05-08,2.2219067364178833,2.28118274977757,2.5562676422053072,0.006192055866213728,0.006192055866213728,0.006192055866213728,0.006192055866213728,0.0069677939758885366,GOLDILOCKS,NORMAL_TRENDING,GROWTH,1.1826772412267168,1.1826772412267168,"{'CRISIS': 0.23005551633436921, 'DEFENSIVE': 0.24739720594643005, 'GROWTH': 0.2842882762828781, 'EUPHORIA': 0.2382590014363226}",0.7060979604721069,-0.4607411422089526,False,22.479999542236328,0.0,0.0,0.0
2025-05-09,2.242974011845389,2.3028120578409306,2.580505200695985,0.009481620034812968,0.009481620034812968,0.009481620034812968,0.009481620034812968,-0.0012741318546691804,GOLDILOCKS,NORMAL_TRENDING,GROWTH,1.1830068252179873,1.1830068252179873,"{'CRISIS': 0.22990777143512978, 'DEFENSIVE': 0.24736226300526082, 'GROWTH': 0.28433981492894317, 'EUPHORIA': 0.2383901506306663}",0.7065670490264893,0.0,False,21.899999618530273,0.0,0.0,0.0
2025-05-12,2.2308546064444705,2.290369331022114,2.566562021461072,-0.005403274998691229,-0.005403274998691229,-0.005403274998691229,-0.005403274998691229,0.03304739524694744,GOLDILOCKS,NORMAL_TRENDING,GROWTH,1.1840418976812102,1.1840418976812102,"{'CRISIS': 0.22977890711442311, 'DEFENSIVE': 0.24721857406412823, 'GROWTH': 0.28394101328767957, 'EUPHORIA': 0.23906150553376915}",0.7088956236839294,0.0,False,18.389999389648438,0.0,0.0,0.0
2025-05-13,2.283027503294638,2.3439340960726947,2.626586092603325,0.023386955249997347,0.023386955249997347,0.023386955249997347,0.023386955249997347,0.00660390698601776,GOLDILOCKS,NORMAL_TRENDING,GROWTH,1.1846145405063828,1.1846145405063828,"{'CRISIS': 0.22981656838756373, 'DEFENSIVE': 0.24710702275634816, 'GROWTH': 0.28357138816992966, 'EUPHORIA': 0.23950502068615853}",0.7102175951004028,-0.5403274998691262,False,18.219999313354492,0.0,0.0,0.0
2025-05-14,2.264619310287602,2.3250348094131987,2.605407765284682,-0.008063062306726952,-0.008063062306726952,-0.008063062306726952,-0.008063062306726952,0.0012780408102288643,GOLDILOCKS,NORMAL_TRENDING,GROWTH,1.1848721725145135,1.1848721725145135,"{'CRISIS': 0.229647875842442, 'DEFENSIVE': 0.24707834751558988, 'GROWTH': 0.2837113669604111, 'EUPHORIA': 0.23956240968155706}",0.7019060850143433,0.0,False,18.6200008392334,0.0,0.0,0.0
2025-05-15,2.288427000682773,2.349477641216781,2.632798126723044,0.010512888540258456,0.010512888540258456,0.010512888540258456,0.010512888540258456,0.004884346213138491,GOLDILOCKS,NORMAL_TRENDING,GROWTH,1.1851346256078092,1.1851346256078092,"{'CRISIS': 0.22979461285996028, 'DEFENSIVE': 0.24700626464405334, 'GROWTH': 0.2833377693971475, 'EUPHORIA': 0.23986135309883894}",0.7101497650146484,-0.8063062306726999,False,17.829999923706055,0.0,0.0,0.0
2025-05-16,2.2803444443097636,2.3411794584577965,2.6234992767830443,-0.003531926677406726,-0.003531926677406726,-0.003531926677406726,-0.003531926677406726,0.006334031066959067,GOLDILOCKS,NORMAL_TRENDING,GROWTH,1.185367283504392,1.185367283504392,"{'CRISIS': 0.22974183828850678, 'DEFENSIVE': 0.24700582578141342, 'GROWTH': 0.28324133606350643, 'EUPHORIA': 0.24001099986657343}",0.7093665599822998,0.0,False,17.239999771118164,0.0,0.0,0.0
2025-05-19,2.3076183851907373,2.369181013354936,2.6548775031535414,0.011960447882788714,0.011960447882788714,0.011960447882788714,0.011960447882788714,0.001093839786922457,GOLDILOCKS,NORMAL_TRENDING,GROWTH,1.1853175325100536,1.1853175325100536,"{'CRISIS': 0.2297362009918132, 'DEFENSIVE': 0.24700314787672806, 'GROWTH': 0.283297370285145, 'EUPHORIA': 0.23996328084631374}",0.7075151205062866,-0.3531926677406706,False,18.139999389648438,0.0,0.0,0.0
2025-05-20,2.3688764162233285,2.4320732857381477,2.725353873735268,0.026545997130945943,0.026545997130945943,0.026545997130945943,0.026545997130945943,-0.0033621824491902874,GOLDILOCKS,NORMAL_TRENDING,GROWTH,1.185271184739414,1.185271184739414,"{'CRISIS': 0.2296920483693446, 'DEFENSIVE': 0.24702853898436286, 'GROWTH': 0.283376737314782, 'EUPHORIA': 0.23990267533151052}",0.7086673974990845,0.0,False,18.09000015258789,0.0,0.0,0.0
2025-05-21,2.3887171187649603,2.4524432984122195,2.748180280026092,0.008375575190732655,0.008375575190732655,0.008375575190732655,0.008375575190732655,-0.016850800787671538,GOLDILOCKS,NORMAL_TRENDING,GROWTH,1.1845317195208178,1.1845317195208178,"{'CRISIS': 0.22973078290668242, 'DEFENSIVE': 0.24714713781785155, 'GROWTH': 0.283734163525469, 'EUPHORIA': 0.23938791574999702}",0.7106106281280518,0.0,False,20.8700008392334,0.0,0.0,0.0
2025-05-22,2.379023234690323,2.442490800961738,2.7370276237146776,-0.00405819676113405,-0.00405819676113405,-0.00405819676113405,-0.00405819676113405,0.0003947341596941545,GOLDILOCKS,NORMAL_TRENDING,GROWTH,1.1843108605578143,1.1843108605578143,"{'CRISIS': 0.22973646554032967, 'DEFENSIVE': 0.24718446876427366, 'GROWTH': 0.28384868716778366, 'EUPHORIA': 0.239230378527613}",0.7109578847885132,0.0,False,20.280000686645508,0.0,0.0,0.0
2025-05-23,2.3864718202159887,2.450138099803266,2.7455971004831556,0.003130942740302926,0.003130942740302926,0.003130942740302926,0.003130942740302926,-0.006825879106329036,GOLDILOCKS,NORMAL_TRENDING,GROWTH,1.183745002255504,1.183745002255504,"{'CRISIS': 0.2298446477494493, 'DEFENSIVE': 0.24724400231736005, 'GROWTH': 0.284027640243936, 'EUPHORIA': 0.2388837096892546}",0.7070144414901733,-0.4058196761134139,False,22.290000915527344,0.0,0.0,0.0
2025-05-27,2.385604461261952,2.4492476014527353,2.744599218082405,-0.0003634482279192405,-0.0003634482279192405,-0.0003634482279192405,-0.0003634482279192405,0.020790708617201226,GOLDILOCKS,NORMAL_TRENDING,GROWTH,1.1842548667082446,1.1842548667082446,"{'CRISIS': 0.2297878231097793, 'DEFENSIVE': 0.24717796021302688, 'GROWTH': 0.2838114983712414, 'EUPHORIA': 0.23922271830595235}",0.7109488248825073,-0.09399600025191923,False,18.959999084472656,0.0,0.0,0.0
2025-05-28,2.361441992287185,2.4244405262889344,2.716800689645715,-0.010128447262370235,-0.010128447262370235,-0.010128447262370235,-0.010128447262370235,-0.005785487966141312,GOLDILOCKS,NORMAL_TRENDING,GROWTH,1.1844648571612983,1.1844648571612983,"{'CRISIS': 0.22972698763839183, 'DEFENSIVE': 0.24714487075507305, 'GROWTH': 0.2838004296663339, 'EUPHORIA': 0.23932771194020117}",0.7075352072715759,-0.13030666036411281,False,19.309999465942383,0.0,0.0,0.0
2025-05-29,2.381104185607417,2.4446272674737677,2.739421723974242,0.008326350333589319,0.008326350333589319,0.008326350333589319,0.008326350333589319,0.003947421349072666,GOLDILOCKS,NORMAL_TRENDING,GROWTH,1.18462387891011,1.18462387891011,"{'CRISIS': 0.22989743950637803, 'DEFENSIVE': 0.2470629399647406, 'GROWTH': 0.28348514020237603, 'EUPHORIA': 0.2395544803265053}",0.7106638550758362,-1.141831582463701,False,19.18000030517578,0.0,0.0,0.0
2025-05-30,2.347395692012793,2.4100194989078316,2.700640649129336,-0.01415666470974904,-0.01415666470974904,-0.01415666470974904,-0.01415666470974904,-0.0011185408050885526,GOLDILOCKS,NORMAL_TRENDING,GROWTH,1.1848163179404638,1.1848163179404638,"{'CRISIS': 0.22983382917857142, 'DEFENSIVE': 0.24705461623403346, 'GROWTH': 0.2834545725183464, 'EUPHORIA': 0.23965698206904879}",0.7096991539001465,-0.31870383888232423,False,18.56999969482422,0.0,0.0,0.0
2025-06-02,2.4031203426967234,2.467230771457687,2.7647509554179677,0.023738925172921595,0.023738925172921595,0.023738925172921595,0.023738925172921595,0.005633124573352966,GOLDILOCKS,NORMAL_TRENDING,GROWTH,1.1850328024892227,1.1850328024892227,"{'CRISIS': 0.23002918076968887, 'DEFENSIVE': 0.24694971957216022, 'GROWTH': 0.28308211052529797, 'EUPHORIA': 0.23993898913285305}",0.7097779512405396,-1.7298585264684605,False,18.360000610351562,0.0,0.0,0.0
2025-06-03,2.429798390592311,2.49462053614028,2.795443616579182,0.011101419858836722,0.011101419858836722,0.011101419858836722,0.011101419858836722,0.005702431110772288,GOLDILOCKS,NORMAL_TRENDING,GROWTH,1.1852182204102284,1.1852182204102284,"{'CRISIS': 0.2298469306399869, 'DEFENSIVE': 0.2469901294870921, 'GROWTH': 0.2831977384636045, 'EUPHORIA': 0.2399652014093165}",0.708999514579773,0.0,False,17.690000534057617,0.0,0.0,0.0
2025-06-04,2.436137743492826,2.5011290102559496,2.802736939213521,0.002609003662633048,0.002609003662633048,0.002609003662633048,0.002609003662633048,-0.00026833243476054314,GOLDILOCKS,NORMAL_TRENDING,GROWTH,1.1853602592593746,1.1853602592593746,"{'CRISIS': 0.22972539318033874, 'DEFENSIVE': 0.24700023670146368, 'GROWTH': 0.2832861883425826, 'EUPHORIA': 0.23998818177561498}",0.7063980102539062,0.0,False,17.610000610351562,0.0,0.0,0.0
2025-06-05,2.4422368471038145,2.50739082571312,2.809753858939127,0.002503595548847662,0.002503595548847662,0.002503595548847662,0.002503595548847662,-0.004832933206135648,GOLDILOCKS,NORMAL_TRENDING,GROWTH,1.1851948962353476,1.1851948962353476,"{'CRISIS': 0.22968970161610203, 'DEFENSIVE': 0.2470410880474893, 'GROWTH': 0.2834247440991653, 'EUPHORIA': 0.2398444662372434}",0.7090792059898376,0.0,False,18.479999542236328,0.0,0.0,0.0
2025-06-06,2.477563583925766,2.543660008988602,2.8503966963555363,0.014464910257923813,0.014464910257923813,0.014464910257923813,0.014464910257923813,0.010269041453009553,GOLDILOCKS,NORMAL_TRENDING,GROWTH,1.1854830028949466,1.1854830028949466,"{'CRISIS': 0.22971928883894266, 'DEFENSIVE': 0.24701421460860684, 'GROWTH': 0.2831729615858554, 'EUPHORIA': 0.24009353496659508}",0.7109126448631287,0.0,False,16.770000457763672,0.0,0.0,0.0
2025-06-09,2.5381227026688387,2.605834723504813,2.9200689796904165,0.024443012940606315,0.024443012940606315,0.024443012940606315,0.024443012940606315,0.000901294345408088,GOLDILOCKS,NORMAL_TRENDING,GROWTH,1.1856150585158594,1.1856150585158594,"{'CRISIS': 0.22964954458197578, 'DEFENSIVE': 0.246993758405049, 'GROWTH': 0.2832231686951675, 'EUPHORIA': 0.24013352831780777}",0.7047275304794312,0.0,False,17.15999984741211,0.0,0.0,0.0
2025-06-10,2.5401654850747177,2.607932003246335,2.9224191676972424,0.00080483989356837,0.00080483989356837,0.00080483989356837,0.00080483989356837,0.005669725186957297,GOLDILOCKS,NORMAL_TRENDING,GROWTH,1.185696460279859,1.185696460279859,"{'CRISIS': 0.22965130065144063, 'DEFENSIVE': 0.2469851390599604, 'GROWTH': 0.28316576172753916, 'EUPHORIA': 0.24019779856105988}",0.7073402404785156,0.0,False,16.950000762939453,0.0,0.0,0.0
2025-06-11,2.550514651992776,2.6185572651716416,2.9343257162858047,0.00407420972329036,0.00407420972329036,0.00407420972329036,0.00407420972329036,-0.0028521096709569482,GOLDILOCKS,NORMAL_TRENDING,GROWTH,1.1856593430892794,1.1856593430892794,"{'CRISIS': 0.22965389741507458, 'DEFENSIVE': 0.24699200785734873, 'GROWTH': 0.28318105639049507, 'EUPHORIA': 0.24017303833708167}",0.7080562114715576,0.0,False,17.260000228881836,0.0,0.0,0.0
2025-06-12,2.5706955751593896,2.6392765748743003,2.9575435408844264,0.007912490583359588,0.007912490583359588,0.007912490583359588,0.007912490583359588,0.003974356900525722,GOLDILOCKS,NORMAL_TRENDING,GROWTH,1.1854443815426572,1.1854443815426572,"{'CRISIS': 0.22966610762566303, 'DEFENSIVE': 0.24702422585876158, 'GROWTH': 0.28328679379103094, 'EUPHORIA': 0.24002287272454442}",0.709874153137207,0.0,False,18.020000457763672,0.0,0.0,0.0
2025-06-13,2.5298526990835404,2.5973440928180387,2.9105544747746515,-0.015887869598607288,-0.015887869598607288,-0.015887869598607288,-0.015887869598607288,-0.01118010433553962,GOLDILOCKS,NORMAL_TRENDING,GROWTH,1.184665144272197,1.184665144272197,"{'CRISIS': 0.22967920367873182, 'DEFENSIVE': 0.24713448376998404, 'GROWTH': 0.28373757372635283, 'EUPHORIA': 0.23944873882493128}",0.7075507044792175,0.0,False,20.81999969482422,0.0,0.0,0.0
2025-06-16,2.552999344240113,2.6211082440224778,2.9371843143937286,0.009149404297316647,0.009149404297316647,0.009149404297316647,0.009149404297316647,0.00951427176859676,GOLDILOCKS,NORMAL_TRENDING,GROWTH,1.1847760733981585,1.1847760733981585,"{'CRISIS': 0.2299329752603067, 'DEFENSIVE': 0.24702297258050074, 'GROWTH': 0.28335644427184614, 'EUPHORIA': 0.2396876078873464}",0.7095792293548584,-1.5887869598607256,False,19.110000610351562,0.0,0.0,0.0
2025-06-17,2.5552035767753045,2.6233712810588043,2.9397202481542477,0.0008633893855728503,0.0008633893855728503,0.0008633893855728503,0.0008633893855728503,-0.008545152297069647,GOLDILOCKS,NORMAL_TRENDING,GROWTH,1.1841880101568363,1.1841880101568363,"{'CRISIS': 0.22994628942004325, 'DEFENSIVE': 0.24711238228625046, 'GROWTH': 0.2836805223126605, 'EUPHORIA': 0.23926080598104577}",0.7062561511993408,-0.6883829843671389,False,21.600000381469727,0.0,0.0,0.0
2025-06-18,2.563369506118466,2.6317550610114924,2.9491150173433955,0.0031958038167225456,0.0031958038167225456,0.0031958038167225456,0.0031958038167225456,-0.0001506376340618676,GOLDILOCKS,NORMAL_TRENDING,GROWTH,1.1842276696842602,1.1842276696842602,"{'CRISIS': 0.22992525787039317, 'DEFENSIVE': 0.24711529749944877, 'GROWTH': 0.2836814147932684, 'EUPHORIA': 0.23927802983688964}",0.7096874117851257,-0.6026383883717497,False,20.139999389648438,0.0,0.0,0.0
2025-06-20,2.5307619763908615,2.5982776278194084,2.911600583560588,-0.012720573311718953,-0.012720573311718953,-0.012720573311718953,-0.012720573311718953,-0.0023485286607058953,GOLDILOCKS,NORMAL_TRENDING,GROWTH,1.1841219251249278,1.1841219251249278,"{'CRISIS': 0.22985669566984346, 'DEFENSIVE': 0.24715310308267613, 'GROWTH': 0.2838353737869434, 'EUPHORIA': 0.239154827460537}",0.7081106901168823,-0.2849839207611591,False,20.6200008392334,0.0,0.0,0.0
2025-06-23,2.5604734120631965,2.628781704977987,2.945783108131849,0.011740114617458774,0.011740114617458774,0.011740114617458774,0.011740114617458774,0.00987743408381525,GOLDILOCKS,NORMAL_TRENDING,GROWTH,1.1843180697251572,1.1843180697251572,"{'CRISIS': 0.23003978060401642, 'DEFENSIVE': 0.24706248185949936, 'GROWTH': 0.28347974784413155, 'EUPHORIA': 0.23941798969235267}",0.7104247808456421,-1.5534160930763425,False,19.829999923706055,0.0,0.0,0.0
2025-06-24,2.5742015995476417,2.6428761329582167,2.961577165045863,0.005361581737098832,0.005361581737098832,0.005361581737098832,0.005361581737098832,0.011047192108078807,GOLDILOCKS,NORMAL_TRENDING,GROWTH,1.1849348363354342,1.1849348363354342,"{'CRISIS': 0.22991218850883746, 'DEFENSIVE': 0.24701098897281712, 'GROWTH': 0.28328122491397567, 'EUPHORIA': 0.23979559760436975}",0.7086019515991211,-0.3976419143117904,False,17.479999542236328,0.0,0.0,0.0
2025-06-25,2.624830273721629,2.6948554785701777,3.0198246330594705,0.019667719180535163,0.019667719180535163,0.019667719180535163,0.019667719180535163,0.000560355916550126,GOLDILOCKS,NORMAL_TRENDING,GROWTH,1.1853880770554044,1.1853880770554044,"{'CRISIS': 0.22979768447469562, 'DEFENSIVE': 0.24699081290149663, 'GROWTH': 0.2831453938228515, 'EUPHORIA': 0.2400661088009563}",0.708174467086792,0.0,False,16.760000228881836,0.0,0.0,0.0
2025-06-26,2.678164976439683,2.7496130441379782,3.0811853429984497,0.020319295785336026,0.020319295785336026,0.020319295785336026,0.020319295785336026,0.007823805236792936,GOLDILOCKS,NORMAL_TRENDING,GROWTH,1.1856787280265162,1.1856787280265162,"{'CRISIS': 0.22971815995152528, 'DEFENSIVE': 0.24696935144191162, 'GROWTH': 0.28308296028374685, 'EUPHORIA': 0.24022952832281627}",0.7059376239776611,0.0,False,16.59000015258789,0.0,0.0,0.0
2025-06-27,2.6333691391613185,2.703622143806134,3.029648459175509,-0.01672631733759568,-0.01672631733759568,-0.01672631733759568,-0.01672631733759568,0.0049683437757206406,GOLDILOCKS,NORMAL_TRENDING,GROWTH,1.1858519504708214,1.1858519504708214,"{'CRISIS': 0.22971686240028744, 'DEFENSIVE': 0.2469586103645125, 'GROWTH': 0.28295799379664366, 'EUPHORIA': 0.2403665334385564}",0.7084058523178101,0.0,False,16.31999969482422,0.0,0.0,0.0
2025-06-30,2.645307743099562,2.7158792457420384,3.0433836292617378,0.004533585421315334,0.004533585421315334,0.004533585421315334,0.004533585421315334,0.004781161580480697,GOLDILOCKS,NORMAL_TRENDING,GROWTH,1.185922103156871,1.185922103156871,"{'CRISIS': 0.22996343255794044, 'DEFENSIVE': 0.2468539854180106, 'GROWTH': 0.2826131441012, 'EUPHORIA': 0.24056943792284904}",0.7087327241897583,-1.672631733759567,False,16.729999542236328,0.0,0.0,0.0
2025-07-01,2.630644796489419,2.700825121138279,3.0265141471432755,-0.0055430021888349555,-0.0055430021888349555,-0.0055430021888349555,-0.0055430021888349555,-0.0003235926031718295,GOLDILOCKS,NORMAL_TRENDING,GROWTH,1.1859088040557653,1.1859088040557653,"{'CRISIS': 0.23002460550471535, 'DEFENSIVE': 0.24683504347150614, 'GROWTH': 0.2825420676983328, 'EUPHORIA': 0.24059828332544575}",0.7094754576683044,-1.2268562104714305,False,16.829999923706055,0.0,0.0,0.0
2025-07-02,2.718725347303634,2.791255484310149,3.12784939144655,0.03348249483615487,0.03348249483615487,0.03348249483615487,0.03348249483615487,0.0045333530513420595,GOLDILOCKS,NORMAL_TRENDING,GROWTH,1.185980562064268,1.185980562064268,"{'CRISIS': 0.23012782610196647, 'DEFENSIVE': 0.24678162536176174, 'GROWTH': 0.2823776102700488, 'EUPHORIA': 0.24071293826622303}",0.7081348896026611,-1.7743559626948975,False,16.639999389648438,0.0,0.0,0.0
2025-07-03,2.7002209590485116,2.772257436106368,3.106560393056081,-0.006806273488962182,-0.006806273488962182,-0.006806273488962182,-0.006806273488962182,0.007881389252041293,GOLDILOCKS,NORMAL_TRENDING,GROWTH,1.186050650291469,1.186050650291469,"{'CRISIS': 0.22985939466036, 'DEFENSIVE': 0.246851553318029, 'GROWTH': 0.2827006084595699, 'EUPHORIA': 0.24058844356204107}",0.7034369111061096,0.0,False,16.3799991607666,0.0,0.0,0.0
2025-07-07,2.678001990350909,2.749445709907395,3.0809978301483225,-0.008228574266541574,-0.008228574266541574,-0.008228574266541574,-0.008228574266541574,-0.007452138445489531,GOLDILOCKS,NORMAL_TRENDING,GROWTH,1.1857429335305874,1.1857429335305874,"{'CRISIS': 0.22986438964859102, 'DEFENSIVE': 0.2468960673161683, 'GROWTH': 0.2828774011181605, 'EUPHORIA': 0.24036214191708016}",0.7087699174880981,-0.6806273488962186,False,17.790000915527344,0.0,0.0,0.0
2025-07-08,2.6717466522930464,2.7430234919817997,3.0738011652270267,-0.002335822781462188,-0.002335822781462188,-0.002335822781462188,-0.002335822781462188,-0.0005476091081725309,GOLDILOCKS,NORMAL_TRENDING,GROWTH,1.1858279234287386,1.1858279234287386,"{'CRISIS': 0.230024201072697, 'DEFENSIVE': 0.24683989032846898, 'GROWTH': 0.2826025354893642, 'EUPHORIA': 0.24053337310946982}",0.7100512981414795,-1.4978841828621423,False,16.809999465942383,0.0,0.0,0.0
2025-07-09,2.6883282927584364,2.7600474973429083,3.092878073488574,0.006206292221292137,0.006206292221292137,0.006206292221292137,0.006206292221292137,0.005996621705197658,GOLDILOCKS,NORMAL_TRENDING,GROWTH,1.1860770781071799,1.1860770781071799,"{'CRISIS': 0.2301436718428448, 'DEFENSIVE': 0.24677033210343496, 'GROWTH': 0.28228601070169607, 'EUPHORIA': 0.24079998535202424}",0.7085497379302979,-1.727967669010032,False,15.9399995803833,0.0,0.0,0.0
2025-07-10,2.727853190409839,2.80062683995495,3.1383508268097358,0.014702407350274543,0.014702407350274543,0.014702407350274543,0.014702407350274543,0.0028202028468595763,GOLDILOCKS,NORMAL_TRENDING,GROWTH,1.1862329493873238,1.1862329493873238,"{'CRISIS': 0.2300951198109276, 'DEFENSIVE': 0.24676474798369863, 'GROWTH': 0.2822539715496737, 'EUPHORIA': 0.24088616065570018}",0.7067245244979858,-1.1180627191836334,False,15.779999732971191,0.0,0.0,0.0
2025-07-11,2.8096776633940803,2.8846342256934783,3.232488555095906,0.029995922534213692,0.029995922534213692,0.029995922534213692,0.029995922534213692,-0.003515266022106389,GOLDILOCKS,NORMAL_TRENDING,GROWTH,1.1861346294421637,1.1861346294421637,"{'CRISIS': 0.22988017757997545, 'DEFENSIVE': 0.24685293401149472, 'GROWTH': 0.2825903377167087, 'EUPHORIA': 0.2406765506918212}",0.7065463066101074,0.0,False,16.399999618530273,0.0,0.0,0.0
2025-07-14,2.785781841395993,2.8601009111126543,3.2049967996786255,-0.00850482683811537,-0.00850482683811537,-0.00850482683811537,-0.00850482683811537,0.0019081371492402077,GOLDILOCKS,NORMAL_TRENDING,GROWTH,1.185898854706391,1.185898854706391,"{'CRISIS': 0.2297625529489203, 'DEFENSIVE': 0.24692242271918588, 'GROWTH': 0.28289243803294295, 'EUPHORIA': 0.24042258629895097}",0.7074772715568542,0.0,False,17.200000762939453,0.0,0.0,0.0
2025-07-15,2.782562122632519,2.8567952967130985,3.2012925654922078,-0.0011557684509354753,-0.0011557684509354753,-0.0011557684509354753,-0.0011557684509354753,-0.004273317857587777,GOLDILOCKS,NORMAL_TRENDING,GROWTH,1.1857660282841613,1.1857660282841613,"{'CRISIS': 0.22984970388302528, 'DEFENSIVE': 0.2469081789981492, 'GROWTH': 0.2828659025639164, 'EUPHORIA': 0.24037621455490915}",0.7089505791664124,-0.850482683811544,False,17.3799991607666,0.0,0.0,0.0
2025-07-16,2.835811286957218,2.911465041894847,3.2625548648977856,0.019136738724209162,0.019136738724209162,0.019136738724209162,0.019136738724209162,0.0033432619517372864,GOLDILOCKS,NORMAL_TRENDING,GROWTH,1.185758835982044,1.185758835982044,"{'CRISIS': 0.2299095105855392, 'DEFENSIVE': 0.24688573250224155, 'GROWTH': 0.2827977908129259, 'EUPHORIA': 0.24040696609929338}",0.7085224390029907,-0.9650765678510759,False,17.15999984741211,0.0,0.0,0.0
2025-07-17,2.8762835732936485,2.9530170476210493,3.309117573526447,0.01427185459151514,0.01427185459151514,0.01427185459151514,0.01427185459151514,0.006119641699551259,GOLDILOCKS,NORMAL_TRENDING,GROWTH,1.1858481671383738,1.1858481671383738,"{'CRISIS': 0.22980724975525763, 'DEFENSIVE': 0.24692248532605665, 'GROWTH': 0.2828526344004598, 'EUPHORIA': 0.24041763051822596}",0.7084991931915283,0.0,False,16.520000457763672,0.0,0.0,0.0
2025-07-18,2.8478149006862523,2.9237888879523157,3.276364827693313,-0.009897728051478658,-0.009897728051478658,-0.009897728051478658,-0.009897728051478658,-0.0007323729567987325,GOLDILOCKS,NORMAL_TRENDING,GROWTH,1.1859154537078396,1.1859154537078396,"{'CRISIS': 0.22976051806381897, 'DEFENSIVE': 0.2469381010882045, 'GROWTH': 0.2828575120701418, 'EUPHORIA': 0.24044386877783475}",0.7085766196250916,0.0,False,16.40999984741211,0.0,0.0,0.0
2025-07-21,2.8775733483591224,2.9543412312972714,3.3106014388082587,0.01044957228986304,0.01044957228986304,0.01044957228986304,0.01044957228986304,0.00189619482624237,GOLDILOCKS,NORMAL_TRENDING,GROWTH,1.1859545784621042,1.1859545784621042,"{'CRISIS': 0.22987000184694678, 'DEFENSIVE': 0.24688243751096495, 'GROWTH': 0.28271232183648315, 'EUPHORIA': 0.2405352388056052}",0.7077353596687317,-0.9897728051478691,False,16.649999618530273,0.0,0.0,0.0
2025-07-22,2.8959178443043916,2.973175121585204,3.3317064836910424,0.006374988132180902,0.006374988132180902,0.006374988132180902,0.006374988132180902,0.00014312186670739635,GOLDILOCKS,NORMAL_TRENDING,GROWTH,1.1859508239770704,1.1859508239770704,"{'CRISIS': 0.22978762322831547, 'DEFENSIVE': 0.2469201715986084, 'GROWTH': 0.282806732402733, 'EUPHORIA': 0.24048547277034313}",0.7084587812423706,0.0,False,16.5,0.0,0.0,0.0
2025-07-23,2.8855247634398133,2.9625047741773995,3.3197494128196627,-0.0035888728283570434,-0.0035888728283570434,-0.0035888728283570434,-0.0035888728283570434,0.008507406668075479,GOLDILOCKS,NORMAL_TRENDING,GROWTH,1.186180645107392,1.186180645107392,"{'CRISIS': 0.22979139490894956, 'DEFENSIVE': 0.24691060615737184, 'GROWTH': 0.28262344532826045, 'EUPHORIA': 0.24067455360541812}",0.7085754871368408,0.0,False,15.369999885559082,0.0,0.0,0.0
2025-07-24,2.871161377739428,2.947758202167386,3.303224570666475,-0.004977737804357924,-0.004977737804357924,-0.004977737804357924,-0.004977737804357924,0.0003311188089325512,GOLDILOCKS,NORMAL_TRENDING,GROWTH,1.1863109034997428,1.1863109034997428,"{'CRISIS': 0.2298415040642685, 'DEFENSIVE': 0.24688084735809418, 'GROWTH': 0.28247014798207287, 'EUPHORIA': 0.24080750059556444}",0.7083253860473633,-0.3588872828357007,False,15.390000343322754,0.0,0.0,0.0
2025-07-25,2.8358189000639014,2.9114728581039406,3.2625636236534765,-0.012309470986041505,-0.012309470986041505,-0.012309470986041505,-0.012309470986041505,0.0042243586394272725,GOLDILOCKS,NORMAL_TRENDING,GROWTH,1.1864879199357365,1.1864879199357365,"{'CRISIS': 0.22995685995546072, 'DEFENSIVE': 0.24682181351765242, 'GROWTH': 0.28220461873225855, 'EUPHORIA': 0.24101670779462833}",0.7080904245376587,-0.8548746164762233,False,14.930000305175781,0.0,0.0,0.0
2025-07-28,2.8405022820144676,2.916281183287506,3.2679517785836976,0.0016515095341457415,0.0016515095341457415,0.0016515095341457415,0.0016515095341457415,-0.0002510907174575472,GOLDILOCKS,NORMAL_TRENDING,GROWTH,1.186594089266866,1.186594089266866,"{'CRISIS': 0.23019464014516983, 'DEFENSIVE': 0.24671942857450213, 'GROWTH': 0.281842323435172, 'EUPHORIA': 0.24124360784515608}",0.7085537910461426,-2.0752986607921633,False,15.029999732971191,0.0,0.0,0.0
2025-07-29,2.850899826711604,2.9269561136139646,3.2799139850219947,0.003660459899283219,0.003660459899283219,0.003660459899283219,0.003660459899283219,-0.002637596564339706,GOLDILOCKS,NORMAL_TRENDING,GROWTH,1.1864766133673046,1.1864766133673046,"{'CRISIS': 0.23023831226671304, 'DEFENSIVE': 0.24669510512978504, 'GROWTH': 0.28189866658277934, 'EUPHORIA': 0.24116791602072257}",0.7070673704147339,-1.9135750829020797,False,15.979999542236328,0.0,0.0,0.0
2025-07-30,2.770538883899999,2.8444513020964313,3.187460024448655,-0.028187922303919782,-0.028187922303919782,-0.028187922303919782,-0.028187922303919782,-0.001259379760541024,GOLDILOCKS,NORMAL_TRENDING,GROWTH,1.1864857385963372,1.1864857385963372,"{'CRISIS': 0.23024056132377782, 'DEFENSIVE': 0.24669790257868357, 'GROWTH': 0.2818825096598774, 'EUPHORIA': 0.2411790264376612}",0.70856773853302,-1.5545336578289806,False,15.479999542236328,0.0,0.0,0.0
2025-07-31,2.7652196850494373,2.8389901976937773,3.1811885886826072,-0.0019199148878481134,-0.0019199148878481134,-0.0019199148878481134,-0.001967533935467161,-0.003751265515138158,CAUTIOUS_BULL,EARLY_DD_UNCERTAINTY,GROWTH,1.1863238014141888,1.06769142127277,"{'CRISIS': 0.23063796874099513, 'DEFENSIVE': 0.24657231756153586, 'GROWTH': 0.28148771999058664, 'EUPHORIA': 0.24130199370688243}",0.7083282470703125,-4.329506814255247,False,16.719999313354492,0.0,0.4771292441699845,-0.0001517838106880312
2025-08-01,2.7676829726305496,2.841519200844843,3.1916920853089823,0.0008908108077018556,0.0008908108077018556,0.0008908108077018556,0.0033017522644656645,-0.016390403362552375,CAUTIOUS_BULL,EARLY_DD_UNCERTAINTY,GROWTH,1.1854393490370192,1.0668954141333173,"{'CRISIS': 0.23092303754204502, 'DEFENSIVE': 0.24661458930080515, 'GROWTH': 0.2816352072491266, 'EUPHORIA': 0.24082716590802317}",0.7078931331634521,-4.517741756221076,False,20.3799991607666,24.504696606318607,0.4746233873465364,0.00766965945023885
2025-08-04,2.8106046889333043,2.8855859824139665,3.241037424472295,0.015508176596526832,0.015508176596526832,0.015508176596526832,0.015460557548907784,0.015199884599081948,CAUTIOUS_BULL,EARLY_DD_UNCERTAINTY,GROWTH,1.185745320034998,1.0671707880314982,"{'CRISIS': 0.23084311735528765, 'DEFENSIVE': 0.2465284729756311, 'GROWTH': 0.2816631026080582, 'EUPHORIA': 0.24096530706102304}",0.6986292600631714,-4.202482993848386,False,17.520000457763672,0.0,0.4689403962078965,-0.00015198533739566584
2025-08-05,2.794516084067077,2.8690681658525055,3.2224849148702495,-0.0057242503471141605,-0.0057242503471141605,-0.0057242503471141605,-0.0057242503471141605,-0.005069968088280641,GOLDILOCKS,NORMAL_TRENDING,GROWTH,1.1856713228251612,1.1856713228251612,"{'CRISIS': 0.23067429964939734, 'DEFENSIVE': 0.24660583555465382, 'GROWTH': 0.28191177532693523, 'EUPHORIA': 0.24080808946901358}",0.7081754207611084,-2.7213999691323147,False,17.850000381469727,0.0,0.0,0.0
2025-08-06,2.8022506513270797,2.8770090758472056,3.2314039998096833,0.002767766234769996,0.002767766234769996,0.002767766234769996,0.002767766234769996,0.0076596390258989455,GOLDILOCKS,NORMAL_TRENDING,GROWTH,1.1858845793501236,1.1858845793501236,"{'CRISIS': 0.23068479053041768, 'DEFENSIVE': 0.24658211700105098, 'GROWTH': 0.2817523826508004, 'EUPHORIA': 0.2409807098177309}",0.7080675363540649,-3.27824702912579,False,16.770000457763672,0.0,0.0,0.0
2025-08-07,2.834493038394487,2.9101116251055954,3.268584177993848,0.011505889757626897,0.011505889757626897,0.011505889757626897,0.011505889757626897,-0.0008375739109987013,GOLDILOCKS,NORMAL_TRENDING,GROWTH,1.186041495032323,1.186041495032323,"{'CRISIS': 0.23063459525971777, 'DEFENSIVE': 0.24657560586873084, 'GROWTH': 0.281723953538091, 'EUPHORIA': 0.2410658453334604}",0.7066693305969238,-3.0105438270852316,False,16.56999969482422,0.0,0.0,0.0
2025-08-08,2.822626502461405,2.897928513804622,3.2549003300982693,-0.00418647559628625,-0.00418647559628625,-0.00418647559628625,-0.00418647559628625,0.007797501094690906,GOLDILOCKS,NORMAL_TRENDING,GROWTH,1.1863585007789859,1.1863585007789859,"{'CRISIS': 0.23048678753738763, 'DEFENSIVE': 0.24660584582107856, 'GROWTH': 0.2816828829822601, 'EUPHORIA': 0.24122448365927374}",0.7072762250900269,-1.8945938367074973,False,15.149999618530273,0.0,0.0,0.0
2025-08-11,2.8193463457511316,2.8945608490951185,3.2511178306603408,-0.0011620937830111996,-0.0011620937830111996,-0.0011620937830111996,-0.0011620937830111996,-0.0019774524562664597,GOLDILOCKS,NORMAL_TRENDING,GROWTH,1.186303352013947,1.186303352013947,"{'CRISIS': 0.23045100178966882, 'DEFENSIVE': 0.2466249867110576, 'GROWTH': 0.28176414108147685, 'EUPHORIA': 0.2411598704177967}",0.708240270614624,-2.30530972547387,False,16.25,0.0,0.0,0.0
2025-08-12,2.8269149090653936,2.902331326491901,3.2598454888214463,0.0026845099487928293,0.0026845099487928293,0.0026845099487928293,0.0026845099487928293,0.010645981233063928,GOLDILOCKS,NORMAL_TRENDING,GROWTH,1.1865755340705078,1.1865755340705078,"{'CRISIS': 0.2304963307072622, 'DEFENSIVE': 0.2465922708307673, 'GROWTH': 0.2815060198292146, 'EUPHORIA': 0.2414053786327559}",0.7078156471252441,-2.418840117675108,False,14.729999542236328,0.0,0.0,0.0
2025-08-13,2.85057546054063,2.9266230940044067,3.287129558017246,0.008369743071983248,0.008369743071983248,0.008369743071983248,0.008369743071983248,0.0034231846065959637,GOLDILOCKS,NORMAL_TRENDING,GROWTH,1.186776715379287,1.186776715379287,"{'CRISIS': 0.2304632611486371, 'DEFENSIVE': 0.24657914624481242, 'GROWTH': 0.2814197768571398, 'EUPHORIA': 0.24153781574941063}",0.7054420709609985,-2.15688252315626,False,14.489999771118164,0.0,0.0,0.0
2025-08-14,2.8320774508717927,2.907631594554794,3.265798653016263,-0.0064892194312685765,-0.0064892194312685765,-0.0064892194312685765,-0.0064892194312685765,9.299781650273786e-05,GOLDILOCKS,NORMAL_TRENDING,GROWTH,1.186776718476168,1.186776718476168,"{'CRISIS': 0.23032392302703042, 'DEFENSIVE': 0.24663294527301044, 'GROWTH': 0.28159004570470436, 'EUPHORIA': 0.24145308599525478}",0.7065145969390869,-1.33796076851319,False,14.829999923706055,0.0,0.0,0.0
2025-08-15,2.805532497101131,2.88037847468132,3.235188446984673,-0.009372961803177548,-0.009372961803177548,-0.009372961803177548,-0.009372961803177548,-0.002341290236613225,GOLDILOCKS,NORMAL_TRENDING,GROWTH,1.18674756904179,1.18674756904179,"{'CRISIS': 0.23033899391848947, 'DEFENSIVE': 0.246626244979816, 'GROWTH': 0.2815973157299025, 'EUPHORIA': 0.24143744537179204}",0.7066599130630493,-1.97820039062274,False,15.09000015258789,0.0,0.0,0.0
2025-08-18,2.8028413314704004,2.877615514151521,3.23208514022688,-0.0009592352373430605,-0.0009592352373430605,-0.0009592352373430605,-0.0009592352373430605,-0.00021751572051942336,GOLDILOCKS,NORMAL_TRENDING,GROWTH,1.186766721568434,1.186766721568434,"{'CRISIS': 0.23049718440228495, 'DEFENSIVE': 0.24656984508370414, 'GROWTH': 0.28138063923958423, 'EUPHORIA': 0.24155233127442668}",0.7074874639511108,-2.8969549742401606,False,14.989999771118164,0.0,0.0,0.0
2025-08-19,2.7404955144271144,2.8136064358095467,3.1601913135737685,-0.022243791092726253,-0.022243791092726253,-0.022243791092726253,-0.022243791092726253,-0.005425239851328145,GOLDILOCKS,NORMAL_TRENDING,GROWTH,1.1866679285204234,1.1866679285204234,"{'CRISIS': 0.23057300993398952, 'DEFENSIVE': 0.2465495527461009, 'GROWTH': 0.28135608283934, 'EUPHORIA': 0.24152135448056958}",0.7076795101165771,-2.9900996366821775,False,15.569999694824219,0.0,0.0,0.0
2025-08-20,2.7718042265970926,2.84575040159771,3.1961443430272523,0.011424471233452606,0.011424471233452606,0.011424471233452606,0.011376852185833558,-0.0026570426982367445,CAUTIOUS_BULL,EARLY_DD_UNCERTAINTY,GROWTH,1.1866492384717424,1.0679843146245682,"{'CRISIS': 0.23092713055644065, 'DEFENSIVE': 0.24642813896464927, 'GROWTH': 0.2809146752260454, 'EUPHORIA': 0.24173005525286465}",0.7065080404281616,-5.147967594290006,False,15.6899995803833,0.0,0.47083386886036765,-0.00015048530064636992
2025-08-21,2.7642804852282903,2.8380259419059546,3.1873165822364324,-0.002714384117250174,-0.002714384117250174,-0.002714384117250174,-0.0027620031648692214,-0.004011766231477476,CAUTIOUS_BULL,EARLY_DD_UNCERTAINTY,GROWTH,1.186436110093641,1.0677924990842769,"{'CRISIS': 0.23092982383254984, 'DEFENSIVE': 0.24644448032939842, 'GROWTH': 0.28106147070741017, 'EUPHORIA': 0.24156422513064152}",0.7073370218276978,-4.068850042084354,False,16.600000381469727,0.0,0.47750935855004606,-0.0001521973496679644
2025-08-22,2.8209252654114354,2.8961818911637773,3.252478310213463,0.020491690508919812,0.020491690508919812,0.020491690508919812,0.020444071461300766,0.015356785247534033,CAUTIOUS_BULL,EARLY_DD_UNCERTAINTY,GROWTH,1.1867742335961458,1.0680968102365311,"{'CRISIS': 0.23103461723493202, 'DEFENSIVE': 0.2463878936791747, 'GROWTH': 0.2806771754138098, 'EUPHORIA': 0.24190031367208342}",0.7072948813438416,-4.333812181877652,False,14.220000267028809,0.0,0.4666502452295694,-0.00015177698010649678
2025-08-25,2.776237328975046,2.8503017702518636,3.2009538881489332,-0.015841588213742167,-0.015841588213742167,-0.015841588213742167,-0.015841588213742167,-0.004401061026124697,GOLDILOCKS,NORMAL_TRENDING,GROWTH,1.186816493845648,1.186816493845648,"{'CRISIS': 0.23076289217137402, 'DEFENSIVE': 0.24647288107436183, 'GROWTH': 0.28100555778003466, 'EUPHORIA': 0.24175866897422948}",0.7063962817192078,-2.3780058016937398,False,14.789999961853027,0.0,0.0,0.0
2025-08-26,2.7980760666147138,2.8727231215912292,3.2261335770142825,0.007866307902332897,0.007866307902332897,0.007866307902332897,0.007866307902332897,0.0041870023682906155,GOLDILOCKS,NORMAL_TRENDING,GROWTH,1.186893984875292,1.186893984875292,"{'CRISIS': 0.23087116576586902, 'DEFENSIVE': 0.24642906001277515, 'GROWTH': 0.28081186367960276, 'EUPHORIA': 0.24188791054175304}",0.7069939374923706,-3.924493234387636,False,14.619999885559082,0.0,0.0,0.0
2025-08-27,2.7998214547319304,2.874515073161204,3.228145979492206,0.0006237815111753003,0.0006237815111753003,0.0006237815111753003,0.0006237815111753003,0.0022784921171898898,GOLDILOCKS,NORMAL_TRENDING,GROWTH,1.1869207933483588,1.1869207933483588,"{'CRISIS': 0.2307624548967674, 'DEFENSIVE': 0.24644064998234927, 'GROWTH': 0.28097047576024137, 'EUPHORIA': 0.24182641936064203}",0.7034783959388733,-3.168733716296659,False,14.850000381469727,0.0,0.0,0.0
2025-08-28,2.821172192907502,2.896435406189967,3.252763013369197,0.007625749898975556,0.007625749898975556,0.007625749898975556,0.007625749898975556,0.0035414005434608598,GOLDILOCKS,NORMAL_TRENDING,GROWTH,1.1869465149080294,1.1869465149080294,"{'CRISIS': 0.2307736343024125, 'DEFENSIVE': 0.24645720886633554, 'GROWTH': 0.2809023273171881, 'EUPHORIA': 0.24186682951406394}",0.7084137201309204,-3.108332162685186,False,14.430000305175781,0.0,0.0,0.0
2025-08-29,2.8079385153510503,2.8828486806703504,3.2375048107700435,-0.004690843610936521,-0.004690843610936521,-0.004690843610936521,-0.004690843610936521,-0.005963709384858351,GOLDILOCKS,NORMAL_TRENDING,GROWTH,1.1868003369770954,1.1868003369770954,"{'CRISIS': 0.23060535707243524, 'DEFENSIVE': 0.24651916475589747, 'GROWTH': 0.2812345536894516, 'EUPHORIA': 0.24164092448221572}",0.7060844898223877,-2.3694605364632073,False,15.359999656677246,0.0,0.0,0.0
2025-09-02,2.8601301290861736,2.936432661934821,3.2976808436943927,0.01858716401722852,0.01858716401722852,0.01858716401722852,0.01858716401722852,-0.007410192526257298,GOLDILOCKS,NORMAL_TRENDING,GROWTH,1.1864062103429427,1.1864062103429427,"{'CRISIS': 0.230520321805195, 'DEFENSIVE': 0.24656080018047366, 'GROWTH': 0.28165296778560694, 'EUPHORIA': 0.2412659102287244}",0.7034634351730347,-2.8274301287380292,False,17.170000076293945,0.0,0.0,0.0
2025-09-03,2.8892677616806206,2.966347628100759,3.3312760328993027,0.010187519895731835,0.010187519895731835,0.010187519895731835,0.010187519895731835,0.005419467264843547,GOLDILOCKS,NORMAL_TRENDING,GROWTH,1.1863606871651076,1.1863606871651076,"{'CRISIS': 0.23016774809892315, 'DEFENSIVE': 0.24665971999991726, 'GROWTH': 0.28218066584784884, 'EUPHORIA': 0.24099186605331072}",0.6998457908630371,-1.0212676345652822,False,16.350000381469727,0.0,0.0,0.0
2025-09-04,2.853117774455566,2.9292332317533125,3.2895957194200176,-0.012511816213263322,-0.012511816213263322,-0.012511816213263322,-0.012511816213263322,0.008357484126844783,GOLDILOCKS,NORMAL_TRENDING,GROWTH,1.186429810582384,1.186429810582384,"{'CRISIS': 0.2299573954361179, 'DEFENSIVE': 0.24677059375577112, 'GROWTH': 0.2823331594351595, 'EUPHORIA': 0.24093885137295148}",0.7061603665351868,-0.012919829338110499,False,15.300000190734863,0.0,0.0,0.0
2025-09-05,2.862835058694784,2.939209753637812,3.300799581007477,0.0034058475700577385,0.0034058475700577385,0.0034058475700577385,0.0034058475700577385,-0.002896298389375551,GOLDILOCKS,NORMAL_TRENDING,GROWTH,1.1865469774976793,1.1865469774976793,"{'CRISIS': 0.2300328294014266, 'DEFENSIVE': 0.24673789945899433, 'GROWTH': 0.28214899070591093, 'EUPHORIA': 0.2410802804336682}",0.7055283784866333,-1.2639398001342612,False,15.180000305175781,0.0,0.0,0.0
2025-09-08,2.898530886824272,2.9758578748363145,3.341956256861253,0.012468698823941964,0.012468698823941964,0.012468698823941964,0.012468698823941964,0.0024566799492218294,GOLDILOCKS,NORMAL_TRENDING,GROWTH,1.186575710581026,1.186575710581026,"{'CRISIS': 0.23005384474161827, 'DEFENSIVE': 0.24674927381129558, 'GROWTH': 0.28206850895496044, 'EUPHORIA': 0.24112837249212576}",0.7080078721046448,-0.9276598294254671,False,15.109999656677246,0.0,0.0,0.0
2025-09-09,2.891977692997438,2.9691298549474947,3.3344005370959175,-0.0022608673437369674,-0.0022608673437369674,-0.0022608673437369674,-0.0022608673437369674,0.0023117733075188607,GOLDILOCKS,NORMAL_TRENDING,GROWTH,1.1866009876379404,1.1866009876379404,"{'CRISIS': 0.22989798164014702, 'DEFENSIVE': 0.24680699626933295, 'GROWTH': 0.2822417998683364, 'EUPHORIA': 0.24105322222218367}",0.7050706148147583,0.0,False,15.039999961853027,0.0,0.0,0.0
2025-09-10,2.950575445115488,3.029290877512709,3.4019627373881773,0.0202621729275221,0.0202621729275221,0.0202621729275221,0.0202621729275221,0.0028908153230013944,GOLDILOCKS,NORMAL_TRENDING,GROWTH,1.1865214199633058,1.1865214199633058,"{'CRISIS': 0.22987885345806425, 'DEFENSIVE': 0.24683757457443423, 'GROWTH': 0.2822947589479398, 'EUPHORIA': 0.2409888130195617}",0.708458662033081,-0.2260867343737049,False,15.350000381469727,0.0,0.0,0.0
2025-09-11,2.962940981240277,3.0419863013292354,3.4162199878489306,0.004190889660272723,0.004190889660272723,0.004190889660272723,0.004190889660272723,0.008310314225991933,GOLDILOCKS,NORMAL_TRENDING,GROWTH,1.186644988995682,1.186644988995682,"{'CRISIS': 0.22981965719735375, 'DEFENSIVE': 0.24684185239190176, 'GROWTH': 0.28229353802127194, 'EUPHORIA': 0.24104495238947252}",0.7044099569320679,0.0,False,14.710000038146973,0.0,0.0,0.0
2025-09-12,2.999004731400497,3.079012159979996,3.457800871475766,0.012171605978166938,0.012171605978166938,0.012171605978166938,0.012171605978166938,-0.00033472834591830036,GOLDILOCKS,NORMAL_TRENDING,GROWTH,1.186658723043398,1.186658723043398,"{'CRISIS': 0.22982474646034268, 'DEFENSIVE': 0.24685441304839484, 'GROWTH': 0.2822528749599149, 'EUPHORIA': 0.24106796553134757}",0.707505464553833,0.0,False,14.760000228881836,0.0,0.0,0.0
2025-09-15,3.009404907059607,3.0896897914572143,3.4697920951244123,0.0034678757089701365,0.0034678757089701365,0.0034678757089701365,0.0034678757089701365,0.0053240188059680005,GOLDILOCKS,NORMAL_TRENDING,GROWTH,1.1865261252927197,1.1865261252927197,"{'CRISIS': 0.2297412352330731, 'DEFENSIVE': 0.2468719302486817, 'GROWTH': 0.28248874143502023, 'EUPHORIA': 0.240898093083225}",0.7040586471557617,0.0,False,15.6899995803833,0.0,0.0,0.0
2025-09-16,2.992947141521401,3.0727929657577855,3.4508165745376282,-0.005468777398348412,-0.005468777398348412,-0.005468777398348412,-0.005468777398348412,-0.0013768510142991852,GOLDILOCKS,NORMAL_TRENDING,GROWTH,1.1862745447361,1.1862745447361,"{'CRISIS': 0.22971970069369396, 'DEFENSIVE': 0.24690916422168907, 'GROWTH': 0.28267891809713663, 'EUPHORIA': 0.24069221698748033}",0.7077969312667847,0.0,False,16.360000610351562,0.0,0.0,0.0
2025-09-17,2.935143925106406,3.013447675513908,3.3841704602447265,-0.01931314309333632,-0.01931314309333632,-0.01931314309333632,-0.01931314309333632,-0.001242399741884448,GOLDILOCKS,NORMAL_TRENDING,GROWTH,1.1863035308462775,1.1863035308462775,"{'CRISIS': 0.22981651388341778, 'DEFENSIVE': 0.24687452653719677, 'GROWTH': 0.2825321151579412, 'EUPHORIA': 0.24077684442144426}",0.7080699801445007,-0.5468777398348331,False,15.720000267028809,0.0,0.0,0.0
2025-09-18,2.9726188757864835,3.051922382682751,3.4273784337978626,0.012767670559364081,0.012767670559364081,0.012767670559364081,0.012767670559364081,0.004672384146077402,GOLDILOCKS,NORMAL_TRENDING,GROWTH,1.1864034938608947,1.1864034938608947,"{'CRISIS': 0.2301428335025329, 'DEFENSIVE': 0.24673306352998145, 'GROWTH': 0.28207454310547364, 'EUPHORIA': 0.24104955986201207}",0.707137942314148,-2.4676301211244716,False,15.699999809265137,0.0,0.0,0.0
2025-09-19,2.9931740930351034,3.0730259718824837,3.4510782457292897,0.006914851216229824,0.006914851216229824,0.006914851216229824,0.006914851216229824,0.004952918310262788,GOLDILOCKS,NORMAL_TRENDING,GROWTH,1.1864835414334312,1.1864835414334312,"{'CRISIS': 0.23010501924240928, 'DEFENSIVE': 0.24672706491899038, 'GROWTH': 0.2820866607393224, 'EUPHORIA': 0.24108125509927797}",0.7052508592605591,-1.2223689536369469,False,15.449999809265137,0.0,0.0,0.0
2025-09-22,3.050479904680605,3.1318605875956855,3.517150860878485,0.019145499013521312,0.019145499013521312,0.019145499013521312,0.019145499013521312,0.004731035459799804,GOLDILOCKS,NORMAL_TRENDING,GROWTH,1.186328584925602,1.186328584925602,"{'CRISIS': 0.2299957343027228, 'DEFENSIVE': 0.24679387632333294, 'GROWTH': 0.28231036216172944, 'EUPHORIA': 0.24090002721221485}",0.708198070526123,-0.5393363314596997,False,16.100000381469727,0.0,0.0,0.0
2025-09-23,3.0693667252846453,3.1512512706760836,3.538927040175661,0.006191426003187485,0.006191426003187485,0.006191426003187485,0.006191426003187485,-0.005443520514135325,GOLDILOCKS,NORMAL_TRENDING,GROWTH,1.1861938743815106,1.1861938743815106,"{'CRISIS': 0.2297599831428383, 'DEFENSIVE': 0.2468586136662026, 'GROWTH': 0.2827523306153836, 'EUPHORIA': 0.24062907257557556}",0.7013618350028992,0.0,False,16.639999389648438,0.0,0.0,0.0
2025-09-24,3.0522780426164458,3.1337066962436,3.5192240829899686,-0.005567494599921012,-0.005567494599921012,-0.005567494599921012,-0.005567494599921012,-0.00318164448653413,GOLDILOCKS,NORMAL_TRENDING,GROWTH,1.186153098459895,1.186153098459895,"{'CRISIS': 0.2297286495347024, 'DEFENSIVE': 0.24689610785712762, 'GROWTH': 0.28278438969601427, 'EUPHORIA': 0.24059085291215565}",0.70725417137146,0.0,False,16.18000030517578,0.0,0.0,0.0
2025-09-25,3.0953969500461995,3.177975929603317,3.568939441597642,0.014126795405831259,0.014126795405831259,0.014126795405831259,0.014126795405831259,-0.0046134329671143615,GOLDILOCKS,NORMAL_TRENDING,GROWTH,1.1860349023386587,1.1860349023386587,"{'CRISIS': 0.22978513301210213, 'DEFENSIVE': 0.24689277301116377, 'GROWTH': 0.2827846135945877, 'EUPHORIA': 0.2405374803821464}",0.70769202709198,-0.5567494599921053,False,16.739999771118164,0.0,0.0,0.0
2025-09-26,3.1321260915940794,3.215684930948819,3.611287510049507,0.01186572906177081,0.01186572906177081,0.01186572906177081,0.01186572906177081,0.005729075724434596,GOLDILOCKS,NORMAL_TRENDING,GROWTH,1.186305061676432,1.186305061676432,"{'CRISIS': 0.22972880594763068, 'DEFENSIVE': 0.24687886334446973, 'GROWTH': 0.28268477073690673, 'EUPHORIA': 0.24070755997099286}",0.7031991481781006,0.0,False,15.289999961853027,0.0,0.0,0.0
2025-09-29,3.1978705190685894,3.283183287828839,3.6870897041026907,0.020990351458376327,0.020990351458376327,0.020990351458376327,0.020990351458376327,0.002810389450384143,GOLDILOCKS,NORMAL_TRENDING,GROWTH,1.186231521688644,1.186231521688644,"{'CRISIS': 0.2297050473810553, 'DEFENSIVE': 0.2469021611961072, 'GROWTH': 0.2827527231670255, 'EUPHORIA': 0.240640068255812}",0.7064156532287598,0.0,False,16.1200008392334,0.0,0.0,0.0
2025-09-30,3.206195645164005,3.2917305115836952,3.6966884312959056,0.0026033343269446455,0.0026033343269446455,0.0026033343269446455,0.0026033343269446455,0.00376684572535102,GOLDILOCKS,NORMAL_TRENDING,GROWTH,1.1861367435010501,1.1861367435010501,"{'CRISIS': 0.2297117302311535, 'DEFENSIVE': 0.24692396753470325, 'GROWTH': 0.28278492639539665, 'EUPHORIA': 0.2405793758387466}",0.7084120512008667,0.0,False,16.280000686645508,0.0,0.0,0.0
2025-10-01,3.2312805734287653,3.3174846554003854,3.725610922116482,0.007823891939531695,0.007823891939531695,0.007823891939531695,0.007823891939531695,0.003407569706178837,GOLDILOCKS,NORMAL_TRENDING,GROWTH,1.1860932010455922,1.1860932010455922,"{'CRISIS': 0.22970879281962703, 'DEFENSIVE': 0.24693367985733286, 'GROWTH': 0.28281121918524654, 'EUPHORIA': 0.24054630813779354}",0.7079213261604309,0.0,False,16.290000915527344,0.0,0.0,0.0
2025-10-02,3.247741748904923,3.334384982008068,3.744590374303072,0.005094319450783834,0.005094319450783834,0.005094319450783834,0.005094319450783834,0.0011517801124745208,GOLDILOCKS,NORMAL_TRENDING,GROWTH,1.1859963568915584,1.1859963568915584,"{'CRISIS': 0.2296988436201425, 'DEFENSIVE': 0.24694832692286545, 'GROWTH': 0.2828869716589032, 'EUPHORIA': 0.24046585779808882}",0.7081067562103271,0.0,False,16.6299991607666,0.0,0.0,0.0
2025-10-03,3.2913770261730115,3.3791843609172845,3.7949010984526215,0.013435574821428358,0.013435574821428358,0.013435574821428358,0.013435574821428358,-1.4818614668121732e-05,GOLDILOCKS,NORMAL_TRENDING,GROWTH,1.185949906405995,1.185949906405995,"{'CRISIS': 0.22968696350961704, 'DEFENSIVE': 0.24695466050182152, 'GROWTH': 0.2829374324328221, 'EUPHORIA': 0.24042094355573934}",0.7075848579406738,0.0,False,16.649999618530273,0.0,0.0,0.0
2025-10-06,3.3583272578960415,3.447920690483668,3.8720935640641345,0.020341100758327724,0.020341100758327724,0.020341100758327724,0.020341100758327724,0.003586249365854499,GOLDILOCKS,NORMAL_TRENDING,GROWTH,1.1859853351394591,1.1859853351394591,"{'CRISIS': 0.22969121035459228, 'DEFENSIVE': 0.24695054668343908, 'GROWTH': 0.2829066361515863, 'EUPHORIA': 0.2404516068103823}",0.7077122330665588,0.0,False,16.3700008392334,0.0,0.0,0.0
2025-10-07,3.340968399044616,3.4300987321095127,3.8520790983862985,-0.005168900323996497,-0.005168900323996497,-0.005168900323996497,-0.005168900323996497,-0.003707511977453004,GOLDILOCKS,NORMAL_TRENDING,GROWTH,1.1858290105050688,1.1858290105050688,"{'CRISIS': 0.2296532493146885, 'DEFENSIVE': 0.246969018699742, 'GROWTH': 0.28307725456092225, 'EUPHORIA': 0.24030047742464722}",0.7063254117965698,0.0,False,17.239999771118164,0.0,0.0,0.0
2025-10-08,3.4629672407080214,3.555352258071668,3.992741664405579,0.03651601185401579,0.03651601185401579,0.03651601185401579,0.03651601185401579,0.005963096319924199,GOLDILOCKS,NORMAL_TRENDING,GROWTH,1.1859595055611654,1.1859595055611654,"{'CRISIS': 0.22975906371542837, 'DEFENSIVE': 0.24692134859417958, 'GROWTH': 0.2828499932799591, 'EUPHORIA': 0.24046959441043292}",0.7081248760223389,-0.5168900323996546,False,16.299999237060547,0.0,0.0,0.0
2025-10-09,3.402942343699175,3.493726017253609,3.923533990601574,-0.017333371307484382,-0.017333371307484382,-0.017333371307484382,-0.017333371307484382,-0.002897030241612586,GOLDILOCKS,NORMAL_TRENDING,GROWTH,1.1861959105309723,1.1861959105309723,"{'CRISIS': 0.22950829190579675, 'DEFENSIVE': 0.24688201739847576, 'GROWTH': 0.28317501184930893, 'EUPHORIA': 0.2404346788464185}",0.6899862885475159,0.0,False,16.43000030517578,0.0,0.0,0.0
2025-10-10,3.3472982683069947,3.436597469582609,3.8593773287700697,-0.016351753797771457,-0.016351753797771457,-0.016351753797771457,-0.016351753797771457,-0.027027820787662193,GOLDILOCKS,NORMAL_TRENDING,GROWTH,1.1849372445694089,1.1849372445694089,"{'CRISIS': 0.22993024887595692, 'DEFENSIVE': 0.24697702913632652, 'GROWTH': 0.28329987712038796, 'EUPHORIA': 0.2397928448673286}",0.7073162794113159,-1.733337130748437,False,21.65999984741211,0.0,0.0,0.0
2025-10-13,3.449914793264931,3.5419515975211895,3.977692417009916,0.03065652258405938,0.03065652258405938,0.03065652258405938,0.03065652258405938,0.015344092809244536,GOLDILOCKS,NORMAL_TRENDING,GROWTH,1.185034340737276,1.185034340737276,"{'CRISIS': 0.23031697752394692, 'DEFENSIVE': 0.2468289182557042, 'GROWTH': 0.282744470020169, 'EUPHORIA': 0.2401096342001799}",0.7069941163063049,-3.340169408515041,False,19.030000686645508,0.0,0.0,0.0
2025-10-14,3.4293960274690405,3.5208854322258034,3.95403463297651,-0.00594761523848297,-0.00594761523848297,-0.00594761523848297,-0.00594761523848297,-0.0012216512196846496,GOLDILOCKS,NORMAL_TRENDING,GROWTH,1.1844901422405236,1.1844901422405236,"{'CRISIS': 0.23006573965312793, 'DEFENSIVE': 0.24700876279948103, 'GROWTH': 0.2833738176696508, 'EUPHORIA': 0.23955167987774026}",0.7073888182640076,-0.3769151290158262,False,20.809999465942383,0.0,0.0,0.0
2025-10-15,3.479777582708364,3.5726110662657806,4.012123699588781,0.014691086954021508,0.014691086954021508,0.014691086954021508,0.014691086954021508,0.004439541098594013,GOLDILOCKS,NORMAL_TRENDING,GROWTH,1.1843149625277345,1.1843149625277345,"{'CRISIS': 0.23001756878163332, 'DEFENSIVE': 0.2470467859822929, 'GROWTH': 0.28354791065526314, 'EUPHORIA': 0.23938773458081064}",0.7059948444366455,-0.9694349066991714,False,20.639999389648438,0.0,0.0,0.0
2025-10-16,3.5489251384951914,3.643603340092942,4.091849642051184,0.01987125732702962,0.01987125732702962,0.01987125732702962,0.01987125732702962,-0.006810210567109287,GOLDILOCKS,NORMAL_TRENDING,GROWTH,1.1829055393369214,1.1829055393369214,"{'CRISIS': 0.23014526898485643, 'DEFENSIVE': 0.2473386525495219, 'GROWTH': 0.28402619087691894, 'EUPHORIA': 0.2384898875887027}",0.7071837186813354,0.0,False,25.309999465942383,0.0,0.0,0.0
2025-10-17,3.406331474730936,3.497205563500835,3.9274416003870707,-0.04017939466165175,-0.04017939466165175,-0.04017939466165175,-0.04017939466165175,0.005676314860669995,GOLDILOCKS,NORMAL_TRENDING,GROWTH,1.1834326298562063,1.1834326298562063,"{'CRISIS': 0.22988862760756956, 'DEFENSIVE': 0.24728344350560258, 'GROWTH': 0.2841448722887464, 'EUPHORIA': 0.2386830565980814}",0.705169677734375,0.0,False,20.780000686645508,0.0,0.0,0.0
2025-10-20,3.5160474779727324,3.609848569558428,4.053755243946348,0.03220943236314456,0.03220943236314456,0.03220943236314456,0.03216181331552551,0.01040043503835153,CAUTIOUS_BULL,EARLY_DD_UNCERTAINTY,GROWTH,1.1844863722657883,1.0660377350392096,"{'CRISIS': 0.23039523929850036, 'DEFENSIVE': 0.24691942098885916, 'GROWTH': 0.2829143344988987, 'EUPHORIA': 0.23977100521374178}",0.7068725824356079,-4.017939466165175,False,18.229999542236328,0.0,0.4613525418663282,-0.0001870210285898605
2025-10-21,3.3147682487183188,3.4031996143444325,3.821694460865567,-0.05724587921960208,-0.05724587921960208,-0.05724587921960208,-0.05724587921960208,-1.4955077773270986e-05,GOLDILOCKS,NORMAL_TRENDING,GROWTH,1.1849749799476381,1.1849749799476381,"{'CRISIS': 0.23015064896695214, 'DEFENSIVE': 0.24691053958642473, 'GROWTH': 0.28296963925905033, 'EUPHORIA': 0.23996917218757285}",0.7070645093917847,-0.9309823536365142,False,17.8700008392334,0.0,0.0,0.0
2025-10-22,3.333943852223726,3.422886784474548,3.8436205964665606,0.005784900200133668,0.005784900200133668,0.005784900200133668,0.005737281152514621,-0.005198882255361581,CAUTIOUS_BULL,EARLY_DD_UNCERTAINTY,GROWTH,1.1852181621637297,1.0666963459473566,"{'CRISIS': 0.23096930926408027, 'DEFENSIVE': 0.24662736567553312, 'GROWTH': 0.2817144688931509, 'EUPHORIA': 0.2406888561672358}",0.7075763940811157,-6.602275372224867,False,18.600000381469727,0.0,0.47347402260438276,-0.00018198545051740795
2025-10-23,3.363525251143003,3.4532573557604227,3.8775412228840156,0.008872794573173904,0.008872794573173904,0.008872794573173904,0.008825175525554856,0.005929966083050742,CAUTIOUS_BULL,EARLY_DD_UNCERTAINTY,GROWTH,1.185609926731181,1.067048934058063,"{'CRISIS': 0.23126868531804762, 'DEFENSIVE': 0.24646884591092813, 'GROWTH': 0.28109013194862564, 'EUPHORIA': 0.24117233682239864}",0.7073332667350769,-6.066426367030179,False,17.299999237060547,0.0,0.4720247747013266,-0.00018302955221269338
2025-10-24,3.3640225008213287,3.45376787106241,3.877929817740054,0.00014783586897615256,0.00014783586897615256,0.00014783586897615256,0.00010021682135710495,0.008172547247097484,CAUTIOUS_BULL,EARLY_DD_UNCERTAINTY,GROWTH,1.1859601469431733,1.067364132248856,"{'CRISIS': 0.23130914045607714, 'DEFENSIVE': 0.2464080366257964, 'GROWTH': 0.2808203953870366, 'EUPHORIA': 0.24146242753108987}",0.7091822624206543,-5.2374460919765955,False,16.3700008392334,0.0,0.4761427586766895,-0.00018464482013733408
2025-10-27,3.3323821815520627,3.4212834515629367,3.841271279015593,-0.009405501675907632,-0.009405501675907632,-0.009405501675907632,-0.00945312072352668,0.011797667854098304,CAUTIOUS_BULL,EARLY_DD_UNCERTAINTY,GROWTH,1.1862442632431787,1.0676198369188608,"{'CRISIS': 0.23133759857957692, 'DEFENSIVE': 0.2463648804907035, 'GROWTH': 0.2805997891245129, 'EUPHORIA': 0.24169773180520676}",0.7093092203140259,-5.22794929004026,False,15.789999961853027,0.0,0.4807349214388528,-0.0001846633246542883
2025-10-28,3.3541149689116416,3.443596026081335,3.866139969269284,0.006521697145030582,0.006521697145030582,0.006521697145030582,0.006474078097411535,0.0026560013292959983,CAUTIOUS_BULL,EARLY_DD_UNCERTAINTY,GROWTH,1.1862972962192666,1.06766756659734,"{'CRISIS': 0.23146356534340584, 'DEFENSIVE': 0.24631256484898428, 'GROWTH': 0.28040748901014223, 'EUPHORIA': 0.2418163807974677}",0.7074034214019775,-6.123840926617705,False,16.420000076293945,0.0,0.4731274123727488,-0.00018291767995312348
2025-10-29,3.3702963709069325,3.460209115413061,3.8846074537286044,0.004824343275430945,0.004824343275430945,0.004824343275430945,0.004776724227811897,0.0004803260550556576,CAUTIOUS_BULL,EARLY_DD_UNCERTAINTY,GROWTH,1.18621779548127,1.067596015933143,"{'CRISIS': 0.23142878991430021, 'DEFENSIVE': 0.24632594929271756, 'GROWTH': 0.2805163025425885, 'EUPHORIA': 0.24172895825039376}",0.7075364589691162,-5.516079341291602,False,16.920000076293945,0.0,0.4739266592351019,-0.00018410190329853733
2025-10-30,3.395681505020225,3.4862714739679443,3.92008990992075,0.007532018350796071,0.007532018350796071,0.007532018350796071,0.009134116281965109,-0.010998113191920567,CAUTIOUS_BULL,EARLY_DD_UNCERTAINTY,GROWTH,1.1861681520144998,1.0675513368130498,"{'CRISIS': 0.23134446509981138, 'DEFENSIVE': 0.24635460398701536, 'GROWTH': 0.2806668976588217, 'EUPHORIA': 0.2416340332543516}",0.7080128192901611,-5.064755708342494,False,16.90999984741211,16.347846655569146,0.4718802669608907,0.006223521565022419
2025-10-31,3.392684802574958,3.4831948255144725,3.91644374402257,-0.0008825039806696775,-0.0008825039806696775,-0.0008825039806696775,-0.0009301230282887251,0.003280260922519762,CAUTIOUS_BULL,EARLY_DD_UNCERTAINTY,GROWTH,1.1860761618825166,1.067468545694265,"{'CRISIS': 0.23110290152390162, 'DEFENSIVE': 0.2464099680022891, 'GROWTH': 0.2810987629671256, 'EUPHORIA': 0.24138836750668374}",0.7029261589050293,-4.197606147725732,False,17.440000534057617,0.0,0.47663380426788665,-0.00018667094809146428
2025-11-03,3.379706830415254,3.469870627098503,3.901275749500037,-0.0038252808365380675,-0.0038252808365380675,-0.0038252808365380675,-0.003872899884157115,0.0018766915803232198,CAUTIOUS_BULL,EARLY_DD_UNCERTAINTY,GROWTH,1.1860133502558172,1.0674120152302355,"{'CRISIS': 0.23107161541277949, 'DEFENSIVE': 0.24644581238173863, 'GROWTH': 0.2811517102589705, 'EUPHORIA': 0.2413308619465114}",0.7093960046768188,-4.286714160412926,False,17.170000076293945,0.0,0.47804188454977126,-0.0001864973211439319
2025-11-04,3.256845541888579,3.343731645921309,3.7662048967904416,-0.036352646750599814,-0.036352646750599814,-0.036352646750599814,-0.03462222651831402,-0.011853595199365574,CAUTIOUS_BULL,EARLY_DD_UNCERTAINTY,GROWTH,1.1855935696192754,1.067034212657348,"{'CRISIS': 0.23113388994380768, 'DEFENSIVE': 0.24650029240539884, 'GROWTH': 0.2813010974450749, 'EUPHORIA': 0.2410647202057186}",0.7093092203140259,-4.657402134053356,False,19.0,18.41806729703589,0.4932685310052976,0.006750846488660768
2025-11-05,3.3121032215299975,3.4004634895782386,3.829925342920735,0.016966625813447444,0.016966625813447444,0.016966625813447444,0.016919006765828398,0.0034654701339136285,CAUTIOUS_BULL,EARLY_DD_UNCERTAINTY,GROWTH,1.1856950918072289,1.067125582626506,"{'CRISIS': 0.2316374875171897, 'DEFENSIVE': 0.2463435083195638, 'GROWTH': 0.28054147487315206, 'EUPHORIA': 0.24147752929009442}",0.7044374346733093,-7.958375154212684,False,18.010000228881836,0.0,0.4682678492802832,-0.00017934309032335437
2025-11-06,3.2388817401638432,3.325288606011831,3.7512377729800996,-0.022107246202408556,-0.022107246202408556,-0.022107246202408556,-0.02054545791240617,-0.01072938225080955,CAUTIOUS_BULL,EARLY_DD_UNCERTAINTY,GROWTH,1.185403857118144,1.0668634714063296,"{'CRISIS': 0.23167927267332655, 'DEFENSIVE': 0.24637420131101845, 'GROWTH': 0.2806589670913354, 'EUPHORIA': 0.24128755892431952}",0.7051441073417664,-6.401122280708968,False,19.5,16.431669551413457,0.4861792515408948,0.005981532552156972
2025-11-07,3.273736259321488,3.361072973803251,3.7914272694241835,0.010761281810765196,0.010761281810765196,0.010761281810765196,0.010713662763146148,0.0009845659403016072,CAUTIOUS_BULL,EARLY_DD_UNCERTAINTY,GROWTH,1.1853467133359716,1.0668120420023746,"{'CRISIS': 0.23203004285611756, 'DEFENSIVE': 0.24630995748061368, 'GROWTH': 0.280165227639503, 'EUPHORIA': 0.24149477202376568}",0.7070531249046326,-8.324154083539108,False,19.079999923706055,0.0,0.47114281100014005,-0.00017863037014190952
2025-11-10,3.407027301456048,3.497919953486762,3.945615694509678,0.04071526585412404,0.04071526585412404,0.04071526585412404,0.040667646806504996,0.01560435822838957,CAUTIOUS_BULL,EARLY_DD_UNCERTAINTY,GROWTH,1.1856401685814468,1.0670761517233023,"{'CRISIS': 0.23199138027822727, 'DEFENSIVE': 0.24626257526986528, 'GROWTH': 0.280066584828091, 'EUPHORIA': 0.24167945962381646}",0.705707848072052,-7.341969986864005,False,17.600000381469727,0.0,0.4575817050253855,-0.0001805441556868659
2025-11-11,3.397742382667395,3.4883873316954856,3.9346751142615477,-0.002725225825071834,-0.002725225825071834,-0.002725225825071834,-0.002772844872690882,0.0022892033827353053,CAUTIOUS_BULL,EARLY_DD_UNCERTAINTY,GROWTH,1.1860744535450989,1.067467008190589,"{'CRISIS': 0.2310865043903777, 'DEFENSIVE': 0.24632786308971066, 'GROWTH': 0.2812602474380166, 'EUPHORIA': 0.241325385081895}",0.6826808452606201,-3.5737859485032506,False,17.280000686645508,0.0,0.4775145499619736,-0.000187886461643318
2025-11-12,3.452148494812571,3.5442448897440864,3.9974914587178336,0.01601243002492269,0.01601243002492269,0.01601243002492269,0.015964810977303644,0.0005564068664263289,CAUTIOUS_BULL,EARLY_DD_UNCERTAINTY,GROWTH,1.185970069966194,1.0673730629695746,"{'CRISIS': 0.2309513778635937, 'DEFENSIVE': 0.24642663301738976, 'GROWTH': 0.2814385800007161, 'EUPHORIA': 0.24118340911830044}",0.7059681415557861,-3.8411608817289453,False,17.510000228881836,0.0,0.46870764719932234,-0.00018736548163150228
2025-11-13,3.34596856100536,3.435232288358292,3.874538063428099,-0.030757638023614656,-0.030757638023614656,-0.030757638023614656,-0.030757638023614656,-0.016594062566875234,GOLDILOCKS,NORMAL_TRENDING,GROWTH,1.1852698160137183,1.1852698160137183,"{'CRISIS': 0.23068456349852742, 'DEFENSIVE': 0.24664983545113578, 'GROWTH': 0.28215788077696946, 'EUPHORIA': 0.2405077202733673}",0.7075762152671814,-2.3060031914088035,False,20.0,0.0,0.0,0.0
2025-11-14,3.278633431753498,3.3661007929693234,3.79638136416795,-0.02012425640712829,-0.02012425640712829,-0.02012425640712829,-0.020171875454747336,-0.00016359600785664785,CAUTIOUS_BULL,EARLY_DD_UNCERTAINTY,GROWTH,1.1850953006746492,1.0665857706071844,"{'CRISIS': 0.2310279375648113, 'DEFENSIVE': 0.24658643668408142, 'GROWTH': 0.28177417248584286, 'EUPHORIA': 0.24061145326526448}",0.7050365805625916,-5.310839782327621,False,19.829999923706055,0.0,0.48599388429626944,-0.0001845018125441952
2025-11-17,3.220720600103456,3.306642963175876,3.729142402882398,-0.017663710462157037,-0.017663710462157037,-0.017663710462157037,-0.017711329509776084,-0.009316476786200845,CAUTIOUS_BULL,EARLY_DD_UNCERTAINTY,GROWTH,1.184428205790161,1.065985385211145,"{'CRISIS': 0.23170430211157594, 'DEFENSIVE': 0.246579572011064, 'GROWTH': 0.2811009522861253, 'EUPHORIA': 0.24061517359123472}",0.707388162612915,-7.220897729153116,False,22.3799991607666,0.0,0.48477651274632655,-0.00018078006496037856
2025-11-18,3.229794232211721,3.3159586615820893,3.7394708171025055,0.0028172676971649872,0.0028172676971649872,0.0028172676971649872,0.0027696486495459396,-0.008397487448507768,CAUTIOUS_BULL,EARLY_DD_UNCERTAINTY,GROWTH,1.1835830054696106,1.0652247049226495,"{'CRISIS': 0.23255102570821656, 'DEFENSIVE': 0.24662215716541636, 'GROWTH': 0.2801855327983518, 'EUPHORIA': 0.24064128432801535}",0.7085646986961365,-8.8641389810933,False,24.690000534057617,0.0,0.47487523862710984,-0.00017757820966106657
2025-11-19,3.2321236742388173,3.3183502484483256,3.7419897859008016,0.000721235428518663,0.000721235428518663,0.000721235428518663,0.0006736163808996154,0.0038631576379948296,CAUTIOUS_BULL,EARLY_DD_UNCERTAINTY,GROWTH,1.1834312967714626,1.0650881670943164,"{'CRISIS': 0.23278651976117004, 'DEFENSIVE': 0.24659410758147937, 'GROWTH': 0.27992462945762697, 'EUPHORIA': 0.2406947431997236}",0.7042896747589111,-8.611724666697084,False,23.65999984741211,0.0,0.4758699224155597,-0.00017807003890964312
2025-11-20,3.160802022853481,3.2451258785145196,3.6677944664618285,-0.022066498245037813,-0.022066498245037813,-0.022066498245037813,-0.019827771769588682,-0.01524230348712119,CAUTIOUS_BULL,EARLY_DD_UNCERTAINTY,GROWTH,1.182694660174333,1.0644251941568996,"{'CRISIS': 0.23321607075601997, 'DEFENSIVE': 0.24671495823489245, 'GROWTH': 0.27955963626343966, 'EUPHORIA': 0.2405093347456479}",0.7081000804901123,-8.550164027410414,False,26.420000076293945,23.32595698202869,0.4858232690903552,0.00837729160455635
2025-11-21,3.142003963448507,3.225826324603875,3.6458065426434887,-0.0059472435378928835,-0.0059472435378928835,-0.0059472435378928835,-0.005994862585511931,0.009961204755846165,CAUTIOUS_BULL,EARLY_DD_UNCERTAINTY,GROWTH,1.1830199852596417,1.0647179867336776,"{'CRISIS': 0.2334477364650801, 'DEFENSIVE': 0.24659351473435484, 'GROWTH': 0.27905609710158996, 'EUPHORIA': 0.24090265169897512}",0.7085608243942261,-10.363410503441239,False,23.43000030517578,0.0,0.4790623893847246,-0.00017465687935532516
2025-11-24,3.2449962323172152,3.3315662205468177,3.765139429951786,0.0327791658020917,0.0327791658020917,0.0327791658020917,0.03273154675447265,0.014718547807599958,CAUTIOUS_BULL,EARLY_DD_UNCERTAINTY,GROWTH,1.1838245699764836,1.0654421129788352,"{'CRISIS': 0.23343031752743099, 'DEFENSIVE': 0.2464027220828457, 'GROWTH': 0.27871963292146795, 'EUPHORIA': 0.2414473274682554}",0.7084700465202332,-10.900769540107055,False,20.520000457763672,0.0,0.4610980246386222,-0.00017360983536397566
2025-11-25,3.2264004484762197,3.312474338506323,3.743383619797034,-0.00573060259848634,-0.00573060259848634,-0.00573060259848634,-0.005778221646105387,0.009405913041440561,CAUTIOUS_BULL,EARLY_DD_UNCERTAINTY,GROWTH,1.1848327326438883,1.0663494593794995,"{'CRISIS': 0.23266902862569513, 'DEFENSIVE': 0.2462713710548934, 'GROWTH': 0.2794831661460708, 'EUPHORIA': 0.2415764341733407}",0.6922082901000977,-7.984413912521537,False,18.559999465942383,0.0,0.47895800168337854,-0.00017929235380722793
2025-11-26,3.3050836716977394,3.3932566722415363,3.8344964147664466,0.024387308543389486,0.024387308543389486,0.024387308543389486,0.02433968949577044,0.006903544626688962,CAUTIOUS_BULL,EARLY_DD_UNCERTAINTY,GROWTH,1.1854339769085969,1.0668905792177372,"{'CRISIS': 0.23252498518966516, 'DEFENSIVE': 0.24619987665147253, 'GROWTH': 0.2793594083636184, 'EUPHORIA': 0.24191572979524398}",0.7083535194396973,-8.516100363831281,False,17.190000534057617,0.0,0.4648755496576338,-0.0001782563628474778
2025-11-28,3.3898820163873586,3.4803172666153186,3.932695277171664,0.025656943397762914,0.025656943397762914,0.025656943397762914,0.025609324350143868,0.005458400735868674,CAUTIOUS_BULL,EARLY_DD_UNCERTAINTY,GROWTH,1.1859960819601314,1.0673964737641184,"{'CRISIS': 0.23199847179992317, 'DEFENSIVE': 0.24619688828642342, 'GROWTH': 0.2798609936131944, 'EUPHORIA': 0.24194364630045906}",0.6998060941696167,-6.289410652824712,False,16.350000381469727,0.0,0.4643000652243528,-0.0001825950673698308
2025-12-01,3.3751393522180044,3.4651812977478254,3.9154046361540935,-0.00434901984732372,-0.00434901984732372,-0.00434901984732372,-0.004396638894942767,-0.004565432491131505,CAUTIOUS_BULL,EARLY_DD_UNCERTAINTY,GROWTH,1.1859927791908682,1.0673935012717815,"{'CRISIS': 0.2314125757169741, 'DEFENSIVE': 0.2463500985088679, 'GROWTH': 0.2806953058874497, 'EUPHORIA': 0.24154201988670831}",0.7056890726089478,-3.8895457751897693,False,17.239999771118164,0.0,0.4782933593775082,-0.00018727120367484116
2025-12-02,3.431531857004047,3.523078241407154,3.9806375537512952,0.016708200432963862,0.016708200432963862,0.016708200432963862,0.016660581385344816,0.001852203967944055,CAUTIOUS_BULL,EARLY_DD_UNCERTAINTY,GROWTH,1.186104077067022,1.0674936693603199,"{'CRISIS': 0.23122168009565897, 'DEFENSIVE': 0.24639571095638824, 'GROWTH': 0.2808803132544923, 'EUPHORIA': 0.24150229569346052}",0.7082505226135254,-4.312108736445184,False,16.59000015258789,0.0,0.4683868784817042,-0.0001864478398168616
2025-12-03,3.4477965095057526,3.5397768022017595,3.9995048378812257,0.004739764390794679,0.004739764390794679,0.004739764390794679,0.004739764390794679,0.003462767968857472,GOLDILOCKS,NORMAL_TRENDING,GROWTH,1.186228201132902,1.186228201132902,"{'CRISIS': 0.23088109217527036, 'DEFENSIVE': 0.24649027445607213, 'GROWTH': 0.2812515621791387, 'EUPHORIA': 0.24137707118951884}",0.7078081369400024,-2.7178928364567034,False,16.079999923706055,0.0,0.0,0.0
2025-12-04,3.4256707936158315,3.5170608166082604,3.9738386167166797,-0.006417349698254871,-0.006417349698254871,-0.006417349698254871,-0.006417349698254871,0.0007311238379490437,GOLDILOCKS,NORMAL_TRENDING,GROWTH,1.1863242286268385,1.1863242286268385,"{'CRISIS': 0.23065962733469836, 'DEFENSIVE': 0.2465602251952514, 'GROWTH': 0.28146680280487296, 'EUPHORIA': 0.24131334466517734}",0.708751916885376,-2.2567985690614685,False,15.779999732971191,0.0,0.0,0.0
2025-12-05,3.417156751010478,3.508319636430052,3.963962176939519,-0.0024853650914795065,-0.0024853650914795065,-0.0024853650914795065,-0.0024853650914795065,0.001899461628388499,GOLDILOCKS,NORMAL_TRENDING,GROWTH,1.1864679545642127,1.1864679545642127,"{'CRISIS': 0.23064927646505756, 'DEFENSIVE': 0.24654877833530348, 'GROWTH': 0.2813841319796535, 'EUPHORIA': 0.24141781321998548}",0.7082067728042603,-2.884050873270767,False,15.40999984741211,0.0,0.0,0.0
2025-12-08,3.4338103784164167,3.5254175491988375,3.983280678827518,0.004873533355183046,0.004873533355183046,0.004873533355183046,0.004873533355183046,-0.003004219352025661,GOLDILOCKS,NORMAL_TRENDING,GROWTH,1.1862981131893473,1.1862981131893473,"{'CRISIS': 0.23065291862613424, 'DEFENSIVE': 0.24656000889368374, 'GROWTH': 0.2815012074459652, 'EUPHORIA': 0.24128586503421684}",0.7083373665809631,-3.125419463056236,False,16.65999984741211,0.0,0.0,0.0
2025-12-09,3.5039213878789646,3.597398979712569,4.064610687939451,0.020417845406734834,0.020417845406734834,0.020417845406734834,0.020417845406734834,-0.000863122274760153,GOLDILOCKS,NORMAL_TRENDING,GROWTH,1.1861352635032851,1.1861352635032851,"{'CRISIS': 0.2305839429049536, 'DEFENSIVE': 0.2466016141146197, 'GROWTH': 0.2816974960733663, 'EUPHORIA': 0.24111694690706043}",0.7089642286300659,-2.65329796354007,False,16.93000030517578,0.0,0.0,0.0
2025-12-10,3.491673826933354,3.584824678416278,4.050403300954992,-0.003495386907930882,-0.003495386907930882,-0.003495386907930882,-0.003495386907930882,0.006632218302348614,GOLDILOCKS,NORMAL_TRENDING,GROWTH,1.1862443282225892,1.1862443282225892,"{'CRISIS': 0.23024922716635982, 'DEFENSIVE': 0.2467102059369266, 'GROWTH': 0.28204831727604884, 'EUPHORIA': 0.2409922496206647}",0.7068135142326355,-0.66568805050417,False,15.770000457763672,0.0,0.0,0.0
2025-12-11,3.5258215223508516,3.6198833658284415,4.09001523067539,0.009779749515575207,0.009779749515575207,0.009779749515575207,0.009779749515575207,0.002326931778056762,GOLDILOCKS,NORMAL_TRENDING,GROWTH,1.1864825149034812,1.1864825149034812,"{'CRISIS': 0.23018077366183737, 'DEFENSIVE': 0.2467227982464562, 'GROWTH': 0.281955388643508, 'EUPHORIA': 0.24114103944819842}",0.7075319290161133,-1.0128999040007587,False,14.850000381469727,0.0,0.0,0.0
2025-12-12,3.492155749153488,3.5853194573542444,4.050962339240922,-0.00954834865688745,-0.00954834865688745,-0.00954834865688745,-0.00954834865688745,-0.010751997629438903,GOLDILOCKS,NORMAL_TRENDING,GROWTH,1.1863952321052398,1.1863952321052398,"{'CRISIS': 0.22995792778755952, 'DEFENSIVE': 0.2468126865922678, 'GROWTH': 0.28229435186401686, 'EUPHORIA': 0.24093503375615577}",0.7068781852722168,-0.04483085978872821,False,15.739999771118164,0.0,0.0,0.0
2025-12-15,3.530706723550687,3.624898894393886,4.095682150338107,0.011039305565493044,0.011039305565493044,0.011039305565493044,0.011039305565493044,-0.0015108134140046081,GOLDILOCKS,NORMAL_TRENDING,GROWTH,1.1862185292098582,1.1862185292098582,"{'CRISIS': 0.2299820997695547, 'DEFENSIVE': 0.2468171142640555, 'GROWTH': 0.28239027849618, 'EUPHORIA': 0.24081050747020982}",0.7084132432937622,-0.9992376647976163,False,16.5,0.0,0.0,0.0
2025-12-16,3.5741916763256794,3.669543938454164,4.146125463485829,0.01231621773763798,0.01231621773763798,0.01231621773763798,0.01231621773763798,-0.0027323197983205594,GOLDILOCKS,NORMAL_TRENDING,GROWTH,1.1861118160275514,1.1861118160275514,"{'CRISIS': 0.2298195870726178, 'DEFENSIVE': 0.24688091454521002, 'GROWTH': 0.28267612898065864, 'EUPHORIA': 0.24062336940151352}",0.7064201235771179,0.0,False,16.479999542236328,0.0,0.0,0.0
2025-12-17,3.591730011141684,3.687550160851506,4.166470241593121,0.00490693740130762,0.00490693740130762,0.00490693740130762,0.00490693740130762,-0.011003588240296014,GOLDILOCKS,NORMAL_TRENDING,GROWTH,1.185771042523896,1.185771042523896,"{'CRISIS': 0.22974601293797375, 'DEFENSIVE': 0.24695425400458432, 'GROWTH': 0.2829788720032097, 'EUPHORIA': 0.24032086105423228}",0.7092363834381104,0.0,False,17.6200008392334,0.0,0.0,0.0
2025-12-18,3.619010013468072,3.715557938901261,4.198115526046825,0.007595226323182345,0.007595226323182345,0.007595226323182345,0.007595226323182345,0.007551280296730134,GOLDILOCKS,NORMAL_TRENDING,GROWTH,1.1857791071198793,1.1857791071198793,"{'CRISIS': 0.22971465057143164, 'DEFENSIVE': 0.24696628591267822, 'GROWTH': 0.283010598657402, 'EUPHORIA': 0.24030846485848817}",0.7084203958511353,0.0,False,16.8700008392334,0.0,0.0,0.0
2025-12-19,3.709336217486539,3.8082938647988565,4.302895517836739,0.024958815720962348,0.024958815720962348,0.024958815720962348,0.024958815720962348,0.00906346515990486,GOLDILOCKS,NORMAL_TRENDING,GROWTH,1.1861828175969875,1.1861828175969875,"{'CRISIS': 0.2297785141786496, 'DEFENSIVE': 0.2469234378215386, 'GROWTH': 0.28262493279088324, 'EUPHORIA': 0.24067311520892853}",0.7086775302886963,0.0,False,14.90999984741211,0.0,0.0,0.0
2025-12-22,3.8324977672422667,3.9347411175722047,4.445765090542349,0.03320312382984314,0.03320312382984314,0.03320312382984314,0.03320312382984314,0.006229874178387496,GOLDILOCKS,NORMAL_TRENDING,GROWTH,1.1865593520531375,1.1865593520531375,"{'CRISIS': 0.22983591349094928, 'DEFENSIVE': 0.24687942117727632, 'GROWTH': 0.2822756150249576, 'EUPHORIA': 0.24100905030681677}",0.706918478012085,0.0,False,14.079999923706055,0.0,0.0,0.0
2025-12-23,3.976447188038515,4.082530820073523,4.612748960761339,0.03756020995671164,0.03756020995671164,0.03756020995671164,0.03756020995671164,0.0045704843606495515,GOLDILOCKS,NORMAL_TRENDING,GROWTH,1.1868320684561056,1.1868320684561056,"{'CRISIS': 0.2298024644839009, 'DEFENSIVE': 0.24683895320431032, 'GROWTH': 0.2821737488259357, 'EUPHORIA': 0.24118483348585307}",0.7013571262359619,0.0,False,14.0,0.0,0.0,0.0
2025-12-24,3.914136482081568,4.0185577895112194,4.540467441466475,-0.01566994430213549,-0.01566994430213549,-0.01566994430213549,-0.01566994430213549,0.003517621421107009,GOLDILOCKS,NORMAL_TRENDING,GROWTH,1.1869779996802792,1.1869779996802792,"{'CRISIS': 0.2298975020590188, 'DEFENSIVE': 0.2468285316637998, 'GROWTH': 0.28189440469055005, 'EUPHORIA': 0.24137956158663143}",0.7078052759170532,0.0,False,13.470000267028809,0.0,0.0,0.0
2025-12-26,4.120955694379849,4.230894523400437,4.780381380085879,0.052839039528916214,0.052839039528916214,0.052839039528916214,0.052839039528916214,-0.0001014040437492536,GOLDILOCKS,NORMAL_TRENDING,GROWTH,1.1870888399400386,1.1870888399400386,"{'CRISIS': 0.2301493296743273, 'DEFENSIVE': 0.24672288885725596, 'GROWTH': 0.28150762162304604, 'EUPHORIA': 0.2416201598453708}",0.7074251770973206,-1.5669944302135455,False,13.600000381469727,0.0,0.0,0.0
2025-12-29,3.82372424925248,3.925733539726957,4.435587654737003,-0.07212682376875165,-0.07212682376875165,-0.07212682376875165,-0.07212682376875165,-0.003563648189011559,GOLDILOCKS,NORMAL_TRENDING,GROWTH,1.18702525073912,1.18702525073912,"{'CRISIS': 0.22998125070052777, 'DEFENSIVE': 0.24677325408206166, 'GROWTH': 0.281789012469835, 'EUPHORIA': 0.24145648274757558}",0.7041915655136108,0.0,False,14.199999809265137,0.0,0.0,0.0
2025-12-30,3.8537078631803743,3.9565170563108136,4.47015795793352,0.007841468676449668,0.007841468676449668,0.007841468676449668,0.007793849628830621,-0.0012211468345215692,CAUTIOUS_BULL,EARLY_DD_UNCERTAINTY,GROWTH,1.1870488707768778,1.0683439836991901,"{'CRISIS': 0.23099983994901285, 'DEFENSIVE': 0.2464330178673002, 'GROWTH': 0.280440622822853, 'EUPHORIA': 0.24212651936083399}",0.7082910537719727,-7.212682376875169,False,14.329999923706055,0.0,0.47250782128295055,-0.0002112184597493811
2025-12-31,3.750663622695274,3.850723802253037,4.350417602349101,-0.02673898596975138,-0.02673898596975138,-0.02673898596975138,-0.026786605017370426,-0.007408955885817803,CAUTIOUS_BULL,EARLY_DD_UNCERTAINTY,GROWTH,1.1869514762720428,1.0682563286448385,"{'CRISIS': 0.23139051759395166, 'DEFENSIVE': 0.24630423837512352, 'GROWTH': 0.2800094434237742, 'EUPHORIA': 0.2422958006071506}",0.7089089751243591,-6.489511975857997,False,14.949999809265137,0.0,0.489297083913416,-0.00021286466466350097
2026-01-02,3.8344805808993034,3.9367768287189957,4.447430240427442,0.022347234152605103,0.022347234152605103,0.022347234152605103,0.022299615104986056,0.0018330596423725698,CAUTIOUS_BULL,EARLY_DD_UNCERTAINTY,GROWTH,1.1869466148171148,1.0682519533354033,"{'CRISIS': 0.23198753172385508, 'DEFENSIVE': 0.24614714126332604, 'GROWTH': 0.27916770582507044, 'EUPHORIA': 0.2426976211877484}",0.7099381685256958,-8.994340483542226,False,14.510000228881836,0.0,0.46580324315349897,-0.0002071627429690048
2026-01-05,3.9829778485610507,4.0892357055147,4.619453321372075,0.03872682740954717,0.03872682740954717,0.03872682740954717,0.038679208361928126,0.006660110816910869,CAUTIOUS_BULL,EARLY_DD_UNCERTAINTY,GROWTH,1.1869513665789218,1.0682562299210296,"{'CRISIS': 0.23191841194045054, 'DEFENSIVE': 0.24612993787594323, 'GROWTH': 0.2793177043231622, 'EUPHORIA': 0.24263394586044396}",0.7053196430206299,-6.964949303949799,False,14.899999618530273,0.0,0.4584576954625509,-0.00021178239240130677
2026-01-06,4.1223238056947915,4.232299133180078,4.7808466349936705,0.034985370853639806,0.034985370853639806,0.034985370853639806,0.03493775180602076,0.005947227112347964,CAUTIOUS_BULL,EARLY_DD_UNCERTAINTY,GROWTH,1.1869210019529126,1.0682289017576214,"{'CRISIS': 0.23136747341551167, 'DEFENSIVE': 0.24629137616086216, 'GROWTH': 0.28009745152276955, 'EUPHORIA': 0.24224369890085662}",0.7075961828231812,-3.3664271931147383,False,14.75,0.0,0.4601150893949891,-0.00021997396768438452
2026-01-07,4.030496535271342,4.138022095437781,4.674350367961438,-0.022275608310195063,-0.022275608310195063,-0.022275608310195063,-0.022275608310195063,-0.0032234001772446508,GOLDILOCKS,NORMAL_TRENDING,GROWTH,1.1866607970024958,1.1866607970024958,"{'CRISIS': 0.23058376187988763, 'DEFENSIVE': 0.24659716334511178, 'GROWTH': 0.28126693042169915, 'EUPHORIA': 0.2415521443533015}",0.70881587266922,0.0,False,15.380000114440918,0.0,0.0,0.0
2026-01-08,3.998713753461583,4.105391412783092,4.637490428609751,-0.007885574775123765,-0.007885574775123765,-0.007885574775123765,-0.007885574775123765,-0.00010152168346500012,GOLDILOCKS,NORMAL_TRENDING,GROWTH,1.1866066366896726,1.1866066366896726,"{'CRISIS': 0.23051434715980917, 'DEFENSIVE': 0.2466070280991518, 'GROWTH': 0.2814237051419657, 'EUPHORIA': 0.2414549195990734}",0.7084990739822388,-2.2275608310194976,False,15.449999809265137,0.0,0.0,0.0
2026-01-09,4.057043487564251,4.165277267150066,4.7051380773993925,0.014587124185164339,0.014587124185164339,0.014587124185164339,0.014587124185164339,0.006613388484590255,GOLDILOCKS,NORMAL_TRENDING,GROWTH,1.1867759116173893,1.1867759116173893,"{'CRISIS': 0.23063147326963962, 'DEFENSIVE': 0.24654775812710544, 'GROWTH': 0.28116175562325263, 'EUPHORIA': 0.24165901298000228}",0.7084704637527466,-2.998552711032726,False,14.489999771118164,0.0,0.0,0.0
2026-01-12,4.1629515957861605,4.274010791189374,4.827964533223117,0.026104750552105396,0.026104750552105396,0.026104750552105396,0.026104750552105396,0.0015703975230316747,GOLDILOCKS,NORMAL_TRENDING,GROWTH,1.1867207210088535,1.1867207210088535,"{'CRISIS': 0.23044077436435936, 'DEFENSIVE': 0.2466105009699547, 'GROWTH': 0.2814580196222017, 'EUPHORIA': 0.24149070504348424}",0.7073095440864563,-1.5835805532878844,False,15.119999885559082,0.0,0.0,0.0
2026-01-13,4.186319756748167,4.298002367796453,4.855065653602566,0.00561336360135924,0.00561336360135924,0.00561336360135924,0.00561336360135924,-0.001999473023445053,GOLDILOCKS,NORMAL_TRENDING,GROWTH,1.1864747015117578,1.1864747015117578,"{'CRISIS': 0.23006013752670695, 'DEFENSIVE': 0.24676285183821986, 'GROWTH': 0.2821196478640575, 'EUPHORIA': 0.24105736277101564}",0.7059128284454346,0.0,False,15.979999542236328,0.0,0.0,0.0
2026-01-14,4.292887204074004,4.407412820783985,4.9786567750093225,0.02545611742964788,0.02545611742964788,0.02545611742964788,0.02545611742964788,-0.004915222744839132,GOLDILOCKS,NORMAL_TRENDING,GROWTH,1.1861344624607975,1.1861344624607975,"{'CRISIS': 0.22989780755387926, 'DEFENSIVE': 0.2468727707075158, 'GROWTH': 0.28252674714699, 'EUPHORIA': 0.2407026745916149}",0.7103128433227539,0.0,False,16.75,0.0,0.0,0.0
2026-01-15,4.254585967838454,4.368089784419033,4.934237087230341,-0.008922022502524954,-0.008922022502524954,-0.008922022502524954,-0.008922022502524954,0.0027232240029890775,GOLDILOCKS,NORMAL_TRENDING,GROWTH,1.1861907792171424,1.1861907792171424,"{'CRISIS': 0.22981355991793145, 'DEFENSIVE': 0.2468952216361634, 'GROWTH': 0.2825987232122483, 'EUPHORIA': 0.24069249523365682}",0.7075183391571045,0.0,False,15.84000015258789,0.0,0.0,0.0
2026-01-16,4.187620849329962,4.299338170917622,4.856574589917294,-0.015739514729447197,-0.015739514729447197,-0.015739514729447197,-0.015739514729447197,-0.0008378844014015341,GOLDILOCKS,NORMAL_TRENDING,GROWTH,1.186225338481721,1.186225338481721,"{'CRISIS': 0.22993194695662578, 'DEFENSIVE': 0.24685364179228342, 'GROWTH': 0.28241871567363663, 'EUPHORIA': 0.2407956955774542}",0.7099433541297913,-0.8922022502525006,False,15.859999656677246,0.0,0.0,0.0
2026-01-20,4.262809599977802,4.376532806562726,4.943774407900423,0.01795500436957432,0.01795500436957432,0.01795500436957432,0.01795500436957432,-0.020356759970762806,GOLDILOCKS,NORMAL_TRENDING,GROWTH,1.1853599003201793,1.1853599003201793,"{'CRISIS': 0.23022596300379705, 'DEFENSIVE': 0.2468636843651256, 'GROWTH': 0.2825849839814404, 'EUPHORIA': 0.240325368649637}",0.7095925807952881,-2.4521108927377306,False,20.09000015258789,0.0,0.0,0.0
2026-01-21,4.308264026011019,4.423199865475911,4.996489975621297,0.01066302047209743,0.01066302047209743,0.01066302047209743,0.01066302047209743,0.011541083159159804,GOLDILOCKS,NORMAL_TRENDING,GROWTH,1.1857422524807935,1.1857422524807935,"{'CRISIS': 0.22992021077270353, 'DEFENSIVE': 0.24683841661981287, 'GROWTH': 0.28286691020134547, 'EUPHORIA': 0.2403744624061382}",0.6968066096305847,-0.7006381175740728,False,16.899999618530273,0.0,0.0,0.0
2026-01-22,4.433385739531552,4.551659575250142,5.1415993244363785,0.029042257569432448,0.029042257569432448,0.029042257569432448,0.029042257569432448,0.005223163010167564,GOLDILOCKS,NORMAL_TRENDING,GROWTH,1.1860126640942585,1.1860126640942585,"{'CRISIS': 0.22985537182234458, 'DEFENSIVE': 0.24687860012635882, 'GROWTH': 0.2826968147137515, 'EUPHORIA': 0.2405692133375451}",0.7093709707260132,0.0,False,15.640000343322754,0.0,0.0,0.0
2026-01-23,4.5823853341040595,4.7046341800306415,5.3144009392302785,0.033608533821884765,0.033608533821884765,0.033608533821884765,0.033608533821884765,0.00036285524556167736,GOLDILOCKS,NORMAL_TRENDING,GROWTH,1.1860696704765274,1.1860696704765274,"{'CRISIS': 0.2297911771333096, 'DEFENSIVE': 0.24690659890234293, 'GROWTH': 0.28272266826311665, 'EUPHORIA': 0.24057955570123088}",0.7082120776176453,0.0,False,16.09000015258789,0.0,0.0,0.0
2026-01-26,4.6019322816767625,4.724702600942648,5.3370704244362335,0.004265670856448045,0.004265670856448045,0.004265670856448045,0.004265670856448045,0.00507813081145958,GOLDILOCKS,NORMAL_TRENDING,GROWTH,1.1861460038652154,1.1861460038652154,"{'CRISIS': 0.22969701038076498, 'DEFENSIVE': 0.24690742154437567, 'GROWTH': 0.2828303936356565, 'EUPHORIA': 0.2405651744392029}",0.7032757997512817,0.0,False,16.149999618530273,0.0,0.0,0.0
2026-01-27,4.591124728337596,4.7136067237662935,5.324536412687158,-0.0023484816111263374,-0.0023484816111263374,-0.0023484816111263374,-0.0023484816111263374,0.003984250492172103,GOLDILOCKS,NORMAL_TRENDING,GROWTH,1.1860703625135156,1.1860703625135156,"{'CRISIS': 0.22971412592824067, 'DEFENSIVE': 0.2469306133580904, 'GROWTH': 0.28282532921998593, 'EUPHORIA': 0.24052993149368304}",0.7091363072395325,0.0,False,16.350000381469727,0.0,0.0,0.0
2026-01-28,4.774705401755521,4.9020849611871276,5.537443279330555,0.03998599129420692,0.03998599129420692,0.03998599129420692,0.03998599129420692,-0.0001006589961060067,GOLDILOCKS,NORMAL_TRENDING,GROWTH,1.186095342574183,1.186095342574183,"{'CRISIS': 0.22970678878484171, 'DEFENSIVE': 0.24691323232069626, 'GROWTH': 0.28284548390820213, 'EUPHORIA': 0.24053449498625995}",0.7049189805984497,-0.2348481611126405,False,16.350000381469727,0.0,0.0,0.0
