Date,NAV,Strategy_Return,SPY_Return,Regime,DDH_State,SMA_Lookback,Swarm_Alerts,VIX,Top1,Top2,Top3,EQUITY_Stressed,SPY_Weight,XLK_Weight,XLV_Weight,GLD_Weight,BIL_Weight,TLT_Weight,MTUM_Weight,EEM_Weight
2022-01-03,2.348015,0.006121,0.00579,RECOVERY_GROWTH,RECOVERY_ACCEL,100,0,16.6,XLE:0.23,XLF:0.17,EFA:0.12,False,0.0,0.0,0.0,0.0693,0.0,0.0603,0.0,0.0
2022-01-04,2.378278,0.012889,-0.000335,RECOVERY_GROWTH,RECOVERY_ACCEL,100,0,16.91,XLE:0.22,XLF:0.18,HYG:0.15,False,0.0,0.0,0.0,0.051,0.0,0.0,0.0,0.0
2022-01-05,2.34106,-0.015649,-0.019202,GOLDILOCKS,NORMAL_TRENDING,100,0,19.73,XLK:0.23,XLE:0.22,EFA:0.15,False,0.0,0.2305,0.0,0.0231,0.0,0.0,0.0,0.0
2022-01-06,2.348247,0.00307,-0.000939,GOLDILOCKS,NORMAL_TRENDING,100,0,19.61,XLK:0.25,XLE:0.25,EFA:0.17,False,0.0,0.2511,0.0,0.0253,0.0,0.0,0.0,0.0
2022-01-07,2.347831,-0.000177,-0.003953,GOLDILOCKS,NORMAL_TRENDING,100,0,18.76,XLE:0.26,XLK:0.24,EFA:0.17,False,0.0,0.2437,0.0,0.0,0.0,0.0,0.0,0.0
2022-01-10,2.340049,-0.003315,-0.001244,GOLDILOCKS,NORMAL_TRENDING,100,0,19.4,XLK:0.25,XLE:0.25,EFA:0.17,False,0.0,0.2506,0.0,0.0243,0.0,0.0,0.0,0.0
2022-01-11,2.377649,0.016068,0.009108,GOLDILOCKS,NORMAL_TRENDING,100,0,18.41,XLK:0.33,USMV:0.29,XLE:0.27,False,0.0,0.3282,0.0,0.0304,0.0,0.0,0.0,0.0
2022-01-12,2.391091,0.005654,0.002704,GOLDILOCKS,NORMAL_TRENDING,100,0,17.62,XLK:0.27,XLE:0.23,IWF:0.14,False,0.0,0.2692,0.0,0.0246,0.0,0.0,0.0,0.0857
2022-01-13,2.355853,-0.014738,-0.013778,GOLDILOCKS,NORMAL_TRENDING,100,0,20.31,XLK:0.25,XLF:0.20,IWF:0.12,False,0.0,0.2523,0.0,0.0227,0.0,0.0,0.0,0.0767
2022-01-14,2.372313,0.006987,0.000409,GOLDILOCKS,NORMAL_TRENDING,100,0,19.19,XLK:0.28,USMV:0.24,XLE:0.22,False,0.0,0.2769,0.0,0.0258,0.0,0.0,0.0,0.0852
2022-01-18,2.333221,-0.016478,-0.017709,GOLDILOCKS,NORMAL_TRENDING,100,0,22.79,XLK:0.27,USMV:0.24,XLF:0.23,False,0.0,0.2664,0.0,0.0237,0.0,0.0,0.0,0.0833
2022-01-19,2.313083,-0.008631,-0.010384,GOLDILOCKS,NORMAL_TRENDING,100,0,23.85,XLF:0.45,XLE:0.40,DJP:0.11,False,0.0,0.0,0.0,0.0401,0.0,0.0,0.0,0.0
2022-01-20,2.298021,-0.006512,-0.011068,GOLDILOCKS,NORMAL_TRENDING,100,0,25.59,XLF:0.44,XLE:0.41,DJP:0.11,False,0.0,0.0,0.0,0.0422,0.0,0.0,0.0,0.0
2022-01-21,2.25756,-0.017607,-0.019631,GOLDILOCKS,NORMAL_TRENDING,100,0,28.85,XLF:0.44,XLE:0.41,DJP:0.11,False,0.0,0.0,0.0,0.0399,0.0,0.0,0.0,0.0
2022-01-24,2.258181,0.000275,0.004247,CAUTIOUS_BULL,EARLY_DD_UNCERTAINTY,100,0,29.9,XLE:0.40,DJP:0.27,XLU:0.23,False,0.0,0.0,0.0,0.1006,0.0,0.0,0.0,0.0
2022-01-25,2.291944,0.014951,-0.012209,CAUTIOUS_BULL,EARLY_DD_UNCERTAINTY,100,0,31.16,XLE:0.41,DJP:0.27,XLU:0.22,False,0.0,0.0,0.0,0.1049,0.0,0.0,0.0,0.0
2022-01-26,2.288597,-0.00146,-0.002509,CAUTIOUS_BULL,EARLY_DD_UNCERTAINTY,100,0,31.96,XLE:0.62,DJP:0.27,GLD:0.11,False,0.0,0.0,0.0,0.1062,0.0,0.0,0.0,0.0
2022-01-27,2.304206,0.00682,-0.004938,CAUTIOUS_BULL,EARLY_DD_UNCERTAINTY,100,0,30.49,XLE:0.62,DJP:0.27,GLD:0.10,False,0.0,0.0,0.0,0.1016,0.0,0.0,0.0,0.0
2022-01-28,2.30559,0.000601,0.024835,CAUTIOUS_BULL,EARLY_DD_UNCERTAINTY,100,0,27.66,XLE:0.62,DJP:0.38,SPY:0.00,False,0.0,0.0,0.0,0.0,0.0,0.0,0.0,0.0
2022-01-31,2.326031,0.008866,0.018011,CAUTIOUS_BULL,EARLY_DD_UNCERTAINTY,100,0,24.83,XLE:0.41,DJP:0.38,XLU:0.21,False,0.0,0.0,0.0,0.0,0.0,0.0,0.0,0.0
2022-02-01,2.36976,0.0188,0.006757,CAUTIOUS_BULL,EARLY_DD_UNCERTAINTY,100,0,21.96,XLE:0.33,XLF:0.29,DJP:0.27,False,0.0,0.0,0.0,0.1035,0.0,0.0,0.0,0.0
2022-02-02,2.383296,0.005712,0.009714,GOLDILOCKS,NORMAL_TRENDING,100,0,22.09,XLE:0.43,XLF:0.41,DJP:0.11,False,0.0,0.0,0.0,0.0417,0.0,0.0,0.0,0.0
2022-02-03,2.358973,-0.010206,-0.023505,GOLDILOCKS,NORMAL_TRENDING,100,0,24.35,XLE:0.35,USMV:0.29,XLF:0.25,False,0.0,0.0,0.0,0.0291,0.0,0.0,0.0,0.0
2022-02-04,2.391885,0.013952,0.004702,GOLDILOCKS,NORMAL_TRENDING,100,0,23.22,XLE:0.47,XLF:0.38,DJP:0.11,False,0.0,0.0,0.0,0.0411,0.0,0.0,0.0,0.0
2022-02-07,2.409263,0.007265,-0.003209,GOLDILOCKS,NORMAL_TRENDING,100,0,22.86,XLE:0.45,XLF:0.40,DJP:0.11,False,0.0,0.0,0.0,0.0406,0.0,0.0,0.0,0.0
2022-02-08,2.399168,-0.00419,0.008228,GOLDILOCKS,NORMAL_TRENDING,100,0,21.44,XLE:0.44,XLF:0.41,DJP:0.11,False,0.0,0.0,0.0,0.0442,0.0,0.0,0.0,0.0
2022-02-09,2.416993,0.007429,0.014636,GOLDILOCKS,NORMAL_TRENDING,100,0,19.96,XLE:0.44,XLF:0.41,DJP:0.11,False,0.0,0.0,0.0,0.0449,0.0,0.0,0.0,0.0
2022-02-10,2.398176,-0.007785,-0.017966,GOLDILOCKS,NORMAL_TRENDING,100,0,23.91,XLE:0.38,XLF:0.28,EEM:0.11,False,0.0,0.0,0.0,0.0353,0.0,0.0,0.0,0.1145
2022-02-11,2.416623,0.007692,-0.019719,GOLDILOCKS,NORMAL_TRENDING,100,0,27.36,XLF:0.45,XLE:0.40,DJP:0.11,False,0.0,0.0,0.0,0.0398,0.0,0.0,0.0,0.0
2022-02-14,2.383507,-0.013703,-0.003269,GOLDILOCKS,NORMAL_TRENDING,100,0,28.33,XLF:0.44,XLE:0.41,DJP:0.10,False,0.0,0.0,0.0,0.0468,0.0,0.0,0.0,0.0
2022-02-15,2.383542,1.4e-05,0.016127,GOLDILOCKS,NORMAL_TRENDING,100,0,25.7,XLF:0.44,XLE:0.41,DJP:0.10,False,0.0,0.0,0.0,0.0467,0.0,0.0,0.0,0.0
2022-02-16,2.395984,0.00522,0.001121,GOLDILOCKS,NORMAL_TRENDING,100,0,24.29,XLE:0.44,XLF:0.41,DJP:0.10,False,0.0,0.0,0.0,0.0462,0.0,0.0,0.0,0.0
2022-02-17,2.37238,-0.009851,-0.021361,GOLDILOCKS,NORMAL_TRENDING,100,0,28.11,XLE:0.35,XLF:0.31,EEM:0.22,False,0.0,0.0,0.0,0.0349,0.0,0.0,0.0,0.2206
2022-02-18,2.360569,-0.004978,-0.006475,GOLDILOCKS,NORMAL_TRENDING,100,0,27.75,XLE:0.85,DJP:0.11,GLD:0.04,False,0.0,0.0,0.0,0.0438,0.0,0.0,0.0,0.0
2022-02-22,2.332513,-0.011885,-0.010732,GOLDILOCKS,NORMAL_TRENDING,100,0,28.81,XLE:0.85,DJP:0.11,GLD:0.04,False,0.0,0.0,0.0,0.0425,0.0,0.0,0.0,0.0
2022-02-23,2.355635,0.009913,-0.017739,GOLDILOCKS,NORMAL_TRENDING,100,0,31.02,XLE:0.85,DJP:0.11,GLD:0.04,False,0.0,0.0,0.0,0.0435,0.0,0.0,0.0,0.0
2022-02-24,2.34214,-0.005729,0.015049,GOLDILOCKS,NORMAL_TRENDING,100,0,30.32,XLE:0.85,DJP:0.11,GLD:0.04,False,0.0,0.0,0.0,0.044,0.0,0.0,0.0,0.0
2022-02-25,2.388013,0.019586,0.022064,GOLDILOCKS,NORMAL_TRENDING,100,0,27.59,XLE:0.85,DJP:0.11,GLD:0.04,False,0.0,0.0,0.0,0.043,0.0,0.0,0.0,0.0
2022-02-28,2.418104,0.012601,-0.002559,GOLDILOCKS,NORMAL_TRENDING,100,3,30.15,XLU:0.58,XLE:0.27,DJP:0.11,True,0.0,0.0,0.0,0.0414,0.0,0.0,0.0,0.0
2022-03-01,2.440189,0.009133,-0.01523,GOLDILOCKS,NORMAL_TRENDING,100,0,33.32,XLE:0.56,XLU:0.29,DJP:0.11,False,0.0,0.0,0.0,0.0416,0.0,0.0,0.0,0.0
2022-03-02,2.493988,0.022047,0.018396,GOLDILOCKS,NORMAL_TRENDING,100,0,30.74,XLE:0.85,DJP:0.11,GLD:0.04,False,0.0,0.0,0.0,0.0402,0.0,0.0,0.0,0.0
2022-03-03,2.515701,0.008706,-0.004978,GOLDILOCKS,NORMAL_TRENDING,100,0,30.48,XLE:0.54,XLU:0.31,DJP:0.11,False,0.0,0.0,0.0,0.0395,0.0,0.0,0.0,0.0
2022-03-04,2.580314,0.025684,-0.008125,GOLDILOCKS,NORMAL_TRENDING,100,1,31.98,XLE:0.53,XLU:0.32,DJP:0.11,False,0.0,0.0,0.0,0.0388,0.0,0.0,0.0,0.0
2022-03-07,2.605225,0.009655,-0.029479,CRISIS_MODE,FAST_SHOCK,100,5,36.45,BIL:0.62,DJP:0.20,GLD:0.12,True,0.0,0.0,0.0301,0.123,0.6237,0.0,0.0,0.0
2022-03-08,2.620764,0.005965,-0.007582,CRISIS_MODE,FAST_SHOCK,100,0,35.13,BIL:0.62,DJP:0.20,GLD:0.12,False,0.0,0.0,0.0,0.1198,0.6237,0.0,0.0,0.0
2022-03-09,2.530319,-0.034511,0.026811,RECOVERY_GROWTH,RECOVERY_ACCEL,100,0,32.45,XLE:0.58,DJP:0.17,XLU:0.17,False,0.0,0.0,0.0,0.0725,0.0,0.0,0.0,0.0
2022-03-10,2.572915,0.016834,-0.004515,RECOVERY_GROWTH,RECOVERY_ACCEL,100,0,30.23,XLE:0.58,XLU:0.18,DJP:0.17,False,0.0,0.0,0.0,0.0788,0.0,0.0,0.0,0.0
2022-03-11,2.564019,-0.003458,-0.012715,RECOVERY_GROWTH,RECOVERY_ACCEL,100,3,30.75,XLE:0.58,XLU:0.17,DJP:0.15,False,0.0,0.0,0.0,0.0942,0.0,0.0,0.0,0.0
2022-03-14,2.502917,-0.02383,-0.007309,RECOVERY_GROWTH,RECOVERY_ACCEL,100,0,31.77,XLE:0.59,DJP:0.17,XLU:0.17,False,0.0,0.0,0.0,0.0774,0.0,0.0,0.0,0.0
2022-03-15,2.475892,-0.010797,0.021991,RECOVERY_GROWTH,RECOVERY_ACCEL,100,2,29.83,XLU:0.45,XLE:0.30,DJP:0.15,True,0.0,0.0,0.0,0.0967,0.0,0.0,0.0,0.0
2022-03-16,2.469572,-0.002553,0.022174,RECOVERY_GROWTH,RECOVERY_ACCEL,100,1,26.67,XLE:0.60,DJP:0.17,XLU:0.16,False,0.0,0.0,0.0,0.0773,0.0,0.0,0.0,0.0
2022-03-17,2.542255,0.029431,0.012511,RECOVERY_GROWTH,RECOVERY_ACCEL,100,0,25.67,XLE:0.61,DJP:0.17,XLV:0.14,False,0.0,0.0,0.1435,0.0754,0.0,0.0,0.0,0.0
2022-03-18,2.542051,-8e-05,0.010953,RECOVERY_GROWTH,RECOVERY_ACCEL,100,0,23.87,XLE:0.62,DJP:0.17,XLV:0.14,False,0.0,0.0,0.1394,0.0776,0.0,0.0,0.0,0.0
2022-03-21,2.62075,0.030959,-0.000293,RECOVERY_GROWTH,RECOVERY_ACCEL,100,0,23.53,XLE:0.62,DJP:0.17,XLV:0.13,False,0.0,0.0,0.131,0.0787,0.0,0.0,0.0,0.0
2022-03-22,2.606878,-0.005293,0.011702,GOLDILOCKS,NORMAL_TRENDING,100,0,22.94,XLE:0.65,XLV:0.20,DJP:0.11,False,0.0,0.0,0.2012,0.037,0.0,0.0,0.0,0.0
2022-03-23,2.610553,0.00141,-0.012879,GOLDILOCKS,NORMAL_TRENDING,100,0,23.57,XLE:0.38,USMV:0.29,XLF:0.22,False,0.0,0.0,0.0,0.025,0.0,0.0,0.0,0.0
2022-03-24,2.623565,0.004984,0.015075,GOLDILOCKS,NORMAL_TRENDING,100,0,21.67,XLE:0.63,XLV:0.21,DJP:0.12,False,0.0,0.0,0.2145,0.0345,0.0,0.0,0.0,0.0
2022-03-25,2.665439,0.015961,0.004884,GOLDILOCKS,NORMAL_TRENDING,100,0,20.81,XLE:0.55,XLF:0.30,DJP:0.12,False,0.0,0.0,0.0,0.0336,0.0,0.0,0.0,0.0
2022-03-28,2.633826,-0.01186,0.007113,GOLDILOCKS,NORMAL_TRENDING,100,0,19.63,XLE:0.40,USMV:0.29,XLF:0.20,False,0.0,0.0,0.0,0.0256,0.0,0.0,0.0,0.0
2022-03-29,2.639135,0.002016,0.012371,GOLDILOCKS,NORMAL_TRENDING,100,0,18.9,XLE:0.41,USMV:0.29,XLF:0.19,False,0.0,0.0,0.0,0.0263,0.0,0.0,0.0,0.0
2022-03-30,2.640352,0.000461,-0.006175,GOLDILOCKS,NORMAL_TRENDING,100,0,19.33,XLE:0.40,XLK:0.20,IWF:0.16,False,0.0,0.2005,0.0,0.0261,0.0,0.0,0.1379,0.0
2022-03-31,2.603797,-0.013845,-0.015392,GOLDILOCKS,NORMAL_TRENDING,100,0,20.56,XLE:0.41,USMV:0.29,XLF:0.19,False,0.0,0.0,0.0,0.0241,0.0,0.0,0.0,0.0
2022-04-01,2.61904,0.005854,0.002834,GOLDILOCKS,NORMAL_TRENDING,100,0,19.63,XLE:0.43,USMV:0.29,SPY:0.17,False,0.1654,0.0,0.0,0.0247,0.0,0.0,0.0,0.0
2022-04-04,2.628427,0.003584,0.008567,GOLDILOCKS,NORMAL_TRENDING,100,0,18.57,XLE:0.44,USMV:0.29,SPY:0.16,False,0.1615,0.0,0.0,0.0255,0.0,0.0,0.0,0.0
2022-04-05,2.59845,-0.011405,-0.012631,GOLDILOCKS,NORMAL_TRENDING,100,0,21.03,XLE:0.41,USMV:0.29,XLK:0.19,False,0.0,0.1902,0.0,0.0262,0.0,0.0,0.0,0.0
2022-04-06,2.613542,0.005808,-0.009999,GOLDILOCKS,NORMAL_TRENDING,100,0,22.1,XLE:0.45,USMV:0.29,XLV:0.15,False,0.0,0.0,0.1474,0.0272,0.0,0.0,0.0,0.0
2022-04-07,2.643189,0.011344,0.005039,GOLDILOCKS,NORMAL_TRENDING,100,0,21.55,XLE:0.46,USMV:0.29,XLV:0.14,False,0.0,0.0,0.1397,0.0276,0.0,0.0,0.0,0.0
2022-04-08,2.683577,0.01528,-0.002674,GOLDILOCKS,NORMAL_TRENDING,100,0,21.16,XLE:0.46,USMV:0.29,XLV:0.14,False,0.0,0.0,0.1358,0.029,0.0,0.0,0.0,0.0
2022-04-11,2.62922,-0.020256,-0.017092,GOLDILOCKS,NORMAL_TRENDING,100,0,24.37,XLE:0.46,USMV:0.29,XLV:0.14,False,0.0,0.0,0.1355,0.0289,0.0,0.0,0.0,0.0
2022-04-12,2.646523,0.006581,-0.003705,GOLDILOCKS,NORMAL_TRENDING,100,0,24.26,XLE:0.46,USMV:0.29,XLV:0.14,False,0.0,0.0,0.1406,0.0294,0.0,0.0,0.0,0.0
2022-04-13,2.677296,0.011628,0.011453,GOLDILOCKS,NORMAL_TRENDING,100,0,21.82,XLE:0.46,USMV:0.29,XLV:0.14,False,0.0,0.0,0.1383,0.0285,0.0,0.0,0.0,0.0
2022-04-14,2.675964,-0.000497,-0.012452,GOLDILOCKS,NORMAL_TRENDING,100,0,22.7,XLE:0.47,USMV:0.29,XLV:0.13,False,0.0,0.0,0.1338,0.0274,0.0,0.0,0.0,0.0
2022-04-18,2.68989,0.005204,0.000411,GOLDILOCKS,NORMAL_TRENDING,100,0,22.17,XLE:0.47,USMV:0.29,XLV:0.13,False,0.0,0.0,0.1333,0.027,0.0,0.0,0.0,0.0
2022-04-19,2.684542,-0.001988,0.016143,GOLDILOCKS,NORMAL_TRENDING,100,0,21.37,XLE:0.47,USMV:0.29,XLV:0.13,False,0.0,0.0,0.1277,0.0265,0.0,0.0,0.0,0.0
2022-04-20,2.696937,0.004617,-0.000742,GOLDILOCKS,NORMAL_TRENDING,100,2,20.32,XLE:0.34,USMV:0.29,XLU:0.26,True,0.0,0.0,0.0,0.0266,0.0,0.0,0.0,0.0
2022-04-21,2.645157,-0.019199,-0.014954,GOLDILOCKS,NORMAL_TRENDING,100,0,22.68,XLE:0.47,USMV:0.29,XLV:0.13,False,0.0,0.0,0.1262,0.0274,0.0,0.0,0.0,0.0
2022-04-22,2.578002,-0.025388,-0.027439,GOLDILOCKS,NORMAL_TRENDING,100,0,28.21,XLE:0.47,USMV:0.29,XLV:0.13,False,0.0,0.0,0.1284,0.0272,0.0,0.0,0.0,0.0
2022-04-25,2.52597,-0.020183,0.005798,CAUTIOUS_BULL,EARLY_DD_UNCERTAINTY,100,0,27.02,XLE:0.46,DJP:0.28,XLU:0.17,False,0.0,0.0,0.0,0.0977,0.0,0.0,0.0,0.0
2022-04-26,2.529342,0.001335,-0.028961,CRISIS_MODE,FAST_SHOCK,100,0,33.52,BIL:0.62,DJP:0.18,GLD:0.14,False,0.0,0.0,0.0,0.1381,0.6237,0.0,0.0,0.0
2022-04-27,2.553347,0.009491,0.002812,RECOVERY_GROWTH,RECOVERY_ACCEL,100,0,31.6,XLE:0.62,DJP:0.17,XLU:0.14,False,0.0,0.0,0.0,0.08,0.0,0.0,0.0,0.0
2022-04-28,2.608828,0.021729,0.025259,RECOVERY_GROWTH,RECOVERY_ACCEL,100,1,29.99,XLE:0.62,DJP:0.17,XLU:0.14,False,0.0,0.0,0.0,0.0794,0.0,0.0,0.0,0.0
2022-04-29,2.552235,-0.021693,-0.036956,RECOVERY_GROWTH,RECOVERY_ACCEL,100,0,33.4,XLE:0.63,DJP:0.16,XLU:0.13,False,0.0,0.0,0.0,0.0822,0.0,0.0,0.0,0.0
2022-05-02,2.571068,0.007379,0.006019,RECOVERY_GROWTH,RECOVERY_ACCEL,100,0,32.34,XLE:0.62,DJP:0.16,XLU:0.13,False,0.0,0.0,0.0,0.0818,0.0,0.0,0.0,0.0
2022-05-03,2.616872,0.017815,0.004584,RECOVERY_GROWTH,RECOVERY_ACCEL,100,0,29.25,XLE:0.62,DJP:0.18,XLU:0.13,False,0.0,0.0,0.0,0.0,0.0,0.0,0.0,0.0
2022-05-04,2.710776,0.035884,0.030453,RECOVERY_GROWTH,RECOVERY_ACCEL,100,0,25.42,XLE:0.62,DJP:0.18,XLU:0.14,False,0.0,0.0,0.0,0.0,0.0,0.0,0.0,0.0
2022-05-05,2.679366,-0.011587,-0.035543,GOLDILOCKS,NORMAL_TRENDING,100,0,31.2,XLE:0.60,XLU:0.25,DJP:0.11,False,0.0,0.0,0.0,0.0373,0.0,0.0,0.0,0.0
2022-05-06,2.72673,0.017677,-0.005969,GOLDILOCKS,NORMAL_TRENDING,100,0,30.19,XLE:0.60,XLU:0.25,DJP:0.12,False,0.0,0.0,0.0,0.0,0.0,0.0,0.0,0.0
2022-05-09,2.563494,-0.059865,-0.032017,GOLDILOCKS,NORMAL_TRENDING,100,0,34.75,XLE:0.60,XLU:0.25,DJP:0.15,False,0.0,0.0,0.0,0.0,0.0,0.0,0.0,0.0
2022-05-10,2.564862,0.000534,0.002311,CAUTIOUS_BULL,EARLY_DD_UNCERTAINTY,100,0,32.99,XLE:0.45,DJP:0.38,XLU:0.18,False,0.0,0.0,0.0,0.0,0.0,0.0,0.0,0.0
2022-05-11,2.617145,0.020384,-0.015886,CAUTIOUS_BULL,EARLY_DD_UNCERTAINTY,100,0,32.56,XLE:0.44,DJP:0.38,XLU:0.18,False,0.0,0.0,0.0,0.0,0.0,0.0,0.0,0.0
2022-05-12,2.609911,-0.002764,-0.001044,CAUTIOUS_BULL,EARLY_DD_UNCERTAINTY,100,0,31.77,XLE:0.45,DJP:0.38,XLU:0.18,False,0.0,0.0,0.0,0.0,0.0,0.0,0.0,0.0
2022-05-13,2.671189,0.023479,0.023908,CAUTIOUS_BULL,EARLY_DD_UNCERTAINTY,100,0,28.87,XLE:0.44,DJP:0.38,XLU:0.18,False,0.0,0.0,0.0,0.0,0.0,0.0,0.0,0.0
2022-05-16,2.723104,0.019435,-0.004057,CAUTIOUS_BULL,EARLY_DD_UNCERTAINTY,100,0,27.47,XLE:0.44,DJP:0.38,XLU:0.19,False,0.0,0.0,0.0,0.0,0.0,0.0,0.0,0.0
2022-05-17,2.749559,0.009715,0.02057,GOLDILOCKS,NORMAL_TRENDING,100,0,26.1,XLE:0.60,XLU:0.25,DJP:0.15,False,0.0,0.0,0.0,0.0,0.0,0.0,0.0,0.0
2022-05-18,2.693158,-0.020513,-0.040312,GOLDILOCKS,NORMAL_TRENDING,100,0,30.96,XLE:0.61,XLU:0.24,DJP:0.15,False,0.0,0.0,0.0,0.0,0.0,0.0,0.0,0.0
2022-05-19,2.690633,-0.000938,-0.006124,GOLDILOCKS,NORMAL_TRENDING,100,0,29.35,XLE:0.61,XLU:0.24,DJP:0.15,False,0.0,0.0,0.0,0.0,0.0,0.0,0.0,0.0
2022-05-20,2.697217,0.002447,0.000437,GOLDILOCKS,NORMAL_TRENDING,100,2,29.43,XLU:0.54,XLE:0.31,DJP:0.15,True,0.0,0.0,0.0,0.0,0.0,0.0,0.0,0.0
2022-05-23,2.755457,0.021592,0.01871,GOLDILOCKS,NORMAL_TRENDING,100,0,28.48,XLE:0.60,XLU:0.25,DJP:0.15,False,0.0,0.0,0.0,0.0,0.0,0.0,0.0,0.0
2022-05-24,2.77382,0.006664,-0.007634,GOLDILOCKS,NORMAL_TRENDING,100,0,29.45,XLE:0.60,XLU:0.25,DJP:0.15,False,0.0,0.0,0.0,0.0,0.0,0.0,0.0,0.0
2022-05-25,2.808832,0.012623,0.008835,GOLDILOCKS,NORMAL_TRENDING,100,0,28.37,XLE:0.60,XLU:0.25,DJP:0.15,False,0.0,0.0,0.0,0.0,0.0,0.0,0.0,0.0
2022-05-26,2.831884,0.008207,0.019982,GOLDILOCKS,NORMAL_TRENDING,100,0,27.5,XLE:0.60,XLU:0.24,DJP:0.15,False,0.0,0.0,0.0,0.0,0.0,0.0,0.0,0.0
2022-05-27,2.87801,0.016288,0.024549,GOLDILOCKS,NORMAL_TRENDING,100,0,25.72,XLE:0.61,XLU:0.24,DJP:0.15,False,0.0,0.0,0.0,0.0,0.0,0.0,0.0,0.0
2022-05-31,2.83374,-0.015382,-0.005611,GOLDILOCKS,NORMAL_TRENDING,100,0,26.19,XLE:0.65,XLV:0.20,DJP:0.15,False,0.0,0.0,0.2017,0.0,0.0,0.0,0.0,0.0
2022-06-01,2.865373,0.011163,-0.008088,GOLDILOCKS,NORMAL_TRENDING,100,0,25.69,XLE:0.60,XLU:0.25,DJP:0.15,False,0.0,0.0,0.0,0.0,0.0,0.0,0.0,0.0
2022-06-02,2.869788,0.001541,0.019044,GOLDILOCKS,NORMAL_TRENDING,100,3,24.72,XLE:0.60,XLU:0.25,DJP:0.15,False,0.0,0.0,0.0,0.0,0.0,0.0,0.0,0.0
2022-06-03,2.890566,0.00724,-0.016411,GOLDILOCKS,NORMAL_TRENDING,100,1,24.79,XLE:0.60,XLU:0.25,DJP:0.15,False,0.0,0.0,0.0,0.0,0.0,0.0,0.0,0.0
2022-06-06,2.896642,0.002102,0.003045,GOLDILOCKS,NORMAL_TRENDING,100,0,25.07,XLE:0.60,XLU:0.25,DJP:0.15,False,0.0,0.0,0.0,0.0,0.0,0.0,0.0,0.0
2022-06-07,2.955551,0.020337,0.009592,GOLDILOCKS,NORMAL_TRENDING,100,0,24.02,XLE:0.61,XLU:0.24,DJP:0.15,False,0.0,0.0,0.0,0.0,0.0,0.0,0.0,0.0
2022-06-08,2.942713,-0.004344,-0.010872,GOLDILOCKS,NORMAL_TRENDING,100,0,23.96,XLE:0.60,XLU:0.25,DJP:0.15,False,0.0,0.0,0.0,0.0,0.0,0.0,0.0,0.0
2022-06-09,2.887401,-0.018796,-0.023783,GOLDILOCKS,NORMAL_TRENDING,100,0,26.09,XLE:0.61,XLU:0.24,DJP:0.15,False,0.0,0.0,0.0,0.0,0.0,0.0,0.0,0.0
2022-06-10,2.849475,-0.013135,-0.028996,GOLDILOCKS,NORMAL_TRENDING,100,0,27.75,XLE:0.60,XLU:0.25,DJP:0.15,False,0.0,0.0,0.0,0.0,0.0,0.0,0.0,0.0
2022-06-13,2.820677,-0.010107,-0.037968,CRISIS_MODE,FAST_SHOCK,100,1,34.02,BIL:0.62,DJP:0.32,XLU:0.03,False,0.0,0.0,0.0,0.0,0.6237,0.0,0.0,0.0
2022-06-14,2.801474,-0.006808,-0.003014,RECOVERY_GROWTH,RECOVERY_ACCEL,100,0,32.69,XLE:0.75,DJP:0.25,SPY:0.00,False,0.0,0.0,0.0,0.0,0.0,0.0,0.0,0.0
2022-06-15,2.764243,-0.01329,0.014256,RECOVERY_GROWTH,RECOVERY_ACCEL,100,0,29.62,XLE:0.75,DJP:0.25,SPY:0.00,False,0.0,0.0,0.0,0.0,0.0,0.0,0.0,0.0
2022-06-16,2.645349,-0.043011,-0.033096,RECOVERY_GROWTH,RECOVERY_ACCEL,100,0,32.95,XLE:0.75,DJP:0.25,SPY:0.00,False,0.0,0.0,0.0,0.0,0.0,0.0,0.0,0.0
2022-06-17,2.612656,-0.012359,0.002156,CRISIS_MODE,FAST_SHOCK,100,0,31.13,BIL:0.62,DJP:0.32,XLE:0.05,False,0.0,0.0,0.0,0.0,0.6237,0.0,0.0,0.0
2022-06-21,2.607621,-0.001927,0.025174,CRISIS_MODE,FAST_SHOCK,100,0,30.19,BIL:0.66,DJP:0.34,SPY:0.00,False,0.0,0.0,0.0,0.0,0.6591,0.0,0.0,0.0
2022-06-22,2.588994,-0.007143,-0.001813,CRISIS_MODE,FAST_SHOCK,100,0,28.95,BIL:0.62,DJP:0.32,XLE:0.05,False,0.0,0.0,0.0,0.0,0.6237,0.0,0.0,0.0
2022-06-23,2.588994,0.0,0.009803,CRISIS_MODE,FAST_SHOCK,100,0,29.05,BIL:1.00,SPY:0.00,XLK:0.00,False,0.0,0.0,0.0,0.0,1.0,0.0,0.0,0.0
2022-06-24,2.588428,-0.000219,0.031794,CRISIS_MODE,FAST_SHOCK,100,0,27.23,BIL:1.00,SPY:0.00,XLK:0.00,False,0.0,0.0,0.0,0.0,1.0,0.0,0.0,0.0
2022-06-27,2.588428,0.0,-0.00382,CRISIS_MODE,FAST_SHOCK,100,0,26.95,BIL:1.00,SPY:0.00,XLK:0.00,False,0.0,0.0,0.0,0.0,1.0,0.0,0.0,0.0
2022-06-28,2.566268,-0.008561,-0.020433,RECOVERY_GROWTH,RECOVERY_ACCEL,100,0,28.36,SPY:0.05,XLK:0.05,XLV:0.05,False,0.0476,0.0476,0.0476,0.0476,0.0476,0.0476,0.0476,0.0476
2022-06-29,2.566549,0.000109,-0.000814,CRISIS_MODE,FAST_SHOCK,100,3,28.16,BIL:1.00,SPY:0.00,XLK:0.00,True,0.0,0.0,0.0,0.0,1.0,0.0,0.0,0.0
2022-06-30,2.566828,0.000109,-0.008124,CRISIS_MODE,FAST_SHOCK,100,0,28.71,BIL:1.00,SPY:0.00,XLK:0.00,False,0.0,0.0,0.0,0.0,1.0,0.0,0.0,0.0
2022-07-01,2.566632,-7.6e-05,0.010577,CRISIS_MODE,FAST_SHOCK,100,0,26.7,BIL:1.00,SPY:0.00,XLK:0.00,False,0.0,0.0,0.0,0.0,1.0,0.0,0.0,0.0
2022-07-05,2.559686,-0.002706,0.001889,CRISIS_MODE,FAST_SHOCK,100,0,27.54,BIL:0.92,XLU:0.08,SPY:0.00,False,0.0,0.0,0.0,0.0,0.9206,0.0,0.0,0.0
2022-07-06,2.559686,0.0,0.003377,CRISIS_MODE,FAST_SHOCK,100,0,26.73,BIL:1.00,SPY:0.00,XLK:0.00,False,0.0,0.0,0.0,0.0,1.0,0.0,0.0,0.0
2022-07-07,2.559686,0.0,0.014977,CRISIS_MODE,FAST_SHOCK,100,0,26.08,BIL:1.00,SPY:0.00,XLK:0.00,False,0.0,0.0,0.0,0.0,1.0,0.0,0.0,0.0
2022-07-08,2.559216,-0.000184,-0.000823,RECOVERY_GROWTH,RECOVERY_ACCEL,100,0,24.64,SPY:0.05,XLK:0.05,XLV:0.05,False,0.0476,0.0476,0.0476,0.0476,0.0476,0.0476,0.0476,0.0476
2022-07-11,2.542507,-0.006529,-0.011423,CAUTIOUS_BULL,EARLY_DD_UNCERTAINTY,100,0,26.17,SPY:0.05,XLK:0.05,XLV:0.05,False,0.0476,0.0476,0.0476,0.0476,0.0476,0.0476,0.0476,0.0476
2022-07-12,2.521759,-0.008161,-0.008849,CAUTIOUS_BULL,EARLY_DD_UNCERTAINTY,100,0,27.29,SPY:0.05,XLK:0.05,XLV:0.05,False,0.0476,0.0476,0.0476,0.0476,0.0476,0.0476,0.0476,0.0476
2022-07-13,2.523572,0.000719,-0.005251,CAUTIOUS_BULL,EARLY_DD_UNCERTAINTY,100,0,26.82,SPY:0.05,XLK:0.05,XLV:0.05,False,0.0476,0.0476,0.0476,0.0476,0.0476,0.0476,0.0476,0.0476
2022-07-14,2.500348,-0.009203,-0.002429,CAUTIOUS_BULL,EARLY_DD_UNCERTAINTY,100,0,26.4,SPY:0.05,XLK:0.05,XLV:0.05,False,0.0476,0.0476,0.0476,0.0476,0.0476,0.0476,0.0476,0.0476
2022-07-15,2.530114,0.011905,0.019105,CAUTIOUS_BULL,EARLY_DD_UNCERTAINTY,100,0,24.23,SPY:0.05,XLK:0.05,XLV:0.05,False,0.0476,0.0476,0.0476,0.0476,0.0476,0.0476,0.0476,0.0476
2022-07-18,2.524466,-0.002233,-0.008257,CAUTIOUS_BULL,EARLY_DD_UNCERTAINTY,100,0,25.3,SPY:0.05,XLK:0.05,XLV:0.05,False,0.0476,0.0476,0.0476,0.0476,0.0476,0.0476,0.0476,0.0476
2022-07-19,2.562242,0.014964,0.027019,CAUTIOUS_BULL,EARLY_DD_UNCERTAINTY,100,0,24.5,SPY:0.05,XLK:0.05,XLV:0.05,False,0.0476,0.0476,0.0476,0.0476,0.0476,0.0476,0.0476,0.0476
2022-07-20,2.561318,-0.000361,0.006373,CAUTIOUS_BULL,EARLY_DD_UNCERTAINTY,100,1,23.88,SPY:0.05,XLK:0.05,XLV:0.05,False,0.0476,0.0476,0.0476,0.0476,0.0476,0.0476,0.0476,0.0476
2022-07-21,2.582625,0.008319,0.010183,CAUTIOUS_BULL,EARLY_DD_UNCERTAINTY,100,0,23.11,SPY:0.05,XLK:0.05,XLV:0.05,False,0.0476,0.0476,0.0476,0.0476,0.0476,0.0476,0.0476,0.0476
2022-07-22,2.574442,-0.003169,-0.009278,CAUTIOUS_BULL,EARLY_DD_UNCERTAINTY,100,0,23.03,SPY:0.05,XLK:0.05,XLV:0.05,False,0.0476,0.0476,0.0476,0.0476,0.0476,0.0476,0.0476,0.0476
2022-07-25,2.565302,-0.00355,0.001215,WHIPSAW,PROLONGED_CHOP,100,0,23.36,IEF:1.00,SPY:0.00,XLK:0.00,False,0.0,0.0,0.0,0.0,0.0,0.0,0.0,0.0
2022-07-26,2.56629,0.000385,-0.011831,WHIPSAW,PROLONGED_CHOP,100,0,24.69,IEF:1.00,SPY:0.00,XLK:0.00,False,0.0,0.0,0.0,0.0,0.0,0.0,0.0,0.0
2022-07-27,2.577508,0.004371,0.025966,WHIPSAW,PROLONGED_CHOP,100,0,23.24,XLV:0.56,IEF:0.44,SPY:0.00,False,0.0,0.0,0.5556,0.0,0.0,0.0,0.0,0.0
2022-07-28,2.597954,0.007933,0.012542,WHIPSAW,PROLONGED_CHOP,100,0,22.33,XLV:0.56,IEF:0.44,SPY:0.00,False,0.0,0.0,0.5556,0.0,0.0,0.0,0.0,0.0
2022-07-29,2.604503,0.002521,0.014579,WHIPSAW,PROLONGED_CHOP,100,3,21.33,USMV:0.25,XLV:0.25,IEF:0.18,False,0.0,0.0,0.2497,0.0,0.0,0.0,0.0,0.0
2022-08-01,2.587907,-0.006372,-0.002961,WHIPSAW,PROLONGED_CHOP,100,2,22.84,XLE:0.28,IEF:0.19,USMV:0.14,False,0.0,0.0,0.1343,0.0,0.0,0.0,0.0,0.0
2022-08-02,2.566769,-0.008168,-0.006597,WHIPSAW,PROLONGED_CHOP,100,0,23.93,XLV:0.19,SPY:0.17,IEF:0.16,False,0.1739,0.0,0.192,0.0,0.0,0.0,0.0,0.0
2022-08-03,2.603322,0.014241,0.015659,WHIPSAW,PROLONGED_CHOP,100,0,21.95,IWF:0.25,XLK:0.21,XLU:0.21,False,0.0,0.2083,0.0,0.0,0.0,0.0,0.0,0.0
2022-08-04,2.604478,0.000444,-0.000676,WHIPSAW,PROLONGED_CHOP,100,0,21.44,XLV:0.22,SPY:0.20,IEF:0.18,False,0.1986,0.0,0.2181,0.0,0.0,0.0,0.0,0.0
2022-08-05,2.594363,-0.003883,-0.00169,WHIPSAW,PROLONGED_CHOP,100,0,21.15,XLV:0.22,SPY:0.20,IEF:0.18,False,0.1988,0.0,0.2179,0.0,0.0,0.0,0.0,0.0
2022-08-08,2.598881,0.001741,-0.001161,WHIPSAW,PROLONGED_CHOP,100,0,21.29,XLV:0.22,SPY:0.20,IEF:0.19,False,0.1972,0.0,0.2194,0.0,0.0,0.0,0.0,0.0
2022-08-09,2.587079,-0.004541,-0.003971,WHIPSAW,PROLONGED_CHOP,100,0,21.77,XLV:0.22,SPY:0.20,IEF:0.19,False,0.1973,0.0,0.2193,0.0,0.0,0.0,0.0,0.0
2022-08-10,2.621665,0.013369,0.021004,WHIPSAW,PROLONGED_CHOP,100,0,19.74,XLV:0.22,SPY:0.20,IEF:0.19,False,0.1957,0.0,0.221,0.0,0.0,0.0,0.0,0.0
2022-08-11,2.611277,-0.003963,0.0,WHIPSAW,PROLONGED_CHOP,100,0,20.2,XLV:0.20,IEF:0.17,SPY:0.17,False,0.1669,0.0,0.1989,0.0,0.0,0.0,0.0,0.0
2022-08-12,2.637966,0.010221,0.016929,WHIPSAW,PROLONGED_CHOP,100,0,19.53,XLE:0.25,IEF:0.17,QUAL:0.13,False,0.0,0.0,0.1182,0.0,0.0,0.0,0.0,0.0
2022-08-15,2.629948,-0.00304,0.004121,WHIPSAW,PROLONGED_CHOP,100,0,19.95,XLE:0.25,IEF:0.17,QUAL:0.13,False,0.0,0.0,0.1169,0.0,0.0,0.0,0.0,0.0
2022-08-16,2.628419,-0.000581,0.001959,WHIPSAW,PROLONGED_CHOP,100,0,19.69,XLV:0.19,SPY:0.17,IEF:0.17,False,0.1741,0.0,0.1918,0.0,0.0,0.0,0.0,0.0
2022-08-17,2.609489,-0.007202,-0.007098,WHIPSAW,PROLONGED_CHOP,100,0,19.9,XLV:0.19,SPY:0.18,IEF:0.16,False,0.1799,0.0,0.186,0.0,0.0,0.0,0.0,0.0
2022-08-18,2.629469,0.007657,0.002906,WHIPSAW,PROLONGED_CHOP,100,0,19.56,XLE:0.27,IEF:0.16,HYG:0.13,False,0.0,0.0,0.0994,0.0,0.0,0.0,0.0,0.0
2022-08-19,2.610609,-0.007173,-0.013438,WHIPSAW,PROLONGED_CHOP,100,0,20.6,XLE:0.27,IEF:0.16,HYG:0.13,False,0.0,0.0,0.0967,0.0,0.0,0.0,0.0,0.0
2022-08-22,2.583942,-0.010215,-0.020823,WHIPSAW,PROLONGED_CHOP,100,0,23.8,HYG:0.33,XLE:0.31,QUAL:0.14,False,0.0,0.0,0.111,0.0,0.0,0.0,0.0,0.0
2022-08-23,2.615117,0.012065,-0.002419,WHIPSAW,PROLONGED_CHOP,100,0,24.11,XLE:0.45,QUAL:0.21,XLV:0.17,False,0.0,0.0,0.1736,0.0,0.0,0.0,0.0,0.0
2022-08-24,2.63278,0.006754,0.003201,WHIPSAW,PROLONGED_CHOP,100,2,22.82,XLE:0.43,QUAL:0.21,XLU:0.20,True,0.0,0.0,0.0,0.0,0.0,0.0,0.0,0.0
2022-08-25,2.661767,0.01101,0.014118,WHIPSAW,PROLONGED_CHOP,100,0,21.78,XLE:0.45,QUAL:0.21,SPY:0.18,False,0.1785,0.0,0.0,0.0,0.0,0.0,0.0,0.0
2022-08-26,2.606394,-0.020803,-0.033849,WHIPSAW,PROLONGED_CHOP,100,0,25.56,HYG:0.29,XLE:0.27,QUAL:0.12,False,0.0,0.0,0.0997,0.0,0.0,0.0,0.0,0.0
2022-08-29,2.614129,0.002968,-0.006612,WHIPSAW,PROLONGED_CHOP,100,0,26.21,XLE:0.45,MTUM:0.19,USMV:0.18,False,0.0,0.1761,0.0,0.0,0.0,0.0,0.192,0.0
2022-08-30,2.556807,-0.021928,-0.010978,WHIPSAW,PROLONGED_CHOP,100,0,26.21,XLE:0.29,MTUM:0.27,DJP:0.27,False,0.0,0.0,0.0,0.0,0.0,0.0,0.2727,0.0
2022-08-31,2.535876,-0.008186,-0.007609,WHIPSAW,PROLONGED_CHOP,100,0,25.87,XLE:0.64,XLU:0.36,SPY:0.00,False,0.0,0.0,0.0,0.0,0.0,0.0,0.0,0.0
2022-09-01,2.516124,-0.007789,0.003138,WHIPSAW,PROLONGED_CHOP,100,4,25.56,XLE:0.57,XLU:0.43,SPY:0.00,True,0.0,0.0,0.0,0.0,0.0,0.0,0.0,0.0
2022-09-02,2.534963,0.007487,-0.010545,WHIPSAW,PROLONGED_CHOP,100,0,25.47,XLE:0.63,XLU:0.37,SPY:0.00,False,0.0,0.0,0.0,0.0,0.0,0.0,0.0,0.0
2022-09-06,2.522483,-0.004923,-0.003773,WHIPSAW,PROLONGED_CHOP,100,0,26.91,XLE:0.63,XLU:0.37,SPY:0.00,False,0.0,0.0,0.0,0.0,0.0,0.0,0.0,0.0
2022-09-07,2.533048,0.004188,0.017965,WHIPSAW,PROLONGED_CHOP,100,0,24.64,XLE:0.63,XLU:0.37,SPY:0.00,False,0.0,0.0,0.0,0.0,0.0,0.0,0.0,0.0
2022-09-08,2.541054,0.003161,0.006536,WHIPSAW,PROLONGED_CHOP,100,0,23.61,XLE:0.40,USMV:0.38,XLU:0.23,False,0.0,0.0,0.0,0.0,0.0,0.0,0.0,0.0
2022-09-09,2.578265,0.014644,0.015535,WHIPSAW,PROLONGED_CHOP,100,3,22.79,XLE:0.40,USMV:0.38,XLU:0.23,True,0.0,0.0,0.0,0.0,0.0,0.0,0.0,0.0
2022-09-12,2.610107,0.01235,0.010748,WHIPSAW,PROLONGED_CHOP,100,0,23.87,XLE:0.44,QUAL:0.21,SPY:0.18,False,0.1802,0.0,0.0,0.0,0.0,0.0,0.0,0.0
2022-09-13,2.53445,-0.028986,-0.043483,WHIPSAW,PROLONGED_CHOP,100,0,27.27,HYG:0.33,XLE:0.30,QUAL:0.14,False,0.0,0.0,0.1153,0.0,0.0,0.0,0.0,0.0
2022-09-14,2.587273,0.020842,0.003816,WHIPSAW,PROLONGED_CHOP,100,0,26.16,XLE:0.63,XLU:0.37,SPY:0.00,False,0.0,0.0,0.0,0.0,0.0,0.0,0.0,0.0
2022-09-15,2.538115,-0.019,-0.011353,WHIPSAW,PROLONGED_CHOP,100,0,26.27,XLE:0.39,MTUM:0.38,XLU:0.23,False,0.0,0.0,0.0,0.0,0.0,0.0,0.375,0.0
2022-09-16,2.500591,-0.014784,-0.007629,WHIPSAW,PROLONGED_CHOP,100,0,26.3,XLE:0.63,XLU:0.37,SPY:0.00,False,0.0,0.0,0.0,0.0,0.0,0.0,0.0,0.0
2022-09-19,2.513984,0.005356,0.007755,WHIPSAW,PROLONGED_CHOP,100,0,25.76,XLE:0.63,XLU:0.37,SPY:0.00,False,0.0,0.0,0.0,0.0,0.0,0.0,0.0,0.0
2022-09-20,2.490669,-0.009274,-0.011479,WHIPSAW,PROLONGED_CHOP,100,0,27.16,XLE:0.69,XLU:0.31,SPY:0.00,False,0.0,0.0,0.0,0.0,0.0,0.0,0.0,0.0
2022-09-21,2.456615,-0.013673,-0.017444,WHIPSAW,PROLONGED_CHOP,100,0,27.99,XLU:1.00,SPY:0.00,XLK:0.00,False,0.0,0.0,0.0,0.0,0.0,0.0,0.0,0.0
2022-09-22,2.447848,-0.003569,-0.0084,WHIPSAW,PROLONGED_CHOP,100,0,27.35,XLU:1.00,SPY:0.00,XLK:0.00,False,0.0,0.0,0.0,0.0,0.0,0.0,0.0,0.0
2022-09-23,2.445601,-0.000918,-0.016755,CRISIS_MODE,FAST_SHOCK,100,0,29.92,BIL:0.92,XLU:0.08,SPY:0.00,False,0.0,0.0,0.0,0.0,0.9206,0.0,0.0,0.0
2022-09-26,2.445066,-0.000219,-0.009893,CRISIS_MODE,FAST_SHOCK,100,0,32.26,BIL:1.00,SPY:0.00,XLK:0.00,False,0.0,0.0,0.0,0.0,1.0,0.0,0.0,0.0
2022-09-27,2.445867,0.000328,-0.002553,CRISIS_MODE,FAST_SHOCK,100,0,32.6,BIL:1.00,SPY:0.00,XLK:0.00,False,0.0,0.0,0.0,0.0,1.0,0.0,0.0,0.0
2022-09-28,2.446134,0.000109,0.019676,CRISIS_MODE,FAST_SHOCK,100,0,30.18,BIL:1.00,SPY:0.00,XLK:0.00,False,0.0,0.0,0.0,0.0,1.0,0.0,0.0,0.0
2022-09-29,2.446669,0.000219,-0.020889,CRISIS_MODE,FAST_SHOCK,100,0,31.84,BIL:1.00,SPY:0.00,XLK:0.00,False,0.0,0.0,0.0,0.0,1.0,0.0,0.0,0.0
2022-09-30,2.446669,0.0,-0.015463,CRISIS_MODE,FAST_SHOCK,100,0,31.62,BIL:1.00,SPY:0.00,XLK:0.00,False,0.0,0.0,0.0,0.0,1.0,0.0,0.0,0.0
2022-10-03,2.511959,0.026685,0.026401,RECOVERY_GROWTH,RECOVERY_ACCEL,100,0,30.1,SPY:0.05,XLK:0.05,XLV:0.05,False,0.0476,0.0476,0.0476,0.0476,0.0476,0.0476,0.0476,0.0476
2022-10-04,2.524159,0.004857,0.030987,CRISIS_MODE,FAST_SHOCK,100,0,29.07,BIL:0.66,SLV:0.34,SPY:0.00,False,0.0,0.0,0.0,0.0,0.6591,0.0,0.0,0.0
2022-10-05,2.511402,-0.005054,-0.002328,CRISIS_MODE,FAST_SHOCK,100,3,28.55,BIL:0.62,SLV:0.32,XLE:0.05,False,0.0,0.0,0.0,0.0,0.6237,0.0,0.0,0.0
2022-10-06,2.516278,0.001942,-0.010316,CRISIS_MODE,FAST_SHOCK,100,0,30.52,BIL:0.62,SLV:0.32,XLE:0.05,False,0.0,0.0,0.0,0.0,0.6237,0.0,0.0,0.0
2022-10-07,2.492207,-0.009566,-0.027894,CRISIS_MODE,FAST_SHOCK,100,0,31.36,BIL:0.62,SLV:0.32,XLE:0.05,False,0.0,0.0,0.0,0.0,0.6237,0.0,0.0,0.0
2022-10-10,2.471808,-0.008185,-0.007635,CRISIS_MODE,FAST_SHOCK,100,0,32.45,BIL:0.62,SLV:0.32,XLE:0.05,False,0.0,0.0,0.0,0.0,0.6237,0.0,0.0,0.0
2022-10-11,2.470241,-0.000634,-0.006333,CRISIS_MODE,FAST_SHOCK,100,0,33.63,BIL:0.92,XLE:0.08,SPY:0.00,False,0.0,0.0,0.0,0.0,0.9206,0.0,0.0,0.0
2022-10-12,2.47182,0.000639,-0.003299,CRISIS_MODE,FAST_SHOCK,100,1,33.57,BIL:0.92,XLE:0.08,SPY:0.00,False,0.0,0.0,0.0,0.0,0.9206,0.0,0.0,0.0
2022-10-13,2.572704,0.040814,0.026391,RECOVERY_GROWTH,RECOVERY_ACCEL,100,0,31.94,XLE:1.00,SPY:0.00,XLK:0.00,False,0.0,0.0,0.0,0.0,0.0,0.0,0.0,0.0
2022-10-14,2.565089,-0.00296,-0.022789,CRISIS_MODE,FAST_SHOCK,100,3,32.02,BIL:0.92,XLE:0.08,SPY:0.00,True,0.0,0.0,0.0,0.0,0.9206,0.0,0.0,0.0
2022-10-17,2.567625,0.000989,0.025697,CRISIS_MODE,FAST_SHOCK,100,0,31.37,BIL:0.92,XLE:0.08,SPY:0.00,False,0.0,0.0,0.0,0.0,0.9206,0.0,0.0,0.0
2022-10-18,2.569405,0.000693,0.01175,CRISIS_MODE,FAST_SHOCK,100,1,30.5,BIL:0.92,XLE:0.08,SPY:0.00,True,0.0,0.0,0.0,0.0,0.9206,0.0,0.0,0.0
2022-10-19,2.575424,0.002343,-0.007087,CRISIS_MODE,FAST_SHOCK,100,2,30.76,BIL:0.92,XLE:0.08,SPY:0.00,True,0.0,0.0,0.0,0.0,0.9206,0.0,0.0,0.0
2022-10-20,2.576653,0.000477,-0.008385,CRISIS_MODE,FAST_SHOCK,100,0,29.98,BIL:0.92,XLE:0.08,SPY:0.00,False,0.0,0.0,0.0,0.0,0.9206,0.0,0.0,0.0
2022-10-21,2.582819,0.002393,0.024302,CRISIS_MODE,FAST_SHOCK,100,0,29.69,BIL:0.92,XLE:0.08,SPY:0.00,False,0.0,0.0,0.0,0.0,0.9206,0.0,0.0,0.0
2022-10-24,2.602134,0.007478,0.012236,RECOVERY_GROWTH,RECOVERY_ACCEL,100,0,29.85,XLE:0.67,MTUM:0.33,SPY:0.00,False,0.0,0.0,0.0,0.0,0.0,0.0,0.3333,0.0
2022-10-25,2.604139,0.000771,0.015968,CRISIS_MODE,FAST_SHOCK,100,0,28.46,BIL:0.85,MTUM:0.07,XLE:0.04,False,0.0,0.0,0.0347,0.0,0.8529,0.0,0.0735,0.0
2022-10-26,2.608226,0.001569,-0.007534,CRISIS_MODE,FAST_SHOCK,100,0,27.28,BIL:0.85,MTUM:0.07,XLE:0.04,False,0.0,0.0,0.0343,0.0,0.8529,0.0,0.0735,0.0
2022-10-27,2.608976,0.000288,-0.00534,CRISIS_MODE,FAST_SHOCK,100,0,27.39,BIL:0.85,MTUM:0.07,XLE:0.04,False,0.0,0.0,0.0319,0.0,0.8529,0.0,0.0735,0.0
2022-10-28,2.640084,0.011923,0.023791,RECOVERY_GROWTH,RECOVERY_ACCEL,100,0,25.75,XLE:0.53,MTUM:0.33,XLF:0.14,False,0.0,0.0,0.0,0.0,0.0,0.0,0.3333,0.0
2022-10-31,2.63658,-0.001327,-0.007223,RECOVERY_GROWTH,RECOVERY_ACCEL,100,0,25.88,XLE:0.43,HYG:0.20,MTUM:0.14,False,0.0,0.0,0.0,0.0,0.0,0.0,0.1444,0.0
2022-11-01,2.649766,0.005001,-0.004376,RECOVERY_GROWTH,RECOVERY_ACCEL,100,0,25.81,XLE:0.53,MTUM:0.18,USMV:0.15,False,0.0,0.0,0.0,0.0,0.0,0.0,0.1803,0.0
2022-11-02,2.596411,-0.020136,-0.025096,RECOVERY_GROWTH,RECOVERY_ACCEL,100,0,25.86,XLE:0.44,SLV:0.18,MTUM:0.15,False,0.0,0.0,0.0,0.0,0.0,0.0,0.1494,0.0
2022-11-03,2.616356,0.007682,-0.010297,CAUTIOUS_BULL,EARLY_DD_UNCERTAINTY,100,0,25.3,XLE:0.48,MTUM:0.38,XLF:0.14,False,0.0,0.0,0.0,0.0,0.0,0.0,0.375,0.0
2022-11-04,2.644006,0.010568,0.014393,CAUTIOUS_BULL,EARLY_DD_UNCERTAINTY,100,0,24.55,XLE:0.48,MTUM:0.38,XLF:0.14,False,0.0,0.0,0.0,0.0,0.0,0.0,0.375,0.0
2022-11-07,2.668774,0.009368,0.009565,CAUTIOUS_BULL,EARLY_DD_UNCERTAINTY,100,0,24.35,XLE:0.35,MTUM:0.27,DJP:0.21,False,0.0,0.0,0.0,0.0,0.0,0.0,0.2727,0.0
2022-11-08,2.675297,0.002444,0.005396,CAUTIOUS_BULL,EARLY_DD_UNCERTAINTY,100,0,25.54,XLE:0.34,MTUM:0.27,DJP:0.21,False,0.0,0.0,0.0,0.0,0.0,0.0,0.2727,0.0
2022-11-09,2.604277,-0.026547,-0.020602,CAUTIOUS_BULL,EARLY_DD_UNCERTAINTY,100,0,26.09,XLE:0.31,MTUM:0.14,SLV:0.12,False,0.0,0.0,0.0,0.0,0.0,0.0,0.1394,0.0
2022-11-10,2.695119,0.034882,0.054954,CAUTIOUS_BULL,EARLY_DD_UNCERTAINTY,100,0,23.53,XLE:0.35,MTUM:0.27,SLV:0.14,False,0.0,0.0,0.0,0.0,0.0,0.0,0.2727,0.0
2022-11-11,2.716199,0.007822,0.009679,CAUTIOUS_BULL,EARLY_DD_UNCERTAINTY,100,3,22.52,HYG:0.26,XLE:0.19,GLD:0.11,True,0.0,0.0,0.1075,0.1112,0.0,0.0,0.0,0.0
2022-11-14,2.704259,-0.004396,-0.008507,CAUTIOUS_BULL,EARLY_DD_UNCERTAINTY,100,1,23.73,HYG:0.26,XLE:0.23,DJP:0.12,False,0.0,0.0,0.0,0.0619,0.0,0.0,0.1045,0.0
2022-11-15,2.72435,0.00743,0.008529,CAUTIOUS_BULL,EARLY_DD_UNCERTAINTY,100,0,24.54,HYG:0.26,XLE:0.23,DJP:0.12,False,0.0,0.0,0.0,0.0623,0.0,0.0,0.1036,0.0
2022-11-16,2.703503,-0.007652,-0.007629,CAUTIOUS_BULL,EARLY_DD_UNCERTAINTY,100,1,24.11,HYG:0.26,XLE:0.23,DJP:0.12,False,0.0,0.0,0.0,0.0639,0.0,0.0,0.1034,0.0
2022-11-17,2.696869,-0.002454,-0.00306,CAUTIOUS_BULL,EARLY_DD_UNCERTAINTY,100,0,23.93,HYG:0.26,XLE:0.23,DJP:0.12,False,0.0,0.0,0.0,0.0629,0.0,0.0,0.1054,0.043
2022-11-18,2.696524,-0.000128,0.00454,CAUTIOUS_BULL,EARLY_DD_UNCERTAINTY,100,1,23.12,HYG:0.26,XLE:0.23,GLD:0.11,False,0.0,0.0,0.0,0.1099,0.0,0.0,0.1055,0.0
2022-11-21,2.684534,-0.004446,-0.003636,CAUTIOUS_BULL,EARLY_DD_UNCERTAINTY,100,0,22.36,HYG:0.26,XLE:0.24,GLD:0.11,False,0.0,0.0,0.0,0.1087,0.0,0.0,0.1069,0.0437
2022-11-22,2.723282,0.014434,0.013457,CAUTIOUS_BULL,EARLY_DD_UNCERTAINTY,100,0,21.29,HYG:0.26,XLE:0.23,GLD:0.11,False,0.0,0.0,0.0,0.1096,0.0,0.0,0.1061,0.0
2022-11-23,2.725079,0.00066,0.006302,CAUTIOUS_BULL,EARLY_DD_UNCERTAINTY,100,0,20.35,HYG:0.26,XLE:0.24,DJP:0.11,False,0.0,0.0,0.0,0.0667,0.0,0.0,0.105,0.0
2022-11-25,2.719712,-0.001969,-0.000224,CAUTIOUS_BULL,EARLY_DD_UNCERTAINTY,100,0,20.5,HYG:0.26,XLE:0.24,DJP:0.11,False,0.0,0.0,0.0645,0.066,0.0,0.0,0.0987,0.0423
2022-11-28,2.676887,-0.015746,-0.015957,CAUTIOUS_BULL,EARLY_DD_UNCERTAINTY,100,0,22.21,HYG:0.26,XLE:0.24,GLD:0.11,False,0.0,0.0,0.0,0.1068,0.0,0.0,0.1064,0.0
2022-11-29,2.694474,0.00657,-0.001718,CAUTIOUS_BULL,EARLY_DD_UNCERTAINTY,100,0,21.89,HYG:0.26,XLE:0.23,GLD:0.11,False,0.0,0.0,0.0,0.1064,0.0,0.0,0.1053,0.0
2022-11-30,2.738214,0.016233,0.031501,CAUTIOUS_BULL,EARLY_DD_UNCERTAINTY,100,1,20.58,HYG:0.26,XLE:0.23,MTUM:0.11,False,0.0,0.0,0.0,0.1061,0.0,0.0,0.1063,0.0417
2022-12-01,2.741882,0.00134,-0.000736,CAUTIOUS_BULL,EARLY_DD_UNCERTAINTY,100,2,19.84,HYG:0.26,XLE:0.23,USMV:0.11,False,0.0,0.0,0.0,0.0847,0.0,0.0,0.0,0.0417
2022-12-02,2.732344,-0.003479,-0.001154,CAUTIOUS_BULL,EARLY_DD_UNCERTAINTY,100,0,19.06,XLE:0.23,HYG:0.16,DJP:0.12,False,0.0,0.0,0.0,0.0588,0.0,0.0,0.101,0.0418
2022-12-05,2.678094,-0.019855,-0.017989,CAUTIOUS_BULL,EARLY_DD_UNCERTAINTY,100,0,20.75,XLE:0.23,HYG:0.15,IEF:0.11,False,0.0,0.0,0.0,0.104,0.0,0.0,0.1031,0.0426
2022-12-06,2.652994,-0.009372,-0.014415,CAUTIOUS_BULL,EARLY_DD_UNCERTAINTY,100,0,22.17,HYG:0.26,XLE:0.23,MTUM:0.11,False,0.0,0.0,0.0,0.1,0.0,0.0,0.1099,0.0432
2022-12-07,2.663602,0.003999,-0.001701,CAUTIOUS_BULL,EARLY_DD_UNCERTAINTY,100,0,22.68,XLE:0.23,HYG:0.15,IEF:0.11,False,0.0,0.0,0.0,0.1002,0.0,0.0,0.1087,0.0432
2022-12-08,2.666534,0.001101,0.007834,CAUTIOUS_BULL,EARLY_DD_UNCERTAINTY,100,0,22.29,XLE:0.23,HYG:0.15,IEF:0.11,False,0.0,0.0,0.0,0.0996,0.0,0.0,0.1084,0.0428
2022-12-09,2.646465,-0.007526,-0.00747,CAUTIOUS_BULL,EARLY_DD_UNCERTAINTY,100,0,22.83,XLE:0.23,HYG:0.15,IEF:0.11,False,0.0,0.0,0.0,0.0994,0.0,0.0,0.1082,0.0426
2022-12-12,2.670498,0.009081,0.014417,CAUTIOUS_BULL,EARLY_DD_UNCERTAINTY,100,0,25.0,XLE:0.23,HYG:0.16,MTUM:0.11,False,0.0,0.0,0.0,0.0998,0.0,0.0964,0.107,0.0418
2022-12-13,2.701219,0.011504,0.00757,CAUTIOUS_BULL,EARLY_DD_UNCERTAINTY,100,0,22.55,XLE:0.23,HYG:0.16,MTUM:0.11,False,0.0,0.0,0.0,0.1007,0.0,0.0971,0.1074,0.0424
2022-12-14,2.695028,-0.002292,-0.006394,CAUTIOUS_BULL,EARLY_DD_UNCERTAINTY,100,2,21.14,XLE:0.21,HYG:0.15,IEF:0.11,True,0.0,0.0,0.0,0.099,0.0,0.0,0.0,0.0429
2022-12-15,2.661407,-0.012475,-0.024461,CAUTIOUS_BULL,EARLY_DD_UNCERTAINTY,100,1,22.83,XLE:0.23,IEF:0.13,HYG:0.13,False,0.0,0.0,0.0,0.101,0.0,0.0,0.1075,0.0441
2022-12-16,2.649396,-0.004513,-0.011806,CAUTIOUS_BULL,EARLY_DD_UNCERTAINTY,100,0,22.62,XLE:0.23,HYG:0.15,IEF:0.11,False,0.0,0.0,0.0,0.1022,0.0,0.0,0.1084,0.0436
2022-12-19,2.638524,-0.004103,-0.00848,CAUTIOUS_BULL,EARLY_DD_UNCERTAINTY,100,3,22.42,XLE:0.23,IEF:0.13,HYG:0.13,False,0.0,0.0,0.0,0.1033,0.0,0.0,0.0644,0.0435
2022-12-20,2.660845,0.00846,0.001368,CAUTIOUS_BULL,EARLY_DD_UNCERTAINTY,100,2,21.48,XLE:0.19,HYG:0.15,MTUM:0.11,True,0.0,0.0,0.1063,0.1027,0.0,0.0,0.1104,0.0434
2022-12-21,2.686573,0.009669,0.014952,CAUTIOUS_BULL,EARLY_DD_UNCERTAINTY,100,0,20.07,HYG:0.26,XLE:0.22,MTUM:0.11,False,0.0,0.0,0.0,0.1039,0.0,0.0,0.1098,0.043
2022-12-22,2.652012,-0.012864,-0.014266,CAUTIOUS_BULL,EARLY_DD_UNCERTAINTY,100,0,21.97,HYG:0.26,XLE:0.23,MTUM:0.11,False,0.0,0.0,0.0,0.1033,0.0,0.0,0.109,0.0421
2022-12-23,2.680691,0.010814,0.005752,CAUTIOUS_BULL,EARLY_DD_UNCERTAINTY,100,0,20.87,HYG:0.26,XLE:0.23,MTUM:0.11,False,0.0,0.0,0.0,0.1021,0.0,0.0,0.1084,0.0419
2022-12-27,2.686819,0.002286,-0.003944,CAUTIOUS_BULL,EARLY_DD_UNCERTAINTY,100,0,21.65,HYG:0.26,XLE:0.23,MTUM:0.11,False,0.0,0.0,0.0,0.1032,0.0,0.0,0.1077,0.0412
2022-12-28,2.648669,-0.014199,-0.012428,CAUTIOUS_BULL,EARLY_DD_UNCERTAINTY,100,0,22.14,HYG:0.26,XLE:0.23,MTUM:0.11,False,0.0,0.0,0.0,0.1051,0.0,0.0,0.1082,0.0413
2022-12-29,2.677394,0.010845,0.018,CAUTIOUS_BULL,EARLY_DD_UNCERTAINTY,100,0,21.44,XLE:0.31,MTUM:0.15,GLD:0.14,False,0.0,0.0,0.0,0.1394,0.0,0.0,0.1459,0.0574
2022-12-30,2.679782,0.000892,-0.002634,CAUTIOUS_BULL,EARLY_DD_UNCERTAINTY,100,0,21.67,HYG:0.26,XLE:0.23,MTUM:0.11,False,0.0,0.0,0.0,0.1004,0.0,0.0,0.108,0.0427
2023-01-03,2.659419,-0.007599,-0.00421,CAUTIOUS_BULL,EARLY_DD_UNCERTAINTY,100,0,22.9,HYG:0.26,XLE:0.23,MTUM:0.11,False,0.0,0.0,0.0,0.0997,0.0,0.0,0.1071,0.0426
2023-01-04,2.674059,0.005505,0.00772,CAUTIOUS_BULL,EARLY_DD_UNCERTAINTY,100,2,22.01,HYG:0.26,XLE:0.19,XLU:0.11,True,0.0,0.0,0.0,0.0978,0.0,0.0,0.1069,0.0425
2023-01-05,2.671074,-0.001116,-0.011413,CAUTIOUS_BULL,EARLY_DD_UNCERTAINTY,100,0,22.46,XLE:0.23,HYG:0.15,MTUM:0.11,False,0.0,0.0,0.0,0.1003,0.0,0.0,0.1061,0.0432
2023-01-06,2.720532,0.018516,0.022932,CAUTIOUS_BULL,EARLY_DD_UNCERTAINTY,100,0,21.13,XLE:0.23,HYG:0.15,IEF:0.11,False,0.0,0.0,0.0,0.0992,0.0,0.0,0.1082,0.0437
2023-01-09,2.711925,-0.003163,-0.000567,CAUTIOUS_BULL,EARLY_DD_UNCERTAINTY,100,0,21.97,XLE:0.23,HYG:0.15,IEF:0.11,False,0.0,0.0,0.0672,0.0961,0.0,0.0,0.1064,0.0427
2023-01-10,2.719026,0.002618,0.007013,CAUTIOUS_BULL,EARLY_DD_UNCERTAINTY,100,0,20.58,XLE:0.23,HYG:0.15,IEF:0.11,False,0.0,0.0,0.07,0.0944,0.0,0.0,0.106,0.0422
2023-01-11,2.728916,0.003637,0.012648,CAUTIOUS_BULL,EARLY_DD_UNCERTAINTY,100,0,21.09,XLE:0.23,HYG:0.15,IEF:0.11,False,0.0,0.0,0.0693,0.0933,0.0,0.0,0.1043,0.0415
2023-01-12,2.754266,0.00929,0.003641,CAUTIOUS_BULL,EARLY_DD_UNCERTAINTY,100,0,18.83,XLE:0.23,HYG:0.15,IEF:0.11,False,0.0,0.0,0.0,0.093,0.0,0.0,0.1032,0.0406
2023-01-13,2.764489,0.003711,0.00388,CAUTIOUS_BULL,EARLY_DD_UNCERTAINTY,100,0,18.35,XLE:0.23,HYG:0.15,IEF:0.11,False,0.0,0.0,0.0715,0.0952,0.0,0.0,0.0962,0.0403
2023-01-17,2.755883,-0.003113,-0.001832,CAUTIOUS_BULL,EARLY_DD_UNCERTAINTY,100,0,19.36,XLE:0.23,HYG:0.15,IEF:0.11,False,0.0,0.0,0.0737,0.0936,0.0,0.0,0.0981,0.0406
2023-01-18,2.731486,-0.008853,-0.015788,CAUTIOUS_BULL,EARLY_DD_UNCERTAINTY,100,0,20.34,XLE:0.22,HYG:0.15,IEF:0.11,False,0.0,0.0,0.0764,0.0954,0.0,0.0,0.0987,0.0406
2023-01-19,2.744283,0.004685,-0.00728,CAUTIOUS_BULL,EARLY_DD_UNCERTAINTY,100,2,20.52,XLE:0.22,IEF:0.14,TLT:0.12,False,0.0,0.0,0.077,0.0988,0.0,0.1231,0.1068,0.0407
2023-01-20,2.756612,0.004492,0.018629,CAUTIOUS_BULL,EARLY_DD_UNCERTAINTY,100,0,19.85,XLE:0.23,HYG:0.15,IEF:0.11,False,0.0,0.0,0.0743,0.1018,0.0,0.0,0.1085,0.0403
2023-01-23,2.755232,-0.0005,0.011999,CAUTIOUS_BULL,EARLY_DD_UNCERTAINTY,100,0,19.81,XLE:0.23,HYG:0.15,IEF:0.11,False,0.0,0.0,0.0734,0.0991,0.0,0.0,0.1027,0.039
2023-01-24,2.758058,0.001026,-0.001073,CAUTIOUS_BULL,EARLY_DD_UNCERTAINTY,100,0,19.2,XLE:0.23,HYG:0.15,IEF:0.11,False,0.0,0.0,0.0711,0.0989,0.0,0.0,0.1046,0.0401
2023-01-25,2.76453,0.002346,0.000375,CAUTIOUS_BULL,EARLY_DD_UNCERTAINTY,100,0,19.08,XLE:0.22,HYG:0.15,IEF:0.11,False,0.0,0.0,0.0755,0.0972,0.0,0.0,0.104,0.0402
2023-01-26,2.78506,0.007426,0.01099,CAUTIOUS_BULL,EARLY_DD_UNCERTAINTY,100,1,18.73,XLE:0.22,HYG:0.15,IEF:0.11,False,0.0,0.0,0.0778,0.0957,0.0,0.0,0.1043,0.0
2023-01-27,2.761398,-0.008496,0.002298,CAUTIOUS_BULL,EARLY_DD_UNCERTAINTY,100,0,18.51,XLE:0.22,HYG:0.15,IEF:0.11,False,0.0,0.0,0.0768,0.096,0.0,0.0,0.1029,0.0411
2023-01-30,2.735137,-0.00951,-0.012547,CAUTIOUS_BULL,EARLY_DD_UNCERTAINTY,100,0,19.94,XLE:0.22,HYG:0.15,IEF:0.11,False,0.0,0.0,0.0809,0.0957,0.0,0.0,0.104,0.0407
2023-01-31,2.756848,0.007938,0.014704,CAUTIOUS_BULL,EARLY_DD_UNCERTAINTY,100,0,19.4,XLE:0.22,HYG:0.15,IEF:0.11,False,0.0,0.0,0.0775,0.0928,0.0,0.0,0.1034,0.0407
2023-02-01,2.759288,0.000885,0.010628,CAUTIOUS_BULL,EARLY_DD_UNCERTAINTY,100,0,17.87,XLE:0.22,HYG:0.15,IEF:0.11,False,0.0,0.0,0.0792,0.0931,0.0,0.0,0.1025,0.0401
2023-02-02,2.729355,-0.010848,0.014557,CAUTIOUS_BULL,EARLY_DD_UNCERTAINTY,100,0,18.73,XLE:0.21,HYG:0.15,IEF:0.11,False,0.0,0.0,0.0898,0.0944,0.0,0.0,0.0986,0.0395
2023-02-03,2.694771,-0.012671,-0.010629,CAUTIOUS_BULL,EARLY_DD_UNCERTAINTY,100,0,18.33,XLE:0.21,HYG:0.15,IEF:0.11,False,0.0,0.0,0.0888,0.0961,0.0,0.0,0.0,0.043
2023-02-06,2.680117,-0.005438,-0.006111,CAUTIOUS_BULL,EARLY_DD_UNCERTAINTY,100,0,19.43,XLE:0.22,HYG:0.15,IEF:0.11,False,0.0,0.0,0.0801,0.0963,0.0,0.0,0.0,0.0431
2023-02-07,2.705564,0.009495,0.013079,CAUTIOUS_BULL,EARLY_DD_UNCERTAINTY,100,3,18.66,XLE:0.22,IEF:0.13,HYG:0.13,False,0.0,0.0,0.0807,0.0958,0.0,0.0,0.0,0.0431
2023-02-08,2.694191,-0.004203,-0.010935,CAUTIOUS_BULL,EARLY_DD_UNCERTAINTY,100,0,19.63,XLE:0.22,HYG:0.15,IEF:0.11,False,0.0,0.0,0.0774,0.0994,0.0,0.0,0.0,0.0435
2023-02-09,2.674868,-0.007172,-0.008669,CAUTIOUS_BULL,EARLY_DD_UNCERTAINTY,100,0,20.71,XLE:0.23,HYG:0.15,IEF:0.11,False,0.0,0.0,0.0739,0.1006,0.0,0.0,0.0,0.0438
2023-02-10,2.697054,0.008294,0.002334,CAUTIOUS_BULL,EARLY_DD_UNCERTAINTY,100,0,20.53,XLE:0.23,HYG:0.15,IEF:0.11,False,0.0,0.0,0.0,0.1017,0.0,0.0,0.0,0.0435
2023-02-13,2.701068,0.001488,0.011739,CAUTIOUS_BULL,EARLY_DD_UNCERTAINTY,100,0,20.34,XLE:0.23,HYG:0.15,IEF:0.11,False,0.0,0.0,0.07,0.1011,0.0,0.0,0.0941,0.042
2023-02-14,2.69561,-0.002021,-0.00046,CAUTIOUS_BULL,EARLY_DD_UNCERTAINTY,100,0,18.91,XLE:0.23,HYG:0.16,IEF:0.10,False,0.0,0.0,0.0749,0.1,0.0,0.0,0.0951,0.0419
2023-02-15,2.675058,-0.007624,0.003248,CAUTIOUS_BULL,EARLY_DD_UNCERTAINTY,100,0,18.23,XLE:0.23,HYG:0.16,IEF:0.10,False,0.0,0.0,0.0712,0.1016,0.0,0.0,0.0961,0.0415
2023-02-16,2.658363,-0.006241,-0.013769,CAUTIOUS_BULL,EARLY_DD_UNCERTAINTY,100,0,20.17,XLE:0.23,HYG:0.15,GLD:0.11,False,0.0,0.0,0.0,0.1126,0.0,0.0,0.0946,0.0408
2023-02-17,2.637278,-0.007931,-0.002498,CAUTIOUS_BULL,EARLY_DD_UNCERTAINTY,100,0,20.02,HYG:0.26,XLE:0.23,GLD:0.11,False,0.0,0.0,0.0,0.1138,0.0,0.0,0.0,0.0409
2023-02-21,2.598647,-0.014648,-0.020061,CAUTIOUS_BULL,EARLY_DD_UNCERTAINTY,100,0,22.87,HYG:0.15,XLF:0.15,XLU:0.15,False,0.0,0.0,0.0,0.1099,0.0,0.0,0.0,0.0407
2023-02-22,2.586253,-0.004769,-0.001378,WHIPSAW,PROLONGED_CHOP,100,0,22.29,SPY:0.24,GLD:0.16,XLK:0.15,False,0.2417,0.1531,0.0,0.1601,0.0,0.0,0.0,0.0
2023-02-23,2.604267,0.006965,0.005319,WHIPSAW,PROLONGED_CHOP,100,0,21.14,HYG:0.24,SPY:0.18,GLD:0.18,False,0.1843,0.1157,0.0,0.18,0.0,0.0,0.0,0.0
2023-02-24,2.57579,-0.010935,-0.010682,WHIPSAW,PROLONGED_CHOP,100,0,21.67,SPY:0.19,GLD:0.18,HYG:0.13,False,0.1862,0.1138,0.0,0.18,0.0,0.1076,0.0,0.0
2023-02-27,2.587697,0.004623,0.003406,WHIPSAW,PROLONGED_CHOP,100,0,20.95,HYG:0.24,SPY:0.19,GLD:0.18,False,0.1855,0.0,0.0,0.18,0.0,0.0,0.0,0.0
2023-02-28,2.585169,-0.000977,-0.003696,WHIPSAW,PROLONGED_CHOP,100,0,20.7,HYG:0.24,SPY:0.18,GLD:0.18,False,0.1844,0.0,0.0,0.18,0.0,0.0,0.0,0.0
2023-03-01,2.582357,-0.001088,-0.003836,WHIPSAW,PROLONGED_CHOP,100,0,20.58,HYG:0.24,SPY:0.18,GLD:0.18,False,0.184,0.0,0.0,0.18,0.0,0.0,0.0,0.0
2023-03-02,2.590082,0.002992,0.007777,WHIPSAW,PROLONGED_CHOP,100,0,19.59,HYG:0.24,SPY:0.18,XLF:0.12,False,0.1805,0.0,0.0,0.1185,0.0,0.0,0.0,0.0
2023-03-03,2.627041,0.014269,0.016038,WHIPSAW,PROLONGED_CHOP,100,0,18.49,HYG:0.24,SPY:0.18,GLD:0.12,False,0.1847,0.0,0.0,0.1234,0.0,0.0,0.0,0.0
2023-03-06,2.620886,-0.002343,0.000693,WHIPSAW,PROLONGED_CHOP,100,0,18.61,XLE:0.19,HYG:0.14,QUAL:0.12,False,0.1096,0.0,0.0,0.1188,0.0,0.101,0.0,0.0
2023-03-07,2.582767,-0.014544,-0.015329,WHIPSAW,PROLONGED_CHOP,100,0,19.59,HYG:0.24,SPY:0.18,GLD:0.18,False,0.1827,0.0,0.0,0.18,0.0,0.0,0.0,0.0
2023-03-08,2.584303,0.000595,0.001632,WHIPSAW,PROLONGED_CHOP,100,0,19.11,GLD:0.18,SPY:0.18,HYG:0.14,False,0.1789,0.0,0.0,0.18,0.0,0.1002,0.0,0.0
2023-03-09,2.565341,-0.007338,-0.01845,WHIPSAW,PROLONGED_CHOP,100,0,22.61,SPY:0.18,GLD:0.18,HYG:0.14,False,0.1807,0.1193,0.0,0.18,0.0,0.101,0.0,0.0
2023-03-10,2.572404,0.002753,-0.014429,WHIPSAW,PROLONGED_CHOP,100,0,24.8,XLK:0.30,TLT:0.24,GLD:0.18,False,0.0,0.3,0.0,0.18,0.0,0.24,0.0,0.0
2023-03-13,2.594025,0.008405,-0.001425,WHIPSAW,PROLONGED_CHOP,100,0,26.52,XLK:0.37,GLD:0.22,IEF:0.17,False,0.0,0.3659,0.0,0.2195,0.0,0.1245,0.0,0.0
2023-03-14,2.614959,0.00807,0.01653,WHIPSAW,PROLONGED_CHOP,100,0,23.73,XLK:0.30,IWF:0.18,IEF:0.14,False,0.0,0.3,0.0,0.11,0.0,0.1044,0.0,0.0
2023-03-15,2.619236,0.001636,-0.006254,WHIPSAW,PROLONGED_CHOP,100,0,26.14,XLK:0.30,IEF:0.13,QUAL:0.12,False,0.0,0.3,0.0,0.1085,0.0,0.1054,0.0,0.0
2023-03-16,2.647449,0.010771,0.017545,WHIPSAW,PROLONGED_CHOP,100,0,22.99,XLK:0.33,IEF:0.15,QUAL:0.13,False,0.0,0.3333,0.0,0.1265,0.0,0.116,0.0,0.0
2023-03-17,2.654108,0.002515,-0.011693,WHIPSAW,PROLONGED_CHOP,100,0,25.51,SPY:0.19,HYG:0.12,QUAL:0.12,False,0.1945,0.1055,0.0,0.1145,0.0,0.0,0.0,0.0
2023-03-20,2.660482,0.002402,0.009616,WHIPSAW,PROLONGED_CHOP,100,0,24.15,XLK:0.30,IEF:0.14,QUAL:0.12,False,0.0,0.3,0.0,0.1165,0.0,0.0955,0.0,0.0
2023-03-21,2.666078,0.002103,0.013131,WHIPSAW,PROLONGED_CHOP,100,0,21.38,SPY:0.19,IEF:0.15,GLD:0.12,False,0.1933,0.1067,0.0,0.1166,0.0,0.0939,0.0,0.0
2023-03-22,2.660415,-0.002124,-0.017046,WHIPSAW,PROLONGED_CHOP,100,0,22.26,SPY:0.19,HYG:0.12,IEF:0.12,False,0.1909,0.1091,0.0,0.1164,0.0,0.0,0.0,0.0
2023-03-23,2.683188,0.00856,0.002703,WHIPSAW,PROLONGED_CHOP,100,0,22.61,XLK:0.30,IEF:0.12,HYG:0.12,False,0.0,0.3,0.0,0.117,0.0,0.0,0.0,0.0
2023-03-24,2.684169,0.000366,0.006562,WHIPSAW,PROLONGED_CHOP,100,0,21.74,XLK:0.30,IEF:0.15,QUAL:0.12,False,0.0,0.3,0.0,0.1172,0.0,0.0883,0.0,0.0
2023-03-27,2.670886,-0.004949,0.00187,WHIPSAW,PROLONGED_CHOP,100,0,20.6,SPY:0.19,IEF:0.16,GLD:0.12,False,0.1919,0.1081,0.0,0.1188,0.0,0.084,0.0,0.0
2023-03-28,2.671493,0.000227,-0.002244,WHIPSAW,PROLONGED_CHOP,100,0,19.97,SPY:0.19,IEF:0.16,GLD:0.12,False,0.1909,0.1091,0.0,0.1202,0.0,0.081,0.0,0.0
2023-03-29,2.69152,0.007497,0.014535,WHIPSAW,PROLONGED_CHOP,100,0,19.12,SPY:0.19,IEF:0.16,GLD:0.12,False,0.1875,0.1125,0.0,0.1236,0.0,0.081,0.0,0.0
2023-03-30,2.712521,0.007803,0.005855,WHIPSAW,PROLONGED_CHOP,100,0,19.02,SPY:0.18,GLD:0.12,IEF:0.12,False,0.1847,0.1153,0.0,0.123,0.0,0.0,0.0,0.0
2023-03-31,2.737272,0.009125,0.014095,WHIPSAW,PROLONGED_CHOP,100,3,18.7,SPY:0.19,IEF:0.13,GLD:0.12,False,0.188,0.112,0.0,0.1227,0.0,0.0,0.0,0.0
2023-04-03,2.745916,0.003158,0.003811,WHIPSAW,PROLONGED_CHOP,100,0,18.55,SPY:0.19,HYG:0.12,GLD:0.12,False,0.19,0.11,0.0,0.1216,0.0,0.0,0.0,0.0
2023-04-04,2.746458,0.000197,-0.005548,WHIPSAW,PROLONGED_CHOP,100,0,19.0,XLE:0.16,SPY:0.14,HYG:0.12,False,0.1398,0.0,0.0,0.1214,0.0,0.0,0.0,0.0
2023-04-05,2.738781,-0.002795,-0.002618,WHIPSAW,PROLONGED_CHOP,100,0,19.08,SPY:0.19,IEF:0.12,GLD:0.12,False,0.191,0.109,0.0,0.1222,0.0,0.0,0.0,0.0
2023-04-06,2.732334,-0.002354,0.003901,WHIPSAW,PROLONGED_CHOP,100,2,18.4,XLE:0.18,IEF:0.12,GLD:0.12,True,0.0,0.0,0.117,0.1215,0.0,0.0,0.0,0.0
2023-04-10,2.726876,-0.001997,0.001026,WHIPSAW,PROLONGED_CHOP,100,0,18.97,SPY:0.16,XLV:0.14,IEF:0.12,False,0.1553,0.0,0.1447,0.1239,0.0,0.0,0.0,0.0
2023-04-11,2.737561,0.003918,0.000269,WHIPSAW,PROLONGED_CHOP,100,0,19.1,XLE:0.18,IEF:0.13,GLD:0.13,False,0.1158,0.0,0.0,0.1284,0.0,0.0,0.0747,0.0
2023-04-12,2.74195,0.001603,-0.004076,WHIPSAW,PROLONGED_CHOP,100,0,19.09,XLE:0.18,IEF:0.13,GLD:0.13,False,0.1215,0.0,0.0,0.1251,0.0,0.0,0.0717,0.0
2023-04-13,2.765503,0.00859,0.013283,WHIPSAW,PROLONGED_CHOP,100,0,17.8,XLE:0.18,IEF:0.13,GLD:0.13,False,0.119,0.0,0.0,0.1268,0.0,0.0,0.0705,0.0
2023-04-14,2.749576,-0.005759,-0.002443,WHIPSAW,PROLONGED_CHOP,100,0,17.07,XLE:0.15,XLK:0.15,IEF:0.14,False,0.0,0.1487,0.0,0.1293,0.0,0.0,0.0,0.0
2023-04-17,2.746997,-0.000938,0.003588,WHIPSAW,PROLONGED_CHOP,100,0,16.95,XLK:0.15,SPY:0.15,IEF:0.13,False,0.1454,0.1546,0.0,0.1281,0.0,0.0,0.0,0.0
2023-04-18,2.753864,0.0025,0.000652,WHIPSAW,PROLONGED_CHOP,100,0,16.83,XLK:0.17,IEF:0.14,SPY:0.13,False,0.1338,0.1662,0.0,0.1299,0.0,0.0,0.0,0.0
2023-04-19,2.748596,-0.001913,-0.000169,WHIPSAW,PROLONGED_CHOP,100,0,16.46,XLK:0.16,IEF:0.14,XLV:0.14,False,0.0,0.1595,0.1405,0.1284,0.0,0.0,0.0,0.0
2023-04-20,2.744565,-0.001467,-0.005457,WHIPSAW,PROLONGED_CHOP,100,0,17.17,XLE:0.15,XLK:0.15,IEF:0.14,False,0.0,0.1485,0.0,0.1259,0.0,0.0,0.0,0.0
2023-04-21,2.73738,-0.002618,0.000777,WHIPSAW,PROLONGED_CHOP,100,0,16.77,XLK:0.16,XLE:0.14,IEF:0.14,False,0.0,0.1553,0.0,0.1231,0.0,0.0,0.0,0.0
2023-04-24,2.740737,0.001226,0.001043,WHIPSAW,PROLONGED_CHOP,100,1,16.89,XLK:0.17,IEF:0.14,SPY:0.13,False,0.1346,0.1654,0.0,0.1208,0.0,0.0,0.0,0.0
2023-04-25,2.716738,-0.008757,-0.015874,WHIPSAW,PROLONGED_CHOP,100,0,18.76,XLK:0.16,XLE:0.14,IEF:0.14,False,0.0,0.1571,0.0,0.1179,0.0,0.0,0.0,0.0
2023-04-26,2.713893,-0.001047,-0.004236,WHIPSAW,PROLONGED_CHOP,100,0,18.84,XLK:0.16,SPY:0.14,IEF:0.13,False,0.1423,0.1577,0.0,0.114,0.0,0.0,0.0,0.0
2023-04-27,2.744531,0.011289,0.019908,WHIPSAW,PROLONGED_CHOP,100,0,17.03,SPY:0.16,XLK:0.14,IEF:0.13,False,0.1613,0.1387,0.0,0.1108,0.0,0.0,0.0,0.0
2023-04-28,2.761217,0.00608,0.008535,WHIPSAW,PROLONGED_CHOP,100,0,15.78,XLK:0.16,SPY:0.14,IEF:0.13,False,0.1411,0.1589,0.0,0.1094,0.0,0.0,0.0,0.0
2023-05-01,2.748603,-0.004568,-0.00101,WHIPSAW,PROLONGED_CHOP,100,0,16.08,XLE:0.17,XLK:0.13,IEF:0.13,False,0.0,0.1327,0.0,0.1032,0.0,0.0,0.0,0.0
2023-05-02,2.745771,-0.00103,-0.011239,WHIPSAW,PROLONGED_CHOP,100,0,17.78,XLK:0.16,SPY:0.14,IEF:0.13,False,0.1417,0.1583,0.0,0.0943,0.0,0.0,0.0,0.0
2023-05-03,2.742788,-0.001086,-0.006864,WHIPSAW,PROLONGED_CHOP,100,0,18.34,XLK:0.15,SPY:0.15,IEF:0.13,False,0.1484,0.1516,0.0,0.0999,0.0,0.0,0.0,0.0
2023-05-04,2.73806,-0.001724,-0.007083,WHIPSAW,PROLONGED_CHOP,100,0,20.09,SPY:0.15,XLV:0.15,IEF:0.13,False,0.1522,0.0,0.1478,0.092,0.0,0.0,0.0,0.0
2023-05-05,2.752009,0.005094,0.018513,WHIPSAW,PROLONGED_CHOP,100,0,17.19,XLV:0.16,IEF:0.14,SPY:0.14,False,0.1354,0.0,0.1646,0.0955,0.0,0.0,0.0,0.0
2023-05-08,2.747455,-0.001655,0.000266,WHIPSAW,PROLONGED_CHOP,100,0,16.98,XLV:0.15,XLK:0.15,IEF:0.13,False,0.0,0.1489,0.1511,0.0877,0.0,0.0,0.0,0.0
2023-05-09,2.739952,-0.002731,-0.004385,WHIPSAW,PROLONGED_CHOP,100,0,17.71,XLK:0.15,XLV:0.15,IEF:0.13,False,0.0,0.1523,0.1477,0.0825,0.0,0.0,0.0,0.0
2023-05-10,2.750805,0.003961,0.004672,WHIPSAW,PROLONGED_CHOP,100,0,16.94,XLK:0.15,XLV:0.15,IEF:0.13,False,0.0,0.1521,0.1479,0.0788,0.0,0.0,0.0,0.0
2023-05-11,2.733452,-0.006308,-0.001744,WHIPSAW,PROLONGED_CHOP,100,0,16.93,XLV:0.15,SPY:0.15,IEF:0.13,False,0.1474,0.0,0.1526,0.072,0.0,0.0,0.0,0.0
2023-05-12,2.726572,-0.002517,-0.00131,WHIPSAW,PROLONGED_CHOP,100,0,17.03,XLK:0.15,SPY:0.15,HYG:0.12,False,0.1461,0.1539,0.0,0.079,0.0,0.0,0.0,0.0
2023-05-15,2.736052,0.003477,0.00345,WHIPSAW,PROLONGED_CHOP,100,1,17.12,XLK:0.16,SPY:0.14,HYG:0.12,False,0.1443,0.1557,0.0,0.074,0.0,0.0,0.0,0.0
2023-05-16,2.715298,-0.007585,-0.006683,WHIPSAW,PROLONGED_CHOP,100,2,17.99,XLV:0.18,SPY:0.12,IEF:0.12,True,0.122,0.0,0.178,0.0792,0.0,0.0,0.0,0.0
2023-05-17,2.730326,0.005534,0.012139,WHIPSAW,PROLONGED_CHOP,100,0,16.87,IEF:0.24,SPY:0.16,XLK:0.14,False,0.1634,0.1366,0.0,0.0834,0.0,0.0,0.0,0.0
2023-05-18,2.7399,0.003507,0.009633,WHIPSAW,PROLONGED_CHOP,100,0,16.05,SPY:0.17,XLK:0.13,IEF:0.12,False,0.1683,0.1317,0.0,0.0823,0.0,0.0,0.0,0.0
2023-05-19,2.744135,0.001546,-0.001455,WHIPSAW,PROLONGED_CHOP,100,0,16.81,SPY:0.17,XLK:0.13,IEF:0.12,False,0.1664,0.1336,0.0,0.083,0.0,0.0,0.0,0.0
2023-05-22,2.746211,0.000757,0.000406,WHIPSAW,PROLONGED_CHOP,100,0,17.21,HYG:0.24,SPY:0.17,XLK:0.13,False,0.1654,0.1346,0.0,0.0855,0.0,0.0,0.0,0.0
2023-05-23,2.720014,-0.009539,-0.011223,WHIPSAW,PROLONGED_CHOP,100,0,18.53,HYG:0.24,SPY:0.15,XLK:0.15,False,0.1534,0.1466,0.0,0.0827,0.0,0.0,0.0,0.0
2023-05-24,2.696568,-0.00862,-0.007245,WHIPSAW,PROLONGED_CHOP,100,0,20.03,HYG:0.24,SPY:0.17,XLK:0.13,False,0.1726,0.1274,0.0,0.0829,0.0,0.0,0.0,0.0
2023-05-25,2.725613,0.010771,0.00866,WHIPSAW,PROLONGED_CHOP,100,0,19.14,GLD:0.24,SPY:0.21,XLK:0.18,False,0.213,0.1817,0.0,0.2368,0.0,0.0,0.0,0.0
2023-05-26,2.762403,0.013498,0.012951,WHIPSAW,PROLONGED_CHOP,100,0,17.95,GLD:0.24,SPY:0.21,XLK:0.18,False,0.2135,0.1812,0.0,0.2368,0.0,0.0,0.0,0.0
2023-05-30,2.766871,0.001617,0.000381,WHIPSAW,PROLONGED_CHOP,100,0,17.46,GLD:0.24,SPY:0.21,XLK:0.18,False,0.2122,0.1825,0.0,0.2368,0.0,0.0,0.0,0.0
2023-05-31,2.753346,-0.004888,-0.005545,WHIPSAW,PROLONGED_CHOP,100,0,17.94,HYG:0.24,GLD:0.18,SPY:0.17,False,0.166,0.134,0.0,0.18,0.0,0.0,0.0,0.0
2023-06-01,2.780953,0.010027,0.009501,WHIPSAW,PROLONGED_CHOP,100,0,15.65,IEF:0.24,SPY:0.17,XLK:0.13,False,0.1674,0.1326,0.0,0.087,0.0,0.0,0.0,0.0
2023-06-02,2.799668,0.00673,0.014461,RECOVERY_GROWTH,RECOVERY_ACCEL,100,0,14.6,XLK:0.20,SPY:0.20,QUAL:0.11,False,0.1981,0.2019,0.0,0.075,0.0,0.0,0.0,0.0
2023-06-05,2.79279,-0.002457,-0.001916,RECOVERY_GROWTH,RECOVERY_ACCEL,100,0,14.73,SPY:0.20,XLK:0.20,HYG:0.15,False,0.2,0.2,0.0,0.0839,0.0,0.0,0.0,0.0
2023-06-06,2.800046,0.002598,0.002178,RECOVERY_GROWTH,RECOVERY_ACCEL,100,0,13.96,XLK:0.22,SPY:0.18,HYG:0.15,False,0.1814,0.2186,0.0,0.0828,0.0,0.0,0.0,0.0
2023-06-07,2.771809,-0.010084,-0.003458,RECOVERY_GROWTH,RECOVERY_ACCEL,100,3,13.94,SPY:0.20,XLK:0.20,HYG:0.15,True,0.2037,0.1963,0.0,0.0756,0.0,0.0,0.0,0.0
2023-06-08,2.803961,0.0116,0.006049,RECOVERY_GROWTH,RECOVERY_ACCEL,100,0,13.65,XLK:0.21,SPY:0.19,HYG:0.15,False,0.195,0.205,0.0,0.0,0.0,0.0,0.0,0.0
2023-06-09,2.809782,0.002076,0.001794,RECOVERY_GROWTH,RECOVERY_ACCEL,100,1,13.83,XLK:0.21,SPY:0.19,HYG:0.15,False,0.1913,0.2087,0.0,0.0858,0.0,0.0,0.0,0.0
2023-06-12,2.834741,0.008883,0.009072,RECOVERY_GROWTH,RECOVERY_ACCEL,100,0,15.01,XLK:0.21,SPY:0.19,HYG:0.15,False,0.1906,0.2094,0.0,0.0889,0.0,0.0,0.0,0.0
2023-06-13,2.846201,0.004043,0.006593,RECOVERY_GROWTH,RECOVERY_ACCEL,100,0,14.61,XLK:0.23,SPY:0.17,HYG:0.15,False,0.174,0.226,0.0,0.0881,0.0,0.0,0.0,0.0
2023-06-14,2.85898,0.00449,0.001191,RECOVERY_GROWTH,RECOVERY_ACCEL,100,0,13.88,XLK:0.23,SPY:0.17,HYG:0.15,False,0.1685,0.2315,0.0,0.0865,0.0,0.0,0.0,0.0
2023-06-15,2.886068,0.009475,0.012398,RECOVERY_GROWTH,RECOVERY_ACCEL,100,0,14.5,XLK:0.22,SPY:0.18,HYG:0.15,False,0.1787,0.2213,0.0,0.0864,0.0,0.0,0.0,0.0
2023-06-16,2.875174,-0.003775,-0.003406,RECOVERY_GROWTH,RECOVERY_ACCEL,100,0,13.54,XLK:0.23,XLF:0.17,HYG:0.15,False,0.0,0.2333,0.0,0.0854,0.0,0.0,0.0,0.0
2023-06-20,2.852277,-0.007964,-0.005188,RECOVERY_GROWTH,RECOVERY_ACCEL,100,0,13.88,XLK:0.24,SPY:0.16,HYG:0.15,False,0.1605,0.2395,0.0,0.0804,0.0,0.0,0.0,0.0
2023-06-21,2.842149,-0.003551,-0.005124,RECOVERY_GROWTH,RECOVERY_ACCEL,100,0,13.2,XLK:0.23,SPY:0.17,HYG:0.15,False,0.1697,0.2303,0.0,0.0,0.0,0.0,0.0,0.0
2023-06-22,2.841567,-0.000205,0.00361,RECOVERY_GROWTH,RECOVERY_ACCEL,100,0,12.91,XLK:0.23,SPY:0.17,DJP:0.13,False,0.1675,0.2325,0.0,0.0,0.0,0.0552,0.0,0.0
2023-06-23,2.815641,-0.009124,-0.00756,RECOVERY_GROWTH,RECOVERY_ACCEL,100,0,13.44,XLK:0.27,SPY:0.19,HYG:0.17,False,0.1908,0.2689,0.0,0.0,0.0,0.0,0.0,0.0
2023-06-26,2.803575,-0.004285,-0.004086,RECOVERY_GROWTH,RECOVERY_ACCEL,100,3,14.25,XLK:0.25,SPY:0.21,HYG:0.17,True,0.2147,0.2451,0.0,0.0,0.0,0.0,0.0,0.0
2023-06-27,2.836972,0.011912,0.010963,RECOVERY_GROWTH,RECOVERY_ACCEL,100,0,13.74,XLK:0.28,SPY:0.18,QUAL:0.12,False,0.18,0.2798,0.0,0.0,0.0,0.0625,0.0,0.0
2023-06-28,2.842447,0.00193,0.000504,RECOVERY_GROWTH,RECOVERY_ACCEL,100,0,13.43,XLK:0.29,SPY:0.17,HYG:0.17,False,0.1725,0.2873,0.0,0.0,0.0,0.0,0.0,0.0
2023-06-29,2.842473,9e-06,0.003942,RECOVERY_GROWTH,RECOVERY_ACCEL,100,0,13.54,XLK:0.29,SPY:0.17,QUAL:0.12,False,0.1715,0.2883,0.0,0.0,0.0,0.0606,0.0,0.0
2023-06-30,2.875762,0.011711,0.011801,RECOVERY_GROWTH,RECOVERY_ACCEL,100,0,13.59,XLK:0.29,HYG:0.17,SPY:0.17,False,0.1679,0.2918,0.0,0.0,0.0,0.0,0.0,0.0
2023-07-03,2.873306,-0.000854,0.00115,RECOVERY_GROWTH,RECOVERY_ACCEL,100,0,13.57,XLK:0.29,HYG:0.17,SPY:0.17,False,0.1687,0.2911,0.0,0.0,0.0,0.0,0.0,0.0
2023-07-05,2.860202,-0.004561,-0.001487,RECOVERY_GROWTH,RECOVERY_ACCEL,100,0,14.18,XLK:0.28,XLE:0.18,HYG:0.17,False,0.0,0.281,0.0,0.0,0.0,0.0,0.0,0.0
2023-07-06,2.839678,-0.007176,-0.007831,RECOVERY_GROWTH,RECOVERY_ACCEL,100,0,15.44,XLK:0.29,HYG:0.17,SPY:0.17,False,0.1716,0.2882,0.0,0.0,0.0,0.0,0.0,0.0
2023-07-07,2.839506,-6.1e-05,-0.002525,RECOVERY_GROWTH,RECOVERY_ACCEL,100,0,14.83,XLK:0.28,XLF:0.18,HYG:0.17,False,0.0,0.2802,0.0,0.0,0.0,0.0,0.0,0.0682
2023-07-10,2.849277,0.003441,0.002531,RECOVERY_GROWTH,RECOVERY_ACCEL,100,0,15.07,XLK:0.26,XLF:0.20,HYG:0.17,False,0.0,0.2564,0.0,0.0,0.0,0.0,0.0,0.0
2023-07-11,2.87399,0.008673,0.006369,RECOVERY_GROWTH,RECOVERY_ACCEL,100,0,14.84,XLK:0.24,XLE:0.22,HYG:0.17,False,0.0,0.2359,0.0,0.0,0.0,0.0,0.0,0.0
2023-07-12,2.901114,0.009438,0.008046,RECOVERY_GROWTH,RECOVERY_ACCEL,100,0,13.54,XLK:0.21,XLE:0.19,HYG:0.15,False,0.0,0.2077,0.0,0.0,0.0,0.0,0.0,0.0
2023-07-13,2.92806,0.009288,0.007937,RECOVERY_GROWTH,RECOVERY_ACCEL,100,3,13.61,XLK:0.22,XLE:0.18,HYG:0.15,False,0.0,0.2157,0.0,0.0546,0.0,0.0,0.0,0.0
2023-07-14,2.910733,-0.005917,-0.000623,GOLDILOCKS,NORMAL_TRENDING,100,3,13.34,XLK:0.31,XLE:0.14,QUAL:0.11,False,0.0,0.3082,0.0,0.0347,0.0,0.0,0.0,0.0
2023-07-17,2.925206,0.004972,0.003472,GOLDILOCKS,NORMAL_TRENDING,100,0,13.48,XLK:0.30,XLE:0.15,IWF:0.12,False,0.0,0.2975,0.0,0.0,0.0,0.0,0.0,0.0
2023-07-18,2.952812,0.009437,0.00743,GOLDILOCKS,NORMAL_TRENDING,100,0,13.3,XLK:0.31,XLE:0.14,IWF:0.12,False,0.0,0.306,0.0,0.0,0.0,0.0,0.0,0.0
2023-07-19,2.951447,-0.000462,0.002224,GOLDILOCKS,NORMAL_TRENDING,100,0,13.76,XLK:0.31,SPY:0.14,IWF:0.12,False,0.1374,0.3126,0.0,0.0,0.0,0.0,0.0,0.0
2023-07-20,2.911956,-0.01338,-0.006635,GOLDILOCKS,NORMAL_TRENDING,100,0,13.99,XLK:0.32,SPY:0.13,IWF:0.13,False,0.1335,0.3165,0.0,0.0336,0.0,0.0405,0.0,0.0
2023-07-21,2.91055,-0.000483,0.0,GOLDILOCKS,NORMAL_TRENDING,100,0,13.6,XLK:0.31,SPY:0.14,IWF:0.12,False,0.1447,0.3053,0.0,0.0362,0.0,0.0,0.0,0.0
2023-07-24,2.918915,0.002874,0.004467,GOLDILOCKS,NORMAL_TRENDING,100,0,13.91,XLK:0.30,XLE:0.15,IWF:0.12,False,0.0,0.3049,0.0,0.0366,0.0,0.0,0.0,0.0
2023-07-25,2.938015,0.006543,0.00273,GOLDILOCKS,NORMAL_TRENDING,100,0,13.86,XLK:0.30,XLE:0.15,IWF:0.12,False,0.0,0.3035,0.0,0.0,0.0,0.0,0.0,0.0
2023-07-26,2.929013,-0.003064,0.000154,GOLDILOCKS,NORMAL_TRENDING,100,0,13.19,XLK:0.30,SPY:0.15,IWF:0.12,False,0.1459,0.3041,0.0,0.0,0.0,0.0,0.0,0.0
2023-07-27,2.912702,-0.005569,-0.00663,GOLDILOCKS,NORMAL_TRENDING,100,1,14.41,XLK:0.31,SPY:0.14,IWF:0.12,False,0.1443,0.3057,0.0,0.0348,0.0,0.0,0.0,0.0
2023-07-28,2.943247,0.010487,0.00979,GOLDILOCKS,NORMAL_TRENDING,100,0,13.33,XLK:0.30,SPY:0.15,IWF:0.12,False,0.1475,0.3025,0.0,0.0,0.0,0.0,0.0,0.0
2023-07-31,2.949294,0.002054,0.001904,GOLDILOCKS,NORMAL_TRENDING,100,2,13.63,XLK:0.26,SPY:0.19,IWF:0.12,True,0.191,0.259,0.0,0.0,0.0,0.0,0.0,0.0
2023-08-01,2.938759,-0.003572,-0.002862,GOLDILOCKS,NORMAL_TRENDING,100,0,13.93,XLK:0.30,SPY:0.15,IWF:0.12,False,0.1458,0.3042,0.0,0.0,0.0,0.0,0.0,0.0
2023-08-02,2.88343,-0.018828,-0.013911,GOLDILOCKS,NORMAL_TRENDING,100,0,16.09,XLK:0.31,SPY:0.14,IWF:0.12,False,0.1437,0.3063,0.0,0.0,0.0,0.0,0.0,0.0717
2023-08-03,2.876179,-0.002515,-0.002866,GOLDILOCKS,NORMAL_TRENDING,100,0,15.92,XLK:0.31,SPY:0.14,IWF:0.12,False,0.1443,0.3057,0.0,0.0,0.0,0.0,0.0,0.0
2023-08-04,2.866953,-0.003208,-0.004523,GOLDILOCKS,NORMAL_TRENDING,100,0,17.1,XLK:0.30,XLE:0.15,IWF:0.12,False,0.0,0.2976,0.0,0.0,0.0,0.0,0.0,0.0
2023-08-07,2.879704,0.004448,0.008729,GOLDILOCKS,NORMAL_TRENDING,100,0,15.77,XLK:0.26,XLE:0.19,IWF:0.12,False,0.0,0.2585,0.0,0.0,0.0,0.0,0.0,0.0
2023-08-08,2.870733,-0.003115,-0.004349,GOLDILOCKS,NORMAL_TRENDING,100,0,15.99,XLK:0.27,XLE:0.18,IWF:0.12,False,0.0,0.2689,0.0,0.0,0.0,0.0,0.0,0.0
2023-08-09,2.86204,-0.003028,-0.006685,GOLDILOCKS,NORMAL_TRENDING,100,0,15.96,XLK:0.27,XLE:0.18,IWF:0.12,False,0.0,0.2657,0.0,0.0,0.0,0.0,0.0,0.0
2023-08-10,2.861914,-4.4e-05,0.000359,GOLDILOCKS,NORMAL_TRENDING,100,0,15.85,XLK:0.28,XLE:0.17,IWF:0.12,False,0.0,0.279,0.0,0.0,0.0,0.0,0.0,0.0
2023-08-11,2.858408,-0.001225,-0.000583,GOLDILOCKS,NORMAL_TRENDING,100,0,14.84,XLK:0.28,XLE:0.17,IWF:0.12,False,0.0,0.2768,0.0,0.0,0.0,0.0,0.0,0.0
2023-08-14,2.877157,0.006559,0.00552,GOLDILOCKS,NORMAL_TRENDING,100,0,14.82,XLK:0.30,SPY:0.15,IWF:0.12,False,0.1498,0.3002,0.0,0.0,0.0,0.0,0.0,0.0
2023-08-15,2.848717,-0.009885,-0.011649,GOLDILOCKS,NORMAL_TRENDING,100,0,16.46,XLK:0.30,SPY:0.15,IWF:0.12,False,0.1456,0.3044,0.0,0.0,0.0,0.0,0.0,0.0
2023-08-16,2.827247,-0.007537,-0.007338,GOLDILOCKS,NORMAL_TRENDING,100,0,16.78,XLK:0.35,XLE:0.18,IWF:0.14,False,0.0,0.3472,0.0,0.0,0.0,0.0,0.0,0.0
2023-08-17,2.819633,-0.002693,-0.00762,CAUTIOUS_BULL,EARLY_DD_UNCERTAINTY,100,0,17.89,HYG:0.28,XLK:0.21,DJP:0.20,False,0.0,0.2116,0.0,0.0,0.0,0.0,0.0,0.0
2023-08-18,2.828121,0.00301,0.000481,CAUTIOUS_BULL,EARLY_DD_UNCERTAINTY,100,0,17.3,HYG:0.28,XLK:0.21,DJP:0.20,False,0.0,0.2067,0.0,0.0,0.0,0.0,0.0,0.0
2023-08-21,2.843065,0.005284,0.006506,CAUTIOUS_BULL,EARLY_DD_UNCERTAINTY,100,0,17.13,HYG:0.28,XLK:0.21,DJP:0.20,False,0.0,0.2116,0.0,0.0,0.0,0.0,0.0,0.0
2023-08-22,2.837554,-0.001938,-0.002709,CAUTIOUS_BULL,EARLY_DD_UNCERTAINTY,100,0,16.97,HYG:0.28,XLK:0.21,DJP:0.20,False,0.0,0.2135,0.0,0.0,0.0,0.0,0.0,0.0
2023-08-23,2.868896,0.011045,0.011138,CAUTIOUS_BULL,EARLY_DD_UNCERTAINTY,100,0,15.98,HYG:0.28,XLK:0.22,DJP:0.20,False,0.1074,0.2187,0.0,0.0,0.0,0.0,0.0,0.0
2023-08-24,2.834244,-0.012078,-0.013859,CAUTIOUS_BULL,EARLY_DD_UNCERTAINTY,100,0,17.2,HYG:0.28,XLK:0.22,SLV:0.13,False,0.11,0.2161,0.0,0.0,0.0,0.0,0.0,0.0
2023-08-25,2.85372,0.006872,0.00705,CAUTIOUS_BULL,EARLY_DD_UNCERTAINTY,100,0,15.68,HYG:0.28,XLK:0.22,SLV:0.13,False,0.1081,0.218,0.0,0.0,0.0,0.0,0.0,0.0
2023-08-28,2.867537,0.004842,0.006341,CAUTIOUS_BULL,EARLY_DD_UNCERTAINTY,100,0,15.08,HYG:0.28,XLK:0.22,SLV:0.13,False,0.1081,0.218,0.0,0.0,0.0,0.0,0.0,0.0
2023-08-29,2.905768,0.013332,0.014455,CAUTIOUS_BULL,EARLY_DD_UNCERTAINTY,100,1,14.45,HYG:0.26,XLK:0.17,SPY:0.13,True,0.1341,0.1659,0.0,0.0,0.0,0.0,0.0,0.0
2023-08-30,2.915159,0.003232,0.004119,GOLDILOCKS,NORMAL_TRENDING,100,3,13.88,XLK:0.30,SPY:0.15,QUAL:0.12,False,0.1457,0.3043,0.0,0.0,0.0,0.0,0.0,0.0729
2023-08-31,2.917498,0.000802,-0.001463,GOLDILOCKS,NORMAL_TRENDING,100,0,13.57,XLK:0.30,SPY:0.15,IWF:0.12,False,0.1477,0.3023,0.0,0.0,0.0,0.0,0.0,0.0735
2023-09-01,2.924278,0.002324,0.001865,GOLDILOCKS,NORMAL_TRENDING,100,1,13.09,XLK:0.30,EWJ:0.15,SPY:0.15,False,0.1483,0.3017,0.0,0.0,0.0,0.0,0.0,0.0
2023-09-05,2.916555,-0.002641,-0.004322,GOLDILOCKS,NORMAL_TRENDING,100,0,14.01,XLK:0.30,SPY:0.15,IWF:0.12,False,0.1487,0.3013,0.0,0.0,0.0,0.0,0.0,0.0719
2023-09-06,2.898571,-0.006166,-0.006722,GOLDILOCKS,NORMAL_TRENDING,100,0,14.45,XLK:0.31,EWJ:0.15,SPY:0.14,False,0.1413,0.3087,0.0,0.0,0.0,0.0,0.0,0.0
2023-09-07,2.882296,-0.005615,-0.00307,GOLDILOCKS,NORMAL_TRENDING,100,0,14.4,XLK:0.31,EWJ:0.15,SPY:0.14,False,0.1394,0.3106,0.0,0.0,0.0,0.0,0.0,0.0
2023-09-08,2.883507,0.00042,0.001506,GOLDILOCKS,NORMAL_TRENDING,100,0,13.84,XLK:0.31,EWJ:0.15,XLE:0.14,False,0.0,0.309,0.0,0.0,0.0,0.0,0.0,0.0
2023-09-11,2.902913,0.00673,0.006576,GOLDILOCKS,NORMAL_TRENDING,100,1,13.8,XLK:0.25,SPY:0.20,EWJ:0.15,True,0.2024,0.2476,0.0,0.0,0.0,0.0,0.0,0.0
2023-09-12,2.89202,-0.003753,-0.005486,GOLDILOCKS,NORMAL_TRENDING,100,0,14.23,XLK:0.30,XLE:0.15,EWJ:0.15,False,0.0,0.2958,0.0,0.0,0.0,0.0,0.0,0.0
2023-09-13,2.893782,0.000609,0.001166,GOLDILOCKS,NORMAL_TRENDING,100,0,13.48,XLK:0.30,EWJ:0.15,XLE:0.15,False,0.0,0.3027,0.0,0.0,0.0,0.0,0.0,0.0
2023-09-14,2.917317,0.008133,0.008622,GOLDILOCKS,NORMAL_TRENDING,100,0,12.82,XLK:0.31,EWJ:0.15,SPY:0.14,False,0.1444,0.3056,0.0,0.0,0.0,0.0,0.0,0.0
2023-09-15,2.881279,-0.012353,-0.012048,GOLDILOCKS,NORMAL_TRENDING,100,0,13.79,XLK:0.31,EWJ:0.15,SPY:0.14,False,0.1439,0.3061,0.0,0.0,0.0,0.0,0.0,0.0
2023-09-18,2.888209,0.002405,0.000586,GOLDILOCKS,NORMAL_TRENDING,100,0,14.0,XLK:0.31,EWJ:0.15,SPY:0.14,False,0.1405,0.3095,0.0,0.0,0.0,0.0,0.0,0.0
2023-09-19,2.887311,-0.000311,-0.002074,GOLDILOCKS,NORMAL_TRENDING,100,0,14.11,XLK:0.32,EWJ:0.15,SPY:0.13,False,0.1339,0.3161,0.0,0.0,0.0,0.0,0.0,0.0
2023-09-20,2.85403,-0.011527,-0.009193,GOLDILOCKS,NORMAL_TRENDING,100,0,15.14,XLK:0.31,EWJ:0.15,SPY:0.14,False,0.138,0.312,0.0,0.0,0.0,0.0,0.0,0.0
2023-09-21,2.81247,-0.014562,-0.016529,GOLDILOCKS,NORMAL_TRENDING,100,0,17.54,SPY:0.23,XLE:0.22,EWJ:0.15,False,0.2337,0.0,0.0,0.0,0.0,0.0,0.0,0.0
2023-09-22,2.812843,0.000133,-0.002249,CAUTIOUS_BULL,EARLY_DD_UNCERTAINTY,100,0,17.2,HYG:0.26,USMV:0.18,DJP:0.18,False,0.0,0.0,0.0,0.0,0.0,0.0,0.0,0.0
2023-09-25,2.814798,0.000695,0.004205,CAUTIOUS_BULL,EARLY_DD_UNCERTAINTY,100,0,16.9,HYG:0.26,USMV:0.18,DJP:0.18,False,0.0,0.0,0.0,0.0,0.0,0.0,0.0,0.0
2023-09-26,2.791956,-0.008115,-0.014691,CAUTIOUS_BULL,EARLY_DD_UNCERTAINTY,100,0,18.94,HYG:0.26,USMV:0.18,DJP:0.18,False,0.0,0.0,0.0,0.0,0.0,0.0,0.0,0.0
2023-09-27,2.840284,0.01731,0.000399,CAUTIOUS_BULL,EARLY_DD_UNCERTAINTY,100,0,18.22,XLE:0.62,DJP:0.38,SPY:0.00,False,0.0,0.0,0.0,0.0,0.0,0.0,0.0,0.0
2023-09-28,2.844832,0.001601,0.005798,CAUTIOUS_BULL,EARLY_DD_UNCERTAINTY,100,0,17.34,XLE:0.62,DJP:0.38,SPY:0.00,False,0.0,0.0,0.0,0.0,0.0,0.0,0.0,0.0
2023-09-29,2.794576,-0.017666,-0.002427,CAUTIOUS_BULL,EARLY_DD_UNCERTAINTY,100,0,17.52,XLE:0.62,DJP:0.38,SPY:0.00,False,0.0,0.0,0.0,0.0,0.0,0.0,0.0,0.0
2023-10-02,2.749686,-0.016063,-0.000398,CAUTIOUS_BULL,EARLY_DD_UNCERTAINTY,100,0,17.61,XLE:0.62,DJP:0.38,SPY:0.00,False,0.0,0.0,0.0,0.0,0.0,0.0,0.0,0.0
2023-10-03,2.745931,-0.001366,-0.013386,CAUTIOUS_BULL,EARLY_DD_UNCERTAINTY,100,0,19.78,XLE:0.62,DJP:0.38,SPY:0.00,False,0.0,0.0,0.0,0.0,0.0,0.0,0.0,0.0
2023-10-04,2.671282,-0.027185,0.007282,CAUTIOUS_BULL,EARLY_DD_UNCERTAINTY,100,0,18.58,XLE:0.62,DJP:0.38,SPY:0.00,False,0.0,0.0,0.0,0.0,0.0,0.0,0.0,0.0
2023-10-05,2.654772,-0.006181,-0.000377,CAUTIOUS_BULL,EARLY_DD_UNCERTAINTY,100,0,18.49,XLE:1.00,SPY:0.00,XLK:0.00,False,0.0,0.0,0.0,0.0,0.0,0.0,0.0,0.0
2023-10-06,2.670659,0.005984,0.011873,CAUTIOUS_BULL,EARLY_DD_UNCERTAINTY,100,1,17.45,XLE:1.00,SPY:0.00,XLK:0.00,True,0.0,0.0,0.0,0.0,0.0,0.0,0.0,0.0
2023-10-09,2.731213,0.022674,0.006402,CAUTIOUS_BULL,EARLY_DD_UNCERTAINTY,100,0,17.7,XLE:0.62,IWF:0.38,SPY:0.00,False,0.0,0.0,0.0,0.0,0.0,0.0,0.0,0.0
2023-10-10,2.733572,0.000864,0.005205,CAUTIOUS_BULL,EARLY_DD_UNCERTAINTY,100,0,17.03,XLK:0.37,DJP:0.27,IWF:0.16,False,0.0,0.3747,0.0,0.0,0.0,0.0,0.0,0.0
2023-10-11,2.742194,0.003154,0.004096,CAUTIOUS_BULL,EARLY_DD_UNCERTAINTY,100,0,16.09,XLK:0.37,DJP:0.27,IWF:0.15,False,0.0,0.3743,0.0,0.0,0.0,0.0,0.0,0.0
2023-10-12,2.741949,-8.9e-05,-0.006096,CAUTIOUS_BULL,EARLY_DD_UNCERTAINTY,100,0,16.69,XLK:0.38,DJP:0.27,IWF:0.15,False,0.0,0.3759,0.0,0.0,0.0,0.0,0.0,0.0
2023-10-13,2.74205,3.7e-05,-0.004981,CAUTIOUS_BULL,EARLY_DD_UNCERTAINTY,100,0,19.32,XLK:0.38,DJP:0.27,IWF:0.16,False,0.0,0.3756,0.0,0.0,0.0,0.0,0.0,0.0
2023-10-16,2.75515,0.004777,0.010522,CAUTIOUS_BULL,EARLY_DD_UNCERTAINTY,100,0,17.21,XLE:0.45,IWF:0.16,GLD:0.16,False,0.0,0.0,0.0,0.156,0.0,0.0,0.0,0.0
2023-10-17,2.751721,-0.001245,-4.6e-05,CAUTIOUS_BULL,EARLY_DD_UNCERTAINTY,100,0,17.88,XLK:0.37,DJP:0.27,IWF:0.15,False,0.0,0.3699,0.0,0.0,0.0,0.0,0.0,0.0
2023-10-18,2.759781,0.002929,-0.013325,CAUTIOUS_BULL,EARLY_DD_UNCERTAINTY,100,0,19.22,XLE:0.45,DJP:0.27,IWF:0.15,False,0.0,0.0,0.0,0.0,0.0,0.0,0.0,0.0
2023-10-19,2.766942,0.002595,-0.008786,CAUTIOUS_BULL,EARLY_DD_UNCERTAINTY,100,0,21.4,XLE:0.62,GLD:0.22,DJP:0.16,False,0.0,0.0,0.0,0.2172,0.0,0.0,0.0,0.0
2023-10-20,2.736872,-0.010868,-0.012288,CAUTIOUS_BULL,EARLY_DD_UNCERTAINTY,100,0,21.71,XLE:0.62,GLD:0.22,DJP:0.15,False,0.0,0.0,0.0,0.2209,0.0,0.0,0.0,0.0
2023-10-23,2.698876,-0.013883,-0.001733,CAUTIOUS_BULL,EARLY_DD_UNCERTAINTY,100,0,20.37,XLE:0.62,SLV:0.19,GLD:0.18,False,0.0,0.0,0.0,0.1818,0.0,0.0,0.0,0.0
2023-10-24,2.674313,-0.009101,0.007539,CAUTIOUS_BULL,EARLY_DD_UNCERTAINTY,100,0,18.97,XLE:0.62,GLD:0.22,DJP:0.15,False,0.0,0.0,0.0,0.225,0.0,0.0,0.0,0.0
2023-10-25,2.675287,0.000364,-0.014352,CAUTIOUS_BULL,EARLY_DD_UNCERTAINTY,100,3,20.19,XLE:0.62,GLD:0.23,DJP:0.15,True,0.0,0.0,0.0,0.2272,0.0,0.0,0.0,0.0
2023-10-26,2.662014,-0.004961,-0.011975,CAUTIOUS_BULL,EARLY_DD_UNCERTAINTY,100,0,20.68,XLE:0.62,GLD:0.23,DJP:0.15,False,0.0,0.0,0.0,0.2272,0.0,0.0,0.0,0.0
2023-10-27,2.633521,-0.010703,-0.004533,CAUTIOUS_BULL,EARLY_DD_UNCERTAINTY,100,0,21.27,XLE:0.62,GLD:0.22,DJP:0.15,False,0.0,0.0,0.0,0.222,0.0,0.0,0.0,0.0
2023-10-30,2.610661,-0.008681,0.011956,CAUTIOUS_BULL,EARLY_DD_UNCERTAINTY,100,0,19.75,GLD:0.58,DJP:0.42,SPY:0.00,False,0.0,0.0,0.0,0.5798,0.0,0.0,0.0,0.0
2023-10-31,2.583383,-0.010448,0.00628,CAUTIOUS_BULL,EARLY_DD_UNCERTAINTY,100,0,18.14,GLD:0.56,SLV:0.44,SPY:0.00,False,0.0,0.0,0.0,0.5626,0.0,0.0,0.0,0.0
2023-11-01,2.574071,-0.003605,0.010665,WHIPSAW,PROLONGED_CHOP,100,0,16.87,GLD:0.70,DJP:0.30,SPY:0.00,False,0.0,0.0,0.0,0.6959,0.0,0.0,0.0,0.0
2023-11-02,2.588472,0.005594,0.019164,WHIPSAW,PROLONGED_CHOP,100,2,15.66,GLD:0.69,DJP:0.31,SPY:0.00,True,0.0,0.0,0.0,0.6869,0.0,0.0,0.0,0.0
2023-11-03,2.603263,0.005715,0.009123,WHIPSAW,PROLONGED_CHOP,100,0,14.91,HYG:0.33,XLK:0.30,GLD:0.17,False,0.0,0.2991,0.0,0.1678,0.0,0.0,0.0,0.0
2023-11-06,2.598574,-0.001801,0.0023,WHIPSAW,PROLONGED_CHOP,100,3,14.89,HYG:0.24,XLK:0.23,EWJ:0.10,False,0.0,0.2294,0.0,0.0953,0.0,0.0,0.0,0.0
2023-11-07,2.603707,0.001975,0.002846,WHIPSAW,PROLONGED_CHOP,100,0,14.81,XLK:0.30,HYG:0.24,GLD:0.12,False,0.0,0.3,0.0,0.1195,0.0,0.0,0.0,0.0
2023-11-08,2.605667,0.000753,0.000732,WHIPSAW,PROLONGED_CHOP,100,0,14.45,XLK:0.33,HYG:0.27,GLD:0.20,False,0.0,0.3333,0.0,0.2,0.0,0.0,0.0,0.0
2023-11-09,2.595438,-0.003926,-0.007799,WHIPSAW,PROLONGED_CHOP,100,0,15.29,XLK:0.33,HYG:0.27,GLD:0.20,False,0.0,0.3333,0.0,0.2,0.0,0.0,0.0,0.0
2023-11-10,2.624902,0.011352,0.015605,WHIPSAW,PROLONGED_CHOP,100,0,14.17,XLK:0.33,HYG:0.27,GLD:0.20,False,0.0,0.3333,0.0,0.2,0.0,0.0,0.0,0.0
2023-11-13,2.623018,-0.000718,-0.000953,WHIPSAW,PROLONGED_CHOP,100,0,14.76,HYG:0.27,XLK:0.20,GLD:0.20,False,0.1326,0.2007,0.0,0.2,0.0,0.0,0.0,0.0
2023-11-14,2.661902,0.014824,0.019401,WHIPSAW,PROLONGED_CHOP,100,1,14.16,HYG:0.27,GLD:0.20,XLK:0.20,False,0.1345,0.1988,0.0,0.2,0.0,0.0,0.0,0.0
2023-11-15,2.658492,-0.001281,0.002117,WHIPSAW,PROLONGED_CHOP,100,0,14.18,HYG:0.24,GLD:0.18,XLK:0.18,False,0.1235,0.1765,0.0,0.18,0.0,0.0,0.0,0.0
2023-11-16,2.668909,0.003918,0.001223,WHIPSAW,PROLONGED_CHOP,100,0,14.32,HYG:0.24,XLK:0.18,SPY:0.12,False,0.1228,0.1772,0.0,0.1101,0.0,0.0,0.0,0.0
2023-11-17,2.67363,0.001769,0.001244,WHIPSAW,PROLONGED_CHOP,100,0,13.8,HYG:0.24,XLK:0.18,SPY:0.12,False,0.1233,0.1767,0.0,0.1095,0.0,0.0,0.0,0.0
2023-11-20,2.685726,0.004524,0.007698,WHIPSAW,PROLONGED_CHOP,100,0,13.41,HYG:0.24,XLK:0.18,SPY:0.12,False,0.1249,0.1751,0.0,0.1049,0.0,0.0,0.0,0.0
2023-11-21,2.685519,-7.7e-05,-0.002179,WHIPSAW,PROLONGED_CHOP,100,0,13.35,XLK:0.18,SPY:0.12,IEF:0.12,False,0.1229,0.1771,0.0,0.1082,0.0,0.0,0.0,0.0
2023-11-22,2.690169,0.001732,0.003861,WHIPSAW,PROLONGED_CHOP,100,0,12.85,XLK:0.18,SPY:0.12,IEF:0.12,False,0.1219,0.1781,0.0,0.1045,0.0,0.0,0.0,0.0
2023-11-24,2.695268,0.001895,0.000615,WHIPSAW,PROLONGED_CHOP,100,0,12.46,XLK:0.19,IEF:0.12,HYG:0.12,False,0.1144,0.1856,0.0,0.1081,0.0,0.0,0.0,0.0
2023-11-27,2.698457,0.001183,-0.001801,WHIPSAW,PROLONGED_CHOP,100,1,12.69,HYG:0.24,XLK:0.19,GLD:0.11,False,0.1097,0.1903,0.0,0.1124,0.0,0.0,0.0,0.0
2023-11-28,2.709929,0.004251,0.00099,WHIPSAW,PROLONGED_CHOP,100,0,12.69,XLK:0.19,IEF:0.12,HYG:0.12,False,0.1129,0.1871,0.0,0.1095,0.0,0.0,0.0,0.0
2023-11-29,2.713162,0.001193,-0.000703,WHIPSAW,PROLONGED_CHOP,100,1,12.98,XLK:0.18,SPY:0.12,HYG:0.12,True,0.1244,0.1756,0.0,0.1038,0.0,0.0,0.0,0.0
2023-11-30,2.714971,0.000667,0.003938,WHIPSAW,PROLONGED_CHOP,100,0,12.92,XLK:0.19,HYG:0.13,IEF:0.11,False,0.1105,0.1895,0.0,0.1078,0.0,0.0,0.0,0.0
2023-12-01,2.735653,0.007618,0.005916,WHIPSAW,PROLONGED_CHOP,100,0,12.63,XLK:0.19,HYG:0.13,IEF:0.11,False,0.1071,0.1929,0.0,0.114,0.0,0.0,0.0,0.0
2023-12-04,2.705773,-0.010922,-0.005249,WHIPSAW,PROLONGED_CHOP,100,0,13.08,XLK:0.19,HYG:0.13,GLD:0.12,False,0.1089,0.1911,0.0,0.117,0.0,0.0,0.0,0.0
2023-12-05,2.707575,0.000666,-0.000197,WHIPSAW,PROLONGED_CHOP,100,0,12.85,XLK:0.19,HYG:0.13,GLD:0.12,False,0.1083,0.1917,0.0,0.1172,0.0,0.0,0.0,0.0
2023-12-06,2.702561,-0.001852,-0.00403,WHIPSAW,PROLONGED_CHOP,100,0,12.97,XLK:0.19,HYG:0.13,GLD:0.11,False,0.1085,0.1915,0.0,0.1126,0.0,0.0,0.0,0.0
2023-12-07,2.716971,0.005332,0.00763,WHIPSAW,PROLONGED_CHOP,100,0,13.06,XLK:0.19,HYG:0.13,GLD:0.11,False,0.1085,0.1915,0.0,0.1131,0.0,0.0,0.0,0.0
2023-12-08,2.712317,-0.001713,0.004299,WHIPSAW,PROLONGED_CHOP,100,0,12.35,XLK:0.19,HYG:0.13,GLD:0.11,False,0.1082,0.1918,0.0,0.1135,0.0,0.0,0.0,0.0
2023-12-11,2.716949,0.001708,0.00389,WHIPSAW,PROLONGED_CHOP,100,0,12.63,XLK:0.19,HYG:0.13,GLD:0.12,False,0.1094,0.1906,0.0,0.124,0.0,0.0,0.0,0.0
2023-12-12,2.723055,0.002248,0.004567,WHIPSAW,PROLONGED_CHOP,100,0,12.07,XLK:0.19,HYG:0.12,GLD:0.12,False,0.1092,0.1908,0.0,0.1201,0.0,0.0,0.0,0.0
2023-12-13,2.762485,0.01448,0.01379,WHIPSAW,PROLONGED_CHOP,100,0,12.19,XLK:0.19,GLD:0.18,HYG:0.12,False,0.1109,0.1891,0.0,0.18,0.0,0.0,0.0,0.0
2023-12-14,2.771115,0.003124,0.003209,WHIPSAW,PROLONGED_CHOP,100,0,12.48,XLK:0.19,HYG:0.12,IEF:0.12,False,0.1116,0.1884,0.0,0.115,0.0,0.0,0.0,0.0
2023-12-15,2.764681,-0.002322,-0.001646,WHIPSAW,PROLONGED_CHOP,100,0,12.28,XLK:0.19,HYG:0.13,IEF:0.11,False,0.113,0.187,0.0,0.1138,0.0,0.0,0.0,0.0
2023-12-18,2.772069,0.002672,0.005625,WHIPSAW,PROLONGED_CHOP,100,0,12.56,XLK:0.19,HYG:0.12,IEF:0.12,False,0.1107,0.1893,0.0,0.1101,0.0,0.0,0.0,0.0
2023-12-19,2.785565,0.004869,0.006081,WHIPSAW,PROLONGED_CHOP,100,0,12.53,XLK:0.19,HYG:0.12,IEF:0.12,False,0.1111,0.1889,0.0,0.1096,0.0,0.0,0.0,0.0
2023-12-20,2.753731,-0.011428,-0.013857,RECOVERY_GROWTH,RECOVERY_ACCEL,100,0,13.67,XLK:0.26,SPY:0.14,IWF:0.11,False,0.1358,0.2642,0.0,0.0837,0.0,0.0,0.0,0.0604
2023-12-21,2.781045,0.009919,0.009482,RECOVERY_GROWTH,RECOVERY_ACCEL,100,1,13.65,XLK:0.26,SPY:0.14,IWF:0.11,False,0.1364,0.2636,0.0,0.0847,0.0,0.0,0.0,0.0604
2023-12-22,2.783437,0.00086,0.00201,RECOVERY_GROWTH,RECOVERY_ACCEL,100,0,13.03,XLK:0.26,SPY:0.14,IWF:0.11,False,0.136,0.264,0.0,0.0853,0.0,0.0,0.0,0.0601
2023-12-26,2.795214,0.004231,0.004223,RECOVERY_GROWTH,RECOVERY_ACCEL,100,0,12.99,XLK:0.27,SPY:0.13,IWF:0.11,False,0.1349,0.2651,0.0,0.0855,0.0,0.0,0.0,0.0597
2023-12-27,2.803121,0.002829,0.001808,RECOVERY_GROWTH,RECOVERY_ACCEL,100,0,12.43,XLK:0.27,SPY:0.13,IWF:0.11,False,0.1321,0.2679,0.0,0.0849,0.0,0.0,0.0,0.0601
2023-12-28,2.798898,-0.001507,0.000378,RECOVERY_GROWTH,RECOVERY_ACCEL,100,0,12.47,XLK:0.27,SPY:0.13,IWF:0.11,False,0.1313,0.2687,0.0,0.0833,0.0,0.0,0.0,0.0597
2023-12-29,2.791511,-0.002639,-0.002895,RECOVERY_GROWTH,RECOVERY_ACCEL,100,0,12.45,XLK:0.27,SPY:0.13,IWF:0.11,False,0.1301,0.2699,0.0,0.0811,0.0,0.0,0.0,0.0595
2024-01-02,2.756754,-0.012451,-0.005596,RECOVERY_GROWTH,RECOVERY_ACCEL,100,2,13.2,XLK:0.27,SPY:0.13,IWF:0.11,False,0.131,0.269,0.0,0.0776,0.0,0.0,0.0,0.0594
2024-01-03,2.733631,-0.008388,-0.008167,RECOVERY_GROWTH,RECOVERY_ACCEL,100,2,14.04,XLK:0.26,SPY:0.14,IWF:0.11,True,0.1444,0.2556,0.0,0.0783,0.0,0.0,0.0,0.059
2024-01-04,2.723107,-0.00385,-0.003221,RECOVERY_GROWTH,RECOVERY_ACCEL,100,0,14.13,XLK:0.27,SPY:0.13,IWF:0.11,False,0.1339,0.2661,0.0,0.0841,0.0,0.0,0.0,0.0589
2024-01-05,2.724912,0.000663,0.00137,RECOVERY_GROWTH,RECOVERY_ACCEL,100,0,13.35,XLK:0.27,SPY:0.13,IWF:0.11,False,0.1326,0.2674,0.0,0.0837,0.0,0.0,0.0,0.0
2024-01-08,2.76209,0.013644,0.014276,RECOVERY_GROWTH,RECOVERY_ACCEL,100,0,13.08,XLK:0.27,SPY:0.13,IWF:0.11,False,0.1325,0.2675,0.0,0.0845,0.0,0.0,0.0,0.0
2024-01-09,2.759058,-0.001098,-0.001517,RECOVERY_GROWTH,RECOVERY_ACCEL,100,0,12.76,XLK:0.27,SPY:0.13,IWF:0.11,False,0.1329,0.2671,0.0,0.0844,0.0,0.0,0.0,0.0
2024-01-10,2.775431,0.005934,0.005655,RECOVERY_GROWTH,RECOVERY_ACCEL,100,0,12.69,XLK:0.26,SPY:0.14,IWF:0.11,False,0.1364,0.2636,0.0,0.0832,0.0,0.0,0.0,0.0
2024-01-11,2.782657,0.002603,-0.000441,RECOVERY_GROWTH,RECOVERY_ACCEL,100,0,12.44,XLK:0.27,SPY:0.13,IWF:0.11,False,0.135,0.265,0.0,0.082,0.0,0.0,0.0,0.0
2024-01-12,2.795126,0.004481,0.000693,RECOVERY_GROWTH,RECOVERY_ACCEL,100,2,12.7,XLK:0.25,SPY:0.15,IWF:0.11,True,0.1466,0.2534,0.0,0.0826,0.0,0.0,0.0,0.0
2024-01-16,2.77902,-0.005762,-0.003671,RECOVERY_GROWTH,RECOVERY_ACCEL,100,0,13.84,XLK:0.26,SPY:0.14,IWF:0.11,False,0.136,0.264,0.0,0.0827,0.0,0.0,0.0,0.0
2024-01-17,2.761673,-0.006242,-0.005559,RECOVERY_GROWTH,RECOVERY_ACCEL,100,0,14.79,XLK:0.27,SPY:0.13,GLD:0.13,False,0.1338,0.2662,0.0,0.13,0.0,0.0,0.0,0.0
2024-01-18,2.792588,0.011194,0.008893,RECOVERY_GROWTH,RECOVERY_ACCEL,100,0,14.13,XLK:0.27,SPY:0.13,GLD:0.13,False,0.1344,0.2656,0.0,0.13,0.0,0.0,0.0,0.0
2024-01-19,2.8246,0.011463,0.012466,RECOVERY_GROWTH,RECOVERY_ACCEL,100,0,13.3,XLK:0.26,SPY:0.14,GLD:0.13,False,0.1396,0.2604,0.0,0.13,0.0,0.0,0.0,0.0
2024-01-22,2.828967,0.001546,0.002114,RECOVERY_GROWTH,RECOVERY_ACCEL,100,0,13.19,XLK:0.26,SPY:0.14,GLD:0.13,False,0.1394,0.2606,0.0,0.13,0.0,0.0,0.0,0.0582
2024-01-23,2.832109,0.001111,0.002917,RECOVERY_GROWTH,RECOVERY_ACCEL,100,0,12.55,XLK:0.26,SPY:0.14,GLD:0.13,False,0.138,0.262,0.0,0.13,0.0,0.0,0.0,0.0
2024-01-24,2.837141,0.001777,0.001093,RECOVERY_GROWTH,RECOVERY_ACCEL,100,0,13.14,XLK:0.26,SPY:0.14,GLD:0.13,False,0.139,0.261,0.0,0.13,0.0,0.0,0.0,0.0
2024-01-25,2.847584,0.003681,0.005439,RECOVERY_GROWTH,RECOVERY_ACCEL,100,0,13.45,XLK:0.26,SPY:0.14,GLD:0.13,False,0.1397,0.2603,0.0,0.13,0.0,0.0,0.0,0.0
2024-01-26,2.837702,-0.00347,-0.00127,RECOVERY_GROWTH,RECOVERY_ACCEL,100,0,13.26,XLK:0.26,SPY:0.14,GLD:0.13,False,0.1389,0.2611,0.0,0.13,0.0,0.0,0.0,0.0563
2024-01-29,2.860387,0.007994,0.007919,RECOVERY_GROWTH,RECOVERY_ACCEL,100,0,13.6,XLK:0.26,SPY:0.14,GLD:0.13,False,0.1399,0.2601,0.0,0.13,0.0,0.0,0.0,0.0
2024-01-30,2.851896,-0.002969,-0.000774,RECOVERY_GROWTH,RECOVERY_ACCEL,100,0,13.31,XLK:0.26,SPY:0.14,IWF:0.11,False,0.1365,0.2635,0.0,0.0823,0.0,0.0,0.0,0.0
2024-01-31,2.816279,-0.012489,-0.016317,RECOVERY_GROWTH,RECOVERY_ACCEL,100,0,14.35,XLK:0.26,SPY:0.14,IWF:0.11,False,0.1364,0.2636,0.0,0.0819,0.0,0.0,0.0,0.0573
2024-02-01,2.848026,0.011273,0.013088,RECOVERY_GROWTH,RECOVERY_ACCEL,100,0,13.88,XLK:0.26,SPY:0.14,GLD:0.13,False,0.1384,0.2616,0.0,0.13,0.0,0.0,0.0,0.0
2024-02-02,2.856631,0.003021,0.010527,RECOVERY_GROWTH,RECOVERY_ACCEL,100,0,13.85,XLK:0.26,SPY:0.14,IWF:0.11,False,0.1403,0.2597,0.0,0.0816,0.0,0.0,0.0,0.0
2024-02-05,2.849791,-0.002394,-0.003641,RECOVERY_GROWTH,RECOVERY_ACCEL,100,0,13.67,XLK:0.26,SPY:0.14,GLD:0.13,False,0.1407,0.2593,0.0,0.13,0.0,0.0,0.0,0.0
2024-02-06,2.853228,0.001206,0.002903,RECOVERY_GROWTH,RECOVERY_ACCEL,100,0,13.06,XLK:0.26,SPY:0.14,GLD:0.13,False,0.1425,0.2575,0.0,0.13,0.0,0.0,0.0,0.0
2024-02-07,2.874304,0.007387,0.00834,RECOVERY_GROWTH,RECOVERY_ACCEL,100,0,12.83,XLK:0.26,SPY:0.14,GLD:0.13,False,0.1424,0.2576,0.0,0.13,0.0,0.0,0.0,0.0
2024-02-08,2.876188,0.000655,0.000442,RECOVERY_GROWTH,RECOVERY_ACCEL,100,0,12.79,XLK:0.25,SPY:0.15,GLD:0.13,False,0.1452,0.2548,0.0,0.13,0.0,0.0,0.0,0.0
2024-02-09,2.893227,0.005924,0.005779,RECOVERY_GROWTH,RECOVERY_ACCEL,100,0,12.93,XLK:0.25,SPY:0.15,GLD:0.13,False,0.1484,0.2516,0.0,0.13,0.0,0.0,0.0,0.0
2024-02-12,2.885827,-0.002558,-0.000439,RECOVERY_GROWTH,RECOVERY_ACCEL,100,0,13.93,XLK:0.25,SPY:0.15,GLD:0.13,False,0.1477,0.2523,0.0,0.13,0.0,0.0,0.0,0.0
2024-02-13,2.847443,-0.013301,-0.013773,RECOVERY_GROWTH,RECOVERY_ACCEL,100,0,15.85,XLK:0.25,SPY:0.15,GLD:0.13,False,0.1453,0.2547,0.0,0.13,0.0,0.0,0.0,0.0
2024-02-14,2.869044,0.007586,0.009088,RECOVERY_GROWTH,RECOVERY_ACCEL,100,0,14.38,XLK:0.25,SPY:0.15,GLD:0.13,False,0.147,0.253,0.0,0.13,0.0,0.0,0.0,0.0
2024-02-15,2.880408,0.003961,0.0069,RECOVERY_GROWTH,RECOVERY_ACCEL,100,2,14.01,XLK:0.24,SPY:0.16,GLD:0.13,True,0.1634,0.2366,0.0,0.13,0.0,0.0,0.0,0.0
2024-02-16,2.867595,-0.004448,-0.00498,RECOVERY_GROWTH,RECOVERY_ACCEL,100,3,14.24,XLK:0.26,SPY:0.14,GLD:0.13,False,0.1429,0.2571,0.0,0.13,0.0,0.0,0.0,0.0
2024-02-20,2.854595,-0.004534,-0.005505,RECOVERY_GROWTH,RECOVERY_ACCEL,100,0,15.42,XLK:0.26,SPY:0.14,IWF:0.11,False,0.1434,0.2566,0.0,0.0841,0.0,0.0,0.0,0.0
2024-02-21,2.848714,-0.00206,0.000906,RECOVERY_GROWTH,RECOVERY_ACCEL,100,0,15.34,XLK:0.26,SPY:0.14,GLD:0.13,False,0.1411,0.2589,0.0,0.13,0.0,0.0,0.0,0.0
2024-02-22,2.903421,0.019204,0.020695,RECOVERY_GROWTH,RECOVERY_ACCEL,100,0,14.54,XLK:0.26,SPY:0.14,GLD:0.13,False,0.1417,0.2583,0.0,0.13,0.0,0.0,0.0,0.0
2024-02-23,2.905555,0.000735,0.00069,RECOVERY_GROWTH,RECOVERY_ACCEL,100,0,13.75,XLK:0.26,SPY:0.14,GLD:0.13,False,0.1396,0.2604,0.0,0.13,0.0,0.0,0.0,0.0
2024-02-26,2.901516,-0.00139,-0.003662,RECOVERY_GROWTH,RECOVERY_ACCEL,100,3,13.74,XLK:0.25,SPY:0.15,GLD:0.13,True,0.1508,0.2492,0.0,0.13,0.0,0.0,0.0,0.0
2024-02-27,2.903812,0.000791,0.001858,RECOVERY_GROWTH,RECOVERY_ACCEL,100,0,13.43,XLK:0.26,SPY:0.14,GLD:0.13,False,0.1432,0.2568,0.0,0.13,0.0,0.0,0.0,0.0
2024-02-28,2.896952,-0.002363,-0.001322,RECOVERY_GROWTH,RECOVERY_ACCEL,100,0,13.84,XLK:0.26,SPY:0.14,GLD:0.13,False,0.1424,0.2576,0.0,0.13,0.0,0.0,0.0,0.0
2024-02-29,2.913613,0.005751,0.003595,RECOVERY_GROWTH,RECOVERY_ACCEL,100,0,13.4,XLK:0.26,SPY:0.14,GLD:0.13,False,0.1442,0.2558,0.0,0.13,0.0,0.0,0.0,0.0
2024-03-01,2.952839,0.013463,0.009388,GOLDILOCKS,NORMAL_TRENDING,100,3,13.11,XLK:0.28,SPY:0.17,IWF:0.12,True,0.1705,0.2795,0.0,0.08,0.0,0.0,0.0,0.0
2024-03-04,2.954226,0.00047,-0.001072,GOLDILOCKS,NORMAL_TRENDING,100,0,13.49,XLK:0.32,SPY:0.13,IWF:0.13,False,0.1313,0.3187,0.0,0.08,0.0,0.0,0.0918,0.0595
2024-03-05,2.916727,-0.012693,-0.009994,GOLDILOCKS,NORMAL_TRENDING,100,0,14.46,XLK:0.31,SPY:0.14,IWF:0.12,False,0.1369,0.3131,0.0,0.0445,0.0,0.0,0.0965,0.0628
2024-03-06,2.940917,0.008294,0.005067,GOLDILOCKS,NORMAL_TRENDING,100,2,14.5,XLK:0.31,SPY:0.14,IWF:0.12,False,0.1388,0.3112,0.0,0.0459,0.0,0.05,0.0971,0.0
2024-03-07,2.971888,0.010531,0.009926,GOLDILOCKS,NORMAL_TRENDING,100,0,14.44,XLK:0.31,SPY:0.14,IWF:0.12,False,0.1402,0.3098,0.0,0.0442,0.0,0.0,0.0961,0.0663
2024-03-08,2.946607,-0.008507,-0.006002,GOLDILOCKS,NORMAL_TRENDING,100,0,14.74,XLK:0.31,SPY:0.14,IWF:0.12,False,0.1423,0.3077,0.0,0.0446,0.0,0.0,0.0992,0.0675
2024-03-11,2.934184,-0.004216,-0.00086,GOLDILOCKS,NORMAL_TRENDING,100,0,15.22,XLK:0.30,SPY:0.15,IWF:0.12,False,0.146,0.304,0.0,0.0432,0.0,0.0,0.0994,0.07
2024-03-12,2.969771,0.012128,0.010757,GOLDILOCKS,NORMAL_TRENDING,100,0,13.84,XLK:0.30,SPY:0.15,IWF:0.12,False,0.1479,0.3021,0.0,0.0431,0.0,0.0,0.0998,0.0709
2024-03-13,2.957912,-0.003993,-0.001567,GOLDILOCKS,NORMAL_TRENDING,100,0,13.75,XLK:0.30,SPY:0.15,IWF:0.12,False,0.1522,0.2978,0.0,0.0432,0.0,0.0,0.1025,0.0704
2024-03-14,2.951574,-0.002143,-0.001977,GOLDILOCKS,NORMAL_TRENDING,100,0,14.4,XLK:0.30,SPY:0.15,IWF:0.12,False,0.1548,0.2952,0.0,0.0413,0.0,0.0,0.104,0.0681
2024-03-15,2.931482,-0.006807,-0.006866,GOLDILOCKS,NORMAL_TRENDING,100,1,14.41,XLK:0.29,XLF:0.16,IWF:0.11,False,0.0,0.288,0.0,0.0405,0.0,0.0,0.1083,0.0
2024-03-18,2.948735,0.005885,0.005943,GOLDILOCKS,NORMAL_TRENDING,100,0,14.33,XLK:0.28,XLF:0.17,IWF:0.11,False,0.0,0.2822,0.0,0.0409,0.0,0.0,0.1099,0.0678
2024-03-19,2.959495,0.003649,0.005557,GOLDILOCKS,NORMAL_TRENDING,100,0,13.82,XLK:0.27,XLF:0.18,MTUM:0.11,False,0.0,0.2677,0.0,0.0389,0.0,0.0,0.1116,0.0687
2024-03-20,2.989029,0.009979,0.009249,GOLDILOCKS,NORMAL_TRENDING,100,0,13.04,XLK:0.27,XLF:0.18,IWF:0.11,False,0.0,0.27,0.0,0.0395,0.0,0.0,0.1085,0.069
2024-03-21,2.996707,0.002569,0.003305,GOLDILOCKS,NORMAL_TRENDING,100,1,12.92,XLK:0.28,XLF:0.17,IWF:0.11,False,0.0,0.2764,0.0,0.0404,0.0,0.0,0.0,0.0681
2024-03-22,2.988138,-0.002859,-0.001896,GOLDILOCKS,NORMAL_TRENDING,100,0,13.06,XLK:0.27,XLF:0.18,MTUM:0.11,False,0.0,0.271,0.0,0.0392,0.0,0.0,0.1107,0.0689
2024-03-25,2.977032,-0.003717,-0.002763,GOLDILOCKS,NORMAL_TRENDING,100,0,13.19,XLK:0.26,XLF:0.19,MTUM:0.11,False,0.0,0.2625,0.0,0.0392,0.0,0.0,0.113,0.0676
2024-03-26,2.97353,-0.001176,-0.001847,GOLDILOCKS,NORMAL_TRENDING,100,2,13.24,XLK:0.26,XLF:0.19,QUAL:0.11,False,0.0,0.2622,0.0,0.0456,0.0,0.0,0.0,0.0682
2024-03-27,2.988612,0.005072,0.008404,GOLDILOCKS,NORMAL_TRENDING,100,0,12.78,XLK:0.27,XLF:0.18,MTUM:0.11,False,0.0,0.2689,0.0,0.0404,0.0,0.0,0.1102,0.0689
2024-03-28,2.990717,0.000704,-0.000191,GOLDILOCKS,NORMAL_TRENDING,100,0,13.01,XLK:0.27,XLF:0.18,IWF:0.11,False,0.0,0.2669,0.0,0.0402,0.0,0.0,0.1091,0.0677
2024-04-01,2.987215,-0.001171,-0.00174,GOLDILOCKS,NORMAL_TRENDING,100,0,13.65,XLK:0.27,XLF:0.18,MTUM:0.11,False,0.0,0.2683,0.0,0.0407,0.0,0.0,0.1108,0.0666
2024-04-02,2.973324,-0.00465,-0.006358,GOLDILOCKS,NORMAL_TRENDING,100,0,14.61,XLK:0.27,XLF:0.18,MTUM:0.11,False,0.0,0.269,0.0,0.0411,0.0,0.0,0.1134,0.066
2024-04-03,2.983815,0.003528,0.001099,GOLDILOCKS,NORMAL_TRENDING,100,0,14.33,XLK:0.27,XLF:0.18,MTUM:0.12,False,0.0,0.2688,0.0,0.043,0.0,0.0,0.1163,0.0667
2024-04-04,2.949886,-0.011371,-0.012206,GOLDILOCKS,NORMAL_TRENDING,100,0,16.35,XLK:0.26,XLF:0.19,MTUM:0.11,False,0.0,0.2643,0.0,0.044,0.0,0.0,0.1125,0.0649
2024-04-05,2.97809,0.009561,0.010447,GOLDILOCKS,NORMAL_TRENDING,100,0,16.03,XLK:0.26,XLF:0.19,MTUM:0.11,False,0.0,0.2619,0.0,0.0428,0.0,0.0,0.114,0.0657
2024-04-08,2.983104,0.001683,0.000559,GOLDILOCKS,NORMAL_TRENDING,100,0,15.19,XLK:0.27,XLF:0.18,MTUM:0.11,False,0.0,0.2694,0.0,0.0426,0.0,0.0,0.1109,0.0662
2024-04-09,2.985778,0.000896,0.001157,GOLDILOCKS,NORMAL_TRENDING,100,0,14.98,XLK:0.26,XLF:0.19,MTUM:0.11,False,0.0,0.2648,0.0,0.0436,0.0,0.0,0.1109,0.0647
2024-04-10,2.953477,-0.010818,-0.010013,GOLDILOCKS,NORMAL_TRENDING,100,0,15.8,XLK:0.27,XLF:0.18,IWF:0.11,False,0.0,0.267,0.0,0.0444,0.0,0.0,0.1081,0.0658
2024-04-11,2.979635,0.008857,0.007547,GOLDILOCKS,NORMAL_TRENDING,100,0,14.91,XLK:0.28,XLF:0.17,IWF:0.11,False,0.0,0.2755,0.0,0.0435,0.0,0.0,0.1083,0.0675
2024-04-12,2.939226,-0.013562,-0.013803,GOLDILOCKS,NORMAL_TRENDING,100,0,17.31,XLK:0.28,XLF:0.17,IWF:0.11,False,0.0,0.2751,0.0,0.0434,0.0,0.0,0.1063,0.0689
2024-04-15,2.907671,-0.010736,-0.012528,GOLDILOCKS,NORMAL_TRENDING,100,2,19.23,XLK:0.24,SPY:0.21,QUAL:0.11,True,0.2112,0.2388,0.0,0.0426,0.0,0.0,0.0,0.0688
2024-04-16,2.899818,-0.002701,-0.001824,GOLDILOCKS,NORMAL_TRENDING,100,0,18.4,XLK:0.31,XLF:0.19,IWF:0.13,False,0.0,0.3088,0.0,0.0487,0.0,0.0,0.1187,0.0736
2024-04-17,2.875328,-0.008445,-0.005918,GOLDILOCKS,NORMAL_TRENDING,100,0,18.21,XLK:0.31,XLF:0.19,IWF:0.13,False,0.0,0.3128,0.0,0.049,0.0,0.0,0.1193,0.072
2024-04-18,2.864926,-0.003618,-0.002058,CAUTIOUS_BULL,EARLY_DD_UNCERTAINTY,100,0,18.0,XLK:0.25,XLF:0.15,GLD:0.13,False,0.0,0.2511,0.0,0.1338,0.0,0.0,0.1184,0.0
2024-04-19,2.855907,-0.003148,-0.008728,CAUTIOUS_BULL,EARLY_DD_UNCERTAINTY,100,0,18.71,XLF:0.22,SPY:0.19,GLD:0.13,False,0.1903,0.0,0.0,0.1345,0.0,0.0,0.1196,0.0473
2024-04-22,2.868811,0.004518,0.009209,CAUTIOUS_BULL,EARLY_DD_UNCERTAINTY,100,0,16.94,XLF:0.22,SPY:0.19,MTUM:0.14,False,0.1882,0.0,0.0,0.132,0.0,0.0,0.1444,0.0
2024-04-23,2.887649,0.006566,0.011867,CAUTIOUS_BULL,EARLY_DD_UNCERTAINTY,100,3,15.69,HYG:0.26,SPY:0.16,XLF:0.14,True,0.1624,0.0,0.0,0.0979,0.0,0.0,0.0,0.0
2024-04-24,2.884424,-0.001117,-0.000475,CAUTIOUS_BULL,EARLY_DD_UNCERTAINTY,100,0,15.97,HYG:0.26,XLF:0.16,SPY:0.14,False,0.1418,0.0,0.0,0.0974,0.0,0.0,0.0887,0.0366
2024-04-25,2.876814,-0.002638,-0.003799,CAUTIOUS_BULL,EARLY_DD_UNCERTAINTY,100,0,15.37,HYG:0.26,XLF:0.16,SPY:0.14,False,0.1404,0.0,0.0,0.0957,0.0,0.0,0.0873,0.0374
2024-04-26,2.89335,0.005748,0.009474,CAUTIOUS_BULL,EARLY_DD_UNCERTAINTY,100,0,15.03,HYG:0.26,XLF:0.16,SPY:0.14,False,0.1362,0.0,0.0,0.0967,0.0,0.0,0.0894,0.0488
2024-04-29,2.900435,0.002449,0.003542,CAUTIOUS_BULL,EARLY_DD_UNCERTAINTY,100,0,14.67,HYG:0.26,XLK:0.18,XLF:0.12,False,0.0,0.1783,0.0,0.0979,0.0,0.0,0.0904,0.0366
2024-04-30,2.858848,-0.014338,-0.015841,CAUTIOUS_BULL,EARLY_DD_UNCERTAINTY,100,0,15.65,HYG:0.26,XLK:0.18,XLF:0.12,False,0.0,0.1808,0.0,0.0997,0.0,0.0,0.0906,0.0365
2024-05-01,2.85285,-0.002098,-0.003247,CAUTIOUS_BULL,EARLY_DD_UNCERTAINTY,100,0,15.39,XLF:0.22,SPY:0.18,GLD:0.14,False,0.1828,0.0,0.0,0.137,0.0,0.0,0.1219,0.0493
2024-05-02,2.872842,0.007008,0.009353,CAUTIOUS_BULL,EARLY_DD_UNCERTAINTY,100,0,14.68,HYG:0.26,XLF:0.17,SPY:0.13,False,0.1324,0.0,0.0,0.0947,0.0,0.0,0.0924,0.0488
2024-05-03,2.893729,0.007271,0.012395,CAUTIOUS_BULL,EARLY_DD_UNCERTAINTY,100,3,13.49,HYG:0.26,SPY:0.15,XLF:0.15,True,0.1538,0.0,0.0,0.0911,0.0,0.0,0.0,0.0
2024-05-06,2.921109,0.009462,0.010327,CAUTIOUS_BULL,EARLY_DD_UNCERTAINTY,100,0,13.49,HYG:0.26,XLK:0.17,XLF:0.13,False,0.0,0.1728,0.0,0.0909,0.0,0.0,0.093,0.0376
2024-05-07,2.916848,-0.001459,0.001103,CAUTIOUS_BULL,EARLY_DD_UNCERTAINTY,100,0,13.23,HYG:0.26,XLK:0.17,XLF:0.13,False,0.0,0.1709,0.0,0.0962,0.0,0.0,0.0934,0.0372
2024-05-08,2.914374,-0.000848,9.7e-05,CAUTIOUS_BULL,EARLY_DD_UNCERTAINTY,100,0,13.0,HYG:0.26,XLK:0.17,XLF:0.13,False,0.0,0.1737,0.0,0.0979,0.0,0.0,0.0926,0.0371
2024-05-09,2.925745,0.003902,0.005762,CAUTIOUS_BULL,EARLY_DD_UNCERTAINTY,100,0,12.69,HYG:0.26,XLK:0.18,XLF:0.12,False,0.0,0.1752,0.0,0.0956,0.0,0.0,0.0926,0.0386
2024-05-10,2.930843,0.001743,0.001288,CAUTIOUS_BULL,EARLY_DD_UNCERTAINTY,100,0,12.55,HYG:0.26,XLK:0.17,XLF:0.13,False,0.0,0.175,0.0,0.0974,0.0,0.0,0.094,0.0382
2024-05-13,2.929235,-0.000549,0.000134,CAUTIOUS_BULL,EARLY_DD_UNCERTAINTY,100,0,13.6,HYG:0.26,XLK:0.18,XLF:0.12,False,0.0,0.1761,0.0,0.0953,0.0,0.0,0.0943,0.0379
2024-05-14,2.946951,0.006048,0.004588,CAUTIOUS_BULL,EARLY_DD_UNCERTAINTY,100,0,13.42,HYG:0.26,XLK:0.17,XLF:0.13,False,0.0,0.1732,0.0,0.0946,0.0,0.0,0.0933,0.0388
2024-05-15,2.993636,0.015842,0.012383,GOLDILOCKS,NORMAL_TRENDING,100,0,12.45,XLK:0.26,XLF:0.19,MTUM:0.12,False,0.0,0.2628,0.0,0.0436,0.0,0.0,0.1153,0.0711
2024-05-16,2.983729,-0.003309,-0.002057,GOLDILOCKS,NORMAL_TRENDING,100,0,12.42,XLK:0.25,XLF:0.20,MTUM:0.12,False,0.0,0.2548,0.0,0.0427,0.0,0.0,0.1175,0.0724
2024-05-17,2.997684,0.004677,0.001437,GOLDILOCKS,NORMAL_TRENDING,100,0,11.99,XLK:0.25,XLF:0.20,MTUM:0.12,False,0.0,0.2529,0.0,0.0431,0.0,0.0,0.1177,0.073
2024-05-20,3.003796,0.002039,0.001152,GOLDILOCKS,NORMAL_TRENDING,100,0,12.15,XLK:0.23,XLF:0.22,MTUM:0.12,False,0.0,0.2306,0.0,0.0416,0.0,0.0,0.1205,0.0731
2024-05-21,3.007978,0.001392,0.002453,GOLDILOCKS,NORMAL_TRENDING,100,0,11.86,XLK:0.23,XLF:0.22,MTUM:0.12,False,0.0,0.2303,0.0,0.0443,0.0,0.0,0.1189,0.0733
2024-05-22,2.993671,-0.004756,-0.00288,GOLDILOCKS,NORMAL_TRENDING,100,0,12.29,XLK:0.23,XLF:0.22,MTUM:0.12,False,0.0,0.2337,0.0,0.0431,0.0,0.0,0.1215,0.0739
2024-05-23,2.969015,-0.008236,-0.007304,GOLDILOCKS,NORMAL_TRENDING,100,0,12.77,XLK:0.24,XLF:0.21,MTUM:0.12,False,0.0,0.2387,0.0,0.0427,0.0,0.0,0.1182,0.0882
2024-05-24,2.988934,0.006709,0.006617,GOLDILOCKS,NORMAL_TRENDING,100,0,11.93,XLK:0.24,XLF:0.21,MTUM:0.12,False,0.0,0.2381,0.0,0.0419,0.0,0.0,0.1179,0.0885
2024-05-28,2.994276,0.001787,0.000699,GOLDILOCKS,NORMAL_TRENDING,100,0,12.92,XLF:0.23,XLK:0.22,MTUM:0.12,False,0.0,0.2229,0.0,0.042,0.0,0.0,0.1244,0.0776
2024-05-29,2.970284,-0.008013,-0.007002,GOLDILOCKS,NORMAL_TRENDING,100,0,14.28,XLF:0.23,XLK:0.22,MTUM:0.13,False,0.0,0.2176,0.0,0.0435,0.0,0.0,0.1298,0.0751
2024-05-30,2.950225,-0.006753,-0.006634,GOLDILOCKS,NORMAL_TRENDING,100,0,14.47,XLF:0.24,XLK:0.21,MTUM:0.13,False,0.0,0.2078,0.0,0.0428,0.0,0.0,0.132,0.0896
2024-05-31,2.960724,0.003559,0.009108,GOLDILOCKS,NORMAL_TRENDING,100,0,12.92,XLF:0.25,XLK:0.20,MTUM:0.13,False,0.0,0.1992,0.0,0.0437,0.0,0.0,0.1303,0.0911
2024-06-03,2.963982,0.0011,0.000815,GOLDILOCKS,NORMAL_TRENDING,100,0,13.11,XLF:0.25,XLK:0.20,MTUM:0.13,False,0.0,0.2011,0.0,0.0436,0.0,0.0,0.1301,0.0768
2024-06-04,2.956839,-0.00241,0.001118,GOLDILOCKS,NORMAL_TRENDING,100,0,13.16,XLF:0.23,XLK:0.22,MTUM:0.13,False,0.0,0.2219,0.0,0.0459,0.0,0.0,0.1301,0.0766
2024-06-05,2.993931,0.012545,0.011885,GOLDILOCKS,NORMAL_TRENDING,100,0,12.63,XLF:0.23,XLK:0.22,MTUM:0.13,False,0.0,0.2234,0.0,0.0438,0.0,0.0,0.1309,0.0754
2024-06-06,2.995967,0.00068,-1.9e-05,GOLDILOCKS,NORMAL_TRENDING,100,0,12.58,XLK:0.23,XLF:0.22,MTUM:0.13,False,0.0,0.2297,0.0,0.0439,0.0,0.0,0.1321,0.0784
2024-06-07,2.982757,-0.004409,-0.001215,GOLDILOCKS,NORMAL_TRENDING,100,0,12.22,XLK:0.24,XLF:0.21,MTUM:0.13,False,0.0,0.2397,0.0,0.0436,0.0,0.0,0.1304,0.0769
2024-06-10,2.993515,0.003606,0.00309,GOLDILOCKS,NORMAL_TRENDING,100,0,12.74,XLK:0.23,XLF:0.22,MTUM:0.13,False,0.0,0.2296,0.0,0.0445,0.0,0.0,0.1304,0.0769
2024-06-11,2.996092,0.000861,0.002408,GOLDILOCKS,NORMAL_TRENDING,100,0,12.85,XLK:0.23,XLF:0.22,MTUM:0.13,False,0.0,0.2278,0.0,0.0453,0.0,0.0,0.1312,0.0791
2024-06-12,3.024547,0.009497,0.008213,GOLDILOCKS,NORMAL_TRENDING,100,0,12.04,XLF:0.23,XLK:0.22,MTUM:0.13,False,0.0,0.222,0.0,0.044,0.0,0.0,0.1303,0.0815
2024-06-13,3.027362,0.000931,0.002014,GOLDILOCKS,NORMAL_TRENDING,100,0,11.94,XLK:0.23,XLF:0.22,MTUM:0.13,False,0.0,0.2286,0.0,0.0427,0.0,0.0,0.1305,0.0819
2024-06-14,3.030878,0.001161,0.000608,GOLDILOCKS,NORMAL_TRENDING,100,0,12.66,XLK:0.23,XLF:0.22,MTUM:0.13,False,0.0,0.2291,0.0,0.0419,0.0,0.0,0.1307,0.0862
2024-06-17,3.056307,0.00839,0.007959,GOLDILOCKS,NORMAL_TRENDING,100,0,12.75,XLK:0.23,XLF:0.22,MTUM:0.13,False,0.0,0.2277,0.0,0.0408,0.0,0.0,0.1302,0.0867
2024-06-18,3.069883,0.004442,0.002541,GOLDILOCKS,NORMAL_TRENDING,100,0,12.3,XLK:0.23,XLF:0.22,MTUM:0.13,False,0.0,0.2284,0.0,0.0387,0.0,0.0,0.1296,0.0872
2024-06-20,3.065648,-0.001379,-0.002717,GOLDILOCKS,NORMAL_TRENDING,100,0,13.28,XLK:0.24,XLF:0.21,MTUM:0.13,False,0.0,0.2388,0.0,0.036,0.0,0.0,0.1306,0.0883
2024-06-21,3.049074,-0.005406,-0.001341,GOLDILOCKS,NORMAL_TRENDING,100,0,13.2,XLK:0.24,XLF:0.21,MTUM:0.13,False,0.0,0.2423,0.0,0.0334,0.0,0.0,0.1279,0.0882
2024-06-24,3.03255,-0.005419,-0.003251,GOLDILOCKS,NORMAL_TRENDING,100,0,13.33,XLK:0.24,XLF:0.21,MTUM:0.13,False,0.0,0.2376,0.0,0.0341,0.0,0.0,0.1299,0.0884
2024-06-25,3.044171,0.003832,0.003851,GOLDILOCKS,NORMAL_TRENDING,100,0,12.84,XLK:0.24,XLF:0.21,MTUM:0.13,False,0.0,0.2371,0.0,0.0344,0.0,0.0,0.1299,0.0898
2024-06-26,3.035157,-0.002961,0.001248,GOLDILOCKS,NORMAL_TRENDING,100,0,12.55,XLK:0.24,XLF:0.21,MTUM:0.13,False,0.0,0.2438,0.0,0.0359,0.0,0.0,0.1286,0.0894
2024-06-27,3.038556,0.00112,0.001577,GOLDILOCKS,NORMAL_TRENDING,100,3,12.24,XLK:0.24,XLF:0.21,QUAL:0.11,False,0.0,0.2441,0.0,0.0339,0.0,0.0,0.1099,0.088
2024-06-28,3.038132,-0.00014,-0.003935,GOLDILOCKS,NORMAL_TRENDING,100,0,12.44,XLK:0.24,XLF:0.21,MTUM:0.13,False,0.0,0.2431,0.0,0.0333,0.0,0.0,0.1284,0.0881
2024-07-01,3.048202,0.003315,0.002058,GOLDILOCKS,NORMAL_TRENDING,100,0,12.22,XLK:0.24,XLF:0.21,MTUM:0.13,False,0.0,0.239,0.0,0.0336,0.0,0.0,0.1282,0.0788
2024-07-02,3.067079,0.006193,0.00673,GOLDILOCKS,NORMAL_TRENDING,100,0,12.03,XLK:0.23,XLF:0.22,MTUM:0.13,False,0.0,0.2296,0.0,0.0344,0.0,0.0,0.128,0.0861
2024-07-03,3.093234,0.008528,0.004463,GOLDILOCKS,NORMAL_TRENDING,100,0,12.09,XLK:0.24,XLF:0.21,MTUM:0.13,False,0.0,0.2371,0.0,0.0349,0.0,0.0,0.1273,0.0741
2024-07-05,3.107212,0.004519,0.005766,GOLDILOCKS,NORMAL_TRENDING,100,3,12.48,XLK:0.25,XLF:0.20,QUAL:0.11,False,0.0,0.2471,0.0,0.0373,0.0,0.0,0.1087,0.071
2024-07-08,3.108068,0.000275,0.001154,GOLDILOCKS,NORMAL_TRENDING,100,1,12.37,XLK:0.25,XLF:0.20,MTUM:0.11,False,0.0,0.2528,0.0,0.0356,0.0,0.0,0.1105,0.0756
2024-07-09,3.115316,0.002332,0.000973,GOLDILOCKS,NORMAL_TRENDING,100,0,12.51,XLK:0.26,XLF:0.19,MTUM:0.13,False,0.0,0.2556,0.0,0.0344,0.0,0.0,0.1272,0.0772
2024-07-10,3.142051,0.008582,0.009895,GOLDILOCKS,NORMAL_TRENDING,100,0,12.85,XLK:0.26,XLF:0.19,MTUM:0.12,False,0.0,0.2551,0.0,0.0368,0.0,0.0,0.125,0.076
2024-07-11,3.120644,-0.006813,-0.008623,GOLDILOCKS,NORMAL_TRENDING,100,0,12.92,XLK:0.26,XLF:0.19,MTUM:0.13,False,0.0,0.2635,0.0,0.0359,0.0,0.0,0.1269,0.0746
2024-07-12,3.135043,0.004614,0.006308,GOLDILOCKS,NORMAL_TRENDING,100,2,12.46,XLK:0.27,XLF:0.18,IWF:0.11,False,0.0,0.2709,0.0,0.0402,0.0,0.0,0.0,0.0732
2024-07-15,3.143526,0.002706,0.00275,GOLDILOCKS,NORMAL_TRENDING,100,0,13.12,XLK:0.28,XLF:0.17,MTUM:0.13,False,0.0,0.2756,0.0,0.0424,0.0,0.0,0.1261,0.0745
2024-07-16,3.159218,0.004992,0.00593,GOLDILOCKS,NORMAL_TRENDING,100,0,13.19,XLK:0.27,XLF:0.18,MTUM:0.13,False,0.0,0.2735,0.0,0.0453,0.0,0.0,0.1281,0.0758
2024-07-17,3.096568,-0.019831,-0.014021,GOLDILOCKS,NORMAL_TRENDING,100,0,14.48,XLK:0.27,XLF:0.18,MTUM:0.13,False,0.0,0.2743,0.0,0.0442,0.0,0.0,0.1286,0.0755
2024-07-18,3.075629,-0.006762,-0.007685,GOLDILOCKS,NORMAL_TRENDING,100,0,15.93,XLK:0.27,XLF:0.18,MTUM:0.13,False,0.0,0.271,0.0,0.0442,0.0,0.0,0.1287,0.0812
2024-07-19,3.04408,-0.010258,-0.006641,GOLDILOCKS,NORMAL_TRENDING,100,0,16.52,XLK:0.27,XLF:0.18,MTUM:0.13,False,0.0,0.2733,0.0,0.045,0.0,0.0,0.1305,0.0828
2024-07-22,3.083822,0.013056,0.01031,GOLDILOCKS,NORMAL_TRENDING,100,0,14.91,XLK:0.28,SPY:0.17,MTUM:0.13,False,0.1723,0.2777,0.0,0.0419,0.0,0.0,0.1275,0.0819
2024-07-23,3.079262,-0.001479,-0.001569,GOLDILOCKS,NORMAL_TRENDING,100,1,14.72,XLK:0.24,SPY:0.21,MTUM:0.13,True,0.2149,0.2351,0.0,0.0434,0.0,0.0,0.1259,0.0826
2024-07-24,3.00182,-0.025149,-0.022662,GOLDILOCKS,NORMAL_TRENDING,100,0,18.04,XLK:0.27,XLF:0.18,MTUM:0.13,False,0.0,0.2728,0.0,0.043,0.0,0.0,0.1272,0.0794
2024-07-25,2.97697,-0.008278,-0.005211,CAUTIOUS_BULL,EARLY_DD_UNCERTAINTY,100,0,18.46,XLK:0.18,HYG:0.16,XLF:0.12,False,0.0,0.1808,0.0,0.1017,0.0,0.0,0.0,0.0403
2024-07-26,3.00397,0.009069,0.0112,CAUTIOUS_BULL,EARLY_DD_UNCERTAINTY,100,2,16.39,HYG:0.16,XLK:0.15,SPY:0.15,True,0.1451,0.1549,0.0,0.1223,0.0,0.0,0.0,0.046
2024-07-29,3.001897,-0.00069,0.000588,CAUTIOUS_BULL,EARLY_DD_UNCERTAINTY,100,0,16.6,XLK:0.18,HYG:0.16,SPY:0.12,False,0.1169,0.1831,0.0,0.1128,0.0,0.0,0.0,0.0458
2024-07-30,2.992758,-0.003044,-0.005066,CAUTIOUS_BULL,EARLY_DD_UNCERTAINTY,100,0,17.69,XLK:0.18,HYG:0.16,XLF:0.12,False,0.0,0.1797,0.0,0.1131,0.0,0.0,0.0,0.0397
2024-07-31,3.03266,0.013333,0.016255,CAUTIOUS_BULL,EARLY_DD_UNCERTAINTY,100,0,16.36,HYG:0.16,XLF:0.16,SPY:0.14,False,0.1435,0.0,0.0,0.1139,0.0,0.0,0.0,0.04
2024-08-01,2.984191,-0.015982,-0.014161,CAUTIOUS_BULL,EARLY_DD_UNCERTAINTY,100,2,18.59,HYG:0.16,XLK:0.15,SPY:0.15,True,0.1476,0.1524,0.0,0.0988,0.0,0.0,0.1026,0.0389
2024-08-02,2.961796,-0.007505,-0.018618,CAUTIOUS_BULL,EARLY_DD_UNCERTAINTY,100,1,23.39,XLF:0.15,SPY:0.15,TLT:0.13,False,0.1455,0.0,0.0,0.0922,0.0,0.13,0.0,0.08
2024-08-05,2.922266,-0.013346,-0.029124,CRISIS_MODE,FAST_SHOCK,100,0,38.57,BIL:0.32,HYG:0.28,SLV:0.15,False,0.0285,0.0,0.0,0.1526,0.3162,0.0,0.0,0.0
2024-08-06,2.93366,0.003899,0.00922,RECOVERY_GROWTH,RECOVERY_ACCEL,100,0,27.71,XLV:0.23,XLU:0.23,USMV:0.23,False,0.0,0.0,0.2273,0.0927,0.0,0.0,0.0,0.0
2024-08-07,2.925567,-0.002759,-0.006684,RECOVERY_GROWTH,RECOVERY_ACCEL,100,0,27.85,XLF:0.31,USMV:0.23,XLV:0.15,False,0.0,0.0,0.1474,0.0915,0.0,0.0,0.0,0.0
2024-08-08,2.966007,0.013823,0.023117,RECOVERY_GROWTH,RECOVERY_ACCEL,100,3,23.79,XLF:0.31,USMV:0.23,XLV:0.15,False,0.0,0.0,0.1461,0.0896,0.0,0.0852,0.0,0.0
2024-08-09,2.979626,0.004592,0.00441,RECOVERY_GROWTH,RECOVERY_ACCEL,100,1,20.37,XLF:0.25,SPY:0.20,QUAL:0.15,False,0.2009,0.0,0.0,0.0894,0.0,0.0852,0.0,0.0
2024-08-12,2.987268,0.002565,0.000526,RECOVERY_GROWTH,RECOVERY_ACCEL,100,0,20.71,XLF:0.22,SPY:0.18,QUAL:0.13,False,0.1781,0.0,0.0,0.0784,0.0,0.0,0.0,0.12
2024-08-13,3.015754,0.009536,0.016446,RECOVERY_GROWTH,RECOVERY_ACCEL,100,3,18.12,SPY:0.22,XLU:0.18,EEM:0.12,True,0.2174,0.0,0.0,0.0804,0.0,0.0,0.0,0.12
2024-08-14,3.027307,0.003831,0.003155,RECOVERY_GROWTH,RECOVERY_ACCEL,100,0,16.19,XLF:0.21,XLK:0.19,MTUM:0.12,False,0.0,0.1942,0.0,0.0767,0.0,0.0,0.1173,0.0678
2024-08-15,3.073188,0.015156,0.01714,RECOVERY_GROWTH,RECOVERY_ACCEL,100,2,15.23,SPY:0.20,XLK:0.20,MTUM:0.12,True,0.2016,0.1984,0.0,0.0745,0.0,0.0,0.1154,0.0663
2024-08-16,3.094083,0.006799,0.002242,RECOVERY_GROWTH,RECOVERY_ACCEL,100,0,14.8,XLF:0.21,XLK:0.19,MTUM:0.12,False,0.0,0.186,0.0,0.0744,0.0,0.0,0.1159,0.0635
2024-08-19,3.122611,0.00922,0.009561,RECOVERY_GROWTH,RECOVERY_ACCEL,100,0,14.65,XLF:0.21,XLK:0.19,MTUM:0.12,False,0.0,0.1853,0.0,0.066,0.0,0.0,0.1163,0.0621
2024-08-20,3.115574,-0.002254,-0.001626,GOLDILOCKS,NORMAL_TRENDING,100,0,15.88,XLK:0.27,XLF:0.18,MTUM:0.12,False,0.0,0.2675,0.0,0.0399,0.0,0.0,0.1189,0.0758
2024-08-21,3.127448,0.003811,0.003437,GOLDILOCKS,NORMAL_TRENDING,100,0,16.27,XLK:0.26,XLF:0.19,MTUM:0.12,False,0.0,0.2569,0.0,0.0403,0.0,0.0,0.1195,0.0742
2024-08-22,3.095861,-0.0101,-0.007848,GOLDILOCKS,NORMAL_TRENDING,100,0,17.55,XLK:0.24,XLF:0.21,MTUM:0.12,False,0.0,0.2434,0.0,0.0404,0.0,0.0,0.1209,0.0752
2024-08-23,3.134273,0.012408,0.010625,GOLDILOCKS,NORMAL_TRENDING,100,0,15.86,XLK:0.23,XLF:0.22,MTUM:0.12,False,0.0,0.2286,0.0,0.047,0.0,0.0,0.122,0.0757
2024-08-26,3.116073,-0.005807,-0.002383,GOLDILOCKS,NORMAL_TRENDING,100,0,16.15,XLK:0.24,XLF:0.21,MTUM:0.12,False,0.0,0.2399,0.0,0.0435,0.0,0.0,0.1222,0.0741
2024-08-27,3.128902,0.004117,0.001373,GOLDILOCKS,NORMAL_TRENDING,100,0,15.43,XLK:0.23,XLF:0.22,MTUM:0.12,False,0.0,0.2337,0.0,0.0423,0.0,0.0,0.1214,0.0741
2024-08-28,3.10884,-0.006412,-0.005805,GOLDILOCKS,NORMAL_TRENDING,100,0,17.11,XLF:0.23,XLK:0.22,MTUM:0.12,False,0.0,0.2156,0.0,0.044,0.0,0.0,0.1213,0.073
2024-08-29,3.109632,0.000255,9e-05,GOLDILOCKS,NORMAL_TRENDING,100,0,15.65,XLK:0.23,XLF:0.22,MTUM:0.12,False,0.0,0.2271,0.0,0.0446,0.0,0.0,0.1234,0.0709
2024-08-30,3.133777,0.007765,0.009546,GOLDILOCKS,NORMAL_TRENDING,100,0,15.0,XLF:0.24,XLK:0.21,MTUM:0.12,False,0.0,0.2093,0.0,0.0451,0.0,0.0,0.1224,0.0756
2024-09-03,3.066699,-0.021405,-0.020579,GOLDILOCKS,NORMAL_TRENDING,100,0,20.72,XLF:0.25,XLK:0.20,MTUM:0.12,False,0.0,0.2011,0.0,0.0497,0.0,0.0,0.12,0.0847
2024-09-04,3.063564,-0.001022,-0.002047,GOLDILOCKS,NORMAL_TRENDING,100,0,21.32,XLF:0.27,SPY:0.18,MTUM:0.12,False,0.1846,0.0,0.0,0.0513,0.0,0.0,0.1234,0.0823
2024-09-05,3.054779,-0.002868,-0.002432,GOLDILOCKS,NORMAL_TRENDING,100,0,19.9,XLF:0.27,SPY:0.18,MTUM:0.13,False,0.179,0.0,0.0,0.0489,0.0,0.0,0.1257,0.0835
2024-09-06,3.006431,-0.015827,-0.01683,GOLDILOCKS,NORMAL_TRENDING,100,0,22.38,XLF:0.27,SPY:0.18,MTUM:0.12,False,0.1786,0.0,0.0,0.0513,0.0,0.0,0.1228,0.0841
2024-09-09,3.031885,0.008467,0.011196,CAUTIOUS_BULL,EARLY_DD_UNCERTAINTY,100,0,19.45,XLF:0.18,HYG:0.15,SPY:0.12,False,0.1222,0.0,0.0,0.1131,0.0,0.0,0.0,0.0
2024-09-10,3.032947,0.00035,0.004356,CAUTIOUS_BULL,EARLY_DD_UNCERTAINTY,100,0,19.08,XLF:0.18,HYG:0.15,SPY:0.12,False,0.1223,0.0,0.0,0.1122,0.0,0.0,0.0,0.0
2024-09-11,3.046551,0.004485,0.010259,CAUTIOUS_BULL,EARLY_DD_UNCERTAINTY,100,0,17.69,XLF:0.18,HYG:0.15,SPY:0.12,False,0.1244,0.0,0.0,0.1126,0.0,0.0,0.1028,0.0
2024-09-12,3.076764,0.009917,0.008423,CAUTIOUS_BULL,EARLY_DD_UNCERTAINTY,100,0,17.07,XLK:0.16,HYG:0.15,XLF:0.14,False,0.0,0.1618,0.0,0.1116,0.0,0.0,0.1015,0.0
2024-09-13,3.094709,0.005833,0.005223,CAUTIOUS_BULL,EARLY_DD_UNCERTAINTY,100,0,16.56,XLK:0.16,HYG:0.15,XLF:0.14,False,0.0,0.1594,0.0,0.1011,0.0,0.0,0.1029,0.0441
2024-09-16,3.102217,0.002426,0.001477,CAUTIOUS_BULL,EARLY_DD_UNCERTAINTY,100,0,17.14,XLK:0.17,HYG:0.15,XLF:0.13,False,0.0,0.1652,0.0,0.1032,0.0,0.0,0.1027,0.0444
2024-09-17,3.098138,-0.001315,0.000409,GOLDILOCKS,NORMAL_TRENDING,100,2,17.61,XLU:0.23,SPY:0.22,QUAL:0.11,True,0.2247,0.0,0.0,0.0467,0.0,0.0,0.0,0.0837
2024-09-18,3.082374,-0.005088,-0.002966,GOLDILOCKS,NORMAL_TRENDING,100,0,18.23,XLK:0.25,XLF:0.20,MTUM:0.13,False,0.0,0.2524,0.0,0.045,0.0,0.0,0.1253,0.0838
2024-09-19,3.141819,0.019286,0.017064,GOLDILOCKS,NORMAL_TRENDING,100,0,16.33,XLK:0.25,XLF:0.20,MTUM:0.12,False,0.0,0.2511,0.0,0.044,0.0,0.0,0.125,0.0849
2024-09-20,3.143274,0.000463,-0.001729,GOLDILOCKS,NORMAL_TRENDING,100,0,16.15,XLK:0.26,XLF:0.19,MTUM:0.12,False,0.0,0.2596,0.0,0.0444,0.0,0.0,0.1239,0.0826
2024-09-23,3.147525,0.001352,0.002499,GOLDILOCKS,NORMAL_TRENDING,100,0,15.89,XLK:0.25,XLF:0.20,MTUM:0.13,False,0.0,0.2481,0.0,0.0433,0.0,0.0,0.1253,0.0823
2024-09-24,3.161216,0.00435,0.002861,GOLDILOCKS,NORMAL_TRENDING,100,0,15.39,XLK:0.25,XLF:0.20,MTUM:0.12,False,0.0,0.2459,0.0,0.041,0.0,0.0,0.1244,0.0804
2024-09-25,3.156305,-0.001554,-0.002206,GOLDILOCKS,NORMAL_TRENDING,100,0,15.41,XLK:0.24,XLF:0.21,MTUM:0.12,False,0.0,0.242,0.0,0.0402,0.0,0.0,0.1243,0.0821
2024-09-26,3.188587,0.010228,0.003965,GOLDILOCKS,NORMAL_TRENDING,100,0,15.37,XLK:0.25,XLF:0.20,MTUM:0.12,False,0.0,0.2453,0.0,0.0391,0.0,0.0,0.1231,0.0809
2024-09-27,3.168857,-0.006188,-0.001451,GOLDILOCKS,NORMAL_TRENDING,100,0,16.96,XLK:0.24,XLF:0.21,MTUM:0.12,False,0.0,0.2395,0.0,0.0384,0.0,0.0,0.123,0.0812
2024-09-30,3.170659,0.000569,0.004007,GOLDILOCKS,NORMAL_TRENDING,100,0,16.73,XLK:0.23,XLF:0.22,MTUM:0.12,False,0.0,0.2322,0.0,0.0393,0.0,0.0,0.123,0.0814
2024-10-01,3.14884,-0.006882,-0.008959,GOLDILOCKS,NORMAL_TRENDING,100,0,19.26,XLK:0.23,XLF:0.22,MTUM:0.12,False,0.0,0.2279,0.0,0.04,0.0,0.0,0.1244,0.0787
2024-10-02,3.153493,0.001478,0.000422,GOLDILOCKS,NORMAL_TRENDING,100,1,18.9,XLF:0.25,XLK:0.20,MTUM:0.13,False,0.0,0.2018,0.0,0.0394,0.0,0.0,0.1266,0.0
2024-10-03,3.143168,-0.003274,-0.001828,GOLDILOCKS,NORMAL_TRENDING,100,0,20.49,XLF:0.25,XLK:0.20,MTUM:0.13,False,0.0,0.2018,0.0,0.0407,0.0,0.0432,0.1266,0.0788
2024-10-04,3.173581,0.009676,0.009087,GOLDILOCKS,NORMAL_TRENDING,100,0,19.21,XLF:0.25,XLK:0.20,MTUM:0.13,False,0.0,0.2025,0.0,0.0403,0.0,0.043,0.1267,0.0769
2024-10-07,3.149099,-0.007714,-0.00904,GOLDILOCKS,NORMAL_TRENDING,100,0,22.64,XLF:0.25,XLK:0.20,MTUM:0.13,False,0.0,0.1972,0.0,0.043,0.0,0.0431,0.1275,0.0807
2024-10-08,3.167937,0.005982,0.009458,GOLDILOCKS,NORMAL_TRENDING,100,0,21.42,XLF:0.26,XLK:0.19,MTUM:0.13,False,0.0,0.1928,0.0,0.0441,0.0,0.0446,0.1291,0.0781
2024-10-09,3.182895,0.004722,0.006926,GOLDILOCKS,NORMAL_TRENDING,100,0,20.86,XLF:0.25,XLK:0.20,MTUM:0.13,False,0.0,0.2022,0.0,0.0441,0.0,0.0437,0.1269,0.0786
2024-10-10,3.182625,-8.5e-05,-0.00175,GOLDILOCKS,NORMAL_TRENDING,100,0,20.93,XLF:0.23,XLK:0.22,MTUM:0.13,False,0.0,0.219,0.0,0.0447,0.0,0.0435,0.1258,0.0786
2024-10-11,3.209334,0.008392,0.005988,GOLDILOCKS,NORMAL_TRENDING,100,0,20.46,XLF:0.23,XLK:0.22,MTUM:0.13,False,0.0,0.2178,0.0,0.0432,0.0,0.0,0.127,0.0773
2024-10-14,3.228249,0.005894,0.008178,GOLDILOCKS,NORMAL_TRENDING,100,0,19.7,XLF:0.24,XLK:0.21,MTUM:0.13,False,0.0,0.2144,0.0,0.0414,0.0,0.0,0.1281,0.0807
2024-10-15,3.19921,-0.008995,-0.00777,GOLDILOCKS,NORMAL_TRENDING,100,0,20.64,XLF:0.23,XLK:0.22,MTUM:0.13,False,0.0,0.2161,0.0,0.0422,0.0,0.0,0.1287,0.0786
2024-10-16,3.220412,0.006627,0.004347,GOLDILOCKS,NORMAL_TRENDING,100,0,19.58,XLF:0.24,XLK:0.21,MTUM:0.13,False,0.0,0.2103,0.0,0.042,0.0,0.0431,0.1286,0.0794
2024-10-17,3.221701,0.0004,8.6e-05,GOLDILOCKS,NORMAL_TRENDING,100,0,19.11,XLF:0.24,XLK:0.21,MTUM:0.13,False,0.0,0.2108,0.0,0.044,0.0,0.0428,0.1291,0.0802
2024-10-18,3.24048,0.005829,0.003847,GOLDILOCKS,NORMAL_TRENDING,100,0,18.03,XLF:0.23,XLK:0.22,MTUM:0.13,False,0.0,0.2152,0.0,0.0421,0.0,0.0,0.1273,0.08
2024-10-21,3.230837,-0.002976,-0.001642,GOLDILOCKS,NORMAL_TRENDING,100,0,18.37,XLF:0.24,XLK:0.21,MTUM:0.13,False,0.0,0.2115,0.0,0.0409,0.0,0.0,0.1275,0.0797
2024-10-22,3.229453,-0.000428,-0.000531,GOLDILOCKS,NORMAL_TRENDING,100,0,18.2,XLF:0.24,XLK:0.21,MTUM:0.13,False,0.0,0.2141,0.0,0.0412,0.0,0.0,0.1271,0.0922
2024-10-23,3.220015,-0.002922,-0.009137,GOLDILOCKS,NORMAL_TRENDING,100,2,19.24,XLU:0.26,XLF:0.19,MTUM:0.13,True,0.0,0.0,0.0,0.0,0.0,0.0,0.1261,0.0946
2024-10-24,3.224636,0.001435,0.002163,GOLDILOCKS,NORMAL_TRENDING,100,0,19.08,XLF:0.23,XLK:0.22,EEM:0.15,False,0.0,0.2171,0.0,0.04,0.0,0.0,0.127,0.15
2024-10-25,3.216547,-0.002508,-0.000345,GOLDILOCKS,NORMAL_TRENDING,100,0,20.33,XLK:0.23,XLF:0.22,EEM:0.15,False,0.0,0.2262,0.0,0.0,0.0,0.0,0.1249,0.15
2024-10-28,3.230644,0.004383,0.003091,GOLDILOCKS,NORMAL_TRENDING,100,0,19.8,XLK:0.23,XLF:0.22,EEM:0.15,False,0.0,0.2319,0.0,0.0395,0.0,0.0,0.1234,0.15
2024-10-29,3.240431,0.003029,0.001618,GOLDILOCKS,NORMAL_TRENDING,100,0,19.34,XLF:0.23,XLK:0.22,MTUM:0.12,False,0.0,0.219,0.0,0.0403,0.0,0.0,0.1241,0.0952
2024-10-30,3.222465,-0.005544,-0.003025,GOLDILOCKS,NORMAL_TRENDING,100,0,20.35,XLF:0.23,XLK:0.22,EEM:0.15,False,0.0,0.2206,0.0,0.0399,0.0,0.0,0.1259,0.15
2024-10-31,3.163429,-0.01832,-0.019603,GOLDILOCKS,NORMAL_TRENDING,100,0,23.16,XLF:0.23,XLK:0.22,EEM:0.15,False,0.0,0.2221,0.0,0.0,0.0,0.0,0.126,0.15
2024-11-01,3.170727,0.002307,0.004221,GOLDILOCKS,NORMAL_TRENDING,100,0,21.88,XLF:0.23,XLK:0.22,EEM:0.15,False,0.0,0.2163,0.0,0.0397,0.0,0.0,0.127,0.15
2024-11-04,3.166934,-0.001196,-0.002154,GOLDILOCKS,NORMAL_TRENDING,100,0,21.98,XLF:0.23,XLK:0.22,EEM:0.15,False,0.0,0.2186,0.0,0.0388,0.0,0.0,0.1258,0.15
2024-11-05,3.202568,0.011252,0.012092,GOLDILOCKS,NORMAL_TRENDING,100,0,20.49,XLF:0.23,XLK:0.22,EEM:0.15,False,0.0,0.218,0.0,0.0403,0.0,0.0,0.1268,0.15
2024-11-06,3.269773,0.020985,0.024866,GOLDILOCKS,NORMAL_TRENDING,100,0,16.27,XLF:0.23,XLK:0.22,EEM:0.15,False,0.0,0.2189,0.0,0.0422,0.0,0.0,0.1259,0.15
2024-11-07,3.290843,0.006444,0.007732,GOLDILOCKS,NORMAL_TRENDING,100,0,15.2,XLF:0.24,XLK:0.21,MTUM:0.13,False,0.0,0.2089,0.0,0.0414,0.0,0.0,0.1278,0.0888
2024-11-08,3.293841,0.000911,0.004332,GOLDILOCKS,NORMAL_TRENDING,100,0,14.94,XLF:0.24,XLK:0.21,MTUM:0.13,False,0.0,0.2131,0.0,0.0394,0.0,0.0,0.1259,0.0879
2024-11-11,3.287919,-0.001798,0.000953,GOLDILOCKS,NORMAL_TRENDING,100,0,14.97,XLF:0.24,XLK:0.21,MTUM:0.13,False,0.0,0.2061,0.0,0.0395,0.0,0.0,0.1276,0.0898
2024-11-12,3.273511,-0.004382,-0.003106,GOLDILOCKS,NORMAL_TRENDING,100,0,14.71,XLF:0.25,XLK:0.20,MTUM:0.13,False,0.0,0.1995,0.0,0.0439,0.0,0.0,0.1276,0.0892
2024-11-13,3.265985,-0.002299,0.000486,GOLDILOCKS,NORMAL_TRENDING,100,0,14.02,XLF:0.30,XLK:0.23,MTUM:0.15,False,0.0,0.2295,0.0,0.0512,0.0,0.0,0.1481,0.0
2024-11-14,3.251906,-0.004311,-0.00643,GOLDILOCKS,NORMAL_TRENDING,100,0,14.31,XLF:0.31,XLK:0.22,MTUM:0.15,False,0.0,0.2224,0.0,0.0941,0.0,0.0,0.151,0.0
2024-11-15,3.226406,-0.007841,-0.012809,GOLDILOCKS,NORMAL_TRENDING,100,0,16.14,XLF:0.30,XLK:0.22,MTUM:0.15,False,0.0,0.225,0.0,0.0553,0.0,0.0,0.1519,0.0
2024-11-18,3.241898,0.004801,0.004097,GOLDILOCKS,NORMAL_TRENDING,100,0,15.58,XLF:0.31,XLK:0.22,MTUM:0.15,False,0.0,0.2223,0.0,0.0941,0.0,0.0,0.152,0.0
2024-11-19,3.252046,0.00313,0.003656,GOLDILOCKS,NORMAL_TRENDING,100,0,16.35,XLF:0.30,XLK:0.23,MTUM:0.15,False,0.0,0.2343,0.0,0.0495,0.0,0.0,0.1495,0.0
2024-11-20,3.247972,-0.001253,0.000339,GOLDILOCKS,NORMAL_TRENDING,100,0,17.16,XLF:0.30,XLK:0.23,MTUM:0.15,False,0.0,0.2332,0.0,0.0477,0.0,0.0,0.1483,0.0
2024-11-21,3.275092,0.00835,0.005368,GOLDILOCKS,NORMAL_TRENDING,100,0,16.87,XLF:0.30,XLK:0.23,MTUM:0.15,False,0.0,0.2295,0.0,0.0495,0.0,0.0,0.1518,0.0
2024-11-22,3.29361,0.005654,0.003099,GOLDILOCKS,NORMAL_TRENDING,100,0,15.24,XLF:0.30,XLK:0.23,MTUM:0.15,False,0.0,0.2286,0.0,0.0503,0.0,0.0,0.1515,0.0
2024-11-25,3.291347,-0.000687,0.003392,GOLDILOCKS,NORMAL_TRENDING,100,0,14.6,XLF:0.29,XLK:0.24,MTUM:0.15,False,0.0,0.2351,0.0,0.0526,0.0,0.0,0.1497,0.0
2024-11-26,3.304334,0.003946,0.005221,GOLDILOCKS,NORMAL_TRENDING,100,0,14.1,XLF:0.30,XLK:0.23,MTUM:0.15,False,0.0,0.2264,0.0,0.0627,0.0,0.0,0.1503,0.0
2024-11-27,3.29091,-0.004062,-0.00303,GOLDILOCKS,NORMAL_TRENDING,100,0,14.1,XLF:0.30,XLK:0.23,MTUM:0.15,False,0.0,0.2337,0.0,0.0523,0.0,0.0,0.1501,0.0
2024-11-29,3.308173,0.005246,0.006212,GOLDILOCKS,NORMAL_TRENDING,100,0,13.51,XLF:0.30,XLK:0.23,MTUM:0.15,False,0.0,0.2266,0.0,0.0631,0.0,0.0,0.1496,0.0
2024-12-02,3.308583,0.000124,0.001793,GOLDILOCKS,NORMAL_TRENDING,100,0,13.34,XLF:0.26,XLK:0.19,EWJ:0.15,False,0.0,0.1879,0.0,0.0482,0.0,0.0,0.1314,0.0
2024-12-03,3.316602,0.002424,0.000464,GOLDILOCKS,NORMAL_TRENDING,100,0,13.3,XLF:0.26,XLK:0.19,EWJ:0.15,False,0.0,0.1941,0.0,0.0477,0.0,0.0,0.1285,0.0
2024-12-04,3.332411,0.004767,0.00621,GOLDILOCKS,NORMAL_TRENDING,100,0,13.45,XLF:0.25,XLK:0.20,EWJ:0.15,False,0.0,0.204,0.0,0.046,0.0,0.0,0.1294,0.0
2024-12-05,3.328902,-0.001053,-0.001646,GOLDILOCKS,NORMAL_TRENDING,100,0,13.54,XLF:0.25,XLK:0.20,EWJ:0.15,False,0.0,0.2043,0.0,0.0447,0.0,0.0,0.1302,0.0
2024-12-06,3.33445,0.001667,0.001896,GOLDILOCKS,NORMAL_TRENDING,100,0,12.77,XLF:0.25,XLK:0.20,MTUM:0.13,False,0.0,0.1967,0.0,0.0444,0.0,0.0,0.1296,0.0907
2024-12-09,3.315574,-0.005661,-0.00515,GOLDILOCKS,NORMAL_TRENDING,100,0,14.19,XLF:0.25,XLK:0.20,MTUM:0.13,False,0.0,0.2046,0.0,0.0435,0.0,0.0441,0.1269,0.0926
2024-12-10,3.297497,-0.005452,-0.003109,GOLDILOCKS,NORMAL_TRENDING,100,0,14.18,XLF:0.25,XLK:0.20,MTUM:0.13,False,0.0,0.2011,0.0,0.0425,0.0,0.0,0.127,0.0911
2024-12-11,3.324017,0.008042,0.007731,GOLDILOCKS,NORMAL_TRENDING,100,0,13.58,XLF:0.26,XLK:0.19,MTUM:0.12,False,0.0,0.1941,0.0,0.0425,0.0,0.0,0.1243,0.0898
2024-12-12,3.301499,-0.006774,-0.005153,GOLDILOCKS,NORMAL_TRENDING,100,0,13.92,XLF:0.25,XLK:0.20,MTUM:0.12,False,0.0,0.198,0.0,0.0407,0.0,0.0,0.1227,0.0888
2024-12-13,3.302462,0.000292,-0.000199,GOLDILOCKS,NORMAL_TRENDING,100,0,13.81,XLF:0.25,XLK:0.20,MTUM:0.12,False,0.0,0.2039,0.0,0.0442,0.0,0.0,0.1239,0.0896
2024-12-16,3.313014,0.003195,0.00427,GOLDILOCKS,NORMAL_TRENDING,100,0,14.69,XLF:0.24,XLK:0.21,MTUM:0.12,False,0.0,0.2109,0.0,0.0501,0.0,0.0,0.1248,0.0872
2024-12-17,3.291902,-0.006372,-0.00412,GOLDILOCKS,NORMAL_TRENDING,100,0,15.87,XLF:0.30,XLK:0.23,MTUM:0.15,False,0.0,0.2294,0.0,0.0599,0.0,0.0,0.1496,0.0
2024-12-18,3.254338,-0.011411,-0.029804,CRISIS_MODE,FAST_SHOCK,100,0,27.62,BIL:0.32,HYG:0.27,GLD:0.22,False,0.0244,0.0,0.0,0.2224,0.3206,0.0,0.0254,0.0
2024-12-19,3.256189,0.000569,-0.000307,RECOVERY_GROWTH,RECOVERY_ACCEL,100,1,24.09,XLF:0.27,SPY:0.26,HYG:0.20,True,0.2605,0.0,0.0,0.0,0.0,0.0,0.1671,0.0
2024-12-20,3.304141,0.014726,0.012011,RECOVERY_GROWTH,RECOVERY_ACCEL,100,0,18.36,XLF:0.44,SPY:0.23,MTUM:0.23,False,0.229,0.0,0.0,0.0,0.0,0.0,0.2259,0.0
2024-12-23,3.318488,0.004342,0.005988,GOLDILOCKS,NORMAL_TRENDING,100,0,16.78,XLF:0.29,XLK:0.24,MTUM:0.15,False,0.0,0.2375,0.0,0.059,0.0,0.0,0.1526,0.0
2024-12-24,3.351426,0.009925,0.011115,GOLDILOCKS,NORMAL_TRENDING,100,0,14.27,XLF:0.29,XLK:0.23,MTUM:0.15,False,0.0,0.2349,0.0,0.0593,0.0,0.0,0.153,0.0
2024-12-26,3.356803,0.001604,6.7e-05,GOLDILOCKS,NORMAL_TRENDING,100,0,14.73,XLF:0.30,XLK:0.23,MTUM:0.15,False,0.0,0.2293,0.0,0.0584,0.0,0.0,0.1524,0.0
2024-12-27,3.325089,-0.009448,-0.010526,GOLDILOCKS,NORMAL_TRENDING,100,0,15.95,XLF:0.29,XLK:0.23,MTUM:0.15,False,0.0,0.2349,0.0,0.0574,0.0,0.0,0.1514,0.0
2024-12-30,3.296617,-0.008563,-0.011412,GOLDILOCKS,NORMAL_TRENDING,100,0,17.4,XLF:0.30,XLK:0.23,MTUM:0.15,False,0.0,0.2267,0.0,0.0587,0.0,0.0,0.1525,0.0
2024-12-31,3.286293,-0.003132,-0.003638,GOLDILOCKS,NORMAL_TRENDING,100,0,17.35,XLF:0.30,XLK:0.23,MTUM:0.16,False,0.0,0.2295,0.0,0.0,0.0,0.0,0.1585,0.0
2025-01-02,3.288543,0.000685,-0.002457,GOLDILOCKS,NORMAL_TRENDING,100,0,17.93,XLF:0.28,XLK:0.25,MTUM:0.16,False,0.0,0.254,0.0,0.0585,0.0,0.0,0.1563,0.0
2025-01-03,3.320822,0.009816,0.012503,GOLDILOCKS,NORMAL_TRENDING,100,0,16.13,XLF:0.27,XLK:0.26,MTUM:0.16,False,0.0,0.2617,0.0,0.0588,0.0,0.0,0.1553,0.0
2025-01-06,3.337107,0.004904,0.005761,GOLDILOCKS,NORMAL_TRENDING,100,0,16.04,XLK:0.28,XLF:0.25,MTUM:0.15,False,0.0,0.2779,0.0,0.0583,0.0,0.0,0.1469,0.0
2025-01-07,3.302184,-0.010465,-0.011304,GOLDILOCKS,NORMAL_TRENDING,100,0,17.82,XLK:0.28,XLF:0.25,MTUM:0.15,False,0.0,0.2789,0.0,0.058,0.0,0.0,0.1461,0.0
2025-01-08,3.309389,0.002182,0.001461,GOLDILOCKS,NORMAL_TRENDING,100,0,17.7,XLK:0.27,XLF:0.26,MTUM:0.15,False,0.0,0.2675,0.0,0.0589,0.0,0.0,0.1515,0.0
2025-01-10,3.259628,-0.015036,-0.015267,GOLDILOCKS,NORMAL_TRENDING,100,2,19.54,XLK:0.27,XLF:0.26,IWF:0.15,False,0.0,0.2656,0.0,0.0684,0.0,0.0,0.1101,0.0
2025-01-13,3.257138,-0.000764,0.00155,GOLDILOCKS,NORMAL_TRENDING,100,0,19.19,XLF:0.27,XLK:0.26,MTUM:0.15,False,0.0,0.2563,0.0,0.06,0.0,0.0,0.1475,0.0
2025-01-14,3.275679,0.005693,0.001376,GOLDILOCKS,NORMAL_TRENDING,100,0,18.71,XLF:0.31,SPY:0.22,MTUM:0.15,False,0.2183,0.0,0.0,0.0591,0.0,0.0,0.1456,0.0
2025-01-15,3.339731,0.019554,0.01819,GOLDILOCKS,NORMAL_TRENDING,100,0,16.12,XLF:0.32,SPY:0.21,MTUM:0.15,False,0.2142,0.0,0.0,0.0586,0.0,0.0,0.1459,0.0
2025-01-16,3.338674,-0.000316,-0.001923,GOLDILOCKS,NORMAL_TRENDING,100,3,16.6,XLF:0.29,XLK:0.24,IWF:0.14,False,0.0,0.2403,0.0,0.0686,0.0,0.0,0.0,0.0
2025-01-17,3.369078,0.009107,0.01004,GOLDILOCKS,NORMAL_TRENDING,100,0,15.97,XLF:0.29,XLK:0.24,MTUM:0.14,False,0.0,0.243,0.0,0.0583,0.0,0.0,0.1409,0.0
2025-01-21,3.401462,0.009612,0.009154,GOLDILOCKS,NORMAL_TRENDING,100,3,15.06,XLU:0.29,XLF:0.24,IWF:0.14,True,0.0,0.0,0.0,0.0589,0.0,0.0,0.0,0.0
2025-01-22,3.42301,0.006335,0.005622,GOLDILOCKS,NORMAL_TRENDING,100,0,15.1,XLF:0.30,XLK:0.23,MTUM:0.14,False,0.0,0.2253,0.0,0.0599,0.0,0.0,0.1365,0.0
2025-01-23,3.435772,0.003728,0.005458,GOLDILOCKS,NORMAL_TRENDING,100,0,15.02,XLF:0.30,XLK:0.23,MTUM:0.14,False,0.0,0.2293,0.0,0.0595,0.0,0.0,0.1361,0.0
2025-01-24,3.432726,-0.000887,-0.002919,GOLDILOCKS,NORMAL_TRENDING,100,0,14.85,XLF:0.26,XLK:0.19,EFA:0.15,False,0.0,0.1932,0.0,0.0509,0.0,0.0,0.1153,0.0
2025-01-27,3.377326,-0.016139,-0.014145,GOLDILOCKS,NORMAL_TRENDING,100,0,17.9,XLF:0.25,XLK:0.20,MTUM:0.11,False,0.0,0.1951,0.0,0.0496,0.0,0.0,0.1128,0.0
2025-01-28,3.394239,0.005008,0.008592,GOLDILOCKS,NORMAL_TRENDING,100,1,16.41,XLF:0.26,SPY:0.19,EFA:0.15,False,0.1858,0.0,0.0,0.0515,0.0,0.0,0.1109,0.0
2025-01-29,3.38461,-0.002837,-0.004483,GOLDILOCKS,NORMAL_TRENDING,100,0,16.56,XLF:0.25,XLK:0.20,MTUM:0.11,False,0.0,0.2012,0.0,0.0521,0.0,0.0,0.1117,0.0
2025-01-30,3.41413,0.008722,0.005367,GOLDILOCKS,NORMAL_TRENDING,100,0,15.84,XLF:0.26,XLK:0.19,EFA:0.15,False,0.0,0.1934,0.0,0.0513,0.0,0.0,0.1119,0.0
2025-01-31,3.39593,-0.005331,-0.005322,GOLDILOCKS,NORMAL_TRENDING,100,0,16.43,XLF:0.25,XLK:0.20,MTUM:0.11,False,0.0,0.1961,0.0,0.0449,0.0,0.0,0.112,0.0
2025-02-03,3.374935,-0.006182,-0.00673,GOLDILOCKS,NORMAL_TRENDING,100,0,18.62,XLF:0.25,XLK:0.20,MTUM:0.11,False,0.0,0.2032,0.0,0.0446,0.0,0.0,0.1123,0.0
2025-02-04,3.392645,0.005247,0.006708,GOLDILOCKS,NORMAL_TRENDING,100,2,17.21,XLF:0.27,SPY:0.26,MTUM:0.13,True,0.2625,0.0,0.0,0.0521,0.0,0.0,0.1338,0.0
2025-02-05,3.425081,0.009561,0.004055,GOLDILOCKS,NORMAL_TRENDING,100,0,15.77,XLF:0.25,XLK:0.20,MTUM:0.11,False,0.0,0.1966,0.0,0.0422,0.0,0.0,0.1118,0.0
2025-02-06,3.441641,0.004835,0.003476,GOLDILOCKS,NORMAL_TRENDING,100,0,15.5,XLF:0.25,XLK:0.20,MTUM:0.11,False,0.0,0.1997,0.0,0.0408,0.0,0.0,0.1104,0.0
2025-02-07,3.416281,-0.007369,-0.009154,GOLDILOCKS,NORMAL_TRENDING,100,0,16.54,XLF:0.25,XLK:0.20,MTUM:0.11,False,0.0,0.1993,0.0,0.0406,0.0,0.0,0.1128,0.0
2025-02-10,3.433332,0.004991,0.006791,GOLDILOCKS,NORMAL_TRENDING,100,0,15.81,XLF:0.25,XLK:0.20,MTUM:0.11,False,0.0,0.1968,0.0,0.0403,0.0,0.0,0.1129,0.0
2025-02-11,3.433239,-2.7e-05,0.000761,GOLDILOCKS,NORMAL_TRENDING,100,0,16.02,XLF:0.25,XLU:0.20,MTUM:0.11,False,0.0,0.0,0.0,0.0422,0.0,0.0,0.1125,0.0885
2025-02-12,3.428729,-0.001313,-0.003221,GOLDILOCKS,NORMAL_TRENDING,100,0,15.89,XLF:0.26,XLU:0.19,MTUM:0.11,False,0.0,0.0,0.0,0.043,0.0,0.0,0.1121,0.0871
2025-02-13,3.460815,0.009358,0.010558,GOLDILOCKS,NORMAL_TRENDING,100,0,15.1,XLF:0.26,XLK:0.19,MTUM:0.12,False,0.0,0.1861,0.0,0.0425,0.0,0.0,0.1151,0.0875
2025-02-14,3.462658,0.000533,-4.9e-05,GOLDILOCKS,NORMAL_TRENDING,100,0,14.77,XLF:0.26,XLK:0.19,MTUM:0.11,False,0.0,0.1904,0.0,0.039,0.0,0.0,0.1142,0.0886
2025-02-18,3.484967,0.006443,0.002936,GOLDILOCKS,NORMAL_TRENDING,100,0,15.35,XLF:0.26,XLU:0.19,MTUM:0.11,False,0.0,0.0,0.0,0.0406,0.0,0.0,0.1148,0.0874
2025-02-19,3.486263,0.000372,0.002355,GOLDILOCKS,NORMAL_TRENDING,100,3,15.27,XLF:0.26,XLK:0.19,IWF:0.11,False,0.0,0.193,0.0,0.0419,0.0,0.0,0.0,0.0881
2025-02-20,3.469084,-0.004928,-0.00416,GOLDILOCKS,NORMAL_TRENDING,100,0,15.66,XLF:0.26,XLU:0.19,MTUM:0.12,False,0.0,0.0,0.0,0.0414,0.0,0.0,0.1174,0.0876
2025-02-21,3.413414,-0.016047,-0.017104,GOLDILOCKS,NORMAL_TRENDING,100,0,18.21,XLF:0.24,XLK:0.21,MTUM:0.12,False,0.0,0.207,0.0,0.0415,0.0,0.0,0.116,0.0874
2025-02-24,3.395452,-0.005262,-0.004551,GOLDILOCKS,NORMAL_TRENDING,100,0,18.98,XLF:0.24,XLK:0.21,MTUM:0.12,False,0.0,0.2083,0.0,0.0417,0.0,0.0,0.118,0.0873
2025-02-25,3.387293,-0.002403,-0.004973,GOLDILOCKS,NORMAL_TRENDING,100,0,19.43,XLF:0.26,SPY:0.19,MTUM:0.12,False,0.1865,0.0,0.0,0.0392,0.0,0.0,0.1164,0.0879
2025-02-26,3.393584,0.001857,0.000505,GOLDILOCKS,NORMAL_TRENDING,100,0,19.1,XLF:0.28,SPY:0.17,MTUM:0.14,False,0.1738,0.0,0.0,0.0404,0.0,0.0,0.1398,0.0866
2025-02-27,3.367982,-0.007544,-0.015962,GOLDILOCKS,NORMAL_TRENDING,100,1,21.13,XLF:0.27,SPY:0.18,MTUM:0.15,False,0.1788,0.0,0.0,0.0392,0.0,0.0,0.1481,0.0
2025-02-28,3.402759,0.010326,0.015606,GOLDILOCKS,NORMAL_TRENDING,100,0,19.63,XLF:0.30,XLV:0.15,MTUM:0.15,False,0.0,0.0,0.1503,0.0405,0.0,0.0,0.1481,0.0876
2025-03-03,3.381746,-0.006175,-0.01752,GOLDILOCKS,NORMAL_TRENDING,100,0,22.78,XLF:0.27,SPY:0.18,MTUM:0.15,False,0.1809,0.0,0.0,0.0383,0.0,0.0,0.1489,0.0
2025-03-04,3.324687,-0.016873,-0.011837,GOLDILOCKS,NORMAL_TRENDING,100,0,23.51,XLF:0.31,MTUM:0.15,XLU:0.14,False,0.0,0.0,0.0,0.0386,0.0,0.0,0.148,0.0
2025-03-05,3.349978,0.007607,0.010748,CAUTIOUS_BULL,EARLY_DD_UNCERTAINTY,100,0,21.93,XLF:0.20,USMV:0.18,HYG:0.16,False,0.0,0.0,0.0999,0.0884,0.0,0.0,0.0,0.0
2025-03-06,3.326039,-0.007146,-0.017751,CAUTIOUS_BULL,EARLY_DD_UNCERTAINTY,100,0,24.87,XLF:0.20,USMV:0.18,HYG:0.16,False,0.0,0.0,0.0988,0.0904,0.0,0.0,0.0,0.0482
2025-03-07,3.335129,0.002733,0.005605,CAUTIOUS_BULL,EARLY_DD_UNCERTAINTY,100,0,23.37,XLV:0.30,USMV:0.18,HYG:0.15,False,0.0,0.0,0.3,0.088,0.0,0.0,0.0,0.0481
2025-03-10,3.303379,-0.00952,-0.026636,CAUTIOUS_BULL,EARLY_DD_UNCERTAINTY,100,0,27.86,XLV:0.30,USMV:0.18,HYG:0.15,False,0.0,0.0,0.3,0.0887,0.0,0.0,0.0,0.0478
2025-03-11,3.294952,-0.002551,-0.008313,CAUTIOUS_BULL,EARLY_DD_UNCERTAINTY,100,0,26.92,XLV:0.30,USMV:0.18,HYG:0.16,False,0.0,0.0,0.3,0.0928,0.0,0.0,0.0,0.048
2025-03-12,3.28292,-0.003652,0.005306,CAUTIOUS_BULL,EARLY_DD_UNCERTAINTY,100,3,24.23,XLV:0.30,USMV:0.18,TLT:0.13,False,0.0,0.0,0.3,0.0889,0.0,0.13,0.0,0.0484
2025-03-13,3.305791,0.006967,-0.01333,CAUTIOUS_BULL,EARLY_DD_UNCERTAINTY,100,0,24.66,HYG:0.30,IEF:0.20,GLD:0.18,False,0.0,0.0,0.0,0.1787,0.0,0.0,0.0,0.0921
2025-03-14,3.322763,0.005134,0.020656,CAUTIOUS_BULL,EARLY_DD_UNCERTAINTY,100,0,21.77,HYG:0.30,IEF:0.20,GDX:0.17,False,0.0,0.0,0.0,0.1714,0.0,0.0,0.0,0.0924
2025-03-17,3.352658,0.008997,0.007711,CAUTIOUS_BULL,EARLY_DD_UNCERTAINTY,100,0,20.51,USMV:0.18,HYG:0.15,XLV:0.15,False,0.0,0.0,0.15,0.0914,0.0,0.0,0.0,0.0481
2025-03-18,3.350551,-0.000629,-0.010809,CAUTIOUS_BULL,EARLY_DD_UNCERTAINTY,100,0,21.7,USMV:0.18,HYG:0.15,XLU:0.15,False,0.0,0.0,0.0,0.0911,0.0,0.0,0.0,0.0488
2025-03-19,3.373082,0.006725,0.010891,CAUTIOUS_BULL,EARLY_DD_UNCERTAINTY,100,0,19.9,USMV:0.18,HYG:0.15,XLU:0.15,False,0.0,0.0,0.0,0.0931,0.0,0.0,0.0,0.0492
2025-03-20,3.369945,-0.00093,-0.002892,CAUTIOUS_BULL,EARLY_DD_UNCERTAINTY,100,0,19.8,XLF:0.19,USMV:0.18,HYG:0.15,False,0.0,0.0,0.0,0.0916,0.0,0.0,0.0,0.0491
2025-03-21,3.354908,-0.004462,0.00033,CAUTIOUS_BULL,EARLY_DD_UNCERTAINTY,100,0,19.28,XLF:0.19,USMV:0.18,HYG:0.15,False,0.0,0.0,0.0,0.0849,0.0,0.0,0.0,0.05
2025-03-24,3.361412,0.001939,0.017908,CAUTIOUS_BULL,EARLY_DD_UNCERTAINTY,100,0,17.48,USMV:0.18,XLU:0.16,HYG:0.15,False,0.0,0.0,0.0,0.0957,0.0,0.0,0.0,0.0502
2025-03-25,3.364077,0.000793,0.002404,CAUTIOUS_BULL,EARLY_DD_UNCERTAINTY,100,0,17.15,XLF:0.18,USMV:0.18,HYG:0.15,False,0.0,0.0,0.0,0.0943,0.0,0.0,0.0,0.0492
2025-03-26,3.358039,-0.001795,-0.011938,CAUTIOUS_BULL,EARLY_DD_UNCERTAINTY,100,0,18.33,XLF:0.20,USMV:0.18,HYG:0.15,False,0.0,0.0,0.0,0.0925,0.0,0.0,0.0,0.0496
2025-03-27,3.366798,0.002609,-0.002656,CAUTIOUS_BULL,EARLY_DD_UNCERTAINTY,100,0,18.69,XLF:0.20,USMV:0.18,HYG:0.16,False,0.0,0.0,0.0,0.0923,0.0,0.0,0.0,0.0501
2025-03-28,3.346058,-0.00616,-0.020138,CAUTIOUS_BULL,EARLY_DD_UNCERTAINTY,100,0,21.65,XLF:0.21,USMV:0.18,HYG:0.16,False,0.0,0.0,0.0,0.0943,0.0,0.0,0.0,0.0494
2025-03-31,3.370757,0.007381,0.006713,CAUTIOUS_BULL,EARLY_DD_UNCERTAINTY,100,0,22.28,USMV:0.18,HYG:0.15,XLU:0.15,False,0.0,0.0,0.0,0.0996,0.0,0.0,0.0,0.0483
2025-04-01,3.369869,-0.000263,0.002824,CAUTIOUS_BULL,EARLY_DD_UNCERTAINTY,100,0,21.77,XLF:0.19,USMV:0.18,HYG:0.15,False,0.0,0.0,0.0,0.103,0.0,0.0,0.0,0.0479
2025-04-02,3.38124,0.003374,0.006328,CAUTIOUS_BULL,EARLY_DD_UNCERTAINTY,100,0,21.51,XLF:0.20,USMV:0.18,HYG:0.15,False,0.0,0.0,0.0,0.1023,0.0,0.0,0.0,0.0486
2025-04-03,3.374301,-0.002052,-0.049281,CRISIS_MODE,FAST_SHOCK,100,0,30.02,BIL:0.32,TLT:0.26,GLD:0.16,False,0.0,0.0,0.0,0.1627,0.3248,0.2552,0.0,0.0076
2025-04-04,3.213263,-0.047725,-0.058543,RECOVERY_GROWTH,RECOVERY_ACCEL,100,0,45.31,XLU:0.40,USMV:0.20,EFA:0.12,False,0.0,0.0,0.0,0.073,0.0,0.0736,0.0,0.0
2025-04-07,3.168855,-0.01382,-0.001781,CRISIS_MODE,FAST_SHOCK,100,0,46.98,BIL:0.38,TLT:0.28,GLD:0.22,False,0.0,0.0,0.0,0.2182,0.3773,0.2818,0.0,0.0
2025-04-08,3.155313,-0.004273,-0.015663,RECOVERY_GROWTH,RECOVERY_ACCEL,100,0,52.33,GLD:0.32,IEF:0.28,TLT:0.25,False,0.0,0.0,0.0,0.315,0.0,0.2508,0.0,0.0
2025-04-09,3.210071,0.017354,0.105019,CRISIS_MODE,FAST_SHOCK,100,4,33.62,IEF:0.35,BIL:0.31,GLD:0.22,True,0.0,0.0,0.0,0.2165,0.3064,0.0,0.0,0.0
2025-04-10,3.248548,0.011986,-0.043819,RECOVERY_GROWTH,RECOVERY_ACCEL,100,0,40.72,IEF:0.54,GLD:0.30,GDX:0.17,False,0.0,0.0,0.0,0.2984,0.0,0.0,0.0,0.0
2025-04-11,3.280087,0.009709,0.017843,CRISIS_MODE,FAST_SHOCK,100,0,37.56,BIL:0.39,IEF:0.27,GLD:0.21,False,0.0,0.0,0.0,0.2091,0.3891,0.0,0.0,0.0
2025-04-14,3.294351,0.004349,0.009701,RECOVERY_GROWTH,RECOVERY_ACCEL,100,1,30.89,IEF:0.54,GLD:0.24,GDX:0.22,False,0.0,0.0,0.0,0.2419,0.0,0.0,0.0,0.0
2025-04-15,3.304523,0.003088,-0.002801,RECOVERY_GROWTH,RECOVERY_ACCEL,100,0,30.12,XLU:0.50,IEF:0.19,EFA:0.15,False,0.0,0.0,0.0,0.0835,0.0,0.0,0.0,0.0
2025-04-16,3.306425,0.000576,-0.022228,RECOVERY_GROWTH,RECOVERY_ACCEL,100,0,32.64,XLU:0.50,IEF:0.19,EFA:0.15,False,0.0,0.0,0.0,0.0779,0.0,0.0,0.0,0.0
2025-04-17,3.299933,-0.001964,0.001427,RECOVERY_GROWTH,RECOVERY_ACCEL,100,0,29.65,IEF:0.37,EFA:0.30,GDX:0.19,False,0.0,0.0,0.0,0.1395,0.0,0.0,0.0,0.0
2025-04-21,3.266748,-0.010056,-0.023803,RECOVERY_GROWTH,RECOVERY_ACCEL,100,0,33.82,XLU:0.50,IEF:0.19,EFA:0.15,False,0.0,0.0,0.0,0.0753,0.0,0.0,0.0,0.0
2025-04-22,3.265359,-0.000425,0.026018,RECOVERY_GROWTH,RECOVERY_ACCEL,100,0,30.57,IEF:0.37,EFA:0.30,GDX:0.17,False,0.0,0.0,0.0,0.1543,0.0,0.0,0.0,0.0
2025-04-23,3.260355,-0.001532,0.015495,RECOVERY_GROWTH,RECOVERY_ACCEL,100,0,28.45,XLU:0.50,IEF:0.19,EFA:0.08,False,0.0,0.0,0.0,0.0798,0.0,0.0,0.0,0.0
2025-04-24,3.281805,0.006579,0.021049,RECOVERY_GROWTH,RECOVERY_ACCEL,100,2,26.47,XLU:0.50,IEF:0.19,GDX:0.09,True,0.0,0.0,0.0,0.0745,0.0,0.0,0.0,0.0839
2025-04-25,3.272693,-0.002776,0.007225,RECOVERY_GROWTH,RECOVERY_ACCEL,100,3,24.84,XLU:0.50,HYG:0.11,EFA:0.09,True,0.0,0.0,0.0,0.0794,0.0,0.0,0.0,0.0
2025-04-28,3.293051,0.00622,0.000381,RECOVERY_GROWTH,RECOVERY_ACCEL,100,0,25.15,XLU:0.50,HYG:0.11,EEM:0.08,False,0.0,0.0,0.0,0.0798,0.0,0.0,0.0,0.0848
2025-04-29,3.301346,0.002519,0.006299,RECOVERY_GROWTH,RECOVERY_ACCEL,100,0,24.17,XLU:0.50,HYG:0.11,GLD:0.09,False,0.0,0.0,0.0,0.0885,0.0,0.0,0.0,0.0822
2025-04-30,3.299043,-0.000697,0.000397,RECOVERY_GROWTH,RECOVERY_ACCEL,100,0,24.7,XLU:0.40,USMV:0.20,HYG:0.08,False,0.0,0.0,0.0,0.0729,0.0,0.0,0.0,0.0663
2025-05-01,3.29237,-0.002023,0.007087,RECOVERY_GROWTH,RECOVERY_ACCEL,100,0,24.6,XLU:0.40,MTUM:0.13,HYG:0.08,False,0.0,0.0,0.0,0.0769,0.0,0.0,0.1327,0.0658
2025-05-02,3.323982,0.009602,0.014844,RECOVERY_GROWTH,RECOVERY_ACCEL,100,0,22.68,XLU:0.40,MTUM:0.13,HYG:0.08,False,0.0,0.0,0.0,0.0732,0.0,0.0,0.1344,0.0658
2025-05-05,3.331338,0.002213,-0.005734,RECOVERY_GROWTH,RECOVERY_ACCEL,100,0,23.64,XLF:0.29,MTUM:0.13,XLU:0.11,False,0.0,0.0,0.0,0.0722,0.0,0.0,0.132,0.0655
2025-05-06,3.339779,0.002534,-0.008358,RECOVERY_GROWTH,RECOVERY_ACCEL,100,0,24.76,XLF:0.28,MTUM:0.13,XLU:0.12,False,0.0,0.0,0.0,0.0827,0.0,0.0,0.1259,0.0657
2025-05-07,3.341376,0.000478,0.004205,RECOVERY_GROWTH,RECOVERY_ACCEL,100,0,23.55,XLF:0.28,MTUM:0.13,XLU:0.12,False,0.0,0.0,0.0,0.0766,0.0,0.0,0.1271,0.0643
2025-05-08,3.328571,-0.003832,0.006968,RECOVERY_GROWTH,RECOVERY_ACCEL,100,2,22.48,XLU:0.28,MTUM:0.12,XLF:0.12,True,0.0,0.0,0.0,0.0822,0.0,0.0,0.1248,0.0638
2025-05-09,3.337614,0.002717,-0.001274,RECOVERY_GROWTH,RECOVERY_ACCEL,100,0,21.9,XLF:0.29,MTUM:0.13,XLU:0.11,False,0.0,0.0,0.0,0.0771,0.0,0.0,0.1332,0.0636
2025-05-12,3.353561,0.004778,0.033047,RECOVERY_GROWTH,RECOVERY_ACCEL,100,0,18.39,XLF:0.28,MTUM:0.13,XLU:0.12,False,0.0,0.0,0.0,0.071,0.0,0.0,0.1296,0.0641
2025-05-13,3.367373,0.004118,0.006604,RECOVERY_GROWTH,RECOVERY_ACCEL,100,0,18.22,XLF:0.26,SPY:0.14,MTUM:0.12,False,0.1368,0.0,0.0,0.0723,0.0,0.0,0.1179,0.0652
2025-05-14,3.354946,-0.00369,0.001278,RECOVERY_GROWTH,RECOVERY_ACCEL,100,0,18.62,XLF:0.26,SPY:0.14,MTUM:0.12,False,0.1369,0.0,0.0,0.0696,0.0,0.0,0.1181,0.0649
2025-05-15,3.380347,0.007571,0.004884,RECOVERY_GROWTH,RECOVERY_ACCEL,100,0,17.83,XLF:0.27,SPY:0.13,MTUM:0.12,False,0.1346,0.0,0.0,0.0698,0.0,0.0,0.1209,0.0631
2025-05-16,3.391343,0.003253,0.006334,RECOVERY_GROWTH,RECOVERY_ACCEL,100,0,17.24,XLF:0.27,SPY:0.13,MTUM:0.12,False,0.1348,0.0,0.0,0.0743,0.0,0.0,0.1177,0.0627
2025-05-19,3.403941,0.003715,0.001094,RECOVERY_GROWTH,RECOVERY_ACCEL,100,0,18.14,XLF:0.27,SPY:0.13,MTUM:0.11,False,0.131,0.0,0.0,0.0753,0.0,0.0,0.1144,0.0622
2025-05-20,3.406361,0.000711,-0.003362,RECOVERY_GROWTH,RECOVERY_ACCEL,100,0,18.09,XLF:0.27,SPY:0.13,MTUM:0.12,False,0.1346,0.0,0.0,0.0763,0.0,0.0,0.1156,0.0623
2025-05-21,3.368195,-0.011204,-0.016851,RECOVERY_GROWTH,RECOVERY_ACCEL,100,0,20.87,XLF:0.27,SPY:0.13,MTUM:0.12,False,0.1305,0.0,0.0,0.0761,0.0,0.0,0.1176,0.0612
2025-05-22,3.363179,-0.001489,0.000395,RECOVERY_GROWTH,RECOVERY_ACCEL,100,0,20.28,XLF:0.28,HYG:0.15,SPY:0.12,False,0.1236,0.0,0.0,0.0776,0.0,0.0,0.119,0.0621
2025-05-23,3.368051,0.001448,-0.006826,RECOVERY_GROWTH,RECOVERY_ACCEL,100,3,22.29,XLF:0.27,SPY:0.13,USMV:0.12,False,0.1284,0.0,0.0,0.0788,0.0,0.0,0.0778,0.0625
2025-05-27,3.392356,0.007216,0.02079,RECOVERY_GROWTH,RECOVERY_ACCEL,100,2,18.96,XLU:0.23,XLF:0.17,USMV:0.13,True,0.0,0.0,0.0,0.0729,0.0,0.0,0.0,0.0613
2025-05-28,3.378423,-0.004107,-0.005785,RECOVERY_GROWTH,RECOVERY_ACCEL,100,0,19.31,XLF:0.27,SPY:0.13,MTUM:0.12,False,0.1314,0.0,0.0,0.0762,0.0,0.0,0.1226,0.0612
2025-05-29,3.390421,0.003551,0.003947,RECOVERY_GROWTH,RECOVERY_ACCEL,100,0,19.18,XLF:0.27,SPY:0.13,MTUM:0.12,False,0.1287,0.0,0.0,0.0787,0.0,0.0,0.1211,0.0617
2025-05-30,3.393842,0.001009,-0.001118,RECOVERY_GROWTH,RECOVERY_ACCEL,100,0,18.57,XLF:0.28,SPY:0.12,MTUM:0.12,False,0.1236,0.0,0.0,0.079,0.0,0.0,0.1175,0.0622
2025-06-02,3.421191,0.008058,0.005633,RECOVERY_GROWTH,RECOVERY_ACCEL,100,3,18.36,XLU:0.22,XLF:0.18,USMV:0.12,True,0.0,0.0,0.0,0.0779,0.0,0.0,0.0757,0.0
2025-06-03,3.423614,0.000708,0.005702,RECOVERY_GROWTH,RECOVERY_ACCEL,100,0,17.69,XLF:0.27,MTUM:0.13,SPY:0.13,False,0.1261,0.0,0.0,0.0784,0.0,0.0,0.1262,0.0644
2025-06-04,3.425896,0.000666,-0.000268,RECOVERY_GROWTH,RECOVERY_ACCEL,100,0,17.61,XLF:0.27,SPY:0.13,MTUM:0.13,False,0.1325,0.0,0.0,0.0775,0.0,0.0,0.1263,0.0673
2025-06-05,3.417724,-0.002385,-0.004833,RECOVERY_GROWTH,RECOVERY_ACCEL,100,2,18.48,XLU:0.23,XLF:0.17,USMV:0.12,True,0.0,0.0,0.0,0.0757,0.0,0.0,0.0832,0.0663
2025-06-06,3.428482,0.003147,0.010269,RECOVERY_GROWTH,RECOVERY_ACCEL,100,0,16.77,XLF:0.27,SPY:0.13,MTUM:0.13,False,0.1307,0.0,0.0,0.0686,0.0,0.0,0.1277,0.0668
2025-06-09,3.425237,-0.000946,0.000901,RECOVERY_GROWTH,RECOVERY_ACCEL,100,0,17.16,XLF:0.28,MTUM:0.13,SPY:0.12,False,0.1239,0.0,0.0,0.07,0.0,0.0,0.1275,0.0662
2025-06-10,3.428929,0.001078,0.00567,RECOVERY_GROWTH,RECOVERY_ACCEL,100,0,16.95,XLF:0.28,MTUM:0.13,SPY:0.12,False,0.1234,0.0,0.0,0.0714,0.0,0.0,0.1286,0.0663
2025-06-11,3.432644,0.001083,-0.002852,RECOVERY_GROWTH,RECOVERY_ACCEL,100,1,17.26,XLF:0.27,SPY:0.13,MTUM:0.13,False,0.129,0.0,0.0,0.0719,0.0,0.0,0.1263,0.068
2025-06-12,3.44739,0.004296,0.003974,RECOVERY_GROWTH,RECOVERY_ACCEL,100,0,18.02,XLF:0.27,SPY:0.13,MTUM:0.13,False,0.1324,0.0,0.0,0.0732,0.0,0.0,0.1257,0.0674
2025-06-13,3.408087,-0.011401,-0.01118,GOLDILOCKS,NORMAL_TRENDING,100,0,20.82,XLF:0.28,XLK:0.17,MTUM:0.13,False,0.0,0.1704,0.0,0.0437,0.0,0.0,0.1319,0.0895
2025-06-16,3.435619,0.008078,0.009514,GOLDILOCKS,NORMAL_TRENDING,100,0,19.11,XLF:0.29,XLK:0.16,MTUM:0.13,False,0.0,0.1637,0.0,0.0436,0.0,0.0,0.1322,0.0871
2025-06-17,3.413783,-0.006356,-0.008545,GOLDILOCKS,NORMAL_TRENDING,100,0,21.6,XLF:0.29,XLK:0.16,MTUM:0.13,False,0.0,0.1602,0.0,0.0415,0.0,0.0,0.1315,0.0848
2025-06-18,3.414925,0.000334,-0.000151,GOLDILOCKS,NORMAL_TRENDING,100,0,20.14,XLF:0.29,XLK:0.16,MTUM:0.13,False,0.0,0.1585,0.0,0.0406,0.0,0.0,0.132,0.0847
2025-06-20,3.40637,-0.002505,-0.002349,GOLDILOCKS,NORMAL_TRENDING,100,0,20.62,XLF:0.29,XLK:0.16,MTUM:0.13,False,0.0,0.1614,0.0,0.04,0.0,0.0,0.1335,0.082
2025-06-23,3.442821,0.010701,0.009878,GOLDILOCKS,NORMAL_TRENDING,100,0,19.83,XLF:0.29,XLK:0.16,MTUM:0.13,False,0.0,0.1645,0.0,0.0411,0.0,0.0,0.1319,0.0819
2025-06-24,3.482563,0.011544,0.011047,GOLDILOCKS,NORMAL_TRENDING,100,0,17.48,XLF:0.28,XLK:0.17,MTUM:0.13,False,0.0,0.1657,0.0,0.0415,0.0,0.0,0.1302,0.0813
2025-06-25,3.482034,-0.000152,0.00056,GOLDILOCKS,NORMAL_TRENDING,100,0,16.76,XLF:0.28,XLK:0.17,MTUM:0.13,False,0.0,0.1697,0.0,0.0436,0.0,0.0,0.1318,0.0807
2025-06-26,3.507458,0.007301,0.007824,GOLDILOCKS,NORMAL_TRENDING,100,1,16.59,XLF:0.27,XLK:0.18,USMV:0.12,False,0.0,0.181,0.0,0.0437,0.0,0.0,0.1,0.0785
2025-06-27,3.5076,4.1e-05,0.004968,GOLDILOCKS,NORMAL_TRENDING,100,0,16.32,XLF:0.28,XLK:0.17,MTUM:0.13,False,0.0,0.1725,0.0,0.0421,0.0,0.0,0.1322,0.0819
2025-06-30,3.530647,0.006571,0.004781,GOLDILOCKS,NORMAL_TRENDING,100,2,16.73,XLU:0.25,XLF:0.20,MTUM:0.13,True,0.0,0.0,0.0,0.0436,0.0,0.0,0.1336,0.0813
2025-07-01,3.520245,-0.002946,-0.000324,GOLDILOCKS,NORMAL_TRENDING,100,0,16.83,XLF:0.28,XLK:0.17,MTUM:0.13,False,0.0,0.1679,0.0,0.0425,0.0,0.0,0.1344,0.0804
2025-07-02,3.532515,0.003486,0.004533,GOLDILOCKS,NORMAL_TRENDING,100,0,16.64,XLF:0.28,XLK:0.17,MTUM:0.13,False,0.0,0.1734,0.0,0.0407,0.0,0.0,0.1322,0.0809
2025-07-03,3.560669,0.00797,0.007881,GOLDILOCKS,NORMAL_TRENDING,100,0,16.38,XLF:0.28,XLK:0.17,MTUM:0.13,False,0.0,0.1742,0.0,0.0382,0.0,0.0,0.1332,0.0814
2025-07-07,3.532419,-0.007934,-0.007452,GOLDILOCKS,NORMAL_TRENDING,100,0,17.79,XLF:0.27,XLK:0.18,MTUM:0.13,False,0.0,0.1782,0.0,0.0384,0.0,0.0,0.1328,0.0842
2025-07-08,3.517309,-0.004277,-0.000548,GOLDILOCKS,NORMAL_TRENDING,100,0,16.81,XLF:0.28,XLK:0.17,MTUM:0.13,False,0.0,0.1696,0.0,0.0419,0.0,0.0,0.1331,0.0852
2025-07-09,3.535097,0.005057,0.005997,GOLDILOCKS,NORMAL_TRENDING,100,0,15.94,XLF:0.29,XLK:0.16,MTUM:0.14,False,0.0,0.1596,0.0,0.0426,0.0,0.0,0.1354,0.0851
2025-07-10,3.540329,0.00148,0.00282,GOLDILOCKS,NORMAL_TRENDING,100,0,15.78,XLF:0.29,XLK:0.16,MTUM:0.13,False,0.0,0.162,0.0,0.0428,0.0,0.0,0.1331,0.0855
2025-07-11,3.522362,-0.005075,-0.003515,GOLDILOCKS,NORMAL_TRENDING,100,0,16.4,XLF:0.29,XLK:0.16,MTUM:0.13,False,0.0,0.1638,0.0,0.0433,0.0,0.0,0.1322,0.0848
2025-07-14,3.536451,0.004,0.001908,GOLDILOCKS,NORMAL_TRENDING,100,0,17.2,XLF:0.29,XLK:0.16,MTUM:0.13,False,0.0,0.1595,0.0,0.045,0.0,0.0,0.1339,0.0867
2025-07-15,3.508663,-0.007858,-0.004273,GOLDILOCKS,NORMAL_TRENDING,100,2,17.38,XLU:0.25,XLF:0.20,MTUM:0.13,True,0.0,0.0,0.0,0.0446,0.0,0.0,0.1328,0.0854
2025-07-16,3.524724,0.004577,0.003343,GOLDILOCKS,NORMAL_TRENDING,100,0,17.16,XLF:0.27,XLK:0.18,MTUM:0.13,False,0.0,0.176,0.0,0.045,0.0,0.0,0.1334,0.0862
2025-07-17,3.544766,0.005686,0.00612,GOLDILOCKS,NORMAL_TRENDING,100,0,16.52,XLF:0.27,XLK:0.18,MTUM:0.13,False,0.0,0.1823,0.0,0.0443,0.0,0.0,0.1326,0.0875
2025-07-18,3.543872,-0.000252,-0.000732,GOLDILOCKS,NORMAL_TRENDING,100,0,16.41,XLF:0.27,XLK:0.18,MTUM:0.13,False,0.0,0.1845,0.0,0.0459,0.0,0.0,0.1323,0.0871
2025-07-21,3.555176,0.00319,0.001896,GOLDILOCKS,NORMAL_TRENDING,100,0,16.65,XLF:0.24,XLK:0.21,MTUM:0.13,False,0.0,0.2082,0.0,0.0447,0.0,0.0,0.1346,0.0886
2025-07-22,3.554723,-0.000127,0.000143,GOLDILOCKS,NORMAL_TRENDING,100,0,16.5,XLF:0.25,XLK:0.20,MTUM:0.14,False,0.0,0.2006,0.0,0.0443,0.0,0.0,0.1356,0.089
2025-07-23,3.578971,0.006821,0.008508,GOLDILOCKS,NORMAL_TRENDING,100,0,15.37,XLF:0.25,XLK:0.20,MTUM:0.13,False,0.0,0.2049,0.0,0.0436,0.0,0.0,0.1347,0.0896
2025-07-24,3.574795,-0.001167,0.000331,GOLDILOCKS,NORMAL_TRENDING,100,0,15.39,XLF:0.25,XLK:0.20,MTUM:0.13,False,0.0,0.1965,0.0,0.0441,0.0,0.0,0.1349,0.0913
2025-07-25,3.58669,0.003327,0.004224,GOLDILOCKS,NORMAL_TRENDING,100,0,14.93,XLF:0.25,XLK:0.20,MTUM:0.13,False,0.0,0.2031,0.0,0.044,0.0,0.0,0.133,0.0926
2025-07-28,3.576132,-0.002944,-0.000251,GOLDILOCKS,NORMAL_TRENDING,100,0,15.03,XLF:0.23,XLK:0.22,MTUM:0.13,False,0.0,0.2157,0.0,0.0424,0.0,0.0,0.1323,0.0918
2025-07-29,3.572313,-0.001068,-0.002638,GOLDILOCKS,NORMAL_TRENDING,100,3,15.98,XLF:0.23,XLK:0.22,MTUM:0.12,False,0.0,0.2223,0.0,0.043,0.0,0.0,0.1151,0.0877
2025-07-30,3.56533,-0.001955,-0.001259,GOLDILOCKS,NORMAL_TRENDING,100,0,15.48,XLF:0.23,XLK:0.22,MTUM:0.13,False,0.0,0.2248,0.0,0.0417,0.0,0.0,0.1308,0.0888
2025-07-31,3.552561,-0.003581,-0.003751,GOLDILOCKS,NORMAL_TRENDING,100,0,16.72,XLF:0.23,XLK:0.22,MTUM:0.13,False,0.0,0.2206,0.0,0.045,0.0,0.0,0.1319,0.0907
2025-08-01,3.515095,-0.010546,-0.01639,GOLDILOCKS,NORMAL_TRENDING,100,0,20.38,XLK:0.24,XLF:0.21,MTUM:0.13,False,0.0,0.241,0.0,0.0448,0.0,0.0,0.1302,0.0917
2025-08-04,3.5657,0.014396,0.0152,GOLDILOCKS,NORMAL_TRENDING,100,0,17.52,XLF:0.23,XLK:0.22,MTUM:0.13,False,0.0,0.2223,0.0,0.0447,0.0,0.0,0.1294,0.092
2025-08-05,3.554632,-0.003104,-0.00507,GOLDILOCKS,NORMAL_TRENDING,100,0,17.85,XLK:0.23,XLF:0.22,MTUM:0.13,False,0.0,0.2346,0.0,0.0425,0.0,0.0,0.1311,0.0895
2025-08-06,3.584335,0.008356,0.00766,GOLDILOCKS,NORMAL_TRENDING,100,0,16.77,XLK:0.24,XLF:0.21,MTUM:0.13,False,0.0,0.2407,0.0,0.0424,0.0,0.0,0.1324,0.086
2025-08-07,3.582811,-0.000425,-0.000838,GOLDILOCKS,NORMAL_TRENDING,100,0,16.57,XLK:0.25,XLF:0.20,MTUM:0.13,False,0.0,0.2472,0.0,0.0402,0.0,0.0,0.1285,0.0864
2025-08-08,3.608134,0.007068,0.007798,GOLDILOCKS,NORMAL_TRENDING,100,0,15.15,XLK:0.25,XLF:0.20,MTUM:0.13,False,0.0,0.2464,0.0,0.0409,0.0,0.0,0.1277,0.086
2025-08-11,3.596968,-0.003095,-0.001977,GOLDILOCKS,NORMAL_TRENDING,100,0,16.25,XLK:0.25,XLF:0.20,MTUM:0.13,False,0.0,0.2507,0.0,0.0393,0.0,0.0,0.1271,0.087
2025-08-12,3.637109,0.01116,0.010646,GOLDILOCKS,NORMAL_TRENDING,100,0,14.73,XLK:0.24,XLF:0.21,MTUM:0.13,False,0.0,0.2437,0.0,0.0392,0.0,0.0,0.1274,0.0873
2025-08-13,3.643535,0.001767,0.003423,GOLDILOCKS,NORMAL_TRENDING,100,0,14.49,XLK:0.25,XLF:0.20,MTUM:0.13,False,0.0,0.2483,0.0,0.0401,0.0,0.0,0.1255,0.0881
2025-08-14,3.636888,-0.001824,9.3e-05,GOLDILOCKS,NORMAL_TRENDING,100,0,14.83,XLK:0.24,XLF:0.21,MTUM:0.13,False,0.0,0.2419,0.0,0.0413,0.0,0.0,0.1256,0.0888
2025-08-15,3.624527,-0.003399,-0.002341,GOLDILOCKS,NORMAL_TRENDING,100,0,15.09,XLK:0.23,XLF:0.22,MTUM:0.13,False,0.0,0.2322,0.0,0.043,0.0,0.0,0.1255,0.091
2025-08-18,3.628408,0.001071,-0.000218,GOLDILOCKS,NORMAL_TRENDING,100,3,14.99,XLK:0.23,XLF:0.22,IWF:0.11,False,0.0,0.2326,0.0,0.0432,0.0,0.0,0.1077,0.0921
2025-08-19,3.598185,-0.008329,-0.005425,GOLDILOCKS,NORMAL_TRENDING,100,0,15.57,XLK:0.23,XLF:0.22,MTUM:0.12,False,0.0,0.2267,0.0,0.042,0.0,0.0,0.1236,0.0925
2025-08-20,3.60068,0.000693,-0.002657,GOLDILOCKS,NORMAL_TRENDING,100,0,15.69,XLF:0.23,XLK:0.22,MTUM:0.12,False,0.0,0.2221,0.0,0.0421,0.0,0.0,0.1241,0.0918
2025-08-21,3.588747,-0.003314,-0.004012,GOLDILOCKS,NORMAL_TRENDING,100,0,16.6,XLF:0.23,XLK:0.22,MTUM:0.13,False,0.0,0.2155,0.0,0.0432,0.0,0.0,0.1253,0.0883
2025-08-22,3.638607,0.013893,0.015357,GOLDILOCKS,NORMAL_TRENDING,100,0,14.22,XLF:0.23,XLK:0.22,MTUM:0.12,False,0.0,0.2169,0.0,0.0432,0.0,0.0,0.1245,0.0883
2025-08-25,3.624344,-0.00392,-0.004401,GOLDILOCKS,NORMAL_TRENDING,100,0,14.79,XLF:0.24,XLK:0.21,MTUM:0.12,False,0.0,0.2115,0.0,0.0424,0.0,0.0,0.1246,0.0905
2025-08-26,3.644535,0.005571,0.004187,GOLDILOCKS,NORMAL_TRENDING,100,0,14.62,XLK:0.23,XLF:0.22,MTUM:0.12,False,0.0,0.2297,0.0,0.0405,0.0,0.0,0.1221,0.0923
2025-08-27,3.648441,0.001072,0.002278,GOLDILOCKS,NORMAL_TRENDING,100,0,14.85,XLK:0.23,XLF:0.22,MTUM:0.12,False,0.0,0.228,0.0,0.0416,0.0,0.0,0.1236,0.0939
2025-08-28,3.665676,0.004724,0.003541,GOLDILOCKS,NORMAL_TRENDING,100,0,14.43,XLK:0.24,XLF:0.21,MTUM:0.12,False,0.0,0.2365,0.0,0.0419,0.0,0.0,0.1243,0.0927
2025-08-29,3.64643,-0.00525,-0.005964,GOLDILOCKS,NORMAL_TRENDING,100,0,15.36,XLK:0.24,XLF:0.21,MTUM:0.12,False,0.0,0.2362,0.0,0.0406,0.0,0.0,0.1238,0.0935
2025-09-02,3.632478,-0.003826,-0.00741,GOLDILOCKS,NORMAL_TRENDING,100,0,17.17,XLK:0.24,XLF:0.21,MTUM:0.12,False,0.0,0.2407,0.0,0.039,0.0,0.0,0.1248,0.0915
2025-09-03,3.644286,0.003251,0.00542,GOLDILOCKS,NORMAL_TRENDING,100,0,16.35,XLK:0.25,XLF:0.20,MTUM:0.12,False,0.0,0.2502,0.0,0.0372,0.0,0.0,0.1236,0.0905
2025-09-04,3.656667,0.003397,0.008357,GOLDILOCKS,NORMAL_TRENDING,100,2,15.3,XLU:0.26,SPY:0.19,MTUM:0.12,True,0.1938,0.0,0.0,0.036,0.0,0.0,0.1227,0.0912
2025-09-05,3.655332,-0.000365,-0.002896,GOLDILOCKS,NORMAL_TRENDING,100,0,15.18,XLK:0.26,XLF:0.19,MTUM:0.12,False,0.0,0.2604,0.0,0.0336,0.0,0.0,0.1221,0.09
2025-09-08,3.681244,0.007089,0.002457,GOLDILOCKS,NORMAL_TRENDING,100,0,15.11,XLK:0.26,XLF:0.19,MTUM:0.12,False,0.0,0.2641,0.0,0.0329,0.0,0.0,0.1217,0.0888
2025-09-09,3.688178,0.001884,0.002312,GOLDILOCKS,NORMAL_TRENDING,100,0,15.04,XLK:0.26,XLF:0.19,MTUM:0.12,False,0.0,0.2625,0.0,0.0326,0.0,0.0,0.1229,0.0878
2025-09-10,3.725134,0.01002,0.002891,GOLDILOCKS,NORMAL_TRENDING,100,0,15.35,XLK:0.26,XLF:0.19,MTUM:0.12,False,0.0,0.2636,0.0,0.0313,0.0,0.0,0.1231,0.0861
2025-09-11,3.752399,0.007319,0.00831,GOLDILOCKS,NORMAL_TRENDING,100,0,14.71,XLK:0.26,XLF:0.19,MTUM:0.12,False,0.0,0.2649,0.0,0.0309,0.0,0.0,0.1227,0.0866
2025-09-12,3.747107,-0.00141,-0.000335,GOLDILOCKS,NORMAL_TRENDING,100,1,14.76,XLK:0.26,XLF:0.19,IWF:0.11,False,0.0,0.2559,0.0,0.0309,0.0,0.0,0.1066,0.0879
2025-09-15,3.767144,0.005347,0.005324,GOLDILOCKS,NORMAL_TRENDING,100,0,15.69,XLK:0.24,XLF:0.21,MTUM:0.12,False,0.0,0.2424,0.0,0.031,0.0,0.0,0.1234,0.0874
2025-09-16,3.759323,-0.002076,-0.001377,GOLDILOCKS,NORMAL_TRENDING,100,0,16.36,XLK:0.24,XLF:0.21,MTUM:0.12,False,0.0,0.2424,0.0,0.0319,0.0,0.0,0.1231,0.0866
2025-09-17,3.760011,0.000183,-0.001242,GOLDILOCKS,NORMAL_TRENDING,100,3,15.72,XLK:0.24,XLF:0.21,IWF:0.11,False,0.0,0.2423,0.0,0.0332,0.0,0.0,0.1062,0.0861
2025-09-18,3.781333,0.005671,0.004672,GOLDILOCKS,NORMAL_TRENDING,100,0,15.7,XLK:0.24,XLF:0.21,MTUM:0.12,False,0.0,0.2419,0.0,0.0336,0.0,0.0,0.1221,0.0866
2025-09-19,3.807646,0.006959,0.004953,GOLDILOCKS,NORMAL_TRENDING,100,0,15.45,XLK:0.24,XLF:0.21,MTUM:0.12,False,0.0,0.2416,0.0,0.0323,0.0,0.0,0.1236,0.0851
2025-09-22,3.834493,0.007051,0.004731,GOLDILOCKS,NORMAL_TRENDING,100,3,16.1,XLK:0.24,XLF:0.21,IWF:0.11,False,0.0,0.2437,0.0,0.0304,0.0,0.05,0.1066,0.0858
2025-09-23,3.817663,-0.004389,-0.005444,GOLDILOCKS,NORMAL_TRENDING,100,0,16.64,XLK:0.24,XLF:0.21,MTUM:0.12,False,0.0,0.2373,0.0,0.0297,0.0,0.0,0.1226,0.0866
2025-09-24,3.796263,-0.005606,-0.003182,GOLDILOCKS,NORMAL_TRENDING,100,0,16.18,XLK:0.24,XLF:0.21,MTUM:0.12,False,0.0,0.2397,0.0,0.0298,0.0,0.0,0.1215,0.0878
2025-09-25,3.786425,-0.002592,-0.004613,GOLDILOCKS,NORMAL_TRENDING,100,0,16.74,XLK:0.24,XLF:0.21,MTUM:0.12,False,0.0,0.2382,0.0,0.0295,0.0,0.0,0.1211,0.0873
2025-09-26,3.802994,0.004376,0.005729,GOLDILOCKS,NORMAL_TRENDING,100,0,15.29,XLK:0.23,XLF:0.22,MTUM:0.12,False,0.0,0.2337,0.0,0.0297,0.0,0.0,0.1212,0.0822
2025-09-29,3.82349,0.005389,0.00281,GOLDILOCKS,NORMAL_TRENDING,100,0,16.12,XLK:0.23,XLF:0.22,MTUM:0.12,False,0.0,0.2323,0.0,0.0298,0.0,0.0,0.121,0.0828
2025-09-30,3.829807,0.001652,0.003767,GOLDILOCKS,NORMAL_TRENDING,100,0,16.28,XLF:0.23,XLK:0.22,MTUM:0.12,False,0.0,0.2237,0.0,0.0292,0.0,0.0,0.1212,0.0827
2025-10-01,3.8375,0.002009,0.003408,GOLDILOCKS,NORMAL_TRENDING,100,0,16.29,XLK:0.23,XLF:0.22,MTUM:0.12,False,0.0,0.2289,0.0,0.0289,0.0,0.0,0.1215,0.0804
2025-10-02,3.835103,-0.000625,0.001152,GOLDILOCKS,NORMAL_TRENDING,100,3,16.63,XLU:0.23,XLF:0.22,IWF:0.11,True,0.0,0.0,0.0,0.0289,0.0,0.0,0.0,0.0
2025-10-03,3.838496,0.000885,-1.5e-05,GOLDILOCKS,NORMAL_TRENDING,100,0,16.65,XLK:0.24,XLF:0.21,MTUM:0.12,False,0.0,0.2377,0.0,0.0291,0.0,0.0,0.1189,0.0816
2025-10-06,3.860852,0.005824,0.003586,GOLDILOCKS,NORMAL_TRENDING,100,1,16.37,XLK:0.24,XLF:0.21,MTUM:0.12,False,0.0,0.2398,0.0,0.0288,0.0,0.0,0.1183,0.0
2025-10-07,3.843976,-0.004371,-0.003708,GOLDILOCKS,NORMAL_TRENDING,100,0,17.24,XLK:0.24,XLF:0.21,MTUM:0.12,False,0.0,0.2391,0.0,0.028,0.0,0.0,0.1189,0.0793
2025-10-08,3.871567,0.007178,0.005963,GOLDILOCKS,NORMAL_TRENDING,100,0,16.3,XLK:0.24,XLF:0.21,MTUM:0.12,False,0.0,0.2397,0.0,0.0284,0.0,0.0,0.1199,0.081
2025-10-09,3.851421,-0.005204,-0.002897,GOLDILOCKS,NORMAL_TRENDING,100,0,16.43,XLK:0.24,XLF:0.21,MTUM:0.12,False,0.0,0.2442,0.0,0.0274,0.0,0.0,0.121,0.0798
2025-10-10,3.752592,-0.02566,-0.027028,GOLDILOCKS,NORMAL_TRENDING,100,0,21.66,XLK:0.24,XLF:0.21,MTUM:0.12,False,0.0,0.2377,0.0,0.0278,0.0,0.0,0.1212,0.0824
2025-10-13,3.828745,0.020293,0.015344,GOLDILOCKS,NORMAL_TRENDING,100,0,19.03,XLK:0.27,SPY:0.18,MTUM:0.12,False,0.1835,0.2665,0.0,0.0284,0.0,0.0,0.1205,0.0829
2025-10-14,3.820668,-0.002109,-0.001222,GOLDILOCKS,NORMAL_TRENDING,100,0,20.81,XLK:0.24,XLF:0.21,MTUM:0.12,False,0.0,0.2393,0.0,0.0289,0.0,0.0,0.1206,0.0829
2025-10-15,3.851912,0.008177,0.00444,GOLDILOCKS,NORMAL_TRENDING,100,0,20.64,XLK:0.24,XLF:0.21,MTUM:0.12,False,0.0,0.2427,0.0,0.0293,0.0,0.0,0.1194,0.0828
2025-10-16,3.836735,-0.00394,-0.00681,GOLDILOCKS,NORMAL_TRENDING,100,1,25.31,XLK:0.24,XLF:0.21,MTUM:0.12,False,0.0,0.2381,0.0,0.0289,0.0,0.0,0.1199,0.0
2025-10-17,3.830474,-0.001632,0.005676,GOLDILOCKS,NORMAL_TRENDING,100,0,20.78,XLK:0.27,SPY:0.18,MTUM:0.12,False,0.1769,0.2731,0.0,0.0287,0.0,0.0,0.1199,0.0835
2025-10-20,3.874262,0.011431,0.0104,GOLDILOCKS,NORMAL_TRENDING,100,0,18.23,XLK:0.27,SPY:0.18,MTUM:0.12,False,0.1756,0.2744,0.0,0.0292,0.0,0.0,0.1186,0.0838
2025-10-21,3.840314,-0.008762,-1.5e-05,GOLDILOCKS,NORMAL_TRENDING,100,0,17.87,XLK:0.26,XLF:0.19,MTUM:0.12,False,0.0,0.2564,0.0,0.0298,0.0,0.0,0.1181,0.0833
2025-10-22,3.817158,-0.00603,-0.005199,GOLDILOCKS,NORMAL_TRENDING,100,0,18.6,XLK:0.26,XLF:0.19,MTUM:0.12,False,0.0,0.2583,0.0,0.0315,0.0,0.0,0.1192,0.0832
2025-10-23,3.846793,0.007764,0.00593,GOLDILOCKS,NORMAL_TRENDING,100,0,17.3,XLK:0.27,SPY:0.18,MTUM:0.12,False,0.1806,0.2694,0.0,0.0316,0.0,0.0,0.1201,0.0822
2025-10-24,3.879064,0.008389,0.008173,GOLDILOCKS,NORMAL_TRENDING,100,0,16.37,XLK:0.25,XLF:0.20,MTUM:0.12,False,0.0,0.2549,0.0,0.0317,0.0,0.0,0.1207,0.081
2025-10-27,3.898922,0.005119,0.011798,GOLDILOCKS,NORMAL_TRENDING,100,1,15.79,XLU:0.23,SPY:0.22,MTUM:0.12,True,0.2208,0.0,0.0,0.0316,0.0,0.0,0.1185,0.0794
2025-10-28,3.911086,0.00312,0.002656,GOLDILOCKS,NORMAL_TRENDING,100,0,16.42,XLK:0.26,XLF:0.19,MTUM:0.12,False,0.0,0.2577,0.0,0.0304,0.0,0.0,0.1198,0.0812
2025-10-29,3.898304,-0.003268,0.00048,GOLDILOCKS,NORMAL_TRENDING,100,3,16.92,XLK:0.26,XLF:0.19,IWF:0.12,False,0.0,0.2557,0.0,0.0291,0.0,0.05,0.0,0.0819
2025-10-30,3.866849,-0.008069,-0.010998,GOLDILOCKS,NORMAL_TRENDING,100,0,16.91,XLK:0.27,SPY:0.18,MTUM:0.12,False,0.1761,0.2739,0.0,0.0285,0.0,0.0,0.1223,0.0831
2025-10-31,3.869558,0.0007,0.00328,GOLDILOCKS,NORMAL_TRENDING,100,0,17.44,XLK:0.27,SPY:0.18,MTUM:0.12,False,0.1786,0.2714,0.0,0.0279,0.0,0.0,0.1235,0.0847
2025-11-03,3.875636,0.001571,0.001877,GOLDILOCKS,NORMAL_TRENDING,100,0,17.17,XLK:0.27,SPY:0.18,MTUM:0.12,False,0.1762,0.2738,0.0,0.0278,0.0,0.0,0.1234,0.0842
2025-11-04,3.806027,-0.017961,-0.011854,GOLDILOCKS,NORMAL_TRENDING,100,0,19.0,XLK:0.28,SPY:0.17,MTUM:0.12,False,0.1721,0.2779,0.0,0.0286,0.0,0.0,0.1199,0.0833
2025-11-05,3.824845,0.004944,0.003465,GOLDILOCKS,NORMAL_TRENDING,100,0,18.01,XLK:0.28,SPY:0.17,MTUM:0.12,False,0.174,0.276,0.0,0.0293,0.0,0.0,0.1223,0.0835
2025-11-06,3.783518,-0.010805,-0.010729,GOLDILOCKS,NORMAL_TRENDING,100,0,19.5,XLK:0.28,SPY:0.17,MTUM:0.12,False,0.1734,0.2766,0.0,0.0291,0.0,0.0,0.1216,0.084
2025-11-07,3.787564,0.001069,0.000985,GOLDILOCKS,NORMAL_TRENDING,100,1,19.08,XLK:0.28,SPY:0.17,MTUM:0.12,False,0.1739,0.2761,0.0,0.0296,0.0,0.05,0.1214,0.0834
2025-11-10,3.851387,0.016851,0.015604,GOLDILOCKS,NORMAL_TRENDING,100,0,17.6,XLK:0.26,XLF:0.19,MTUM:0.12,False,0.0,0.2636,0.0,0.0305,0.0,0.0,0.1228,0.0847
2025-11-11,3.85157,4.8e-05,0.002289,GOLDILOCKS,NORMAL_TRENDING,100,2,17.28,XLK:0.26,XLF:0.19,IWF:0.11,False,0.0,0.259,0.0,0.0,0.0,0.0,0.0,0.0848
2025-11-12,3.872584,0.005456,0.000556,GOLDILOCKS,NORMAL_TRENDING,100,0,17.51,XLK:0.26,XLF:0.19,MTUM:0.12,False,0.0,0.2553,0.0,0.0,0.0,0.0,0.1202,0.0849
2025-11-13,3.802487,-0.018101,-0.016594,GOLDILOCKS,NORMAL_TRENDING,100,0,20.0,XLK:0.26,XLF:0.19,MTUM:0.12,False,0.0,0.2574,0.0,0.0,0.0,0.0,0.1199,0.0852
2025-11-14,3.79928,-0.000843,-0.000164,GOLDILOCKS,NORMAL_TRENDING,100,0,19.83,XLK:0.26,XLF:0.19,IWF:0.13,False,0.0,0.2599,0.0,0.0295,0.0,0.0,0.0,0.0855
2025-11-17,3.755918,-0.011413,-0.009316,GOLDILOCKS,NORMAL_TRENDING,100,0,22.38,XLK:0.27,SPY:0.18,IWF:0.13,False,0.1835,0.2665,0.0,0.0297,0.0,0.0,0.0,0.0849
2025-11-18,3.722101,-0.009004,-0.008397,GOLDILOCKS,NORMAL_TRENDING,100,0,24.69,XLK:0.27,SPY:0.18,IWF:0.13,False,0.1841,0.2659,0.0,0.0306,0.0,0.0,0.0,0.0852
2025-11-19,3.736209,0.00379,0.003863,CAUTIOUS_BULL,EARLY_DD_UNCERTAINTY,100,0,23.66,XLK:0.18,HYG:0.14,SPY:0.12,False,0.1204,0.1796,0.0,0.0672,0.0,0.0,0.0,0.0455
2025-11-20,3.677508,-0.015711,-0.015242,CAUTIOUS_BULL,EARLY_DD_UNCERTAINTY,100,3,26.42,XLK:0.18,TLT:0.14,IEF:0.12,False,0.1199,0.1801,0.0,0.0681,0.0,0.1385,0.0,0.0455
2025-11-21,3.696714,0.005223,0.009961,CAUTIOUS_BULL,EARLY_DD_UNCERTAINTY,100,0,23.43,SPY:0.20,HYG:0.17,XLU:0.17,False,0.1992,0.0,0.0,0.0867,0.0,0.0,0.0,0.0582
2025-11-24,3.755121,0.0158,0.014719,CAUTIOUS_BULL,EARLY_DD_UNCERTAINTY,100,0,20.52,SPY:0.16,HYG:0.14,XLU:0.14,False,0.1642,0.0,0.0,0.0701,0.0,0.0,0.0,0.0455
2025-11-25,3.770214,0.004019,0.009406,CAUTIOUS_BULL,EARLY_DD_UNCERTAINTY,100,0,18.56,XLK:0.18,HYG:0.14,SPY:0.12,False,0.1183,0.1817,0.0,0.0679,0.0,0.0,0.0,0.0457
2025-11-26,3.81345,0.011468,0.006904,CAUTIOUS_BULL,EARLY_DD_UNCERTAINTY,100,0,17.19,XLK:0.18,HYG:0.14,IEF:0.12,False,0.1172,0.1828,0.0,0.0654,0.0,0.0,0.0,0.0458
2025-11-28,3.849795,0.009531,0.005458,CAUTIOUS_BULL,EARLY_DD_UNCERTAINTY,100,0,16.35,XLK:0.18,HYG:0.14,SPY:0.12,False,0.1204,0.1796,0.0,0.0,0.0,0.0,0.0942,0.0462
2025-12-01,3.840171,-0.0025,-0.004565,GOLDILOCKS,NORMAL_TRENDING,100,0,17.24,XLK:0.27,SPY:0.18,MTUM:0.12,False,0.1816,0.2684,0.0,0.0,0.0,0.0,0.1153,0.0859
2025-12-02,3.854896,0.003834,0.001852,GOLDILOCKS,NORMAL_TRENDING,100,0,16.59,XLK:0.27,SPY:0.18,IWF:0.13,False,0.1796,0.2704,0.0,0.0,0.0,0.0,0.0,0.0854
2025-12-03,3.860959,0.001573,0.003463,GOLDILOCKS,NORMAL_TRENDING,100,0,16.08,XLK:0.27,SPY:0.18,MTUM:0.11,False,0.1788,0.2712,0.0,0.0,0.0,0.0,0.1144,0.0875
2025-12-04,3.869635,0.002247,0.000731,GOLDILOCKS,NORMAL_TRENDING,100,0,15.78,XLK:0.27,SPY:0.18,MTUM:0.12,False,0.1823,0.2677,0.0,0.0,0.0,0.0,0.1162,0.0876
2025-12-05,3.88619,0.004278,0.001899,GOLDILOCKS,NORMAL_TRENDING,100,0,15.41,XLK:0.27,SPY:0.18,MTUM:0.12,False,0.1825,0.2675,0.0,0.0,0.0,0.0,0.1168,0.0889
2025-12-08,3.883514,-0.000689,-0.003004,GOLDILOCKS,NORMAL_TRENDING,100,0,16.66,XLK:0.27,XLF:0.18,MTUM:0.12,False,0.0,0.2653,0.0,0.0,0.0,0.0,0.1179,0.0879
2025-12-09,3.895322,0.00304,-0.000863,GOLDILOCKS,NORMAL_TRENDING,100,0,16.93,XLK:0.27,XLF:0.18,MTUM:0.12,False,0.0,0.2653,0.0,0.0,0.0,0.0,0.1185,0.0869
2025-12-10,3.925685,0.007795,0.006632,GOLDILOCKS,NORMAL_TRENDING,100,0,15.77,XLK:0.27,XLF:0.18,MTUM:0.12,False,0.0,0.2652,0.0,0.0,0.0,0.0,0.1212,0.0872
2025-12-11,3.943274,0.004481,0.002327,GOLDILOCKS,NORMAL_TRENDING,100,0,14.85,XLK:0.26,XLF:0.19,MTUM:0.12,False,0.0,0.2632,0.0,0.0,0.0,0.0,0.1199,0.0855
2025-12-12,3.885746,-0.014589,-0.010752,GOLDILOCKS,NORMAL_TRENDING,100,0,15.74,XLK:0.26,XLF:0.19,MTUM:0.12,False,0.0,0.2631,0.0,0.0,0.0,0.0,0.1206,0.0856
2025-12-15,3.877226,-0.002193,-0.001511,GOLDILOCKS,NORMAL_TRENDING,100,0,16.5,XLK:0.26,XLF:0.19,MTUM:0.12,False,0.0,0.2593,0.0,0.0,0.0,0.0,0.1209,0.0866
2025-12-16,3.868537,-0.002241,-0.002732,GOLDILOCKS,NORMAL_TRENDING,100,0,16.48,XLK:0.26,XLF:0.19,IWF:0.12,False,0.0,0.2608,0.0,0.0,0.0,0.0,0.0,0.0854
2025-12-17,3.835204,-0.008616,-0.011004,GOLDILOCKS,NORMAL_TRENDING,100,0,17.62,XLK:0.26,XLF:0.19,IWF:0.12,False,0.0,0.2632,0.0,0.0,0.0,0.0,0.0,0.0848
2025-12-18,3.846524,0.002952,0.007551,GOLDILOCKS,NORMAL_TRENDING,100,0,16.87,XLF:0.24,SPY:0.21,QUAL:0.11,False,0.215,0.0,0.0,0.0,0.0,0.0,0.0,0.0856
2025-12-19,3.892723,0.012011,0.009063,GOLDILOCKS,NORMAL_TRENDING,100,0,14.91,XLK:0.25,XLF:0.20,IWF:0.12,False,0.0,0.2548,0.0,0.0,0.0,0.0,0.0,0.0855
2025-12-22,3.924842,0.008251,0.00623,GOLDILOCKS,NORMAL_TRENDING,100,0,14.08,XLK:0.25,XLF:0.20,MTUM:0.12,False,0.0,0.2517,0.0,0.0,0.0,0.0,0.1209,0.0854
2025-12-23,3.945012,0.005139,0.00457,GOLDILOCKS,NORMAL_TRENDING,100,0,14.0,XLK:0.25,XLF:0.20,MTUM:0.12,False,0.0,0.2505,0.0,0.0,0.0,0.0,0.1204,0.0844
2025-12-24,3.955362,0.002624,0.003518,GOLDILOCKS,NORMAL_TRENDING,100,0,13.47,XLK:0.25,XLF:0.20,MTUM:0.12,False,0.0,0.2526,0.0,0.0,0.0,0.0,0.1195,0.0841
2025-12-26,3.974382,0.004809,-0.000101,GOLDILOCKS,NORMAL_TRENDING,100,2,13.6,XLV:0.24,SPY:0.21,USMV:0.12,True,0.2104,0.0,0.2396,0.0,0.0,0.0,0.0,0.0841
2025-12-29,3.939991,-0.008653,-0.003564,GOLDILOCKS,NORMAL_TRENDING,100,0,14.2,XLK:0.25,XLF:0.20,MTUM:0.12,False,0.0,0.2498,0.0,0.0,0.0,0.0,0.1203,0.0835
2025-12-30,3.942127,0.000542,-0.001221,GOLDILOCKS,NORMAL_TRENDING,100,0,14.33,XLK:0.25,XLF:0.20,MTUM:0.12,False,0.0,0.2507,0.0,0.0,0.0,0.0,0.1205,0.0845
2025-12-31,3.904298,-0.009596,-0.007409,GOLDILOCKS,NORMAL_TRENDING,100,0,14.95,XLK:0.25,XLF:0.20,MTUM:0.12,False,0.0,0.252,0.0,0.0,0.0,0.0,0.1198,0.0853
2026-01-02,3.926105,0.005585,0.001833,GOLDILOCKS,NORMAL_TRENDING,100,0,14.51,XLK:0.25,XLF:0.20,MTUM:0.12,False,0.0,0.254,0.0,0.0,0.0,0.0,0.1199,0.0853
2026-01-05,3.974335,0.012284,0.00666,GOLDILOCKS,NORMAL_TRENDING,100,0,14.9,XLK:0.25,XLF:0.20,MTUM:0.12,False,0.0,0.254,0.0,0.0,0.0,0.0,0.1228,0.0857
2026-01-06,4.019069,0.011256,0.005947,GOLDILOCKS,NORMAL_TRENDING,100,0,14.75,XLK:0.25,XLF:0.20,MTUM:0.12,False,0.0,0.2545,0.0,0.0,0.0,0.0,0.1199,0.0852
2026-01-07,3.99451,-0.006111,-0.003223,GOLDILOCKS,NORMAL_TRENDING,100,0,15.38,XLK:0.25,XLF:0.20,MTUM:0.12,False,0.0,0.2532,0.0,0.0,0.0,0.0,0.12,0.0851
2026-01-08,3.971574,-0.005742,-0.000102,GOLDILOCKS,NORMAL_TRENDING,100,1,15.45,XLK:0.25,XLF:0.20,MTUM:0.12,False,0.0,0.2528,0.0,0.0,0.0,0.0,0.1207,0.0852
2026-01-09,4.007069,0.008937,0.006613,GOLDILOCKS,NORMAL_TRENDING,100,0,14.49,XLK:0.26,XLF:0.19,MTUM:0.12,False,0.0,0.2554,0.0,0.0,0.0,0.0,0.1203,0.0853
2026-01-12,4.033007,0.006473,0.00157,GOLDILOCKS,NORMAL_TRENDING,100,0,15.12,XLK:0.26,XLF:0.19,MTUM:0.12,False,0.0,0.2554,0.0,0.0,0.0,0.0,0.1206,0.0854
2026-01-13,4.01352,-0.004832,-0.001999,GOLDILOCKS,NORMAL_TRENDING,100,0,15.98,XLK:0.25,XLF:0.20,MTUM:0.12,False,0.0,0.2521,0.0,0.0,0.0,0.0,0.1206,0.0845
2026-01-14,4.006194,-0.001825,-0.004915,GOLDILOCKS,NORMAL_TRENDING,100,0,16.75,XLK:0.25,XLF:0.20,MTUM:0.12,False,0.0,0.2504,0.0,0.0,0.0,0.0,0.1197,0.0846
2026-01-15,4.018414,0.00305,0.002723,GOLDILOCKS,NORMAL_TRENDING,100,0,15.84,XLK:0.25,XLF:0.20,MTUM:0.12,False,0.0,0.2498,0.0,0.0,0.0,0.0,0.1188,0.0834
2026-01-16,4.016375,-0.000507,-0.000838,GOLDILOCKS,NORMAL_TRENDING,100,0,15.86,XLK:0.25,XLF:0.20,MTUM:0.12,False,0.0,0.2493,0.0,0.0,0.0,0.0,0.1191,0.0837
2026-01-20,3.959494,-0.014162,-0.020357,GOLDILOCKS,NORMAL_TRENDING,100,0,20.09,XLK:0.25,XLF:0.20,MTUM:0.12,False,0.0,0.2485,0.0,0.0,0.0,0.0,0.1179,0.0836
2026-01-21,4.005541,0.011629,0.011541,GOLDILOCKS,NORMAL_TRENDING,100,0,16.9,SPY:0.23,XLE:0.22,MTUM:0.13,False,0.231,0.0,0.0,0.0,0.0,0.0,0.1347,0.0838
2026-01-22,4.03605,0.007617,0.005223,GOLDILOCKS,NORMAL_TRENDING,100,0,15.64,XLK:0.25,XLF:0.20,MTUM:0.13,False,0.0,0.2524,0.0,0.0,0.0,0.0,0.134,0.0843
2026-01-23,4.040485,0.001099,0.000363,GOLDILOCKS,NORMAL_TRENDING,100,0,16.09,XLK:0.25,XLF:0.20,MTUM:0.13,False,0.0,0.248,0.0,0.0,0.0,0.0,0.1341,0.0844
2026-01-26,4.069036,0.007066,0.005078,GOLDILOCKS,NORMAL_TRENDING,100,0,16.15,XLK:0.26,SPY:0.19,MTUM:0.13,False,0.1853,0.2647,0.0,0.0,0.0,0.0,0.1339,0.0845
2026-01-27,4.114653,0.011211,0.003984,GOLDILOCKS,NORMAL_TRENDING,100,0,16.35,XLK:0.27,SPY:0.18,MTUM:0.12,False,0.1846,0.2654,0.0,0.0,0.0,0.0,0.1182,0.0847
2026-01-28,4.13304,0.004469,-0.000101,GOLDILOCKS,NORMAL_TRENDING,100,0,16.35,XLK:0.26,SPY:0.19,MTUM:0.12,False,0.1878,0.2622,0.0,0.0,0.0,0.0,0.1188,0.0851
2026-01-29,4.108959,-0.005827,-0.001984,GOLDILOCKS,NORMAL_TRENDING,100,0,16.88,XLK:0.27,SPY:0.18,MTUM:0.12,False,0.1828,0.2672,0.0,0.0,0.0,0.0,0.1193,0.0851
2026-01-30,3.987194,-0.029634,-0.002983,GOLDILOCKS,NORMAL_TRENDING,100,0,17.44,XLK:0.25,XLF:0.20,MTUM:0.13,False,0.0,0.253,0.0,0.0,0.0,0.0,0.1348,0.0851
2026-02-02,4.007382,0.005063,0.004971,GOLDILOCKS,NORMAL_TRENDING,100,0,16.34,XLK:0.26,XLF:0.19,MTUM:0.14,False,0.0,0.259,0.0,0.0,0.0,0.0,0.1353,0.0858
2026-02-03,3.990846,-0.004126,-0.008455,GOLDILOCKS,NORMAL_TRENDING,100,0,18.0,XLK:0.26,XLF:0.19,MTUM:0.14,False,0.0,0.2593,0.0,0.0,0.0,0.0,0.1355,0.0867
2026-02-04,3.978221,-0.003164,-0.004844,GOLDILOCKS,NORMAL_TRENDING,100,0,18.64,XLF:0.24,SPY:0.21,MTUM:0.13,False,0.2147,0.0,0.0,0.0,0.0,0.0,0.135,0.0859
2026-02-05,3.906353,-0.018065,-0.012489,GOLDILOCKS,NORMAL_TRENDING,100,3,21.77,XLF:0.24,SPY:0.21,USMV:0.12,False,0.2133,0.0,0.0,0.0,0.0,0.0,0.0,0.0853
2026-02-06,3.990166,0.021455,0.019185,CAUTIOUS_BULL,EARLY_DD_UNCERTAINTY,100,0,20.37,SPY:0.15,HYG:0.15,XLE:0.15,False,0.1548,0.0,0.0,0.0,0.0,0.0,0.0,0.0461
2026-02-09,4.051065,0.015262,0.004822,CAUTIOUS_BULL,EARLY_DD_UNCERTAINTY,100,2,17.36,XLV:0.16,HYG:0.15,SPY:0.14,True,0.1433,0.0,0.1567,0.0,0.0,0.0,0.1088,0.046
2026-02-10,4.036283,-0.003649,-0.002637,GOLDILOCKS,NORMAL_TRENDING,100,0,17.79,XLF:0.23,SPY:0.22,MTUM:0.13,False,0.217,0.0,0.0,0.0,0.0,0.0,0.1331,0.0846
2026-02-11,4.066877,0.00758,-0.000231,GOLDILOCKS,NORMAL_TRENDING,100,3,17.65,XLU:0.24,XLV:0.21,USMV:0.12,True,0.0,0.0,0.2094,0.0,0.0,0.0,0.0,0.0
2026-02-12,3.984217,-0.020325,-0.015449,GOLDILOCKS,NORMAL_TRENDING,100,0,20.82,SPY:0.24,XLE:0.21,MTUM:0.13,False,0.2429,0.0,0.0,0.0,0.0,0.0,0.1336,0.0845
2026-02-13,4.014169,0.007518,0.000705,GOLDILOCKS,NORMAL_TRENDING,100,0,20.6,SPY:0.24,XLE:0.21,QUAL:0.11,False,0.2421,0.0,0.0,0.0,0.0,0.0,0.0,0.0837
2026-02-17,3.988453,-0.006406,0.001613,GOLDILOCKS,NORMAL_TRENDING,100,2,20.29,XLU:0.25,XLV:0.20,USMV:0.12,True,0.0,0.0,0.203,0.0,0.0,0.0,0.0,0.0843
2026-02-18,4.026106,0.00944,0.005038,GOLDILOCKS,NORMAL_TRENDING,100,0,19.62,SPY:0.24,XLE:0.21,QUAL:0.11,False,0.2422,0.0,0.0,0.0,0.0,0.0,0.0,0.084
2026-02-19,4.032089,0.001486,-0.002637,GOLDILOCKS,NORMAL_TRENDING,100,0,20.23,SPY:0.24,XLE:0.21,MTUM:0.13,False,0.2412,0.0,0.0,0.0,0.0,0.0,0.133,0.0847
2026-02-20,4.064992,0.00816,0.007232,GOLDILOCKS,NORMAL_TRENDING,100,0,19.09,SPY:0.24,XLE:0.21,MTUM:0.13,False,0.2412,0.0,0.0,0.0,0.0,0.0,0.1331,0.0845
2026-02-23,4.055856,-0.002248,-0.010211,GOLDILOCKS,NORMAL_TRENDING,100,0,21.01,SPY:0.24,XLE:0.21,MTUM:0.13,False,0.2418,0.0,0.0,0.0,0.0,0.0,0.1338,0.0845
2026-02-24,4.070566,0.003627,0.007269,GOLDILOCKS,NORMAL_TRENDING,100,0,19.55,SPY:0.24,XLE:0.21,QUAL:0.11,False,0.2425,0.0,0.0,0.0,0.0,0.0,0.0,0.0843
2026-02-25,4.097432,0.0066,0.008438,GOLDILOCKS,NORMAL_TRENDING,100,0,17.93,SPY:0.24,XLE:0.21,MTUM:0.13,False,0.2428,0.0,0.0,0.0,0.0,0.0,0.1342,0.085
2026-02-26,4.091806,-0.001373,-0.005554,GOLDILOCKS,NORMAL_TRENDING,100,0,18.63,SPY:0.24,XLE:0.21,MTUM:0.13,False,0.2431,0.0,0.0,0.0,0.0,0.0,0.1347,0.0854
2026-02-27,4.108809,0.004155,-0.004802,GOLDILOCKS,NORMAL_TRENDING,100,0,19.86,SPY:0.24,XLE:0.21,MTUM:0.13,False,0.2423,0.0,0.0,0.0,0.0,0.0,0.1342,0.0852
2026-03-02,4.105433,-0.000822,0.000569,GOLDILOCKS,NORMAL_TRENDING,100,0,21.44,SPY:0.24,XLE:0.21,MTUM:0.13,False,0.243,0.0,0.0,0.0,0.0,0.0,0.1342,0.0851
2026-03-03,4.014305,-0.022197,-0.008814,GOLDILOCKS,NORMAL_TRENDING,100,0,23.57,SPY:0.24,XLE:0.21,MTUM:0.13,False,0.2417,0.0,0.0,0.0,0.0,0.0,0.134,0.0852
2026-03-04,4.025778,0.002858,0.007055,GOLDILOCKS,NORMAL_TRENDING,100,0,21.15,XLV:0.23,XLE:0.23,QUAL:0.11,False,0.0,0.0,0.225,0.0,0.0,0.0,0.0,0.0863
2026-03-05,3.99279,-0.008194,-0.005576,GOLDILOCKS,NORMAL_TRENDING,100,0,23.75,SPY:0.24,XLE:0.21,QUAL:0.11,False,0.2378,0.0,0.0,0.0,0.0,0.0,0.0,0.0852
2026-03-06,3.998787,0.001502,-0.013107,CRISIS_MODE,FAST_SHOCK,100,0,29.49,BIL:0.32,TLT:0.26,SLV:0.17,False,0.0,0.0,0.022,0.0,0.3179,0.2621,0.0,0.0
2026-03-09,4.017288,0.004627,0.00876,RECOVERY_GROWTH,RECOVERY_ACCEL,100,2,25.5,XLE:0.23,USMV:0.20,XLU:0.17,False,0.0,0.0,0.0,0.0,0.0,0.0,0.0,0.0694
2026-03-10,4.005318,-0.00298,-0.001607,RECOVERY_GROWTH,RECOVERY_ACCEL,100,0,24.93,XLE:0.23,XLV:0.17,QUAL:0.11,False,0.0,0.0,0.1662,0.0,0.0,0.0,0.0,0.0696
2026-03-11,4.003871,-0.000361,-0.001255,RECOVERY_GROWTH,RECOVERY_ACCEL,100,0,24.23,XLE:0.22,XLU:0.18,QUAL:0.11,False,0.0,0.0,0.0,0.0,0.0,0.0,0.0,0.0693
2026-03-12,3.983311,-0.005135,-0.015185,RECOVERY_GROWTH,RECOVERY_ACCEL,100,0,27.29,XLE:0.22,XLU:0.18,QUAL:0.11,False,0.0,0.0,0.0,0.0,0.0,0.0,0.0,0.0691
2026-03-13,3.958268,-0.006287,-0.00566,RECOVERY_GROWTH,RECOVERY_ACCEL,100,0,27.19,XLE:0.26,USMV:0.24,XLU:0.21,False,0.0,0.0,0.0,0.0,0.0,0.0,0.0,0.0814
2026-03-16,3.994871,0.009247,0.010177,RECOVERY_GROWTH,RECOVERY_ACCEL,100,2,23.51,XLU:0.29,USMV:0.24,XLE:0.18,True,0.0,0.0,0.0,0.0,0.0,0.0,0.0,0.1412
2026-03-17,3.992543,-0.000583,0.002631,RECOVERY_GROWTH,RECOVERY_ACCEL,100,3,22.37,XLU:0.25,USMV:0.20,XLE:0.15,True,0.0,0.0,0.0,0.0,0.0,0.0,0.0,0.0
2026-03-18,3.930803,-0.015464,-0.013954,RECOVERY_GROWTH,RECOVERY_ACCEL,100,2,25.09,XLU:0.25,USMV:0.20,XLE:0.15,True,0.0,0.0,0.0,0.0,0.0,0.0,0.0,0.0696
2026-03-19,3.914061,-0.004259,0.0,RECOVERY_GROWTH,RECOVERY_ACCEL,100,0,24.96,XLE:0.34,XLU:0.27,EEM:0.12,False,0.0,0.0,0.0,0.0905,0.0,0.0,0.0,0.1216
