date,nav,ew_benchmark,btc_benchmark,pf_return,ew_return,btc_return
2018-07-09,97729.1164924383,97729.1164924383,99525.67976745464,,,
2018-07-10,90504.56104739354,90504.56104739354,93446.44878297308,-0.07392428893597702,-0.07392428893597702,-0.06108203429191239
2018-07-11,91738.68945019331,91738.68945019333,94402.47054222094,0.013636090695512193,0.013636090695512415,0.010230691178732654
2018-07-12,88403.6381434249,88403.63814342492,91953.35858254932,-0.03635381458745468,-0.03635381458745457,-0.025943303661489114
2018-07-13,90700.49379245154,90700.49379245155,92089.76115025938,0.025981460687174884,0.025981460687174884,0.0014833886419451936
2018-07-14,90660.07637861664,90660.07637861665,92651.77750069092,-0.00044561404403586913,-0.00044561404403586913,0.00610291897179005
2018-07-15,92892.67167038105,92892.67167038107,93884.74916502715,0.02462600276709015,0.02462600276709015,0.013307587804530119
2018-07-16,99932.17652653369,99932.1765265337,99525.67976745465,0.07578105710137728,0.07578105710137728,0.06008356684760452
2018-07-17,106393.61416958009,106393.6141695801,108077.50012866808,0.06465822988785574,0.06465822988785574,0.08592576690955611
2018-07-18,105166.92215609916,105166.92215609917,108811.7875231044,-0.011529752260560633,-0.011529752260560633,0.006794081964906162
2018-07-19,105240.82726298622,105240.82726298622,110230.17816166276,0.0007027409890094649,0.0007027409890092429,0.013035266406750123
2018-07-20,99338.94238673038,99338.94238673038,108565.99186933151,-0.05607980315004191,-0.05607980315004191,-0.0150973746036277
2018-07-21,100665.03481198676,100665.03481198677,109527.9244305411,0.013349169956871965,0.013349169956871965,0.008860348850009636
2018-07-22,101397.20276240355,101397.20276240355,109516.11724320773,0.007273309464247202,0.00727330946424698,-0.0001078007037452755
2018-07-23,100772.12298489676,100772.12298489678,113835.94035741323,-0.006164664906698647,-0.006164664906698425,0.03944463356578165
2018-07-24,106362.58458001207,106362.58458001209,124364.02293794828,0.055476270912275805,0.055476270912275805,0.09248469813206439
2018-07-25,106885.6578810551,106885.6578810551,120778.4944264742,0.004917831802493833,0.004917831802493833,-0.02883091449416275
2018-07-26,105370.12965304489,105370.12965304489,117385.90314098579,-0.014178967113592789,-0.014178967113592789,-0.02808936559110453
2018-07-27,107553.71922162121,107553.71922162123,120536.67775158287,0.02072304148971149,0.02072304148971149,0.026841166837664243
2018-07-28,108445.11357794162,108445.11357794164,120937.34362504876,0.008287898947349603,0.008287898947349603,0.0033240162325662848
2018-07-29,107429.71039730938,107429.71039730939,121325.74098029647,-0.00936329122752455,-0.00936329122752455,0.0032115585112559852
2018-07-30,103696.14072597992,103696.14072597995,120765.05816445386,-0.034753604543115046,-0.034753604543114824,-0.004621301393359367
2018-07-31,100391.9115609906,100391.91156099063,114859.43175856602,-0.03186453364470754,-0.03186453364470754,-0.04890178082675001
2018-08-01,98344.47954434535,98344.47954434538,112563.40956970378,-0.020394392185683063,-0.020394392185683063,-0.01998984457531061
2018-08-02,97212.147885,97212.14788500003,111710.71872036047,-0.011513932094528556,-0.011513932094528556,-0.007575204523413981
2018-08-03,96734.94959527299,96734.94959527302,109750.84095574504,-0.004908833927746548,-0.004908833927746548,-0.017544223034868245
2018-08-04,93789.44247666108,93789.4424766611,103823.07066738584,-0.030449254699935757,-0.030449254699935757,-0.05401116052267396
2018-08-05,94492.17775274364,94492.17775274366,104349.05995903102,0.007492690621947462,0.007492690621947462,0.005066208196926381
2018-08-06,93802.36269134413,93802.36269134417,102626.55855954053,-0.007300234557028995,-0.007300234557028884,-0.01650710988835713
2018-08-07,90348.03538950952,89731.07120018473,99693.53212657833,-0.036825589491823796,-0.04340286720235387,-0.028579604286940508
2018-08-08,83204.76452715533,83061.97101939257,93089.92650854847,-0.07906393129145561,-0.07432319810284871,-0.06623905761153526
2018-08-09,83114.63672978817,87451.00711961022,96964.07515483788,-0.001083204764527057,0.05284050024761555,0.04161727043509522
2018-08-10,83114.63672978817,81793.45386798593,91302.32699623289,0.0,-0.0646939748090749,-0.058390163053316124
2018-08-11,83114.63672978817,80069.62679400301,92941.26983921042,0.0,-0.021075367189716254,0.01795072367701156
2018-08-12,83114.63672978817,80100.77984857382,93339.26864349842,0.0,0.00038907455695968984,0.004282261313801161
2018-08-13,83114.63672978817,73584.00591890216,92968.43069505416,0.0,-0.08135718456163932,-0.0039730110791915685
2018-08-14,83114.63672978817,69884.72862056478,91523.76582094631,0.0,-0.05027284465070292,-0.015539305797755198
2018-08-15,83114.63672978817,70555.65967787533,93130.083920413,0.0,0.00960053892393753,0.017550830487124358
2018-08-16,83114.63672978817,71670.38517092582,93517.01078346533,0.0,0.015799235640908238,0.0041546925200131035
2018-08-17,91123.00215447626,78771.28201933863,97147.12980827528,0.09635325064012346,0.0990771408787321,0.03881774015655104
2018-08-18,85006.24325015534,73509.24179656769,94831.32084943131,-0.06712639794232722,-0.06680150542019991,-0.023838161388960555
2018-08-19,84914.01094551368,75006.2835406551,96046.43035857093,-0.0010850062432501417,0.020365354171797634,0.012813377460690445
2018-08-20,84914.01094551368,70355.75157411971,93130.22808631448,0.0,-0.06200189833448677,-0.030362422230262642
2018-08-21,84914.01094551368,71604.68345788746,95790.8890898562,0.0,0.017751667146245875,0.028569252521058797
2018-08-22,84914.01094551368,69385.44032977697,94136.74395256485,0.0,-0.030992988460254445,-0.017268292976586497
2018-08-23,84914.01094551368,70946.22826350464,96471.74139289928,0.0,0.02249445887075896,0.024804314896540447
2018-08-24,87700.805887507,73084.12038959964,99204.00239142402,0.0328190237507624,0.030133978626101898,0.0283218791231008
2018-08-25,87658.98903047615,72850.48098046193,99842.18879591634,-0.0004768126884089341,-0.003196856005001081,0.0064330711373343785
2018-08-26,87292.70168257105,72317.24290147738,99016.51463651528,-0.0041785486229798385,-0.007319623313503665,-0.008269792252739938
2018-08-27,93125.07800451643,76643.8140642006,101635.10802999749,0.06681402006726844,0.05982765643620569,0.02644602673700369
2018-08-28,96374.86216554117,79427.67683551992,104759.4570308485,0.0348969818942555,0.03632208033106776,0.03074084399978072
2018-08-29,95220.3523115945,78266.42163550877,104034.32417115783,-0.011979367108858607,-0.01462028409084526,-0.006921884479385354
2018-08-30,92339.1868087517,76092.60783804099,103016.7363636718,-0.030257874843968247,-0.027774539221830707,-0.009781269937524595
2018-08-31,93819.05589851312,76934.16545357097,103892.89742178029,0.01602644706874501,0.011059650069047189,0.008505036065358018
2018-09-01,96910.82184677775,79708.07465256669,106190.98839132914,0.032954562574250224,0.036055622136692334,0.022119808250405715
2018-09-02,96395.29096920486,79275.93551372334,107364.17445631076,-0.005319641994038338,-0.005421522734390116,0.011047887233691212
2018-09-03,95993.7463705399,78673.51525428049,107177.2777815982,-0.00416560388611964,-0.007599030595338285,-0.0017407731737240084
2018-09-04,97217.4604986903,79194.41597561425,108677.15819598289,0.012747852588509412,0.006621042922134057,0.01399438804035591
2018-09-05,85873.31751867,68418.48910344466,100279.75393187269,-0.11668832863797274,-0.13606927634251054,-0.07726926617796492
2018-09-06,85780.06997448967,68148.15744944352,96387.4475902886,-0.0010858733175186375,-0.003951149134445497,-0.03881447838641905
2018-09-07,85780.06997448967,65714.3122695435,95470.68941431596,0.0,-0.03571402765666254,-0.009511178051622271
2018-09-08,85780.06997448967,61674.725274109,91911.57930429287,0.0,-0.06147195117655857,-0.03727961044229555
2018-09-09,85780.06997448967,61454.351590474165,93017.00018727154,0.0,-0.003573160361159289,0.012027003467310005
2018-09-10,85780.06997448967,60928.10387458702,93442.75813589455,0.0,-0.008563229490956337,0.0045772057555697465
2018-09-11,85780.06997448967,59117.23211970087,93317.2761352236,0.0,-0.029721452658589276,-0.0013428756082783933
2018-09-12,85780.06997448967,58008.93696395176,93769.00557100294,0.0,-0.018747412827194387,0.004840791057003857
2018-09-13,88927.82606228993,61886.870990883115,96212.36531120444,0.03669565772954453,0.0668506307802399,0.026057221416850407
2018-09-14,89955.97570067066,62079.724898252054,96144.45596329997,0.011561618943215501,0.0031162329631651,-0.000705827652036306
2018-09-15,92118.22339767271,63508.38836174764,96594.57074098245,0.0240367321921664,0.023013366535324487,0.004681650888474387
2018-09-16,91126.38393779706,63141.50698035302,96210.44790471441,-0.010767027666110152,-0.005776896420435662,-0.0039766503781880624
2018-09-17,85840.64897764256,58733.1121320413,92726.77260265441,-0.058004440994416595,-0.06981770089338268,-0.036208908470212964
2018-09-18,85747.43971164801,61329.2651955926,94056.87604313041,-0.001085840648977654,0.04420254553708536,0.014344330155602991
2018-09-19,85747.43971164801,62159.74116094438,94459.01240879165,0.0,0.01354126716997528,0.004275459515334479
2018-09-20,91354.82103637086,66235.64682029771,96247.20300130341,0.06539415454944653,0.06557147091072935,0.018930862676956428
2018-09-21,97446.57671816116,70198.83444791043,99425.29705023591,0.06668236676162942,0.05983466332509946,0.033020118505568075
2018-09-22,95067.1756639079,68567.07796929625,99233.82310815052,-0.02441749248036762,-0.02324478022245491,-0.0019258070910126435
2018-09-23,97758.74994178108,70224.01615638261,99066.26628912501,0.028312340816653014,0.024165215088038705,-0.001688505126350992
2018-09-24,93772.29742195742,67014.58831065135,97365.32490020475,-0.04077847274231439,-0.045702710004283276,-0.017169733478761162
2018-09-25,91625.95103003265,65115.95977531029,95166.58586167886,-0.022888917632748473,-0.02833157053117774,-0.022582362260686772
2018-09-26,91066.11088524507,64651.25363183254,95883.01110091856,-0.006110060943368301,-0.007136593625914123,0.00752811748738158
2018-09-27,95411.68064695936,67866.51540191723,98566.11152702972,0.047718846445416574,0.0497323963491032,0.027983063895304028
2018-09-28,94301.34201412252,66838.18362289024,98084.55416622874,-0.011637344875469635,-0.015152270201837181,-0.004885628065675607
2018-09-29,94445.89297045046,67589.90972050672,97462.0169703449,0.0015328621336723192,0.011246955809838033,-0.006346944237813346
2018-09-30,94838.99278629414,67887.96986410864,97810.41549621974,0.004162169507642588,0.004409831953237298,0.003574710812529469
2018-10-01,94156.13239009405,67374.06109056927,97279.84893720175,-0.007200207173633899,-0.007569953477295943,-0.005424438249508223
2018-10-02,94623.22062521937,67338.74378668853,96785.00668857699,0.004960784000665575,-0.0005241973440381908,-0.005086790882500192
2018-10-03,93421.1299664262,66212.17096220826,95995.05683956915,-0.012703971085008536,-0.016729935266523,-0.008161903129785819
2018-10-04,93899.2750382151,66610.98245980809,97088.96607531254,0.005118168362561404,0.006023235483812561,0.011395474639611658
2018-10-05,95996.98328304695,68093.86122185965,97764.9455708847,0.022339983391545193,0.022261775870762834,0.0069624749639192185
2018-10-06,94330.73097507721,67051.51160635237,97260.5090815147,-0.017357340314088865,-0.015307541631559896,-0.005159686699812593
2018-10-07,96223.62489680655,68092.28795637697,97476.63539275764,0.020066566877653624,0.015522041563131417,0.0022221383918710202
2018-10-08,97174.71348064265,68827.26623438063,98204.13257323303,0.009884148356041234,0.010793854929276536,0.007463298025666587
2018-10-09,96640.55036739109,68457.93421254963,98062.561657954,-0.005496935304655892,-0.005366071355693447,-0.0014415983479459937
2018-10-10,95548.72683569786,67718.34066211192,97219.46504935592,-0.011297778495078181,-0.010803620631341326,-0.008597538085317713
2018-10-11,85364.74701537582,59722.15502354784,92358.29897499486,-0.10658414986349374,-0.11808005867216864,-0.05000198336714934
2018-10-12,85272.09512832745,61179.61272559849,92629.04253802341,-0.0010853647470153716,0.02440397037709019,0.002931448132255543
2018-10-13,85272.09512832745,61444.67188858094,92797.48597734318,0.0,0.004332475332449182,0.001818473285531752
2018-10-14,85272.09512832745,60689.018751857315,92870.41229862007,0.0,-0.012298106792625885,0.0007858652689651802
2018-10-15,90460.80547897877,64563.57225430942,97382.00489500903,0.060848866711234795,0.06384274424165959,0.04857943972383971
2018-10-16,89956.26493430267,64338.22707053837,97375.65438704767,-0.005577449172651239,-0.003490283698730945,-6.521233536116444e-05
2018-10-17,90072.07212099909,64146.90577616996,96612.72843627716,0.0012873721111141823,-0.002973679926844275,-0.007834873671174969
2018-10-18,88267.08510708628,62916.07984123424,95613.00278398771,-0.020039363716292224,-0.019187611936115512,-0.010347763368973029
2018-10-19,88670.29293028374,63146.45341309323,95446.18841935496,0.004568042806764039,0.0036616008568925995,-0.001744682833668798
2018-10-20,88936.6901684405,63422.22142171941,95797.2395978175,0.003004357258255652,0.004367117925406783,0.003678001021058641
2018-10-21,88681.18288799064,63267.458411629996,95696.2658004026,-0.0028729119553015936,-0.0024402016615018285,-0.0010540366073054086
2018-10-22,88608.8370002225,63147.61090587151,95767.27471518946,-0.0008157975053120214,-0.0018942993565307376,0.0007420238835125215
2018-10-23,88382.31358521133,63050.922748856974,95598.68710996819,-0.0025564427057156447,-0.0015311451316607494,-0.0017603884596554265
2018-10-24,88107.69711128899,62880.64171264161,95895.40936844812,-0.0031071428522583266,-0.002700690628963831,0.0031038319400622516
2018-10-25,87668.61058865133,62562.67665475909,95606.80365022297,-0.004983520589387891,-0.005056644608297578,-0.003009588468581237
2018-10-26,87634.62539865822,62591.88618902932,95584.06868755545,-0.0003876551683084095,0.00046688434434183357,-0.00023779649354960242
2018-10-27,87160.90691422072,62419.95501552191,95667.18032977375,-0.005405608596858902,-0.0027468603995759455,0.000869513542993916
2018-10-28,87341.34277535253,62602.6580882139,95755.9072338557,0.002070146669187256,0.002926997827001898,0.0009274539479067201
2018-10-29,84406.19740478319,60428.21223410537,93486.00790634638,-0.03360545278218041,-0.034734081914613024,-0.02370505792364075
2018-10-30,84314.66680121807,60435.097934923964,93510.22056950434,-0.001084406197404797,0.00011394844500633994,0.0002589977227631657
2018-10-31,84314.66680121807,60359.01897767332,93264.27354153486,0.0,-0.0012588538754841894,-0.002630161991615365
2018-11-01,84314.66680121807,61165.171440146085,94152.53732707481,0.0,0.013355957007368913,0.009524159164166601
2018-11-02,84314.66680121807,61734.97983881588,94309.90882515891,0.0,0.009315896371309806,0.0016714525444747608
2018-11-03,84314.66680121807,61330.70136487765,93908.65907979195,0.0,-0.006548612715088997,-0.00425458735317874
2018-11-04,84314.66680121807,63101.157559507425,94128.18049801534,0.0,0.028867372380053435,0.0023376057157504793
2018-11-05,84502.41716837278,63387.81170017878,94770.80000397899,0.0022267818195540467,0.004542771507813237,0.006827068180471185
2018-11-06,84410.7740926971,65376.531510578716,95381.22726413631,-0.0010845024171683981,0.031373851803032426,0.006441090083988854
2018-11-07,84410.7740926971,65030.64689697854,96401.77047260324,0.0,-0.005290654086538726,0.01069962337180641
2018-11-08,84410.7740926971,63770.29054953997,95273.61462695706,0.0,-0.01938095971019982,-0.011702646539741623
2018-11-09,84410.7740926971,62807.722725193235,94268.28092109905,0.0,-0.015094298866318634,-0.010552068479760979
2018-11-10,84410.7740926971,63265.49246065419,94616.67944697387,0.0,0.00728843071518237,0.003695819234960096
2018-11-11,84410.7740926971,63295.24946494489,94646.9398697,0.0,0.0004703512631187845,0.0003198212292272462
2018-11-12,84410.7740926971,62853.02665053533,94056.43633713083,0.0,-0.0069866667427305185,-0.0062390134681810094
2018-11-13,84410.7740926971,61870.590674822924,93882.53621843905,0.0,-0.015630686827140083,-0.0018488912132335056
2018-11-14,84410.7740926971,55205.99988563613,84712.90009461611,0.0,-0.10771823440662298,-0.09767137204823373
2018-11-15,84410.7740926971,54306.37112481694,83379.53850476608,0.0,-0.016295851224193747,-0.015739770310788437
2018-11-16,84410.7740926971,52700.14000088907,82309.54639208256,0.0,-0.02957721332983443,-0.012832790057027754
2018-11-17,84410.7740926971,52181.141184880245,81996.28830469986,0.0,-0.009848148714596716,-0.0038058536477711957
2018-11-18,84410.7740926971,53316.26843982348,83018.00646526406,0.0,0.021753591990666177,0.01246054158899823
2018-11-19,84410.7740926971,45145.933161372035,71915.80480686603,0.0,-0.1532428190782531,-0.13373245312802529
2018-11-20,84410.7740926971,39589.54755020304,65721.12576845834,0.0,-0.1230761050238558,-0.08613793664749847
2018-11-21,89406.33453212066,41824.601562849115,67939.93990876897,0.05918154990425273,0.05645565940888386,0.033761048892067214
2018-11-22,83482.21333815453,39003.90030571433,64452.5739596304,-0.06626064277176913,-0.06744119852274433,-0.05133013002103726
2018-11-23,83391.76184487254,38178.02382970853,64174.59326834626,-0.001083482213338094,-0.02117420231137246,-0.004312949417012435
2018-11-24,83391.76184487254,34546.780075757684,57290.062370493986,0.0,-0.09511345506377844,-0.10727813839138156
2018-11-25,83391.76184487254,35004.92500382552,59197.53582991194,0.0,0.013261581168003689,0.03329501453641903
2018-11-26,83391.76184487254,33016.85825219312,55789.73864596216,0.0,-0.05679391546804158,-0.05756653779882248
2018-11-27,83391.76184487254,33363.86213538512,56403.71599144407,0.0,0.010509900140754702,0.01100520203864308
2018-11-28,93246.80432949481,37251.11447195429,62850.53758743845,0.11817765048488682,0.11651086198580174,0.11429781677810547
2018-11-29,93341.37697294532,36908.165574219995,63166.85199193308,0.0010142186011685705,-0.009206406374566267,0.005032803483256965
2018-11-30,87680.16878759146,34888.17512205692,59305.281820550095,-0.060650575006995444,-0.05473017747525277,-0.061132857655723294
2018-12-01,92280.19039870663,36670.76707405335,62219.465770185445,0.052463649132096224,0.05109444520270845,0.04913869153262418
2018-12-02,91704.55078931576,36313.162832799026,61115.31354714004,-0.006237954287954484,-0.00975175241172821,-0.017746089738599147
2018-12-03,86897.05288277719,34294.23141345667,57487.45071868867,-0.052423765943561906,-0.055597784986076815,-0.059360946019741734
2018-12-04,91145.52314256334,35613.067374772305,58413.99415522606,0.04889084403722266,0.03845649565419729,0.016117316474361987
2018-12-05,87561.02099120944,33873.76423099492,55418.68084451812,-0.03932724315759617,-0.04883890302045357,-0.05127732410744512
2018-12-06,77723.48067898858,30147.98315323968,51980.576383924206,-0.1123506807122372,-0.10999016974753895,-0.06203872788383058
2018-12-07,77639.71625886073,29184.91714603101,50487.12576874668,-0.001077723480679027,-0.03194462469723047,-0.02873093603554966
2018-12-08,77639.71625886073,29691.62294273336,51316.45092960339,0.0,0.0173619062945074,0.016426468099122626
2018-12-09,80323.79208055166,30722.968857477932,53355.45414926047,0.03457091229882758,0.034735248953341014,0.03973390954986766
2018-12-10,80237.0163768969,29613.607382820388,51708.26862086433,-0.001080323792080562,-0.03610853755064514,-0.030871924054627686
2018-12-11,80237.0163768969,29426.395560860587,50555.78477933899,0.0,-0.00632181751921268,-0.022288192435441778
2018-12-12,80237.0163768969,30082.79920832965,51476.41020561954,0.0,0.02230662760280877,0.018210090700773618
2018-12-13,80237.0163768969,28466.273002189668,48918.45299031078,0.0,-0.05373589721306182,-0.04969183369802099
2018-12-14,80237.0163768969,27747.50114033334,47867.469151740836,0.0,-0.02524994620128307,-0.021484404643338006
2018-12-15,80237.0163768969,27770.990299468074,47782.98072516316,0.0,0.0008465324144302233,-0.00176504895861207
2018-12-16,80237.0163768969,28201.704590553512,48020.32465296026,0.0,0.015509504214319847,0.004967122690864523
2018-12-17,88719.02415253117,31259.970471762033,52346.141464520864,0.10571190403929998,0.1084425897515755,0.09008303968836096
2018-12-18,94633.30349943622,33286.8772508663,54563.39861309522,0.06666303426350662,0.06484032929382422,0.04235760433416402
2018-12-19,94194.42685618455,33205.50708995488,55299.92778729995,-0.004637655318186051,-0.0024445117004571193,0.013498594166162725
2018-12-20,103562.45554064756,36912.74276926183,61035.056389771555,0.09945417151660196,0.11164520599742445,0.10370951341077017
2018-12-21,101649.36024603886,35816.17466136701,57523.070508803285,-0.018472865331566224,-0.029707034092518292,-0.05754047081632285
2018-12-22,105950.40149191549,37531.22650983188,59259.72539567413,0.04231252646810657,0.04788484154659889,0.03019058043163869
2018-12-23,112459.1295044071,39320.45181132467,59035.29873265199,0.06143183905714844,0.047672977088134116,-0.003787170148421448
2018-12-24,117099.88220747908,40697.922388652376,60210.67972348404,0.04126612684557651,0.03503191122872562,0.019909800002112288
2018-12-25,106877.48056525423,37362.57461466362,56326.51875533504,-0.08729642976166851,-0.08195376024695389,-0.0645095020681864
2018-12-26,108199.91664719042,37818.60626529242,56943.69658383038,0.012373383756260736,0.012205573500543077,0.010957144913857908
2018-12-27,97624.80332543488,34525.54395872163,53954.802259887,-0.09773679730491858,-0.08707518948399107,-0.05248858966405945
2018-12-28,112236.52212895436,39074.9815018827,57927.196363905285,0.14967219708306012,0.1317701916181342,0.0736244771111243
2018-12-29,110822.34515230372,38469.38000111821,56399.120703333516,-0.012599971469410054,-0.015498446256086096,-0.02637924423222937
2018-12-30,114008.21342845185,39392.28611114654,57071.467218187725,0.028747526248156685,0.023990667642719954,0.011921223353655419
2018-12-31,111501.66467310669,38394.40046330459,55251.945771131126,-0.021985685767439977,-0.025332006500622506,-0.03188145558095534
2019-01-01,114214.56367364309,39396.82893522319,56740.30372583795,0.024330569489611653,0.026108715328858167,0.02693765683605087
2019-01-02,121428.42068479826,41459.27190517999,58214.929878426316,0.06316057058859892,0.05235048164277112,0.025989042281366226
2019-01-03,115710.60882988611,39716.24777932458,56640.230965307455,-0.047087920790424675,-0.04204184120362309,-0.027049743363212753
2019-01-04,119147.55686243407,40667.844055319736,56949.895717595115,0.029702963862205944,0.023959873583287994,0.005467222626216461
2019-01-05,120240.85398043293,40911.31659628409,56765.024573798706,0.009175992750410922,0.005986856363301651,-0.003246206888826486
2019-01-06,128920.3704785511,43265.9596447691,60181.64831506819,0.07218442160707395,0.05755480987622086,0.06018888861446059
2019-01-07,126536.45507423105,42260.38541308099,59423.083382818244,-0.018491378790419066,-0.02324169485536154,-0.0126045888321078
2019-01-08,129531.63399256502,42883.70657391578,59505.74811074187,0.02367048228573254,0.014749538006859853,0.0013911214837352137
2019-01-09,132989.25634967836,43734.66516267509,59571.41928302546,0.026693265965530788,0.019843401066383493,0.0011036105648378758
2019-01-10,117563.79188144943,38365.33198174225,54310.448726460025,-0.11599030547001199,-0.12277064797366366,-0.08831366819666353
2019-01-11,118400.57110154105,38483.227491752965,54435.05852342686,0.007117661030663358,0.003072969890285826,0.0022943982214995717
2019-01-12,117062.61948366991,38043.57920608658,54050.27973230696,-0.011300212536337284,-0.011424413031900782,-0.007068584135981104
2019-01-13,109978.5893121243,35674.22203053492,52450.78428412905,-0.0605148783001036,-0.06228008050232525,-0.029592732102399544
2019-01-14,119134.25511477611,38779.016626729775,54710.9235801064,0.0832495293849207,0.08703187958905856,0.04309066731460187
2019-01-15,115598.96261870512,37400.37848676201,53598.16465274108,-0.02967486129547736,-0.03555113718426495,-0.02033888032864306
2019-01-16,119515.22725086976,38430.395415515726,53957.361204638706,0.03387802574909049,0.027540280885614443,0.006701657682214313
2019-01-17,121819.28568242774,38983.59093893417,54305.1254005469,0.019278367155020515,0.014394739305625182,0.006445166852939055
2019-01-18,121635.36154159784,38718.560601723526,53999.17652437056,-0.001509811355398738,-0.006798510112262401,-0.005633885824214646
2019-01-19,124188.22686870559,39606.40789093698,55043.31969091404,0.0209878549687601,0.02293079276232013,0.019336279435154813
2019-01-20,119826.73240681141,38163.353432566066,53160.28235180139,-0.03512003167985678,-0.036434873426153924,-0.034210097604695844
2019-01-21,119438.49676051277,37880.55214312541,52791.49516330607,-0.003239975241756343,-0.007410284055366367,-0.006937269182559658
2019-01-22,120158.32344422369,38182.919281501745,53212.88848926099,0.006026756056334515,0.007982120673265092,0.007982219951364833
2019-01-23,119426.81714146685,37905.42588257753,52925.695596870595,-0.006087853773162899,-0.007267474675741958,-0.005397055122244643
2019-01-24,119480.33513470544,37916.264452359675,53158.09463424603,0.0004481237507585334,0.00028593715885727455,0.004391043608488188
2019-01-25,120663.82156256879,38097.17699759503,53141.861553736446,0.009905282124703207,0.00477137048832077,-0.00030537363352234337
2019-01-26,122347.52891271534,38484.58522948346,53181.64053010953,0.013953704833337133,0.010168948526366961,0.0007485431486600191
2019-01-27,121352.03844971632,37958.51946706073,52908.61193754212,-0.008136580050662201,-0.013669518829053318,-0.005133888120898211
2019-01-28,112602.81724223607,35354.51570256663,51232.83110258223,-0.07209785117128953,-0.06860129955157446,-0.03167312037855241
2019-01-29,111739.60607419167,35061.719352125765,50903.13089413275,-0.007665981981493597,-0.008281724261311463,-0.006435330653294047
2019-01-30,113357.45228113515,35745.018745797344,51465.06434917093,0.014478717652443462,0.019488473648687554,0.011039270967573067
2019-01-31,112538.39019745041,35367.75228896571,51045.97046934503,-0.007225480700231324,-0.010554378485981064,-0.008143269325041613
2019-02-01,114997.84566382568,35975.180998160184,51491.10071098294,0.021854368647535427,0.01717464836983673,0.008720183739189036
2019-02-02,117968.21885234251,36895.87405431771,51979.97088713782,0.025829815953249735,0.025592450979040615,0.009494265405179059
2019-02-03,115220.08169713216,35993.40082073876,51137.804148604446,-0.023295572162957856,-0.024460004179609363,-0.01620175471744567
2019-02-04,117175.70093567466,36451.48829437302,51066.067196014985,0.016972902724397,0.012726985035832472,-0.0014028164443861124
2019-02-05,121451.95053109316,37371.06960706253,51172.40756911346,0.03649433765935828,0.025227538180696563,0.0020824077305638955
2019-02-06,121069.50184750537,37024.09153438921,50396.0489604701,-0.003148971110924048,-0.009284670637517478,-0.015171430181290746
2019-02-07,118762.7700492787,36476.716154160145,50185.00089310771,-0.019052955228411994,-0.014784302802423821,-0.004187789950119591
2019-02-08,130839.45928419736,40567.23469734418,54131.1676154945,0.101687500467593,0.11214053715516581,0.07863239318839477
2019-02-09,132769.93556730825,41019.55836895586,54196.46756058171,0.014754541891813133,0.011149975466316242,0.0012063280354683847
2019-02-10,136511.21488151382,42369.985001387766,54476.729677257186,0.028178663326298814,0.0329215302682031,0.005171224791767015
2019-02-11,136686.54785181733,42072.36139991525,53860.27988656446,0.001284385099463714,-0.007024397140163452,-0.011315836951755975
2019-02-12,135719.1517337463,41970.782015539226,53935.53809129821,-0.007077478605427956,-0.0024143970292151984,0.0013972858086190865
2019-02-13,132785.31526368062,41298.39848383818,53618.762355918756,-0.021616967337235282,-0.016020276473573958,-0.005873228423961097
2019-02-14,131204.3803327754,40828.44199715624,53394.523108568574,-0.011905947037636144,-0.011379532958544547,-0.004182104127314457
2019-02-15,133884.08557975187,41485.94172446975,53452.53907148218,0.020423900788829608,0.01610396319701124,0.0010865526937218206
2019-02-16,133691.14447841138,41557.30237150166,53585.05997229417,-0.0014411055690823904,0.0017201163590754298,0.00247922555437019
2019-02-17,135120.3125226801,42761.45803299979,54235.33108348024,0.010690072628553926,0.028975789880045122,0.01213530621263259
2019-02-18,144442.13086490313,46021.847896228275,57806.07898590241,0.06898902295432707,0.07624599378048291,0.06583804009467542
2019-02-19,150245.57953813596,47303.316296410856,58269.33088135964,0.040178365124375004,0.02784478370082155,0.008013895832135631
2019-02-20,154314.44395204113,48611.71819354236,59047.704208476534,0.027081425133525405,0.02765983443809361,0.013358199164869689
2019-02-21,148853.1297810635,47010.38749501077,58373.0186018704,-0.03539081651147913,-0.03294124869555237,-0.011426110729454653
2019-02-22,152425.2769468493,48098.972405425564,59131.94034472657,0.02399779682859071,0.02315626329458187,0.013001242029855531
2019-02-23,156384.73684654472,49864.426649699126,61154.41854792351,0.02597639957758502,0.03670461458911367,0.03420280463327141
2019-02-24,142676.87361716476,44716.37211836334,56251.7723395516,-0.08765473860042394,-0.1032410252603767,-0.0801683071277991
2019-02-25,143885.39653619545,45373.31468784061,57318.64686461505,0.008470349036897362,0.014691320837440847,0.018966060635805304
2019-02-26,141154.0381790716,44590.29186926854,56900.29904332945,-0.018982874029448538,-0.017257342205635906,-0.007298633937987575
2019-02-27,143037.24982355628,44855.447284633534,56851.42680271887,0.01334153573485164,0.00594648306277934,-0.0008589100836423613
2019-02-28,145297.0063882477,45407.2769144969,56906.60990566788,0.01579837816707852,0.012302399446865175,0.0009706546704713048
2019-03-01,150561.7906396867,46563.24707519104,56977.445821372916,0.03623463677820693,0.025457817320136966,0.0012447748305945971
2019-03-02,152371.56459366824,46755.262296151705,57048.76829699554,0.012020141008501684,0.004123750662203607,0.0012517668104363722
2019-03-03,150081.43145599798,46062.317753626805,56794.272231066745,-0.015029924669851535,-0.014820674903623265,-0.0044610264783262465
2019-03-04,147129.40549666324,44958.98917950126,55530.31931449685,-0.01966949495814374,-0.023952953909677555,-0.022254936403225956
2019-03-05,161918.93557891686,49174.182798320166,57520.58004285471,0.10052055897547296,0.09375641436219828,0.03584097395669539
2019-03-06,164510.89199296557,49807.70019951831,57632.29780407936,0.01600774118716597,0.012883130235156415,0.0019422224383240927
2019-03-07,167228.91038334882,50331.96518283614,57743.63352566502,0.016521814193916518,0.010525781781084875,0.0019318286070102442
2019-03-08,163736.6934976033,49304.44095904788,57590.79964933082,-0.020882853794479073,-0.02041494346695316,-0.0026467658337827604
2019-03-09,170122.78073504215,51104.63407879431,58508.76881887611,0.0390021753891856,0.036511784430162564,0.01593951074016653
2019-03-10,168529.78362073743,50610.85213054693,58335.841820019494,-0.009363808347253255,-0.009662175596171108,-0.0029555740506511663
2019-03-11,170498.25235210283,50744.979845715345,57651.26282842249,0.011680242441865829,0.0026501769782978357,-0.01173513521428382
2019-03-12,173920.24636705147,51532.0027258505,57709.26437474595,0.020070551854582952,0.01550937417904219,0.0010060759032475275
2019-03-13,171701.44761765565,50948.21136649228,57673.2589408448,-0.012757564433948265,-0.011328714749628155,-0.0006239108103570645
2019-03-14,173569.32864970758,51395.192777626355,57933.84601611222,0.010878656283733301,0.008773250309392466,0.004518334494235887
2019-03-15,176715.2540602505,52460.13506280626,58473.30040295806,0.018124892427808792,0.020720659416292753,0.009311558336655423
2019-03-16,184071.80204162054,54509.869496843974,59769.67262662916,0.04162938859178422,0.03907222944782229,0.02217032756381765
2019-03-17,180556.26087653177,53525.49724252247,59422.798655162755,-0.019098749108208746,-0.01805860596269626,-0.0058035113164039975
2019-03-18,180645.29324882693,53487.97778991633,59530.24550155529,0.0004931004433905706,-0.0007009641112933895,0.0018081754616785517
2019-03-19,183957.76767793024,54303.66783199543,60101.30465815881,0.01833689862342891,0.015249969727456625,0.009592756619634768
2019-03-20,184348.76167219476,54351.15112933116,60341.7301321006,0.0021254552020280038,0.0008744031339216196,0.004000337019458566
2019-03-21,179484.09639493155,52838.62750040299,59483.294271582265,-0.02638838055182302,-0.027828732188745264,-0.014226238767748978
2019-03-22,188308.6575747358,54844.34575172572,59404.18683727831,0.04916625682749598,0.037959317760618116,-0.0013299101079166098
2019-03-23,194882.10253471235,56313.72735757463,59579.24388732968,0.03490782125812619,0.026791852208441602,0.002946880672416219
2019-03-24,201617.79834314756,57573.68339106665,59377.61345748319,0.03456292661474869,0.02237387032635385,-0.0033842394882988014
2019-03-25,195851.2954229376,56161.76626423749,58505.179087928605,-0.028601160054310015,-0.024523654622525592,-0.014692984758966188
2019-03-26,198005.3895147,56658.76386010322,58830.10740503822,0.010998620596869957,0.008849393972536257,0.00555383851780511
2019-03-27,207185.09691286893,59172.37476695281,60335.675164237335,0.046360896643611094,0.044364026597120354,0.025591790081793686
2019-03-28,205059.70079991897,58576.90423477279,60070.55407136753,-0.010258441097449222,-0.01006331982661246,-0.004394101700994191
2019-03-29,210449.3578376058,59963.49084446762,60502.615674033914,0.02628335561137707,0.02367121697209318,0.007192568960710188
2019-03-30,212677.22147958,60429.07848994674,60624.93323316679,0.010586222095737341,0.00776451869166106,0.0020216904305736527
2019-03-31,212355.49091749082,60362.104375232564,60606.393498233105,-0.001512764553960877,-0.0011083093832933155,-0.00030581039755339656
2019-04-01,218073.8668897197,61624.852363588136,61385.545321218124,0.026928316981691403,0.020919548803432608,0.012855934465193508
2019-04-02,251887.16784868215,71079.51737655426,72039.62889966952,0.1550543466818144,0.15342292355011855,0.1735601357404375
2019-04-03,255032.90418914286,71309.32981328685,73414.67605994006,0.01248867247715646,0.00323317384831312,0.01908737151027773
2019-04-04,252422.0739019928,70464.70747149794,72673.25245337919,-0.010237229174215767,-0.011844485763650159,-0.010099119772121967
2019-04-05,259594.4327898112,72767.43529134645,74354.45032208816,0.028414150858308895,0.0326791652513414,0.023133653881632465
2019-04-06,257726.10442872718,72395.74149409929,74696.00096764145,-0.007197104887826211,-0.005107968911628902,0.004593546775932822
2019-04-07,264221.47365654184,73863.50238510889,76749.17569541658,0.02520260507647154,0.020274132990670823,0.027487076967675605
2019-04-08,264887.4601063043,73120.08592527318,78090.71149188202,0.002520561408374311,-0.010064733404594017,0.01747948149683598
2019-04-09,258100.41558279534,72046.12714677623,76838.65947048145,-0.025622370046453735,-0.014687602796234489,-0.016033302776742198
2019-04-10,267417.44025824964,73739.48518836046,78604.16555839122,0.03609844894831449,0.023503803863522466,0.02297679449480783
2019-04-11,250644.8916009942,69706.39958326523,74764.94831003678,-0.06272047418095805,-0.05469370439450583,-0.048842414661885436
2019-04-12,254105.101944054,70451.2378730642,75134.76988887542,0.013805229865080149,0.010685364532552644,0.004946456691243384
2019-04-13,255694.57339643128,70781.14489718551,75238.80721169733,0.006255173312998741,0.004682771148971643,0.0013846761356397508
2019-04-14,261082.7790459062,72308.48302917034,76288.95488803854,0.021072819723557457,0.021578319115965083,0.013957526910101548
2019-04-15,256421.75032063542,70699.83728599372,74803.63522970595,-0.01785268542913454,-0.02224698508095746,-0.019469655345422443
2019-04-16,262699.90559786983,72653.31746129903,77290.41053114603,0.024483708068383736,0.02763061769722497,0.03324404347200138
2019-04-17,261318.69741506662,72278.24708378896,77532.19837285708,-0.005257741450876319,-0.005162467325870779,0.003128303240330421
2019-04-18,272236.27309777495,75142.93807865777,78217.88744189567,0.04177877737300739,0.03963420683885577,0.008843926567657423
2019-04-19,280597.195254624,76705.28690675074,78298.00043336264,0.030712006382214163,0.02079169204772846,0.0010242285247921146
2019-04-20,280193.5935546906,76528.03816096274,78801.0168886028,-0.0014383668360161694,-0.0023107761268591487,0.006424384434545738
2019-04-21,273936.66296438803,74813.70192627663,78456.23692685578,-0.02233074108127775,-0.022401413597985087,-0.004375323763072925
2019-04-22,278697.51599337894,76085.34702633304,79708.60611323967,0.017379393387769504,0.016997489327683857,0.015962646635110378
2019-04-23,273846.04100290826,74969.6307392614,82262.49064183087,-0.017407672160902776,-0.014664009966143587,0.032040260809014454
2019-04-24,270984.9197846301,73728.08306889771,80675.5772727069,-0.010447918866381412,-0.01656067474417322,-0.019290850018550465
2019-04-25,259131.53703980692,70037.79463165709,76920.69707673354,-0.04374185380590134,-0.05005268391139517,-0.04654296037177108
2019-04-26,262855.41680761444,70969.79870452687,77936.84322520453,0.014370615828344535,0.013307159052785344,0.013210308630683842
2019-04-27,261652.3589625289,71010.49077024934,77773.61138322421,-0.0045768805516610556,0.000573371581507276,-0.002094411772730509
2019-04-28,262436.68742771505,70976.82611280504,78022.33360479769,0.0029975975309226577,-0.00047408005604721026,0.0031980284462800324
2019-04-29,255759.6540592273,68663.99364536467,77464.50527380488,-0.025442454078859922,-0.03258574092570066,-0.007149598137096813
2019-04-30,265874.3815645019,71624.68119046265,78990.57342419817,0.03954778380694979,0.043118487403883465,0.019700224573813152
2019-05-01,264535.27926479577,71169.76038053069,79757.79551883359,-0.005036597703871881,-0.006351453191425049,0.009712831055362248
2019-05-02,273662.5480613042,72867.55467013769,81272.2366892704,0.034503030453538086,0.02385555719914234,0.018988001869725712
2019-05-03,281830.7257504638,74854.39368710658,85154.88391545357,0.02984762711238731,0.027266442876573427,0.04777335267672966
2019-05-04,277337.85581365693,73141.79379524967,86083.12490548118,-0.015941732133155972,-0.0228790830771487,0.010900619522295596
2019-05-05,277028.60369025136,72873.6855377079,85559.65851711237,-0.0011150736075977719,-0.003665595873848848,-0.0060809408225313
2019-05-06,278704.7128209791,73276.63688301768,84837.74776532035,0.006050310720267182,0.005529449242707374,-0.008437513242851913
2019-05-07,273441.03843884513,71377.17970053443,86058.53020268424,-0.018886205148296198,-0.025921729807491523,0.014389613933892154
2019-05-08,276161.65460388624,72029.65949999043,88316.55746820453,0.009949553222054375,0.00914129420906673,0.026238273651690402
2019-05-09,274961.1076305871,70056.14687117758,91152.02683561752,-0.004347261661004742,-0.02739861110704145,0.03210575059420551
2019-05-10,282938.3725936938,72138.32604379354,94168.32349328967,0.029012339351731864,0.029721577129338206,0.03309083475578345
2019-05-11,323380.0082557684,81352.06102383237,106361.07532192601,0.14293443229826508,0.12772316028577357,0.12947827227172803
2019-05-12,309101.2435136622,78378.01118385758,102930.25123935816,-0.04415475408984715,-0.03655776882043016,-0.03225638770747363
2019-05-13,340722.4980075361,85380.43615946174,115368.37343235793,0.10230063824533353,0.08934170272805209,0.1208402976115901
2019-05-14,371507.9183587138,91246.41029944192,118018.27245135224,0.09035335362708219,0.06870396081163754,0.02296902470023987
2019-05-15,406409.8211211316,100705.45729741828,121129.51677175635,0.09394659181589193,0.10366486711022116,0.026362395040874453
2019-05-16,407807.32040953776,99355.59817952933,116401.66811481309,0.003438645465188239,-0.013404031460801047,-0.03903135076359554
2019-05-17,384079.2884125789,93758.81835337104,108414.90600455302,-0.05818441898769766,-0.05633079492959481,-0.06861381146516132
2019-05-18,392049.1580397454,93952.2939092387,107341.85036646249,0.020750584235110336,0.002063545160503777,-0.009897676229553398
2019-05-19,429315.98304310744,102801.7968881618,121019.11452438297,0.09505651074395116,0.0941914519668039,0.12741781617539316
2019-05-20,419402.6700973519,100458.25566188715,117780.4924217031,-0.02309094778043741,-0.02279669516695504,-0.026761244415049457
2019-05-21,434291.8754635051,102992.5019612699,117559.32751220252,0.0355009789582339,0.02522685948193515,-0.0018777719888342093
2019-05-22,420736.4057502735,98517.54174106028,113377.65858141037,-0.031212809815436504,-0.0434493786925616,-0.03557071156568237
2019-05-23,425697.8497017895,100229.6801487778,116356.4576881008,0.011792285820069637,0.017379020806443046,0.02627324592835456
2019-05-24,440514.73226534895,102828.34501761055,117914.27837830082,0.034806101496493325,0.02592709928810888,0.013388347506898546
2019-05-25,448498.2797129699,104076.29912654795,118876.39114688728,0.0181232246344305,0.012136285075128539,0.008159425489589589
2019-05-26,464533.15786155086,108741.70811986714,128039.114515733,0.03575237380808449,0.044826814870179366,0.077077738316635
2019-05-27,468018.8693498035,111204.30571479395,129996.08012913802,0.007503687151847016,0.02264630230207776,0.015284123299404317
2019-05-28,464304.5720021071,110897.56850048414,128729.20785306263,-0.007936212813078436,-0.0027583213827754305,-0.00974546520800379
2019-05-29,463859.6918501175,110206.08211825039,127836.44609139569,-0.0009581644868824624,-0.006235361077648216,-0.006935191916087824
2019-05-30,443471.00830555253,104619.95578779158,122816.9498157055,-0.043954419629013586,-0.05068800399296414,-0.039264986075266295
2019-05-31,457852.03681116225,108570.77752651012,126581.84233353846,0.03242833970265124,0.03776355771677342,0.030654502684543283
2019-06-01,460632.18229615944,108813.42420800915,126427.05140509132,0.006072148339363759,0.0022349170469906365,-0.001222852548150355
2019-06-02,475388.99485518195,111825.92338198792,129068.6897179293,0.03203599992832196,0.02768499563270832,0.020894565549692157
2019-06-03,444132.3485991452,104515.93382894217,121186.01538855664,-0.0657496210352082,-0.06536936456205633,-0.061073482241120636
2019-06-04,415134.2894242244,98248.0919069663,113786.65003568826,-0.06529148184405997,-0.059970204468863475,-0.061057914390071466
2019-06-05,426732.27675461315,100843.0696191726,115505.90770239486,0.027937917020718128,0.026412499844409743,0.015109484866347334
2019-06-06,429039.4823335112,101478.7932147679,115473.31179206433,0.005406681670401925,0.006304088104378991,-0.0002822012395635731
2019-06-07,437404.13030889846,103142.86833186203,118749.53957015206,0.019496219625039224,0.01639825489028346,0.02837216433167966
2019-06-08,435415.66583888995,102233.25142741337,117423.5160246887,-0.004546057826669836,-0.00881899950195264,-0.011166557363197271
2019-06-09,415296.41810182086,97421.09299920381,113495.91787041591,-0.046206990964154926,-0.047070384253857345,-0.033448139582594294
2019-06-10,438618.94558467,102978.44824022704,118105.57211300934,0.056158749428777854,0.05704468170018018,0.04061515452790565
2019-06-11,442729.8514734932,103453.66155236617,117033.58330258995,0.009372385598491295,0.004614687055980449,-0.00907653035534739
2019-06-12,473104.5191153983,110216.34424461712,120253.939585549,0.06860767924460509,0.06536919612872105,0.02751651442332448
2019-06-13,465125.93638656434,108429.77952472276,121509.73992038872,-0.016864313077693982,-0.01620961693239631,0.010442903901259237
2019-06-14,467623.0367392086,109463.88902801811,128343.47756699282,0.005368654287575492,0.009537135534427144,0.05624024585256682
2019-06-15,471203.3323750164,110543.98107710661,130477.29149177542,0.007656371381473459,0.00986710831013915,0.01662580728863916
2019-06-16,473441.80658521457,110889.13825619755,132781.92759325265,0.004750548343780858,0.003122351626274167,0.017663120341691707
2019-06-17,488305.08164282335,114088.96693915183,137592.52747766045,0.031394090785545226,0.028856105595855608,0.03622932707487103
2019-06-18,477696.8861780525,111402.46624750618,134070.32383842292,-0.02172452399856517,-0.023547418858463898,-0.02559880034044293
2019-06-19,487127.1086935726,113478.97426832492,136901.17989698774,0.01974101734463707,0.018639695248804378,0.021114710381221036
2019-06-20,494529.324762188,114832.14546564528,140645.54319044622,0.01519565619837393,0.011924422176400329,0.027350847496536934
2019-06-21,519291.1594959489,121494.31953411036,149759.91331592677,0.050071519511342366,0.058016629763816496,0.06480383180815696
2019-06-22,532872.796459937,125487.12105929514,157984.6644963932,0.026154184826044702,0.0328641004821939,0.0549195775982847
2019-06-23,537182.659454725,125985.24012802595,160253.37445521512,0.008087977137170244,0.003969483597408008,0.014360317604584338
2019-06-24,543268.4449404957,127306.6647587592,162552.37366994345,0.011329080301937022,0.010488725737954896,0.014346026862422256
2019-06-25,547878.6128088522,128694.82039785414,174064.4534029136,0.008485984988253037,0.010904029586553454,0.07082074209722089
2019-06-26,577914.4756567521,133799.7717768707,192153.26622987285,0.054822112317749916,0.039667108305018406,0.10392020009443503
2019-06-27,518185.0822202157,119528.31892101534,165087.17063317524,-0.1033533437082691,-0.1066627593330649,-0.14085680731712602
2019-06-28,547352.8352250888,126147.79870040911,183164.3348552928,0.05628829158859783,0.055380012361488484,0.1095007210601795
2019-06-29,546705.4879020762,127041.94235808155,176551.27195412415,-0.0011826874391658304,0.007088063897143115,-0.03610453370408184
2019-06-30,497282.56520219875,115550.38770159766,159689.21003285114,-0.09040136562289258,-0.09045480920067872,-0.09550801721584035
2019-07-01,499378.4611340305,116251.95538656577,156234.46161892836,0.004214698198758526,0.006071530342069087,-0.02163420066523014
2019-07-02,493109.06880317535,114891.95698681682,159460.72149555408,-0.01255439074528375,-0.01169871418701407,0.020650116774459715
2019-07-03,518768.3436399889,120379.81335533864,176579.297805377,0.05203569851005008,0.04776536593550684,0.1073529339969792
2019-07-04,498851.8280263853,114972.60872468527,165568.88657646792,-0.03839192552471005,-0.044917868535751304,-0.06235391898004139
2019-07-05,491816.4381042859,114099.81908138291,162070.48472756907,-0.014103165563076225,-0.007591283288981843,-0.02112958491922401
2019-07-06,496013.36139604344,114793.44467582075,165467.22078272578,0.008533515691209193,0.006079112132010511,0.02095838770931313
2019-07-07,508614.3976759854,118827.66334477051,169044.1353815849,0.02540463072300314,0.035143284360378724,0.021617058544519452
2019-07-08,523798.35368886986,122122.47957191378,181372.54011524344,0.029853570961153597,0.027727686755764758,0.07293009429655473
2019-07-09,519071.2941381602,120774.73814953517,185622.017477809,-0.009024578862112054,-0.011035981476161916,0.023429552014133215
2019-07-10,494122.83953937993,114448.21362860018,179461.5922575992,-0.048063637655408,-0.05238284609735122,-0.03318800918078735
2019-07-11,458798.0018073763,106119.67355067216,167683.25252113733,-0.07148999176992787,-0.07277125447283295,-0.06563153479411488
2019-07-12,458128.70819910645,111625.83958493151,174434.54168867008,-0.001458798001807371,0.05188638308079763,0.04026215537942113
2019-07-13,458128.70819910645,108577.90616476542,168180.99971267744,0.0,-0.02730490925308604,-0.03585036493032401
2019-07-14,458128.70819910645,96442.02420719036,151405.97074614366,0.0,-0.11177119163781835,-0.09974390088768914
2019-07-15,458128.70819910645,97778.47867601957,160839.72600982094,0.0,0.013857594547767249,0.06230768322534974
2019-07-16,458128.70819910645,85801.5293684776,139914.52115367903,0.0,-0.12249064896199247,-0.13009972955850602
2019-07-17,480177.97338568536,90352.35858288564,143105.6189669274,0.04812897509360203,0.05303902212353773,0.022807481217359316
2019-07-18,516770.9935389133,97087.73680631362,157464.888755103,0.07620720270697623,0.0745456823603472,0.10034036323545137
2019-07-19,518119.4532113665,96767.99550809,155460.86739144637,0.002609395049862906,-0.003293323222288147,-0.012726782329064878
2019-07-20,541621.4956994221,100937.59475818442,158950.84995169728,0.04536027810264054,0.04308861858925073,0.02244926725812757
2019-07-21,531967.9093255885,99167.85612013032,156470.23053425152,-0.017823491959763293,-0.017532997911173243,-0.015606204170657723
2019-07-22,523643.4279436019,97072.0906063509,152691.022342399,-0.01564846532291786,-0.021133516401127483,-0.024152889523769483
2019-07-23,499874.3974025079,93172.79797045134,146160.95575072741,-0.045391633452628755,-0.04016903943804062,-0.04276653919461193
2019-07-24,506121.5391319776,94454.44860325688,144849.42087836543,0.012497422876489805,0.013755631050298645,-0.008973223154060128
2019-07-25,505910.26225198526,94691.32945884249,146324.43988303537,-0.0004174429729955076,0.0025078845844581643,0.01018311979244002
2019-07-26,517816.6116067898,96277.31017834142,145711.230220979,0.02353450847548566,0.016748953980926684,-0.004190753523789725
2019-07-27,496114.4036450065,91918.99578782961,139915.05456751463,-0.04191099218397254,-0.0452683439373055,-0.039778510171619264
2019-07-28,495829.474433568,92325.93873885123,141024.94459343998,-0.0005743215866039764,0.0044271910015307725,0.007932599028432463
2019-07-29,494046.4441113104,92086.0591545088,140527.22623508016,-0.0035960555275470485,-0.002598181915278941,-0.0035292930608460393
2019-07-30,492890.76899617375,91826.31800770966,141830.44273492528,-0.0023392033864659822,-0.00282063484075612,0.009273765196681882
2019-07-31,505930.22033113614,94533.70161072163,148889.9730164683,0.026455052833548987,0.02948374345995952,0.04977443590680308
2019-08-01,515390.8977968885,95640.21438458138,153526.03124392263,0.018699569793558135,0.011704955534442396,0.031137477786643997
2019-08-02,509005.4040132243,94716.04610454953,155275.48445869968,-0.012389613031506541,-0.009662967465920325,0.01139515690337567
2019-08-03,514136.07195514074,95920.65230856668,159756.6940913462,0.010079790708436454,0.012718079497189727,0.028859736926716506
2019-08-04,510467.6531527131,95362.64022326996,161948.31854263277,-0.007135112672560617,-0.005817434221586204,0.013718514042569296
2019-08-05,528142.1247845832,98981.97976193772,174281.99974828644,0.03462407759377184,0.03795343260415085,0.07615813067183441
2019-08-06,511292.29180504836,95654.05995372195,169447.4827408188,-0.03190397468561612,-0.03362147146601602,-0.027739623222421517
2019-08-07,525431.0812618242,97488.97243627714,176294.36831764024,0.027653046375607948,0.019182797713373834,0.040407124768528924
2019-08-08,535264.22873056,98209.81468770557,176655.1434861594,0.01871443814309859,0.007394090156192856,0.002046436150865194
2019-08-09,514973.8655697799,94096.86439151735,175127.64809334118,-0.037907190639099975,-0.04187921858183796,-0.008646764326666112
2019-08-10,519633.47129529284,94591.45900804283,167614.78813451208,0.009048237273861393,0.005256228459086465,-0.042899336801604404
2019-08-11,534703.4202054398,97679.08174578242,170117.85418282237,0.02900111278933215,0.032641665221349925,0.014933443976921312
2019-08-12,527079.7817002262,96019.06310139228,168036.87706094177,-0.014257695419798266,-0.016994617626632347,-0.01223256154903185
2019-08-13,514663.8791176474,93971.03070501452,160850.65378515513,-0.023556021334243282,-0.021329435324890844,-0.0427657511938907
2019-08-14,469212.6998678131,85295.53634731563,148389.16950781626,-0.08831235510010327,-0.09232094500412824,-0.07747238810719048
2019-08-15,480347.22018258326,87036.52258497439,152225.10698191146,0.02373021940349651,0.020411223285701885,0.025850521886593203
2019-08-16,476434.7249799769,86195.62700201746,153152.09372859597,-0.008145139678583324,-0.009661410612262888,0.006089578552864072
2019-08-17,475445.71614428144,86054.28020624472,151047.0264845737,-0.0020758538029255202,-0.0016398372015953289,-0.013744945908168327
2019-08-18,491492.77844515146,89183.40101117715,152730.94188052605,0.03375161823100803,0.03636217509963391,0.011148285637548216
2019-08-19,503549.9060970934,91907.36670611479,161149.20695058422,0.024531647626817588,0.030543415748366165,0.05511826854733459
2019-08-20,493645.62510522694,89831.80773794526,158893.1691745047,-0.019668916371432643,-0.022583162183357763,-0.013999682770833188
2019-08-21,470531.6993826228,85535.78858964628,149663.8555757533,-0.0468229121197562,-0.047822917700055645,-0.0580850243386819
2019-08-22,479046.0927971768,87147.41416865143,149560.6039570946,0.018095259948958997,0.01884153528690602,-0.0006898901425563819
2019-08-23,484767.093007647,88359.99492556507,153648.50017725208,0.011942483816254512,0.013914133522848982,0.027332707357414776
2019-08-24,478406.25890618673,87069.02237230421,149987.32060896265,-0.01312142303636099,-0.014610373782257269,-0.0238282805498643
2019-08-25,473341.4511532836,85897.98763010683,149670.76112243548,-0.010586834220110641,-0.013449499147814903,-0.0021105749822178943
2019-08-26,477310.592003604,86722.63507162042,153100.15075428336,0.008385365026979397,0.009600311535407302,0.022912889639430167
2019-08-27,472545.8633372587,85886.81195115321,150364.34327458154,-0.009982449051349152,-0.009637888883068824,-0.017869397686568145
2019-08-28,441215.82034697407,80028.36640905066,144000.52880052684,-0.06630053381278711,-0.06821123533417972,-0.0423226300562074
2019-08-29,440579.93312650267,77001.26251679301,140395.1702693006,-0.0014412158203469527,-0.03782538652338796,-0.02503712008044401
2019-08-30,440579.93312650267,77446.58168659742,141693.8887930187,0.0,0.005783271017242075,0.009250450148868605
2019-08-31,440579.93312650267,77169.83765869706,142173.52874732963,0.0,-0.0035733536829328783,0.0033850433381186207
2019-09-01,440579.93312650267,77413.83953129547,144052.90427254405,0.0,0.003161881377508724,0.01321888499056989
2019-09-02,440579.93312650267,80770.37048691821,152744.96922274266,0.0,0.0433582803274577,0.06033939401703048
2019-09-03,447393.5373360004,81844.13407422783,156830.9480364101,0.015465080674796461,0.01329402825363446,0.02675033314982045
2019-09-04,446745.9828214144,80187.1790183921,156402.14097897022,-0.001447393537335917,-0.020245251227570815,-0.002734199230500889
2019-09-05,446745.9828214144,80360.72285791027,156122.24288119603,0.0,0.0021642342534380354,-0.0017896052830365106
2019-09-06,446745.9828214144,78900.639583654,152841.5459601616,0.0,-0.01816911573627711,-0.021013642005712985
2019-09-07,446745.9828214144,81321.34330877154,155261.90403077783,0.0,0.030680406874915134,0.015835734030373638
2019-09-08,446745.9828214144,81767.94902780528,154140.26448387973,0.0,0.005491863523921614,-0.007224177456150227
2019-09-09,446745.9828214144,81380.8348286016,152570.9753962149,0.0,-0.004734302422970793,-0.010180916017754393
2019-09-10,446745.9828214144,80270.74995363431,149337.98297198885,0.0,-0.013640617933021515,-0.02119008819226731
2019-09-11,446745.9828214144,78693.49561921578,150259.11658307223,0.0,-0.0196491790014367,0.006168113381149309
2019-09-12,446745.9828214144,79617.22058509444,153680.4185078456,0.0,0.011738263227603962,0.022769346729666573
2019-09-13,446745.9828214144,79631.41429277675,152948.4882258989,0.0,0.00017827434288708588,-0.004762677568511009
2019-09-14,446745.9828214144,80906.55981913296,152911.61058829364,0.0,0.01601309656096217,-0.00024111148814232042
2019-09-15,446745.9828214144,80733.27802077906,152759.02539813952,0.0,-0.002141752148914433,-0.0009978652998754445
2019-09-16,446745.9828214144,81294.75615867252,151712.07820481175,0.0,0.006954729841998297,-0.006853586494147135
2019-09-17,465640.14751519304,83850.74095394592,151187.6891546733,0.04229285862729637,0.031440955309400165,-0.003456475294145833
2019-09-18,490374.9925312931,87122.43635255183,150552.5374424077,0.05312008671952628,0.03901808572452392,-0.004201080893668663
2019-09-19,491629.0685162123,87337.57299721811,151558.85868469102,0.002557381603914388,0.002469359830522988,0.0066841865263698175
2019-09-20,486920.28220404434,86524.68356263115,150307.3833268965,-0.009577924931045145,-0.00930744245220616,-0.008257355384274412
2019-09-21,481601.5304887003,85463.74707120688,147916.95409743296,-0.010923249471697316,-0.012261662773447979,-0.015903604843314323
2019-09-22,465555.52863165544,83457.30458065463,148665.0597935286,-0.033318004286162384,-0.023477118185334378,0.005057606145694837
2019-09-23,441619.25071606267,79534.69107736045,143630.0080170659,-0.05141444241022208,-0.04700144011364871,-0.033868427345709606
2019-09-24,440982.6039027436,66716.41879227733,127261.87289094308,-0.0014416192507160641,-0.16116580213551424,-0.11396041364961829
2019-09-25,440982.6039027436,67741.1847865379,125289.98610673219,0.0,0.015360027004015286,-0.015494717619790932
2019-09-26,440982.6039027436,65260.53207087741,119856.97877575192,0.0,-0.03661956494379859,-0.043363460239767226
2019-09-27,440982.6039027436,67213.63851875119,121818.60094777559,0.0,0.029927835184557994,0.01636635757099958
2019-09-28,440982.6039027436,66953.69287256937,121731.0489957909,0.0,-0.0038674538666627623,-0.0007187075808088306
2019-09-29,440982.6039027436,65120.814747787525,119638.75485064209,0.0,-0.02737531039953689,-0.017187842891431604
2019-09-30,440982.6039027436,67597.10116903455,122438.96123854668,0.0,0.03802603562067919,0.023405512631758718
2019-10-01,440982.6039027436,67338.81526379108,123168.35420062685,0.0,-0.0038209612657440495,0.005957196587605074
2019-10-02,440982.6039027436,68218.81044711803,123903.02363470219,0.0,0.013068171453264776,0.0059647580650354914
2019-10-03,440982.6039027436,66720.89322413901,121938.864142812,0.0,-0.021957539469853016,-0.015852393543526633
2019-10-04,440982.6039027436,67379.6962887356,121140.9058779755,0.0,0.009874014461758396,-0.006543920762636879
2019-10-05,440982.6039027436,67200.69224054659,120337.24585173442,0.0,-0.0026566467058852794,-0.006634092921928514
2019-10-06,440982.6039027436,65978.46112048814,117925.8549001919,0.0,-0.018187775740217793,-0.02003860844973593
2019-10-07,463673.0683912541,69113.5835219425,121726.73843533585,0.0514543301429522,0.047517361699738414,0.032231129792197555
2019-10-08,463151.64052861044,69034.15870606965,121478.13875477866,-0.0011245593030727585,-0.0011491925584735663,-0.0020422766908295698
2019-10-09,493494.43406651035,73186.95791054073,126895.37433613416,0.06551373434253338,0.06015571540681286,0.04459432484630832
2019-10-10,486037.49408907833,72355.2211500439,126758.57531219498,-0.015110484460756912,-0.01136454887923466,-0.0010780457889411066
2019-10-11,466541.8708268024,69601.94621526934,122850.67022006793,-0.04011135663271048,-0.03805219431317963,-0.030829512579344076
2019-10-12,471661.1825851397,70023.94358046146,123069.13922721033,0.010972888133845116,0.006063010995223328,0.0017783297946283305
2019-10-13,484427.77131571184,71493.97495903775,122839.5838622421,0.02706728728575758,0.020993267494098466,-0.0018652553061609956
2019-10-14,488671.63111950766,72437.4366791534,123632.04940623122,0.008760562575240938,0.013196380823086162,0.006451222961466829
2019-10-15,478217.07034795865,70740.14178125489,121132.48658932754,-0.02139383607679135,-0.02343118386996934,-0.020217757684260262
2019-10-16,464783.62419907947,68746.44323220526,118802.32591498864,-0.028090687225164945,-0.028183411834466154,-0.019236463643636625
2019-10-17,475706.8893343598,70114.430644477,119634.70378880975,0.023501828736120833,0.019899028196281865,0.007006410585064904
2019-10-18,464458.85109429277,68455.95339685469,117705.18015475644,-0.023644892458475897,-0.0236538645807709,-0.016128460830725944
2019-10-19,469951.7949386742,68969.12610351722,117931.83057680934,0.011826545734761496,0.007496392661242357,0.0019255772919670733
2019-10-20,476691.24874597386,70008.99786835331,121379.15444680458,0.01434073426228566,0.015077351614914303,0.029231496307097427
2019-10-21,474981.82456060883,69758.00306846529,121698.65491772251,-0.0035860196507949693,-0.0035851791559707857,0.002632251578733369
2019-10-22,469108.79255631735,68835.87531395825,119255.18705309488,-0.012364751029630305,-0.013218952864834654,-0.020078018662405106
2019-10-23,435715.2283620286,64175.71872837303,110936.0072071419,-0.0711851168090818,-0.06769953261043604,-0.06975948008239763
2019-10-24,435089.66537344,64842.826866256706,110623.28974188984,-0.0014357152283619445,0.01039502402313941,-0.002818899590176782
2019-10-25,484732.8744773285,72489.38129594193,127854.35149636293,0.11409880090183111,0.1179244459137605,0.15576341830619223
2019-10-26,496156.90388395335,73502.73171326393,136479.7253005248,0.023567680279459102,0.013979294611233373,0.0674624969992299
2019-10-27,512673.89376592025,75816.55566961347,141008.0339331934,0.0332898519655187,0.031479428075895655,0.03317935043243514
2019-10-28,511807.1054118777,75484.4173742438,136644.70875820844,-0.0016907206795248042,-0.004380814881871364,-0.030943805493041654
2019-10-29,525740.2887469686,77795.60540114381,139177.06931770474,0.027223505081818145,0.030618081284795373,0.018532445072405146
2019-10-30,512484.55411418685,75728.57583138079,135900.3513755519,-0.02521346550095105,-0.026570004296574745,-0.023543518757913717
2019-10-31,510377.918320276,75410.54980561392,135809.68544009468,-0.004110632753707266,-0.0041995511242016725,-0.000667150118005666
2019-11-01,514369.71820216335,75878.0061812754,136717.8729532228,0.007821262908522586,0.006198819354406471,0.006687207250242189
2019-11-02,518739.35589109623,76350.13043423476,137656.96963563384,0.00849513012586689,0.006222148903483715,0.006868865512063227
2019-11-03,514009.412165859,75654.30108283438,136337.7363041314,-0.009118150900874089,-0.00911366290329707,-0.009583483749455945
2019-11-04,527001.4015162745,77511.80638043287,138954.52041554975,0.025275781032241706,0.024552540582784443,0.019193395624385712
2019-11-05,530308.9932076983,78151.1566815265,137919.8849902106,0.006276248377911742,0.00824842473617049,-0.007445856545328922
2019-11-06,534086.1646632856,78790.55195989016,138190.8159689111,0.00712258608465266,0.008181520344852533,0.001964408386214478
2019-11-07,525469.0553614058,77482.58609328468,136813.1954472987,-0.016134305421134476,-0.016600541994823415,-0.009968973060571096
2019-11-08,503434.1606795537,74635.63656951033,129982.8312827898,-0.041933762715479106,-0.03674308857408015,-0.049924746967407785
2019-11-09,504599.7253725803,74844.47759254387,130111.28310103178,0.0023152276584752496,0.0027981408430681753,0.0009882214210468199
2019-11-10,521729.403892066,77182.5400225713,133683.00772743666,0.03394706270764947,0.031238943810335984,0.02745130584586919
2019-11-11,510301.36448965827,75478.23775175597,129287.62005595674,-0.021904150536955158,-0.022081448347215815,-0.03287917998106071
2019-11-12,520107.84773255116,76669.81769123852,130141.99043805258,0.019217042957939467,0.015787066245526393,0.006608292284489892
2019-11-13,522262.9393468195,77039.62971757144,130032.75593448138,0.00414354758087887,0.004823436881279841,-0.000839348646839766
2019-11-14,519036.2315394703,76437.23862310578,128554.01744955254,-0.006178320467051912,-0.007819236627616744,-0.011372046022572357
2019-11-15,510671.4914604866,74926.74803495502,125363.78463171322,-0.01611590785131467,-0.01976118728724141,-0.024816282533459022
2019-11-16,512241.1488522062,75403.13001059108,126231.36061038707,0.003073712588165911,0.006357969458568036,0.006920467352055093
2019-11-17,517606.4369277843,76157.90265515728,126633.1221447044,0.010474145014707004,0.010009831746509601,0.0031827394743637605
2019-11-18,497844.9977964039,73526.89540282944,122666.57036384463,-0.03817850343723117,-0.03454673987335266,-0.031323177646423006
2019-11-19,485444.14087065595,71870.09008428652,121143.94777849733,-0.024909072061861548,-0.022533323479331346,-0.012412693864603974
2019-11-20,471998.0834143455,70214.29881518922,118503.25375231421,-0.027698464816558688,-0.023038669732505568,-0.021797985575073286
2019-11-21,441985.0869494894,65482.844242534346,112826.7718385753,-0.06358711511654391,-0.06738591216453671,-0.04790148568918984
2019-11-22,441347.7510454542,61846.67518815363,107716.3717536904,-0.0014419850869494821,-0.05552857540691303,-0.045294215208040334
2019-11-23,441347.7510454542,63713.96226100784,109210.62969791637,0.0,0.03019219816058727,0.013872152579023078
2019-11-24,441347.7510454542,59610.73239064261,104045.49702852468,0.0,-0.06440079575582058,-0.047295145936606886
2019-11-25,441347.7510454542,60379.887563939694,105495.43116633258,0.0,0.012902964658388028,0.013935577984796277
2019-11-26,441347.7510454542,61441.603212624505,106561.84075636369,0.0,0.017583928879637334,0.010108585540066883
2019-11-27,460724.35184223944,63944.02104555056,111186.84866746754,0.043903250330122656,0.040728394151210434,0.04340210227484875
2019-11-28,460051.3605620167,63308.95866371506,110174.76078912393,-0.0014607243518423019,-0.009931536544802388,-0.009102586236349852
2019-11-29,460051.3605620167,65812.71550578598,114576.04484597548,0.0,0.03954822342554065,0.03994820615291084
2019-11-30,460051.3605620167,64153.719546087,111747.32965104803,0.0,-0.02520783327278342,-0.024688539377756502
2019-12-01,460051.3605620167,63146.827810507624,109601.77341358777,0.0,-0.01569498608503972,-0.019200067188720804
2019-12-02,460051.3605620167,61786.51525647596,108091.49863770447,0.0,-0.02154205684114041,-0.013779656376400107
2019-12-03,460051.3605620167,61731.60559170438,108064.29453209025,0.0,-0.0008886998165158477,-0.00025167664392733435
2019-12-04,460051.3605620167,61223.725416198264,107058.80224374056,0.0,-0.008227230940099917,-0.00930457458407874
2019-12-05,460051.3605620167,62573.22283146176,109956.29899027658,0.0,0.022042066308275654,0.02706453543109233
2019-12-06,460051.3605620167,62907.855265041326,111413.20354942232,0.0,0.005347853577573947,0.01324985082732355
2019-12-07,460051.3605620167,63018.51537566016,111549.6277420176,0.0,0.0017590825526097031,0.0012244885547587625
2019-12-08,460051.3605620167,63384.927046387005,111669.31427344799,0.0,0.0058143494581335275,0.0010729442478032425
2019-12-09,460051.3605620167,61899.60870304073,109256.43120482487,0.0,-0.023433305243994007,-0.021607395767781146
2019-12-10,460051.3605620167,60585.87596174486,107443.88378325365,0.0,-0.021223603328389573,-0.01658984648851658
2019-12-11,460051.3605620167,60068.48798675688,106547.9071219831,0.0,-0.008539745720845371,-0.008339019679128534
2019-12-12,460051.3605620167,60352.089424664024,106927.40944110788,0.0,0.004721301424628344,0.0035617998454939848
2019-12-13,460051.3605620167,60558.94358378462,107319.36048582771,0.0,0.0034274564657583717,0.003665580666065704
2019-12-14,460051.3605620167,59382.02800237457,105178.62659777282,0.0,-0.019434215852556225,-0.01994732244362929
2019-12-15,460051.3605620167,59542.32624303358,105586.48634972385,0.0,0.0026994403197646566,0.003877781685729609
2019-12-16,460051.3605620167,56171.361050544576,102341.355156591,0.0,-0.05661460351296577,-0.030734342104957624
2019-12-17,460051.3605620167,52197.33898370058,98031.19115778641,0.0,-0.07074818897957724,-0.04211556503438585
2019-12-18,501081.7506280632,56866.129425586296,107424.44301143556,0.08918654216329713,0.08944498958737368,0.09581901171159113
2019-12-19,492804.79158327566,55725.26725888838,106332.62418126401,-0.016518180984266717,-0.020062244049699585,-0.010163597776860933
2019-12-20,498138.768640176,56173.68239937306,106568.4147214724,0.010823711838846783,0.008046890800925688,0.0022174806840697947
2019-12-21,491767.28689781664,55514.94847665471,106160.11526352179,-0.01279057592676891,-0.011726735627459961,-0.0038313365082679463
2019-12-22,510632.54400137655,57567.344156991276,110890.49403203648,0.038362163580595965,0.03697014473857685,0.0445589076158448
2019-12-23,495264.496255369,55845.66273723866,108588.11412691782,-0.030096099292030498,-0.02990725809857475,-0.020762644491903015
2019-12-24,499769.18204894185,56315.09964481756,108099.52867841843,0.00909551528048591,0.008405968961057164,-0.004499437644974069
2019-12-25,493223.4012618188,55478.068982527904,107400.12943214661,-0.013097607900284691,-0.014863343358510472,-0.006469956481979122
2019-12-26,495522.90974931355,55661.81433407903,106865.88664264021,0.004662204756732624,0.0033120358174143494,-0.004974321654276248
2019-12-27,493597.5317860255,55536.99750264417,107620.57351213964,-0.003885547823131108,-0.0022424139947310184,0.007061999794406804
2019-12-28,501069.2784772825,56290.30201664138,108032.47711762793,0.015137325878071817,0.013564012241773504,0.003827368615925808
2019-12-29,512181.123318553,57926.65207067118,109577.56795872495,0.02217626447791554,0.02906983965987675,0.014302095835631912
2019-12-30,503390.6073810819,56946.5724829721,107663.48449272294,-0.01716290495150452,-0.016919320427898565,-0.017467840376992005
2019-12-31,494845.78622292395,55886.32562547665,106196.14232230817,-0.016974534353377924,-0.018618273431864174,-0.013628967865274233
2020-01-01,497288.2491470311,56249.00928519345,106293.20922379226,0.004935806249357189,0.0064896672962064805,0.0009140341575637478
2020-01-02,480527.76711942436,54487.76683416167,103123.62096304861,-0.033703756435739196,-0.031311528388027865,-0.029819292162590827
2020-01-03,503649.11415962747,57168.26612204556,108429.50280208077,0.048116568120103675,0.04919451545963005,0.05145166344511276
2020-01-04,510043.83452198404,57807.1415215072,109400.47456531478,0.012696776749079763,0.011175350291326547,0.008954866877941559
2020-01-05,513437.847025234,58218.6118775757,109410.22738855166,0.0066543545349015965,0.007117984823993062,8.914790612779555e-05
2020-01-06,544216.6588379767,61721.57649523674,114693.78513773558,0.05994651931303774,0.060169153895788696,0.04829126010697582
2020-01-07,553557.3416717403,62383.67175074915,120517.22977146987,0.017163537135573836,0.010727128066204017,0.050773846435889336
2020-01-08,543579.6272047925,61295.33300538065,119279.68804805589,-0.01802471707233655,-0.01744589112543582,-0.010268587535248286
2020-01-09,537148.494337022,60525.55314165786,116315.48573889297,-0.011831077814378088,-0.012558539549091252,-0.024850855645838776
2020-01-10,553130.9406891078,62385.21884598076,120559.47758890624,0.029754242114766072,0.030725298783646382,0.03648690303834745
2020-01-11,548827.7061280677,61923.27738941461,118654.85861433811,-0.007779775536835731,-0.0074046619553681525,-0.015798168776598898
2020-01-12,561227.7097065927,63293.739963981134,120942.41826478191,0.02259361807006055,0.02213162210307673,0.019279106453440775
2020-01-13,555619.9095455318,62619.88761168405,120229.38813252267,-0.009992022959793956,-0.010646429689263992,-0.005895616628883604
2020-01-14,610972.8944425766,69718.42859816455,130320.65523978918,0.09962383267064823,0.11335920994460569,0.08393344808628167
2020-01-15,627629.8284069074,71158.38354337038,130014.27386590831,0.027262967172263508,0.020653864037947223,-0.002350980919464618
2020-01-16,613222.2470225531,69725.33767948215,128785.66322009264,-0.02295553960672103,-0.020138819806309938,-0.009449813541879348
2020-01-17,649385.8477024263,73403.75336746775,131815.7133047685,0.05897307355605963,0.05275579596178903,0.02352785247141642
2020-01-18,645215.9322893558,73558.00986281208,132019.00164248227,-0.006421321665422641,0.002101479669194717,0.0015422162701024256
2020-01-19,621086.8728547031,70544.48370251138,128526.71242780729,-0.03739687479358722,-0.040968021917953124,-0.026452928527155306
2020-01-20,629238.0807688473,71212.99404767029,127809.21315260137,0.013124102714775931,0.009476436853348424,-0.005582491465413675
2020-01-21,651983.9366170346,73352.1401693561,129112.04040451239,0.036148250627798806,0.030038705018551326,0.010193531591149663
2020-01-22,644722.2370076847,72597.49107117689,128152.19824887463,-0.011137850492189849,-0.010288031084531024,-0.007434180055016837
2020-01-23,617291.7978323293,69730.65824738653,124101.92932901025,-0.04254613475512625,-0.03948942010929313,-0.03160514587505292
2020-01-24,626805.4078138485,70522.93510826437,124676.4736962827,0.015411852247068536,0.011361958725056631,0.004629616722148233
2020-01-25,615600.3162736055,69408.20168762341,123531.09002540652,-0.017876507446423884,-0.015806679329634532,-0.009186846859868592
2020-01-26,633165.3247906934,71621.48654114961,126911.4632507423,0.028533137577663403,0.03188794407161355,0.027364554337216074
2020-01-27,659850.3940722884,74174.71811003564,131531.99481060437,0.04214550013523932,0.035648960838296606,0.036407519395889265
2020-01-28,699189.445334979,78056.93615075236,138157.0090650079,0.05961813710515251,0.05233883106852644,0.05036808165148732
2020-01-29,698557.1027153088,77847.96574023915,137537.57143600646,-0.0009043938290104192,-0.00267715363705312,-0.004483577295090302
2020-01-30,723811.0846220248,80987.39236448176,140377.35136387454,0.03615163571961855,0.040327664241325945,0.020647303120292282
2020-01-31,704734.0607898239,78917.88690362748,138038.01452990476,-0.026356357670541786,-0.025553427520428218,-0.016664631518128137
2020-02-01,716332.5683601858,80243.18316257789,138663.1467120157,0.01645799205073617,0.01679335713295038,0.00452869583961979
2020-02-02,716937.8575951635,80816.75080686426,137947.01701287407,0.0008449835477442047,0.007147867540651998,-0.0051645279666768795
2020-02-03,721414.6483669704,81295.13909283034,137196.4316632725,0.0062443219093262226,0.005919419936954995,-0.005441113304621381
2020-02-04,710534.4285105435,80318.43112760107,135534.77548251266,-0.015081783938066473,-0.012014346443444568,-0.012111511652417528
2020-02-05,755050.9861190898,85159.92639042862,141919.01826481076,0.06265221757355799,0.060278757874838496,0.047104093835473426
2020-02-06,785349.9313376107,87981.28553423789,143637.05772964962,0.04012834335103044,0.03313012661465109,0.012105773319493585
2020-02-07,816605.8899314015,90785.61714027291,144613.47896396057,0.0397987665709163,0.031874183117541754,0.006797836503646293
2020-02-08,814179.2676894037,90759.31395125252,145634.6925438695,-0.0029715953214610735,-0.00028972859191722655,0.007061676319697785
2020-02-09,862038.585511878,95227.53933891677,149348.29083394658,0.05878228508359884,0.04923159060087401,0.02549940694219166
2020-02-10,860702.9765687378,94434.93944941586,145509.09521047736,-0.00154936097477254,-0.008323221360157507,-0.025706324471686415
2020-02-11,894086.9858498967,98079.4934291093,150699.99032646816,0.03878691045573812,0.03859327915009292,0.03567402510806783
2020-02-12,965152.7518680476,104223.56053785516,152439.2942617792,0.07948417451865453,0.06264374839157094,0.011541499979814906
2020-02-13,956357.707719618,103274.70271936317,150790.6850951057,-0.00911259293558131,-0.009104062590025941,-0.010814856987217514
2020-02-14,996118.3458183449,106696.15268287838,152233.5262705595,0.041575069430384914,0.033129603604985514,0.009568503349817403
2020-02-15,915303.3880400452,99057.10996004722,145993.50705612812,-0.08112987590034548,-0.07159623407917881,-0.04098978304779721
2020-02-16,895191.6847988914,97548.16219800252,146657.9532795798,-0.021972718012351344,-0.015233109088820584,0.004551203932625647
2020-02-17,892928.8559306774,96627.10962272307,143051.585587043,-0.002527759033778776,-0.009442028988817852,-0.024590331529186327
2020-02-18,929334.638722282,100714.39879476205,149722.113016552,0.040771202039002086,0.04229961123744297,0.0466302236506857
2020-02-19,858372.6390786446,93674.07310517466,142213.72220066958,-0.07635785505768,-0.06990386453017827,-0.05014884351152826
2020-02-20,857617.4817039218,93590.34270793399,141845.96940251757,-0.0008797547129802963,-0.0008938481531239884,-0.0025859164113086752
2020-02-21,867601.1899352407,94580.21652951429,142996.94671037217,0.011641213529699934,0.010576666277090085,0.008114275736580634
2020-02-22,859552.5717889462,93879.20714558048,142653.57236616485,-0.009276863885923525,-0.0074117971987837095,-0.002401270461409144
2020-02-23,898464.520725337,97732.00687600742,146511.5383900102,0.045270004666968955,0.041039968780864466,0.02704430011708836
2020-02-24,866673.313840515,94441.8081626817,142461.55780194883,-0.03538393130889206,-0.03366551878444479,-0.027642741538078774
2020-02-25,811910.4788695019,89276.0630877543,137907.74622130377,-0.06318740186927063,-0.05469765112956215,-0.03196519574056467
2020-02-26,750653.049011009,81607.2138009099,130213.7418072322,-0.07544850257849511,-0.08590039728013399,-0.05579095174048321
2020-02-27,749338.9159620085,82067.61400221172,129681.87054680557,-0.0017506530490110084,0.005641660581931163,-0.004084601617654227
2020-02-28,749338.9159620085,81077.89533769927,128027.88399200588,0.0,-0.012059795773833204,-0.012754184897438847
2020-02-29,749338.9159620085,80625.32903649478,126951.00795752543,0.0,-0.005581870364536501,-0.008411261679117432
2020-03-01,749338.9159620085,79136.80570578194,126403.98486085051,0.0,-0.018462229531355567,-0.0043089307085922846
2020-03-02,749338.9159620085,83083.54544512437,130939.28553974217,0.0,0.04987236601406164,0.03587941221856461
2020-03-03,749338.9159620085,82076.27755076477,129730.4688722033,0.0,-0.01212355453734082,-0.009231886844013437
2020-03-04,749338.9159620085,82442.5191270149,129250.09367179468,0.0,0.004462209875729206,-0.0037028710724991143
2020-03-05,778212.3153285256,85373.99731440148,134026.03607348038,0.03853182952529455,0.035557843433559055,0.03695117168590434
2020-03-06,776828.4886054681,87466.6490232245,134672.38947629303,-0.0017782123153285978,0.02451158168354861,0.004822595830994203
2020-03-07,776828.4886054681,84244.97013515001,131533.98430004518,0.0,-0.03683322642461184,-0.023303998603220077
2020-03-08,776828.4886054681,73280.32666210592,119696.78162599835,0.0,-0.13015190646342523,-0.08999349283790203
2020-03-09,776828.4886054681,71781.09553526377,116973.50216313744,0.0,-0.02045884884977478,-0.022751484424786028
2020-03-10,776828.4886054681,71977.09819427786,116768.08017008133,0.0,0.0027305609861834057,-0.0017561412564156553
2020-03-11,776828.4886054681,70277.6883263099,116793.18666182863,0.0,-0.023610424851818523,0.00021501160000858555
2020-03-12,776828.4886054681,41992.92675915653,73381.69810997073,0.0,-0.4024714278566329,-0.37169538560117066
2020-03-13,886330.8878958918,48503.25207167236,82134.71640332615,0.14096084386271435,0.15503385486452803,0.11928067241286833
2020-03-14,823535.5829229931,44999.938929523916,76770.8654552984,-0.07084860274019311,-0.07222841752902798,-0.06530552710121174
2020-03-15,847164.0411884923,46397.750534834275,79604.52554064749,0.028691484321338168,0.03106252227363071,0.036910617960911996
2020-03-16,754892.9360589547,41781.995856517104,74026.70356160428,-0.10891763654190267,-0.09948229440243617,-0.07006915676163494
2020-03-17,753568.179777984,43791.97807395153,77143.81543419969,-0.001754892936058905,0.048106419433309844,0.04210793838741411
2020-03-18,753568.179777984,43991.16504867914,77332.91063891022,0.0,0.004548480874539074,0.0024512036855608432
2020-03-19,902169.5030840533,52642.85172544215,91398.03152994778,0.19719691899656655,0.19666873262368356,0.18187755736638023
2020-03-20,882547.9380732756,51386.577845081505,91510.01239394267,-0.021749310904105812,-0.023864092449108254,0.001225199953657663
2020-03-21,887016.4224076498,51583.186243252196,91307.5890516379,0.0050631633043407565,0.0038260652181085764,-0.002212034913003369
2020-03-22,825006.7697069659,47939.64426669855,86069.6526019856,-0.06990812248139633,-0.07063429465895521,-0.05736583896317815
2020-03-23,897071.1784346289,52183.11693096778,94721.41597441817,0.08735008168873515,0.08851698274317332,0.10052048673231173
2020-03-24,930005.2340712289,53993.08856752926,99423.13456171344,0.03671286786191175,0.03468500432727817,0.04963733427047878
2020-03-25,918682.8044256876,53227.63943994439,98629.78239743004,-0.012174587013855542,-0.014176798325354567,-0.007979552925792666
2020-03-26,955759.6637698816,55056.90044817575,99152.04500052128,0.040358717030055224,0.034366750573173066,0.005295181540467819
2020-03-27,912595.9018021536,52749.538041952495,95510.96936719686,-0.045161732184295866,-0.04190868696640748,-0.03672214358569481
2020-03-28,897330.3775621523,51858.894562899186,92150.93795056359,-0.016727583599548845,-0.01688438443470286,-0.035179534234601406
2020-03-29,848093.1336457139,49196.92780973745,87424.68232683199,-0.05487080917755749,-0.05133095827819978,-0.051288198783902894
2020-03-30,910111.4006079717,52584.63325304341,94921.10737288938,0.07312671745809185,0.06886010151705935,0.08574723804008189
2020-03-31,924404.3410782313,53285.40930227399,95051.05851650702,0.0157046054589709,0.013326631867115468,0.0013690436954885143
2020-04-01,939708.5208651419,54137.865210878575,97533.11959296788,0.016555720377794403,0.015997923629878175,0.026112924097839496
2020-04-02,967715.6441756905,55999.225276725214,100291.4818279603,0.029804053798260677,0.03438185193664811,0.028281287899985408
2020-04-03,975476.7571923686,56345.596612623325,99402.22329769994,0.008020034669677267,0.006185287996155031,-0.008866740365705228
2020-04-04,995708.6933378801,57503.53060172585,101382.47891249327,0.020740561982987016,0.020550567545913667,0.01992164308903499
2020-04-05,984939.4184110442,56861.97875623368,100254.64744012548,-0.010815688362360687,-0.01115673835639086,-0.011124520572645125
2020-04-06,1076592.1248706533,63404.81942994701,107350.31290488104,0.09305415617081092,0.11506530051939245,0.0707764242948763
2020-04-07,1057240.5437378788,62182.243646902236,105942.4535854277,-0.017974849235590895,-0.019282063950920025,-0.013114627068677276
2020-04-08,1085435.2155476178,64151.05206957138,108270.2787721622,0.02666817119031073,0.03166190711690775,0.02197254365887824
2020-04-09,1082901.7033416645,63866.353207140295,107797.73898850042,-0.0023340980370487596,-0.004437945337550042,-0.004364445986660526
2020-04-10,1000130.7204597216,59032.913727423766,101352.44915520953,-0.07643443779479209,-0.07568053031053834,-0.059790584605661
2020-04-11,1002755.5758394449,59134.103026458026,101257.81865746091,0.002624512302268567,0.001714116628250606,-0.0009336774645050117
2020-04-12,1027076.2834174386,60460.61405284135,102911.35829796594,0.024253874188267632,0.022432250740149318,0.016329994685138294
2020-04-13,1030692.5313139565,60111.88436654371,101050.4720496197,0.003520914614526305,-0.005767881980041745,-0.018082418492216368
2020-04-14,1041085.6566840372,60662.84920219666,101011.94371244218,0.010083633144048587,0.009165655701180997,-0.0003812781513637953
2020-04-15,998040.4180212962,58383.574855534745,98054.73344950232,-0.04134649093124998,-0.037572820542352336,-0.029275847531044064
2020-04-16,1073459.8311303966,63498.315109287876,105062.45050604404,0.07556749380814276,0.08760580807888396,0.07146740203164859
2020-04-17,1074689.6627263592,63513.31482782159,104758.0514133089,0.001145670811610655,0.00023622230775566244,-0.002897315751431373
2020-04-18,1123961.2907193785,67063.0291523206,107141.9210942539,0.04584730802008741,0.055889293986968624,0.02275595669052466
2020-04-19,1102113.9378268784,65634.08379284781,106134.51860770928,-0.019437816117774842,-0.02130749799904219,-0.009402505352301915
2020-04-20,1045118.8554375865,62267.54859119659,101595.52007344399,-0.05171432864888126,-0.051292484134867755,-0.0427664683819049
2020-04-21,1053560.6323075932,62666.07648648956,101571.37949323677,0.008077336683847358,0.006400250279795294,-0.00023761461322069355
2020-04-22,1096017.0104145198,65441.35672986171,105068.40455777624,0.04029799216579999,0.04428680394520135,0.034429236680519004
2020-04-23,1160560.9051590995,68514.3424882661,109681.96569630051,0.05888950092131218,0.04695785527628216,0.043910071328696176
2020-04-24,1179133.0665942172,69726.97694931702,111470.84107684444,0.016002746045087335,0.017698987058929916,0.016309658285092787
2020-04-25,1192794.314951917,70888.62505924069,111751.84925206022,0.011585841110502093,0.016659952298922143,0.002520911948821203
2020-04-26,1234166.539152421,72845.02350228018,113374.7175970198,0.03468512859417161,0.02759819987204648,0.014522071498782596
2020-04-27,1248638.5087311934,73485.79718376369,115083.24932065434,0.011726107554909992,0.00879639611158134,0.015069777105927384
2020-04-28,1254257.0950608412,73836.75786279791,115252.39196459642,0.004499770181969787,0.004775898098466458,0.001469741643032707
2020-04-29,1375878.9166690148,80851.12172725833,129926.10200054708,0.09696721835348598,0.09499826465152195,0.1273180520232342
2020-04-30,1321379.0147478525,77615.10724017628,127822.66383121183,-0.03961097249248202,-0.04002436104718943,-0.01618949646720247
2020-05-01,1377751.2773174034,80685.12811406361,130866.89984059587,0.04266169050694968,0.039554424171408975,0.023816089558295506
2020-05-02,1382641.5684645933,80997.12784627397,132694.95230487408,0.003549473136190251,0.0038668802975598826,0.013968791699848326
2020-05-03,1347139.346623076,79023.08882311473,131349.6681949695,-0.025677097124269244,-0.024371716326853088,-0.010138170944239966
2020-05-04,1354424.0466445975,79065.68997808895,131573.84617181157,0.005407532665260284,0.0005390975676689003,0.0017067266322234875
2020-05-05,1352012.0789135348,78802.3382452153,132908.62058749635,-0.0017808069319487085,-0.0033307966191988836,0.010144678859214995
2020-05-06,1363599.8599226142,78982.0450581329,136830.91343659372,0.008570767369468602,0.002280475642212565,0.029511199738283755
2020-05-07,1420343.471969192,82186.72084180114,146910.17152426476,0.041613096124692994,0.0405747379839243,0.07366214135771076
2020-05-08,1432266.664191384,82786.86697824793,145303.22630312655,0.008394583745058304,0.007302227541137629,-0.010938284289408795
2020-05-09,1406548.4701102686,81537.4483362667,141630.74412815904,-0.01795628895379986,-0.015091990886785367,-0.025274608612654625
2020-05-10,1284083.9058384032,73968.76656670654,129267.58099564735,-0.08706743270799944,-0.09282460910901114,-0.0872915214038874
2020-05-11,1275220.2303291583,73306.41088160563,126984.77161165816,-0.006902722998819666,-0.008954531971323232,-0.017659566044374686
2020-05-12,1323502.2749852159,75735.63383512571,129976.87723105757,0.03786173047426877,0.033137933289947075,0.023562712138033293
2020-05-13,1367684.3140810898,78598.10884273703,136849.00625723274,0.03338266955103464,0.0377956169726239,0.052871935167042805
2020-05-14,1391784.0416554897,79995.9403856975,143694.92592251414,0.017620826185019034,0.01778454422812281,0.05002535168149658
2020-05-15,1351999.7323845592,77535.23539997828,137708.33594634043,-0.028585116713659153,-0.03076037326213077,-0.04166180495059313
2020-05-16,1366530.8186660926,78683.58558946877,138428.99245478935,0.010747847010224243,0.014810688115751924,0.005233209039209763
2020-05-17,1392085.7316885348,80415.96487111924,142765.1423573404,0.018700575701166455,0.02201703530249821,0.03132400103227817
2020-05-18,1430737.252001784,82782.2922581977,143589.42531579192,0.027765186750651205,0.02942608959391224,0.005773698991511145
2020-05-19,1466565.1923210295,84166.90944549043,143625.78395615175,0.025041593254888417,0.01672600684907466,0.0002532125209071534
2020-05-20,1453142.249561563,83222.32562160084,140583.8546011918,-0.009152639671082818,-0.011222745733598938,-0.02117954918100662
2020-05-21,1368491.5306989583,78610.36873675974,134070.30942183285,-0.05825356663337333,-0.05541730359484254,-0.04633209978369546
2020-05-22,1421298.8541409252,81524.5796755284,135558.6061060315,0.03858797972611172,0.03707158464715232,0.011100867079495869
2020-05-23,1416449.6319919492,81484.4207285847,135952.914263241,-0.0034118244272469678,-0.0004925992517046396,0.0029087652089094806
2020-05-24,1358009.4411350414,78333.37849542103,129768.58633656145,-0.041258220226809916,-0.038670487008301,-0.045488748514099786
2020-05-25,1385163.740138491,79774.69561313058,131489.40820329942,0.01999566290257415,0.018399782383876184,0.013260696716498988
2020-05-26,1371027.131757544,78838.20876655026,130428.24625208316,-0.010205730897585918,-0.011739146597585681,-0.008070322664891494
2020-05-27,1411186.3505769507,81277.48724421175,135535.58281156103,0.029291337778214466,0.030940308206195866,0.039158209254817056
2020-05-28,1527953.8932199224,87258.12878416388,140624.74005085902,0.0827442404011578,0.07358300241224613,0.03754849563286711
2020-05-29,1524066.8164332008,87154.05627458157,139345.9020049586,-0.0025439751840483638,-0.0011926970132460912,-0.00909397624797681
2020-05-30,1660144.6157307373,94938.17945843366,143203.21928224716,0.08928598000447363,0.08931452552624708,0.02768159825145977
2020-05-31,1605159.9962882274,91494.99404198094,139669.71303633152,-0.033120379346173845,-0.03626765792323028,-0.024674768232348487
2020-06-01,1721436.8258023658,98059.16466874626,150095.19995305972,0.07243940154440498,0.07174349477254971,0.07464386293982206
2020-06-02,1646204.2027230323,93808.53095302577,140684.56889998403,-0.04370338890842962,-0.04334764353826148,-0.06269774820259899
2020-06-03,1714294.0344724245,97312.74718936885,142558.14895595788,0.041361716630757606,0.03735498467722298,0.013317594606312655
2020-06-04,1747666.2085326193,98742.2941187859,144682.76509622438,0.0194670070531191,0.01469023299316774,0.014903505382374727
2020-06-05,1720265.097290374,97264.23394663328,142688.28751524747,-0.015678686873079606,-0.014968866029935746,-0.013785177382049874
2020-06-06,1718544.7546096344,97261.99988864876,142513.2989439993,-0.0010000450997055266,-2.2968956767233095e-05,-0.0012263695520872142
2020-06-07,1725503.2744581487,97906.37459386085,144065.92245345,0.004049076888948955,0.0066251434882051985,0.010894586827723485
2020-06-08,1722743.060375777,97913.11176700066,144252.47312999895,-0.0015996574003828146,6.881240540024258e-05,0.0012948980117710729
2020-06-09,1704402.3390965157,97038.22237719203,144609.889233013,-0.010646231409146334,-0.008935364978396088,0.0024777121338637187
2020-06-10,1708320.2101275634,97474.82452356348,145708.14507068682,0.002298677337608357,0.004499280135969119,0.007594610876882513
2020-06-11,1583532.5185619462,90645.22121152104,137613.6189490509,-0.07304701473753517,-0.07006530502028718,-0.05555301055894335
2020-06-12,1634724.9348603485,93359.92286268352,139961.79315278298,0.032327985499717826,0.029948646104880794,0.01706353064227928
2020-06-13,1635960.3464071865,93547.48506913644,139879.61858892447,0.0007557305333105724,0.002009022723045595,-0.0005871213994008695
2020-06-14,1609156.9578200523,91952.21807923373,138573.28810560683,-0.01638388647133071,-0.017053018461412717,-0.009338962291258857
2020-06-15,1615293.204830629,91814.0300579244,139516.82509778425,0.003813330316074115,-0.0015028242297564498,0.006808938469139658
2020-06-16,1626000.3473265776,92726.99881100736,140805.9277558719,0.006628606165077766,0.009943673668468378,0.009239764861221245
2020-06-17,1653838.9780691492,93703.6700033705,139953.09994892214,0.01712092545880628,0.010532759658853585,-0.006056760681470652
2020-06-18,1634597.2770405433,92807.60355867885,138943.13130933073,-0.011634567381566097,-0.009562767868744326,-0.007216479234543716
2020-06-19,1599604.0490107462,90848.73385295211,137115.19417777372,-0.021407859000690865,-0.021106780378056245,-0.013156009327927487
2020-06-20,1604981.3116921606,91295.94080547232,137769.5055383495,0.0033616210741276298,0.004922544691091213,0.004771982890003024
2020-06-21,1595760.7328142007,90882.95624844368,137345.65778792143,-0.005744975851611933,-0.004523580713282738,-0.0030764990320015784
2020-06-22,1666610.9653384932,95229.36914925795,142440.04824944408,0.04439903242846732,0.047824290496588207,0.03709174751916078
2020-06-23,1659152.1946131866,95076.1666915256,142158.67965947452,-0.00447541200701973,-0.0016087732083179818,-0.0019753474772545854
2020-06-24,1626250.9706315722,92803.17618712575,137492.99533926073,-0.019830142218679958,-0.023907048248743235,-0.03282025643027864
2020-06-25,1613851.5841960106,92002.11495074074,136772.62716261484,-0.007624522081451035,-0.008631829957735149,-0.005239308190707503
2020-06-26,1594559.16458265,90856.88273002794,135268.38572970955,-0.011954271261549576,-0.01244789015259029,-0.010998117562784127
2020-06-27,1548473.0079893519,88276.13095240717,133533.3779382634,-0.02890213020434418,-0.0284045820203761,-0.012826410118569775
2020-06-28,1580825.696209985,89864.07555758346,134982.9372447274,0.02089328522596734,0.017988380188891817,0.010855408054862181
2020-06-29,1610269.521577779,91360.12202870079,135680.8011241482,0.018625598912255237,0.016647881390141173,0.005170015512075743
2020-06-30,1599092.9575728718,90700.26204522855,134900.4310992954,-0.006940803297298959,-0.007222625898692936,-0.005751513982724332
2020-07-01,1705384.0761142864,95519.34378308262,136233.96568822724,0.06646963082292912,0.05313194944741162,0.00988532488788163
2020-07-02,1678468.9246872657,94225.90749179179,134685.14815857625,-0.015782457338494038,-0.013541092725973147,-0.011368806022981626
2020-07-03,1680932.01414995,93900.06601271933,134152.1235709376,0.0014674620581034414,-0.003458087990299785,-0.003957560242730529
2020-07-04,1714287.3546465014,95631.68543927996,134819.16478061638,0.01984336083539895,0.01844108849003434,0.004972274697731871
2020-07-05,1697732.6189556106,94803.0341189968,133954.8757844969,-0.009656919912533923,-0.008665028922963947,-0.00641072801130238
2020-07-06,1788413.2225503325,99973.85321827795,138406.27190871196,0.053412770999538006,0.05454275959976895,0.0332305643833104
2020-07-07,1872915.3369964906,103049.07475279615,136587.56139485136,0.04724977056793134,0.030760258162741083,-0.013140376435109458
2020-07-08,1970377.136835944,107767.76654013622,139186.59868379426,0.05203748290926402,0.04579072445492316,0.019028359994139654
2020-07-09,1917420.047862424,105238.3976671812,136966.81863194355,-0.0268766257908164,-0.02347055111337948,-0.015948231171979632
2020-07-10,1900159.9399942337,104342.19571415939,136979.21689947307,-0.009001735372190511,-0.008515921687216044,9.052022711308894e-05
2020-07-11,1950476.9163438934,106135.06606814587,136411.43391298127,0.026480390040120705,0.01718260136002847,-0.004145030168397623
2020-07-12,1985120.5156794155,107792.66393845351,136945.15049694717,0.017761604377487528,0.01561781540931384,0.003912550206798482
2020-07-13,1975204.676317714,107113.16477791395,136459.67182362525,-0.004995081801523749,-0.006303760717218498,-0.003545059255915306
2020-07-14,2006383.0875211945,108388.52016863145,136453.7610216635,0.015784901472390755,0.01190661664569248,-4.331537576462985e-05
2020-07-15,1975525.6433557146,106975.0334720785,135710.0668021539,-0.015379637297283533,-0.013040926237887884,-0.005450155524782785
2020-07-16,1930448.5201861765,104669.85592447151,134815.31555104617,-0.022817786912129434,-0.021548743410383375,-0.006593108913667711
2020-07-17,1910907.4069760402,103823.70262615065,135098.24113275198,-0.010122576699559849,-0.008084020856314433,0.002098616025556055
2020-07-18,1912971.1667759935,104209.1588526135,135211.13745022143,0.00107998942932519,0.0037126033527314917,0.0008356608977500013
2020-07-19,1953811.3077021635,106141.46898708974,135606.4403521513,0.02134906246130175,0.018542613295719823,0.002923597193133398
2020-07-20,1906607.0517991944,103881.73918796297,135287.7760434621,-0.024160089419527964,-0.021289792017120335,-0.0023499201650132306
2020-07-21,1955202.217374699,106906.31131274391,138397.60753803144,0.025487771866597786,0.029115532223698226,0.02298678850016933
2020-07-22,2019294.1906070714,109984.65415523009,140619.01666456915,0.032780227366164816,0.028794771839810274,0.016050921443329536
2020-07-23,2075016.7603703183,112306.72179417993,141441.42546630112,0.027595072586473757,0.021112651185614784,0.00584848921034431
2020-07-24,2102516.242220999,112933.43450809481,140789.21892788733,0.013252655292178561,0.005580366908611412,-0.004611142289209891
2020-07-25,2201216.877746705,121803.69273810525,142859.23944125345,0.046944053769326866,0.07854412883701545,0.014702976045533722
2020-07-26,2220985.8526737685,123648.32738618883,146225.902489356,0.008980930105942253,0.01514432449966674,0.02356629547567346
2020-07-27,2335416.7394663175,126430.14201358469,162253.73400497355,0.051522564475045884,0.02249779423790721,0.10961007073821438
2020-07-28,2342075.8542122305,128857.70349864569,161101.516870366,0.0028513603732389647,0.01920081276820973,-0.007101328925793626
2020-07-29,2348279.4080517776,127233.60203222389,163871.63583462627,0.002648741640195018,-0.012603836808552704,0.017194865809297744
2020-07-30,2390215.082959872,129251.93332024207,164030.27599264364,0.01785804311203587,0.015863193808715703,0.0009680757576464583
2020-07-31,2457099.359853692,131575.2632536564,167163.67861210922,0.027982534865019337,0.017975204499710795,0.0191025870102548
2020-08-01,2619727.976826876,139120.01963801935,173602.02685724254,0.06618723671918092,0.05734175404853925,0.0385152342816828
2020-08-02,2513028.187198287,132335.4679020947,163179.95667238007,-0.04072933929492495,-0.04876761628971571,-0.06003426557590141
2020-08-03,2609864.7356669703,137009.41006766644,166025.21490450532,0.03853380911602278,0.03531889250604858,0.017436321777176023
2020-08-04,2624939.8428980503,138974.47238391402,165427.97882433582,0.00577620250776234,0.014342535416195679,-0.00359726129861071
2020-08-05,2734015.5104265874,143260.6024708256,173416.45650882385,0.04155358753216709,0.03084113228414531,0.04828976175167332
2020-08-06,2697022.8923665783,142144.21125462782,173899.945692705,-0.013530507752765875,-0.00779273015011317,0.002788023660583505
2020-08-07,2634619.9465818624,138389.34584366958,171267.7646630058,-0.02313771453751312,-0.02641588692086816,-0.01513618086086388
2020-08-08,2700307.936746463,142689.8132868332,173520.14062518705,0.02493262462763335,0.031075133833074142,0.013151196120374076
2020-08-09,2671485.87205942,141433.4599778884,172364.1319273699,-0.010673621439549641,-0.008804786270336762,-0.006662100973708895
2020-08-10,2703212.4530261317,142356.6472307318,175351.6674876916,0.011876005521322064,0.006527361014767807,0.017332698670629254
2020-08-11,2577441.013874931,135838.52318858058,168448.8887908562,-0.04652665720387794,-0.04578728263799736,-0.03936534391564839
2020-08-12,2633844.333868572,138088.13434164616,171023.61970880517,0.021883457153824226,0.0165609217492928,0.015284938573538076
2020-08-13,2749753.57020746,143492.6393508414,173964.3734340881,0.04400762598169239,0.039138084057417144,0.017195015111304723
2020-08-14,2811460.9958824404,145047.77924900904,173738.99888026356,0.022441074845235942,0.010837767743370419,-0.0012955213149428157
2020-08-15,2807255.890675473,144926.26135765857,175168.4182102871,-0.001495701065433952,-0.000837778365029962,0.008227394765919271
2020-08-16,2830267.1918722177,145837.24114111564,175568.5650865076,0.00819708002864239,0.006285815799863093,0.0022843551383795457
2020-08-17,2852604.763645803,147253.11033359426,180906.69683770664,0.007892389749537765,0.009708557165508891,0.03040482644811049
2020-08-18,2800674.5665602954,144354.0827711172,177021.64204096832,-0.018204483757202183,-0.01968737744085325,-0.021475461465219503
2020-08-19,2715351.11064503,138862.7039793067,173582.6942098506,-0.030465323223917817,-0.038041035531481415,-0.019426708460436926
2020-08-20,2778369.6644314355,142459.11837332684,175355.51671726178,0.023208252346944347,0.025899066422875316,0.010213129341499538
2020-08-21,2659720.9703181107,135146.47059599534,171135.1464502103,-0.04270443045511907,-0.051331552945372394,-0.024067507803910648
2020-08-22,2685313.60645379,136572.42646116816,172453.97611718855,0.00962230114410012,0.010551188343168372,0.007706363621583279
2020-08-23,2659296.706010329,134569.2155045836,172203.3436974201,-0.00968858921391258,-0.014667755479574218,-0.0014533293195753139
2020-08-24,2733495.947299882,138257.3870720334,173823.50893172642,0.02790182875113323,0.027407245807449687,0.00940844236539995
2020-08-25,2603954.0884733642,130176.6420493389,167793.56826896983,-0.0473905435837495,-0.0584471122579826,-0.03469001805230498
2020-08-26,2652802.838051001,132523.31082977448,169597.97752540105,0.01875945117230371,0.01802680376058663,0.010753745063331488
2020-08-27,2665062.555005559,130482.28592959626,167162.6550342085,0.004621420325215508,-0.015401251956343787,-0.01435938403704018
2020-08-28,2712925.0473849103,133120.20097886966,170397.1756169905,0.017959237875844636,0.020216652632041754,0.01934954061432026
2020-08-29,2713283.8317719423,135388.5319165202,169871.1142423946,0.00013225001825167837,0.017039719899541117,-0.0030872658111327222
2020-08-30,2814277.7103892835,139542.65321566982,172892.13954163616,0.03722201025735883,0.03068296287983263,0.017784220187846422
2020-08-31,2806046.07455,140888.72658101335,172439.14144592357,-0.002924955063565826,0.00964632199778448,-0.0026201196706430174
2020-09-01,2990289.0106747886,148415.7369082336,176715.2462504973,0.06565926974464786,0.05342521371212827,0.024797762089964426
2020-09-02,2866095.96967716,140716.5748531828,168500.68759926734,-0.041532119656087385,-0.051875644830111534,-0.04648471948812871
2020-09-03,2491767.9048758205,121047.18447097034,151247.09992268393,-0.1306055584885053,-0.13978019577817746,-0.102394761246413
2020-09-04,2537884.5516804266,124656.11078526801,155181.57479045854,0.01850760125546458,0.029814211128249557,0.02601355576262865
2020-09-05,2345519.549519727,113244.92671588626,150129.1366062742,-0.07579738094600386,-0.09154131311732161,-0.03255823502891142
2020-09-06,2337672.5680130282,121464.65935713619,151764.59784273035,-0.003345519549519671,0.07258367221934758,0.010893696409813414
2020-09-07,2337672.5680130282,120713.9962778789,153081.59660275944,0.0,-0.0061800945495607,0.00867790498409815
2020-09-08,2337672.5680130282,119054.74656188539,149567.40858764565,0.0,-0.013745296876544355,-0.022956306264775628
2020-09-09,2337672.5680130282,123055.71442836984,151203.56182042908,0.0,0.03360611804254887,0.010939236349907455
2020-09-10,2369107.3081860156,126199.0832436199,152986.74985615857,0.013447024447784894,0.02554427341998644,0.011793293850095976
2020-09-11,2361125.531440129,127970.25756915084,153544.4268129548,-0.00336910730818607,0.014034763803408845,0.0036452631180188266
2020-09-12,2361125.531440129,133233.86988070747,154153.47008045766,0.0,0.0411315286187679,0.003966560559340859
2020-09-13,2361125.531440129,133013.36973198294,152405.3576085646,0.0,-0.0016549856948684383,-0.011340078630605266
2020-09-14,2399251.6636292255,136026.83703080335,157676.81263031706,0.016147439719497614,0.022655371447941164,0.03458838392867758
2020-09-15,2276942.947885826,129789.01119556077,159390.9451992251,-0.05097786013760186,-0.04585731736032361,0.010871177190313608
2020-09-16,2269481.5357500133,130678.863812175,162018.0083394208,-0.0032769429478858303,0.006856147592290585,0.01648188444401355
2020-09-17,2269481.5357500133,132454.3921744374,161635.43528659397,0.0,0.013586958980714714,-0.0023612995663133685
2020-09-18,2269481.5357500133,131441.16686737988,161570.41646501468,0.0,-0.007649616524026959,-0.000402255987147937
2020-09-19,2269481.5357500133,132021.54914871388,163781.27264756215,0.0,0.004415528978980898,0.013683545731443925
2020-09-20,2269481.5357500133,128475.43585590961,161477.1987931008,0.0,-0.026860109699286983,-0.014067993350005525
2020-09-21,2269481.5357500133,117508.09593877796,154450.0337564459,0.0,-0.08536526725180349,-0.04351800185522636
2020-09-22,2269481.5357500133,119491.46599796985,155574.9458693082,0.0,0.016878582223179173,0.0072833400259153525
2020-09-23,2269481.5357500133,113269.67559369298,151260.2334363111,0.0,-0.05206891012938586,-0.027733979972724532
2020-09-24,2416648.2219705833,121589.98792600313,158846.43058923638,0.06484595001207394,0.073455779657706,0.050153282066164984
2020-09-25,2556784.207166264,126855.8623072358,157852.1760329091,0.05798774679808827,0.043308453854254525,-0.006259218747560857
2020-09-26,2605630.760199235,128909.14049280586,158708.50707126546,0.01910468349110639,0.016185914850329608,0.005424892199001663
2020-09-27,2661266.3550472884,131062.5236202975,159070.86806470115,0.021352064036809004,0.016704658174428122,0.0022831856976197606
2020-09-28,2678447.63933165,131429.4913096975,158102.18853930105,0.006456055874217936,0.0027999437158949814,-0.006089609852421907
2020-09-29,2758108.6371737164,134706.10970885213,160094.96496264017,0.029741480353128846,0.024930617675706257,0.012604356977915954
2020-09-30,2767374.5058246325,135019.56733136685,159207.0039254934,0.003359500973250551,0.0023269740562785746,-0.005546464483464519
2020-10-01,2662559.7024826193,130661.67173295234,156770.60019003955,-0.03787517848466271,-0.03227602994549161,-0.015303370300178809
2020-10-02,2607241.716445588,128059.19985610645,156128.75917994406,-0.020776242495314512,-0.019917637990770842,-0.004094141435431409
2020-10-03,2640758.287080639,129249.73515681222,155735.40251768453,0.012855183477481269,0.009296757296965108,-0.0025194375739973074
2020-10-04,2703131.4491977235,132047.72231606836,157510.6614288312,0.023619413568531478,0.021647914062349782,0.011399199427022166
2020-10-05,2714974.03451491,132644.64520023568,159337.6326488481,0.004381061572385381,0.004520508750151198,0.01159903211277169
2020-10-06,2623261.1062293476,128130.02115205943,156548.48378558902,-0.03378040714925257,-0.034035479090476106,-0.017504646058134177
2020-10-07,2637545.156982558,128749.54033431777,157501.59339362645,0.005445150206089044,0.004835082182052641,0.0060882710901424275
2020-10-08,2681720.1666207504,131145.00988899422,161143.7718960974,0.01674853206635918,0.018605655200447657,0.02312470892512475
2020-10-09,2772346.817081385,135821.375139342,163340.03848941243,0.03379422341997507,0.035657973218394146,0.013629236597062722
2020-10-10,2818320.498560055,137906.98669798294,166763.53173588868,0.016582947413148474,0.015355547361387334,0.02095930231275278
2020-10-11,2847458.8969605365,139355.674933213,168059.98685495314,0.010338922920714255,0.010504821183590307,0.0077742124166433335
2020-10-12,2959737.4103026227,144826.0943785552,170587.07094245436,0.03943112698200335,0.039255089166364554,0.01503679807902314
2020-10-13,2936774.0407530842,143411.39946309372,168675.84916959723,-0.007758583403245423,-0.009768232178958391,-0.011203790312466655
2020-10-14,2928307.5486191544,142989.81245523438,168729.1040536136,-0.002882922559394041,-0.00293970360402096,0.0003157232305546209
2020-10-15,2938793.9444396207,143226.58419791935,169701.1138113385,0.003581043195210576,0.0016558644187263383,0.005760771167350187
2020-10-16,2861845.2087265304,139271.4970600584,167143.8413840619,-0.026183780546670143,-0.02761419718280489,-0.01506927308750361
2020-10-17,2891915.044716578,140608.49962350543,167674.97739839082,0.010507149687326356,0.009599972655355726,0.0031777181254826203
2020-10-18,2927122.3581805443,142791.30960678784,169524.10691746924,0.012174394102028918,0.015524025852826195,0.011028058853915557
2020-10-19,2941461.6804470983,143331.31480689291,173342.8598161049,0.004898777882133665,0.0037817791684391366,0.02252631185070797
2020-10-20,2865096.553915595,139463.05426650503,175915.94724277672,-0.025961625486787154,-0.026988244303762232,0.014843919324981414
2020-10-21,3006497.384781236,146724.37583459253,189310.84806600725,0.049352902495517936,0.05206627379758633,0.07614375520341321
2020-10-22,3088456.1503196186,151755.91528902669,191410.119840789,0.02726054775675335,0.03429245771749878,0.011089019970212055
2020-10-23,3060527.256875909,150404.05967063518,190902.98744906083,-0.009042994973660012,-0.008908091759170178,-0.0026494544392428043
2020-10-24,3073717.366319214,151106.071521969,193508.93028468592,0.00430975068549766,0.004667506002637989,0.0136506131750318
2020-10-25,3035737.4901307872,149116.00673958147,192373.85447576744,-0.012356333280540976,-0.013169985575981258,-0.0058657541398662305
2020-10-26,3038492.9834129107,148266.40037645822,193024.50402244498,0.0009076849665301534,-0.00569762013951336,0.003382214014740148
2020-10-27,3096964.3316453593,151337.94573333513,201571.61015867916,0.019243535710512738,0.020716395279564814,0.04427990207523247
2020-10-28,2988533.5362201296,145898.17008849003,195918.51916245965,-0.0350119613317027,-0.03594455850768752,-0.02804507535445766
2020-10-29,2950708.264709532,144222.8764152869,198377.93177579387,-0.012656800083441166,-0.011482622929314457,0.012553242153156674
2020-10-30,2897371.1240409208,141779.2796401217,199981.73418027928,-0.01807604679409458,-0.016943198165933926,0.00808458072996765
2020-10-31,2909170.365370255,142527.07605274086,203443.15747544178,0.004072395569704623,0.005274370236026504,0.01730869726353168
2020-11-01,2963111.798192871,145320.46134191274,202795.29033066335,0.01854186109714151,0.019598979832703645,-0.003184511845067295
2020-11-02,2867043.5218478865,140639.73302824647,200040.29436947106,-0.03242141467749349,-0.03220969896767234,-0.013585108198026719
2020-11-03,2916010.1997709507,141282.8545902665,205942.54729326366,0.017079154030945398,0.004572829798324962,0.02950532012761009
2020-11-04,2983380.575762793,143901.59778332672,208650.09825627028,0.02310361465715527,0.01853546349027857,0.013147117963686394
2020-11-05,3134553.1029284317,150256.6759268155,229998.8913642175,0.050671553067609176,0.04416266560888116,0.10231863433740629
2020-11-06,3362878.801711897,160423.00469932795,229792.69087529328,0.07284154751442995,0.06765974762721427,-0.0008965281862932661
2020-11-07,3182004.412307561,152251.39934322945,218984.60207255793,-0.053785580768554775,-0.05093786499893882,-0.0470340843373509
2020-11-08,3327166.609297327,158213.32971686634,228518.4805548312,0.04561973466419422,0.03915846027921588,0.04353675277640923
2020-11-09,3281265.5943338135,156136.08036883845,226344.66059238068,-0.01379582700645332,-0.013129420585138218,-0.009512665921690977
2020-11-10,3295623.618897801,156937.60223094723,225733.29625386358,0.004375758118690953,0.005133482665988343,-0.0027010327388199418
2020-11-11,3357529.30439462,158878.77509291327,231792.416095085,0.01878420980534279,0.012369074296862514,0.02684194109497806
2020-11-12,3380340.8613004265,159140.82832409043,240280.96204212744,0.006794149756473855,0.0016493910594659322,0.036621327349900534
2020-11-13,3435902.500499347,161945.36953261693,240893.0904599225,0.01643669720856078,0.01762301502424668,0.002547552717421464
2020-11-14,3360883.5508244946,158904.6668252147,237207.31618883612,-0.021833841229182194,-0.018776101571646442,-0.015300456580341737
2020-11-15,3283614.505920311,155691.6786257947,235545.7753407975,-0.022990693886203784,-0.02021959621207392,-0.007004593596581565
2020-11-16,3405394.394291655,160594.27803544866,246773.06975193246,0.03708714532469526,0.03148915505906613,0.047665021352604864
2020-11-17,3581093.109493093,167434.6337038765,260491.86810607687,0.05159423398827334,0.04259401861701395,0.05559276937282975
2020-11-18,3553838.711614852,165846.82578390813,262833.20884607756,-0.007610636485824052,-0.009483151035385773,0.008988152900985202
2020-11-19,3531012.429629666,165015.4251256525,263026.36232091545,-0.006422993229992069,-0.005013063435648335,0.0007348899162549216
2020-11-20,3816689.9826676818,176199.48658566843,274898.79914129036,0.08090528105786876,0.06777585459965185,0.045137820846602006
2020-11-21,4073771.4099082323,187453.34454923074,275207.6025023165,0.06735716770500266,0.06386998158527923,0.0011233347035009
2020-11-22,4198751.168371,190946.7788972117,271188.77616557066,0.03067912896604663,0.018636287105901594,-0.014602889964538845
2020-11-23,4419260.81304158,199786.3974602947,271101.9594596836,0.05251791207149137,0.04629362492593514,-0.000320133845930326
2020-11-24,4673580.354239007,210180.3039247185,282075.63721688895,0.05754798188124832,0.05202509578505943,0.040478046632625775
2020-11-25,4450077.942910219,198908.19250116212,276534.59195931995,-0.047822524571781155,-0.05363067429759627,-0.01964382784787777
2020-11-26,4027750.5510599753,179800.06141299935,253187.58737354682,-0.09490336961919676,-0.09606507830516398,-0.0844270672263947
2020-11-27,4055606.4291672413,180899.80370822246,252564.30051497513,0.006915988901034398,0.006116473412637102,-0.0024617591448198306
2020-11-28,4373885.6573028825,193004.27766956718,261554.8897974225,0.0784788252249109,0.06691258759389429,0.03559722915754793
2020-11-29,4512784.803796638,199774.69642399412,268346.7184164588,0.031756464932237494,0.03507911242266992,0.025967125387319934
2020-11-30,4774792.504735092,210658.45022696938,289728.1362679168,0.05805898404861343,0.054480141868798126,0.07967832801396613
2020-12-01,4491113.589993595,199227.1607924569,277580.9192392712,-0.05941177851397239,-0.054264566278713566,-0.04192625951044282
2020-12-02,4575631.257776979,202351.5355965572,283457.8133809889,0.018818866655186284,0.015682474175070293,0.021171823185194727
2020-12-03,4695236.537666897,207031.06702510666,287064.4117389681,0.026139623835865322,0.023125751997649102,0.012723580680175761
2020-12-04,4386763.167056352,193286.87111440318,276056.9414944498,-0.06569921837501891,-0.06638711816636056,-0.0383449490580795
2020-12-05,4572183.187145285,201590.55359101092,282766.0188860215,0.04226807170293534,0.04296040609862706,0.02430323742359719
2020-12-06,4571397.935167365,201968.99241818214,285584.05859594245,-0.0001717455197614015,0.0018772646854228192,0.009965977245154134
2020-12-07,4503443.7587996265,198940.4112610255,283318.1454556097,-0.014865075701455122,-0.014995277843867671,-0.007934312410408872
2020-12-08,4216838.365295008,186365.11623036113,270467.5141603353,-0.06364138398411179,-0.0632113654081301,-0.0453576006387062
2020-12-09,4334430.368425361,191747.00706223372,273903.82375545544,0.02788629606914661,0.02887820929545737,0.012705073309037251
2020-12-10,4227638.572258661,187112.30778656335,269638.5602266749,-0.024638023243985452,-0.024170908045339834,-0.01557212115661677
2020-12-11,4168900.182440058,184019.77269807854,266596.16954083013,-0.013893900534458714,-0.016527694650703695,-0.011283218109780502
2020-12-12,4315756.658775625,190840.3637279622,277590.63602103264,0.035226671282307276,0.03706444655311136,0.041240151721379625
2020-12-13,4488722.338691541,198196.5327349819,282591.11681431415,0.04007771836815888,0.03854619045636354,0.018013866983980886
2020-12-14,4587250.58533568,201035.67080915865,284130.2896451544,0.021950176288440204,0.014324862473618971,0.005446642655266398
2020-12-15,4536182.92429046,199787.4862119716,286646.3017914199,-0.011132520470643503,-0.0062087717675333165,0.008855135259981495
2020-12-16,4856237.472330895,214520.4551244268,314599.5799293962,0.07055591747118495,0.07374320179805327,0.09751836309514528
2020-12-17,4921963.578673458,216993.09213416357,336663.2196599617,0.01353436826700638,0.01152634609274239,0.07013245133867341
2020-12-18,5003741.952182927,220647.48203627157,341576.19175102905,0.016614989567133254,0.016841042570371556,0.014593135822884351
2020-12-19,5190121.917165691,226882.79816356386,352380.5034071449,0.03724811686211238,0.028259176446288503,0.03163075154837203
2020-12-20,5181614.222906022,224675.76628119135,346585.63966338424,-0.0016392089425742995,-0.009727629861041365,-0.01644490454985592
2020-12-21,4939599.58559515,214212.3391531438,336632.5123229409,-0.04670641751773308,-0.04657123151836551,-0.028717656479103182
2020-12-22,5113104.752210644,221962.02732713454,351099.0703750174,0.03512535046797516,0.03617759931397013,0.042974334095805755
2020-12-23,4750548.738027598,205245.91779548343,343102.418483914,-0.07090721425691415,-0.07531067242873202,-0.022776055438033516
2020-12-24,5033221.301892374,217307.39584806256,350404.04656385625,0.059503139416719364,0.05876598269105515,0.021281190940612982
2020-12-25,5184401.797665618,223522.22397964532,364116.1556201708,0.030036528637515714,0.028599248117298526,0.03913227940938091
2020-12-26,5334428.224362879,228996.39817091016,390279.09509370284,0.028938040019354405,0.0244905141591798,0.07185327832809474
2020-12-27,5290233.442724201,231679.31237449765,387847.0740016548,-0.008284820749267174,0.011715966823133694,-0.0062314920850785605
2020-12-28,5705704.046685505,249923.18501197762,399841.8788392282,0.07853540083995947,0.07874623094525468,0.03092663485588698
2020-12-29,6048776.934845795,261532.31398207386,403940.40008632664,0.0601280552501815,0.04645078834738703,0.010250355112868093
2020-12-30,6042077.423813125,262726.9545043984,425767.11757435685,-0.0011075811035575756,0.004567850542577467,0.054034499850387885
2020-12-31,5985676.420097056,259633.1341049768,428140.4631444919,-0.00933470390395541,-0.011775801250608953,0.005574281038085438
2021-01-01,5982368.453323059,258567.36534769463,433638.51813023165,-0.0005526471098388219,-0.004104902715734493,0.012841708408869223
2021-01-02,6218423.852915206,269873.24688358285,474281.62491694244,0.03945851905210285,0.04372509083149456,0.09372577639540935
2021-01-03,6894654.921834833,304368.7744160709,483947.5161152249,0.10874637768581974,0.1278212195200239,0.020380066800975483
2021-01-04,7000730.6956445575,314462.77309469343,471988.20492260234,0.01538521869655729,0.033163712992529515,-0.02471200036033483
2021-01-05,7517484.627411258,337236.5301575259,501816.2452769449,0.07381428514143451,0.07242115446197728,0.06319658000613337
2021-01-06,8508185.113242703,377357.35365986126,543622.9150547117,0.13178616717339464,0.1189693876982858,0.08331071417326164
2021-01-07,8557733.715774817,379131.8691806289,581218.498849484,0.005823639456902896,0.004702480297673395,0.06915746697504188
2021-01-08,8658469.155029092,381926.8442070029,602278.3114078622,0.01177127526982824,0.007372039265426178,0.0362338992996023
2021-01-09,8983809.461301027,397108.5079784293,594261.3032914662,0.037574806867905375,0.03975018776946193,-0.013311135341493197
2021-01-10,8479337.771537809,379242.18421576906,566240.3536793229,-0.05615342711088189,-0.04499103747137734,-0.04715257321474953
2021-01-11,7732699.845815744,341161.64772146405,525055.9039324566,-0.08805380158675469,-0.1004121853507709,-0.07273315912449096
2021-01-12,7719149.632371188,336560.20323851873,500790.7067199908,-0.0017523263174230586,-0.013487578435844805,-0.046214502171538885
2021-01-13,8361497.639234954,364286.16605023394,550886.050838952,0.08321486659229937,0.08238039597351299,0.10003249550509552
2021-01-14,8581852.08190136,378745.41404012166,578506.39224399,0.02635346587104559,0.039692004082015675,0.050138030111625875
2021-01-15,8286098.299616511,365034.3773239482,543637.7353093866,-0.03446269866484619,-0.036201195335716974,-0.06027358971670138
2021-01-16,8880568.127186265,388316.66647856584,534082.9960211654,0.07174303346090727,0.06378108638780589,-0.017575563040677422
2021-01-17,9274700.811905494,400213.5608150067,528371.8926661798,0.044381471891720814,0.030637094318735736,-0.010693288117263444
2021-01-18,9244368.327589167,401818.3356114816,540754.7056110668,-0.003270454209950424,0.0040097961528511306,0.023435790428599335
2021-01-19,9278233.163931746,403564.17392638477,532483.677176217,0.0036632937094804863,0.004344844822091964,-0.015295342507474552
2021-01-20,9329779.863671761,403757.501832701,524776.7987471408,0.00555565901710664,0.00047905121119962146,-0.014473454791977924
2021-01-21,7931288.184478515,344399.78962836124,455067.10706466273,-0.149895463733146,-0.14701327389561403,-0.1328368400602007
2021-01-22,8686293.582562273,375167.0380473074,487250.47225145204,0.09519328771350155,0.08933585137246114,0.07072224005462169
2021-01-23,8637311.869683443,370930.2630617165,473401.40558870666,-0.00563896585042456,-0.011293036316950222,-0.02842289017956745
2021-01-24,9126424.2923969,388303.56145896896,476674.807715125,0.05662785251858482,0.04683710154531617,0.006914643868341841
2021-01-25,8884333.750731612,380508.14062247984,477811.7288475827,-0.026526329908523993,-0.02007558418264177,0.0023851084933719235
2021-01-26,8958479.64607396,383709.34956031915,480815.28123956174,0.008345690000248096,0.008412984102264875,0.006286058316783416
2021-01-27,8416374.603628159,359780.17360729113,449263.1608691073,-0.06051306291502012,-0.062362764890789735,-0.06562212475675022
2021-01-28,8997355.387089279,387298.82021509163,494046.2221830093,0.06902981519033968,0.07648739043035135,0.09968113394222766
2021-01-29,9140850.277692547,394690.2834641183,506598.6895607887,0.015948563153254547,0.01908465211673449,0.02540747568580648
2021-01-30,9397119.278645918,402625.50800873747,505906.86623264104,0.028035575812763502,0.02010494019506459,-0.0013656239986475915
2021-01-31,9096289.87402416,388726.47242634895,488853.654742561,-0.0320129388274728,-0.03452100104419342,-0.033708203284669724
2021-02-01,10235772.511541706,426153.38865397783,495095.5192805316,0.12526894517417597,0.09628085268805586,0.012768370405776608
2021-02-02,10741092.750556147,449073.62937108905,524223.77834896336,0.049368060734512165,0.05378401610158656,0.05883361479570781
2021-02-03,11271973.187782053,472672.3720023722,553185.0356370902,0.049425179500327765,0.05254982944407649,0.055245981743407446
2021-02-04,11463852.539954677,474480.388719428,545124.3164193576,0.017022694161533902,0.0038250949794178535,-0.014571470120209096
2021-02-05,13432684.008817093,538933.0500840036,563108.724300446,0.1717425675182489,0.13583840954633875,0.032991388091470286
2021-02-06,14636387.103795756,571950.6637560197,579667.9657456053,0.08961002091529613,0.06126477800325958,0.029406828078771152
2021-02-07,14592466.266225468,565114.4424154258,574315.4894872064,-0.0030007977555401855,-0.011952466836387954,-0.009233693380855001
2021-02-08,16398577.47085619,630444.9812677336,681979.3920610435,0.12377011340509303,0.11560585599807083,0.18746473766529914
2021-02-09,18623463.508684255,693613.5723039887,686181.4244254235,0.13567555123498787,0.10019683384461597,0.006161523959955506
2021-02-10,21856193.86569438,776447.2353792863,663108.6522174953,0.1735837351361995,0.11942335960951223,-0.03362488605290981
2021-02-11,21958958.45915553,785303.4068787238,707265.7451870576,0.004701852211443258,0.011406018459337197,0.0665910372634968
2021-02-12,22658427.900811866,809508.6572330734,701294.5665457549,0.03185348899663776,0.03082280064281928,-0.008442623839676422
2021-02-13,22228626.04205829,795067.5764702071,695399.3345013657,-0.01896874137230753,-0.017839316026867946,-0.008406213773231364
2021-02-14,22137968.316250686,792734.0709256817,719193.2822149881,-0.004078422374647506,-0.002934977621506296,0.03421623595697554
2021-02-15,21758167.75356002,779793.8857916533,707793.1617211276,-0.017156071291865804,-0.016323488050561608,-0.0158512610945839
2021-02-16,22045638.09039226,788021.6493825886,726317.4420701762,0.0132120654683896,0.010551203004858678,0.026171883752032166
2021-02-17,24672525.249011174,864232.8674770722,769854.3333314593,0.11915677595032914,0.09671208672273757,0.05994196027730325
2021-02-18,26470210.913914423,919335.2064976254,762927.5654286132,0.0728618431538659,0.06375867094873611,-0.008997504596578998
2021-02-19,33795521.392578036,1104480.2697837364,825053.4963619014,0.27673789613867283,0.201390158864311,0.08143096900475189
2021-02-20,33583197.01574946,1094295.047438103,828174.1114659035,-0.0062826187636567665,-0.00922173317557562,0.0037823185014820293
2021-02-21,35350706.86512874,1138726.6990803853,849438.5242716993,0.05263077986739528,0.040602990707399256,0.025676258785917394
2021-02-22,33609186.68707951,1073708.8214105882,800240.3533909913,-0.04926408359226131,-0.05709699941373492,-0.05791845963531028
2021-02-23,29456417.994780317,943235.604455732,720774.8974872319,-0.12356052322728939,-0.12151638726731018,-0.09930198541853996
2021-02-24,31705604.53853687,1003753.4940470912,733779.3537994133,0.07635641727229392,0.06415988678277196,0.018042326886684945
2021-02-25,30602426.354215126,953647.9823964804,695227.1427486067,-0.034794422007657144,-0.04991814419353857,-0.052539242009451814
2021-02-26,31504300.126096863,968383.9184244612,684094.824833384,0.02947066227503603,0.015452175540653812,-0.01601249035129826
2021-02-27,32395079.01596402,990162.5266391088,681861.1183554479,0.028274835063841763,0.022489642589357484,-0.003265200081699393
2021-02-28,31241192.887051806,956718.7028178164,666350.3090124018,-0.03561917933102088,-0.03377609525863412,-0.02274775452874611
2021-03-01,34393959.299653724,1054193.2619562258,732685.5959378665,0.100916966391146,0.10188424126268081,0.09955017057586457
2021-03-02,32797141.42314485,1006139.9724833955,714199.0870550124,-0.046427277028409764,-0.04558299811522204,-0.025231161886280384
2021-03-03,33227275.927878816,1031197.5123534651,746075.2635388724,0.01311499984661535,0.024904626150794362,0.04463205996986197
2021-03-04,31327251.575744595,982085.574525548,716888.5307807898,-0.057182669932326124,-0.04762612131969812,-0.039120359814156846
2021-03-05,31755448.912546452,990562.7092351796,722293.6564264188,0.013668525493420347,0.008631767871885243,0.007539701660092213
2021-03-06,31410206.964643482,1002477.7423162839,722073.3709289174,-0.010871896311519857,0.012028550004980376,-0.0003049805235605385
2021-03-07,32587853.655942984,1040056.9084778093,755943.3041642469,0.037492484294201045,0.03748628480737781,0.046906498146797926
2021-03-08,32693990.004196707,1058810.4791814056,771293.9163575392,0.0032569296945510473,0.01803129285592986,0.020306565464276005
2021-03-09,36465468.891409926,1153469.419141644,809345.8717301192,0.11535694746126435,0.0894012118518337,0.04933522042061678
2021-03-10,35577114.547805324,1120690.9649825739,826831.1772601935,-0.024361522574960492,-0.02841727194073529,0.021604243798385436
2021-03-11,36345520.1597607,1141829.1287136143,853353.2051611971,0.021598311772104584,0.01886172405375741,0.032076714848716215
2021-03-12,34265246.054903306,1083587.3852642067,846370.0395576819,-0.05723605263353837,-0.05100740731235576,-0.008183206626845796
2021-03-13,36430490.13287235,1154879.138077149,904106.4647882717,0.06319067648017662,0.0657923428995617,0.06821652767950437
2021-03-14,34951808.8569296,1111663.043046925,875455.6831856284,-0.040589112870828226,-0.03742044825762281,-0.031689610370558396
2021-03-15,33536415.79748997,1069134.1770853011,825334.9658680023,-0.040495559621344546,-0.038256975643498725,-0.05725100456855303
2021-03-16,35921964.567754,1133470.7203182306,838587.3875307743,0.07113308663242934,0.06017630397741591,0.016057021949669403
2021-03-17,38128519.37311374,1190207.0212968327,869086.7796552506,0.06142633989847224,0.05005537413676908,0.03636996284225291
2021-03-18,36337296.462773494,1139337.8770396076,854147.4439457749,-0.046978559351122384,-0.042739744722559925,-0.017189693893861602
2021-03-19,37114573.7941532,1164375.0390066854,861347.6080642373,0.021390620850838538,0.021975186177548123,0.008429650137686817
2021-03-20,36323196.572088584,1142788.1636965284,860860.3273171465,-0.021322546405996512,-0.018539452141272728,-0.0005657190459794625
2021-03-21,36000698.825479105,1131103.6077136805,849194.5955663511,-0.00887856182947544,-0.010224603608994687,-0.013551247955811085
2021-03-22,34197443.52992756,1072621.6199291532,804991.3118419461,-0.05008945254905195,-0.05170347560179556,-0.05205318540083803
2021-03-23,34341594.42151308,1074243.2627762707,808088.5144035437,0.004215253443122791,0.0015118498611137454,0.0038474981233160843
2021-03-24,33208137.756248433,1033688.634933039,779084.7570076527,-0.03300535937127602,-0.03775181027286367,-0.03589180749252319
2021-03-25,32522511.971257266,1019672.5474215276,763287.2305196912,-0.02064631838207065,-0.013559293425354668,-0.020277031922222855
2021-03-26,35253676.37728942,1101726.674095415,813969.4451905035,0.083977658566039,0.0804710560084998,0.06639992475218648
2021-03-27,35792081.428991,1114741.5065680225,826313.9100055897,0.015272309359724456,0.011813122781377139,0.015165759461888806
2021-03-28,35923885.63347592,1114084.456766338,825977.8304559985,0.003682496217673581,-0.0005894189799277028,-0.00040672139912167893
2021-03-29,36712900.18328634,1153076.1899615885,852542.4161311266,0.02196350800858715,0.034998902424709266,0.03216137854506629
2021-03-30,38712707.28745757,1203590.7062830343,869777.622655268,0.05447150985586391,0.043808480967010954,0.020216245195582738
2021-03-31,38760639.463956565,1201366.2699192436,869794.4612325638,0.001238150980841457,-0.0018481667830920756,1.9359634988669328e-05
2021-04-01,40647304.47390348,1243440.8648956793,872407.0933660187,0.04867476481396338,0.03502228756536008,0.0030037350775407035
2021-04-02,42041571.73788706,1276466.4813966127,876666.1577610344,0.03430159224651019,0.026559860973930816,0.004881969011259368
2021-04-03,40186223.35625189,1228666.3558828935,850382.5225947616,-0.04413128018149637,-0.037447223417429565,-0.029981350293480147
2021-04-04,42116652.22688332,1276454.054082148,867428.3527906844,0.048037081104092216,0.038893958453770194,0.020044897141007878
2021-04-05,42961957.169851854,1301113.9471483163,871847.1530045689,0.02007056350098435,0.0193190604764073,0.005094138552963257
2021-04-06,44312371.82473503,1340642.814901934,859069.8444868004,0.03143280110690161,0.030380788585238072,-0.01465544559471832
2021-04-07,41682768.03651986,1259552.285722546,827427.3897624621,-0.05934242921177446,-0.06048630424004442,-0.036833390122360976
2021-04-08,44728320.11886061,1339430.1508574116,861012.508842776,0.07306501525216413,0.06341766518175418,0.04058980823677527
2021-04-09,45894926.22501102,1360119.9657111394,859847.0140286396,0.02608204607394793,0.015446729223232536,-0.0013536328475677317
2021-04-10,47433062.80542072,1398475.4809788587,882702.903054342,0.03351430554368062,0.028200097222795373,0.026581343719059625
2021-04-11,49547855.84026952,1457282.3931164667,888781.1104609227,0.044584787693851435,0.04205072805169685,0.006885903949730654
2021-04-12,51752716.13936083,1517366.669974911,884182.3912019585,0.04449961076417219,0.041230359429479835,-0.00517418654023738
2021-04-13,52517901.404334314,1565011.7299264218,937475.3926826864,0.014785412671152853,0.03139983294367377,0.06027376479221824
2021-04-14,53480741.28858755,1597810.990171024,931662.4505348768,0.018333555959145098,0.020957836684166287,-0.006200634377373171
2021-04-15,53941425.52610631,1615008.896164688,934678.6895261884,0.008614021167598684,0.010763417012060517,0.003237480473297971
2021-04-16,51715404.67221439,1548202.5537035172,908973.7362885611,-0.04126737163841887,-0.041365928460098345,-0.027501379378466195
2021-04-17,51205235.68002887,1527732.1108415674,895850.2566080963,-0.009864932807141291,-0.013222070208437242,-0.014437688523377457
2021-04-18,47658643.521331444,1422996.7856410623,829896.3749916563,-0.06926229538048334,-0.06855608025598847,-0.0736215468265391
2021-04-19,47695821.22067583,1404767.0413383483,822634.3925346283,0.0007800830363069444,-0.012810812003697825,-0.008750468945114998
2021-04-20,51865557.390063845,1512975.7720812405,833688.1112003498,0.08742351138259585,0.07702966225617014,0.013436976092944253
2021-04-21,49984838.351841845,1457280.4778472697,795793.4119931326,-0.03626142536322763,-0.03681175552292992,-0.045454287638402535
2021-04-22,48247733.17789599,1404041.5274690348,764145.1329663735,-0.034752641625414804,-0.036533084184920184,-0.0397694659817468
2021-04-23,48762528.50184453,1410587.7929001711,754274.5550211326,0.010669834415855783,0.00466244431027385,-0.012917150838772984
2021-04-24,46000120.430049546,1343942.829404003,738880.3470592246,-0.05665022214117743,-0.047246235811488235,-0.02040928977310741
2021-04-25,46877096.427865416,1354647.1932769772,723429.6260639264,0.019064645692600912,0.007964895260999416,-0.02091099195802515
2021-04-26,51266431.82719661,1486404.5779619832,797500.9129305714,0.09363496747469235,0.09726324709408396,0.10238907033660749
2021-04-27,54221637.08096066,1557699.5877278093,812431.2526877931,0.057644059639748946,0.047964740436671205,0.018721407731506323
2021-04-28,54979630.94404284,1573002.3832454032,809354.5216842095,0.013979545876683597,0.009823970962151707,-0.003787066282106677
2021-04-29,55979695.18735294,1583170.18260949,790612.0318266411,0.018189722741644987,0.006463944029829527,-0.02315733013830157
2021-04-30,58039628.024613306,1646049.6584360683,852542.0701329628,0.0367978573367751,0.03971744574101077,0.07833176806484676
2021-05-01,59173968.53774633,1669297.300832528,853691.7066979335,0.019544241611127777,0.014123293472535714,0.0013484807439372304
2021-05-02,58787348.248931065,1655288.8491143063,836021.2921503255,-0.006533621089967023,-0.008391825537149789,-0.020698824187899034
2021-05-03,64366492.821022935,1773226.9327520407,844424.3765509551,0.09490383115202539,0.07124924674073618,0.010051280367532334
2021-05-04,59804886.56743995,1649409.0150204694,787341.0805205487,-0.07086926836711394,-0.06982632366146524,-0.06760024652955032
2021-05-05,66003286.0205325,1807631.367160923,847726.9866890186,0.10364369550476149,0.09592669295462164,0.07669599321369813
2021-05-06,67969016.81663997,1836178.1572091118,832558.5425288694,0.029782317133361547,0.015792373692333328,-0.01789307689659947
2021-05-07,68118239.9942829,1837789.7002615037,846728.9549860718,0.0021954588227381944,0.0008776615962153844,0.017020319573156195
2021-05-08,71004394.23756355,1910908.740282865,868095.9562473793,0.04236977120258656,0.039786402117150343,0.02523475916996243
2021-05-09,73379503.54880965,1965941.3225700515,859659.7136894033,0.03345017356671698,0.028799168231885552,-0.009718099130935243
2021-05-10,70501595.85727592,1890996.049507463,824635.1845820916,-0.03921950343558045,-0.03812182601900527,-0.04074231762821223
2021-05-11,75016694.86166783,1989032.2916231514,837106.2847250609,0.06404250782538767,0.051843705406589,0.015123172496319448
2021-05-12,66643720.03639525,1755322.5802769284,725589.1159357675,-0.1116148190841052,-0.11749920417606896,-0.1332174549686006
2021-05-13,71360403.66855915,1847324.9468654504,733939.6662818883,0.07077461506632643,0.05241336699150034,0.011508648851976444
2021-05-14,75912977.26476485,1936692.017014749,736365.8054051549,0.06379691484580996,0.04837647556318525,0.003305638371553732
2021-05-15,73770041.08893578,1862756.278313311,690301.3975586662,-0.028228851680458522,-0.03817630167929531,-0.06255641898138342
2021-05-16,75006825.64861298,1882009.442651697,685811.6677212405,0.016765404240268067,0.01033584724020864,-0.0065040138312106865
2021-05-17,67592577.58552478,1713496.0594419567,642726.3617298355,-0.09884764485064301,-0.08953907424200258,-0.06282381595309594
2021-05-18,67807883.0554207,1710743.385920875,633453.8416104026,0.003185341905677319,-0.0016064662103618677,-0.014426855146374984
2021-05-19,48412718.759895004,1282024.5460071084,546251.8091018567,-0.2860311135163097,-0.25060382722625096,-0.13766122609163745
2021-05-20,48170655.16609553,1479424.2505389801,602058.7755730489,-0.004999999999999893,0.15397498054672742,0.10216344466291027
2021-05-21,48170655.16609553,1284902.468135326,550713.8014198325,0.0,-0.13148478695870136,-0.08528232829817217
2021-05-22,48170655.16609553,1224347.5126556852,554137.8569133247,0.0,-0.04712805600530845,0.006217486259949112
2021-05-23,48170655.16609553,1110715.2592614752,513303.7879734788,0.0,-0.09281045799467069,-0.07368936886445743
2021-05-24,56683158.303408355,1346351.1965369002,571400.4549587521,0.17671553579583166,0.21214792478146172,0.11318183957815453
2021-05-25,56399742.51189131,1351848.5479678211,566916.2034255838,-0.0050000000000000044,0.004083148174905071,-0.007847826326095708
2021-05-26,60723800.8964975,1466930.517985687,580084.0862037127,0.07666805187443027,0.08512933655982668,0.023227211885217258
2021-05-27,60420181.89201502,1399698.9286849939,567429.1457031427,-0.0050000000000000044,-0.04583147495834494,-0.021815700174415475
2021-05-28,60420181.89201502,1269841.4348096477,526989.0533389329,0.0,-0.09277530418441216,-0.07126897282320166
2021-05-29,60420181.89201502,1195708.047551859,511022.73741348804,0.0,-0.05838003488120669,-0.03029724398312339
2021-05-30,64570998.58049412,1276083.813494799,526701.528864969,0.06869917564792472,0.06722022663266736,0.03068120125307594
2021-05-31,69687816.1087099,1395634.298028996,551129.5758797762,0.07924327702377343,0.09368544861233308,0.04637929771620186
2021-06-01,69651666.27694665,1385843.491164763,541564.4566466464,-0.0005187396274100031,-0.007015309725520669,-0.017355481635803804
2021-06-02,72962716.240708,1444148.129601801,554706.9085597496,0.04753726853563078,0.04207158947511069,0.02426756732611479
2021-06-03,76761449.57913567,1521660.8018437359,578822.8652309761,0.05206403399094195,0.05367362990893998,0.043475133082156114
2021-06-04,71324249.19684881,1417805.6142821836,544656.9305666743,-0.07083243492791902,-0.06825120778278249,-0.05902658087058821
2021-06-05,69691321.4205486,1385686.686591978,524838.9054175095,-0.022894426435439486,-0.022653971296669573,-0.03638625350557034
2021-06-06,70368427.05634174,1406865.1741107057,529421.5357618657,0.009715781276511848,0.015283749005927882,0.008731498936251025
2021-06-07,65055175.98863212,1311593.394300983,495442.90143680066,-0.07550617926212089,-0.06771919695143847,-0.06418068028941804
2021-06-08,65141376.177261345,1303493.0609329902,494142.69800429704,0.0013250319796889176,-0.006175948585277813,-0.0026243254847995168
2021-06-09,69474560.18682377,1380508.3079607207,551310.6482520677,0.06651968785201978,0.05908374147585116,0.11569117681725527
2021-06-10,66358464.537562035,1315095.393101426,541825.3392620118,-0.04485232638943315,-0.04738320985255229,-0.017205016845092902
2021-06-11,64957390.34058219,1278765.0264879735,551152.3540922139,-0.02111372236750242,-0.027625651191563905,0.01721406171757467
2021-06-12,64442714.39726885,1273780.3628812896,524847.1517070757,-0.007923285412403613,-0.003898029351314003,-0.04772764225685788
2021-06-13,69170969.45873593,1361810.65438252,577185.6019207512,0.07337144478922619,0.06910947449535643,0.09972131894675185
2021-06-14,70246434.89293389,1381222.6779967544,593728.812117663,0.015547930621957473,0.01425456876237785,0.028661855288592664
2021-06-15,70947330.23986994,1402207.6404538858,596501.1224036262,0.009977664318542523,0.015193033528501543,0.004669320789865594
2021-06-16,66383788.15554517,1301510.4840383101,566101.8967475164,-0.06432295716971481,-0.07181329890841315,-0.05096256237308472
2021-06-17,66582792.19274268,1304881.6909475138,561768.212081881,0.0029977806739684976,0.002590226471893997,-0.007655308506355651
2021-06-18,63242377.86617351,1236729.5843076434,528312.380982038,-0.05016933379572608,-0.05222857145798643,-0.059554510882446676
2021-06-19,62731515.71803426,1221444.061246828,525782.4424096869,-0.00807784535268874,-0.012359632416631072,-0.004788717174578405
2021-06-20,63589750.82171963,1244104.4576555581,526999.2602847593,0.01368108348510133,0.018552136055742796,0.0023142991795157553
2021-06-21,53201359.96405294,1041548.3737682875,467629.98322053073,-0.16336580539199796,-0.16281276273937295,-0.11265533282181261
2021-06-22,52935353.16423267,1032336.3258537384,479867.67876896163,-0.0050000000000000044,-0.008844570397839702,0.02616961270137308
2021-06-23,57048664.86268265,1112306.853925855,497839.1693852752,0.0777044347978253,0.0774655759652565,0.0374509295196066
2021-06-24,56763421.53836924,1155908.8380714196,511707.2947801997,-0.004999999999999893,0.0391996003545898,0.027856637741157764
2021-06-25,56763421.53836924,1058909.1932820973,467055.5109362091,0.0,-0.08391634495256706,-0.0872604012088013
2021-06-26,56763421.53836924,1062513.8522389845,475152.7617933836,0.0,0.003404124716033907,0.017336806155961115
2021-06-27,59945695.14901646,1133160.2869428906,511518.43744922674,0.05606204707896545,0.06648989521881177,0.07653470332064805
2021-06-28,59645966.67327138,1142600.5204908757,508339.9253191799,-0.0050000000000000044,0.008330889863298552,-0.006213875976586514
2021-06-29,59645966.67327138,1185586.3761486798,529501.2306722185,0.0,0.03762107130787662,0.0416282575871878
2021-06-30,59277507.85223038,1200661.8015219783,517293.43513175996,-0.006177430622582469,0.012715585870909152,-0.02305527321430456
2021-07-01,58981120.31296922,1141535.4451947622,495611.3448761206,-0.0050000000000000044,-0.04924480503357953,-0.04191448950075438
2021-07-02,58981120.31296922,1160990.5468915876,500408.14808375423,0.0,0.017042923878290983,0.00967855812266083
2021-07-03,58981120.31296922,1191375.8329721151,511797.48496818205,0.0,0.026171863467691958,0.022760094790705843
2021-07-04,60357984.70793613,1229841.3807583426,520938.98711632605,0.02334415466611861,0.03228666112041889,0.017861561294527206
2021-07-05,60056194.78439645,1183515.8262651144,498178.362918339,-0.0050000000000000044,-0.03766791003947434,-0.043691535402215154
2021-07-06,60056194.78439645,1225703.2228703655,505400.0942556666,0.0,0.035645823798051035,0.014496276584600398
2021-07-07,60056194.78439645,1224111.1625166503,499792.27135252,0.0,-0.0012988954618124993,-0.011095808977648836
2021-07-08,60056194.78439645,1157588.2957304646,485355.09431117045,0.0,-0.05434381192098703,-0.028886355129662422
2021-07-09,60056194.78439645,1179184.3415473248,498946.1328434001,0.0,0.018656067875351567,0.02800225791699673
2021-07-10,60056194.78439645,1168672.2615610743,494849.62991892267,0.0,-0.008914704525720296,-0.008210311003178372
2021-07-11,60056194.78439645,1186937.6393183465,505473.79186451656,0.0,0.015629170262733805,0.021469475378479208
2021-07-12,60056194.78439645,1150734.917668542,489466.1291585197,0.0,-0.03050094668039649,-0.031668630428790756
2021-07-13,60056194.78439645,1115369.821638825,482766.53788326704,0.0,-0.030732617466209144,-0.013687548281983153
2021-07-14,60056194.78439645,1124107.3879895832,484542.80595572427,0.0,0.007833784078826955,0.003679352094793975
2021-07-15,60056194.78439645,1100075.9079593597,469165.84023563657,0.0,-0.02137827781134216,-0.03173499953168801
2021-07-16,60056194.78439645,1070717.9947615687,463863.24537915876,0.0,-0.026687170390132353,-0.011302175908234458
2021-07-17,60056194.78439645,1071773.3973420018,465509.7064738999,0.0,0.0009856961268948083,0.003549453661488844
2021-07-18,60056194.78439645,1077925.100981987,469403.22380905657,0.0,0.005739742799402814,0.008363987433578801
2021-07-19,60056194.78439645,1024244.1115784965,454950.96701440954,0.0,-0.04980029628643712,-0.03078857592278894
2021-07-20,60056194.78439645,982912.6402589823,440033.60218832333,0.0,-0.040353145165576754,-0.03278895069501797
2021-07-21,65490102.31601024,1081632.8158498053,474036.94654890645,0.0904803834329111,0.1004363679409106,0.07727442675168827
2021-07-22,66025361.949328855,1093193.9848269334,477025.0731894243,0.008173137838994649,0.010688626313583915,0.006303573302191001
2021-07-23,67712913.6862425,1127252.3865507059,495750.60913697554,0.025559144048445503,0.03115494797491447,0.03925482537500802
2021-07-24,68893329.87825248,1150743.33362257,506245.2524366563,0.017432659853917842,0.02083911939520866,0.021169199000986128
2021-07-25,69582446.19443789,1159081.8453364265,521860.26489331096,0.010002656532979604,0.007246195976305714,0.030844758309330533
2021-07-26,71625657.45921797,1189956.1044161639,551198.660179778,0.029363889551548894,0.02663682396886835,0.05621887171744144
2021-07-27,74107015.56513003,1228729.43960814,581748.4527034208,0.03464342519054564,0.032583836536558275,0.055424286615063156
2021-07-28,74568241.46885633,1234126.4623924568,590443.0982232564,0.006223781921442351,0.004392360604656975,0.014945713184850051
2021-07-29,74863036.23168473,1248971.6638419721,590627.8612426267,0.003953355436865369,0.012028914298407134,0.00031292265067750513
2021-07-30,77301886.62961805,1289751.1818848543,623505.9907419544,0.032577497797252164,0.03265047496549278,0.055666404612466414
2021-07-31,78276793.46348017,1308074.0101038371,614510.3844861346,0.012611682280579517,0.014206482983954771,-0.014427457617713135
2021-08-01,77422002.24667947,1297201.94106467,590132.9108695758,-0.010920110277632955,-0.008311509100547121,-0.039669750474507826
2021-08-02,77142497.58493976,1292844.7163115332,578722.1797653644,-0.0036101450960821513,-0.003358940975343172,-0.019335866368471843
2021-08-03,76698687.95204422,1276249.7150833858,563236.7436209834,-0.005753114648730073,-0.012836035928191492,-0.026757979365261808
2021-08-04,79397452.62962778,1332653.8420443367,586776.0366861855,0.035186582060842575,0.04419521218640643,0.041792893187100555
2021-08-05,81221826.63922873,1359876.4361534386,603340.4104374385,0.0229777398288995,0.020427355739538022,0.02822946527400849
2021-08-06,83523109.09448178,1391846.6489281794,632082.3625561943,0.028333300917681825,0.02350964538011424,0.04763803587748594
2021-08-07,88396545.17776558,1468970.4919978066,657758.9439444052,0.05834835575590147,0.05541116410275371,0.04062220829002827
2021-08-08,85487431.0794341,1421215.0315445224,646573.5729774283,-0.03290981669567794,-0.0325094756589267,-0.017005273846830815
2021-08-09,89669889.76009014,1486008.2596972748,684473.3468243787,0.04892483757957056,0.045590024531571016,0.05861633606895578
2021-08-10,94255356.64468014,1543473.4668833152,672953.0496350226,0.05113719774673875,0.03867085314703922,-0.016830892309838807
2021-08-11,98444690.41100068,1595806.8090719704,673080.0886274298,0.04444663853019315,0.03390621433508034,0.00018877838873909702
2021-08-12,97662740.27134137,1570061.6386999937,655876.5409352591,-0.007943040263468926,-0.01613301198216377,-0.02555943636254765
2021-08-13,107958978.83589873,1728498.6709188092,705553.1119435251,0.1054264762175503,0.10091134533418766,0.07574073458615982
2021-08-14,108295078.99378575,1724058.9806950109,695272.8145062038,0.0031132209799604738,-0.0025685239442148067,-0.01457055076832292
2021-08-15,108386189.9388811,1730977.4470631473,694535.5500859013,0.000841321193371769,0.004012894248749843,-0.0010603958689598958
2021-08-16,106359458.51910293,1686357.717396341,679145.2634365143,-0.018699166572060943,-0.025777187185488826,-0.02215910567498447
2021-08-17,101328100.20959812,1608741.915147115,659819.190009649,-0.0473052268181785,-0.046025704658357536,-0.028456465011732823
2021-08-18,104426838.83521919,1644718.4408336757,661381.4870510907,0.030581236786353383,0.022363143116881368,0.002367765389513554
2021-08-19,114310911.88455643,1780565.9635897637,689672.3728972141,0.09465069669430348,0.08259621791996796,0.04277544261522093
2021-08-20,118945454.73044159,1850277.1141155893,728373.939821981,0.040543310953250256,0.03915111933583315,0.056115872471717454
2021-08-21,117704098.8887592,1827339.733819934,721971.6474688143,-0.010436345335730568,-0.012396727020330123,-0.008789842693619043
2021-08-22,122724202.06950855,1885834.105381966,728115.2485283182,0.0426501984904859,0.03201067129414037,0.00850947690403503
2021-08-23,130978113.857584,1987953.570138237,731429.3919385021,0.0672557788022985,0.0541508208303334,0.004551674225862445
2021-08-24,123839565.44364119,1885945.7053375717,704265.7681094356,-0.054501841595495426,-0.05131300163794672,-0.037137725293038826
2021-08-25,127954816.98650244,1940278.4876010965,722787.9724695026,0.03323050697181329,0.028809303528597452,0.02630002081428562
2021-08-26,120940322.83629231,1842705.713920995,692988.64996274,-0.0548200866165911,-0.05028802530338716,-0.0412283043462236
2021-08-27,130767688.34181875,1977927.2883157255,724232.9184671182,0.0812579731478722,0.07338207798086205,0.04508626296557394
2021-08-28,128371007.47837998,1947847.9033522564,721926.0333775776,-0.018327775720665795,-0.015207528174143725,-0.003185280633781873
2021-08-29,127901405.20838903,1940043.2792403467,720854.707730305,-0.003658164559236954,-0.004006793394123798,-0.0014839825657211314
2021-08-30,122643548.82208109,1880163.668872663,694653.3624606117,-0.041108667866012416,-0.03086508997424553,-0.0363476092875793
2021-08-31,123808714.67302586,1923601.6208377483,696302.3897083997,0.009500425111108601,0.023103282274957726,0.0023738850726162664
2021-09-01,131705507.5108955,2040517.6728763375,721108.5550496771,0.06378220514383637,0.060779763736979575,0.03562556399047545
2021-09-02,132568582.0145439,2049774.291424803,728204.8620526943,0.006553063117554103,0.004536406947859062,0.009840830417728652
2021-09-03,134300902.42573845,2083037.1927404518,738504.0163899326,0.013067352647737396,0.016227592206031538,0.014143210068944922
2021-09-04,132599652.04678242,2061557.2468611337,737311.9373835586,-0.012667453071633195,-0.010311839824165059,-0.0016141808032423821
2021-09-05,135927983.3225382,2109709.979722264,764014.2879941659,0.025100603390584286,0.023357456085416173,0.03621581213694136
2021-09-06,134676458.67352304,2092120.3484820651,777007.2110342268,-0.00920726268737071,-0.008337464110832249,0.017006125728580734
2021-09-07,117590611.89576085,1823885.9705495173,691053.424567282,-0.1268658750463656,-0.12821173415151044,-0.1106216071695616
2021-09-08,116300956.13859707,1818685.7297175792,680428.2246271974,-0.010967336051512344,-0.00285118747328883,-0.015375366885328479
2021-09-09,117833703.25250587,1827131.8845376556,684857.4624523509,0.013179144564230416,0.004644098033027344,0.006509485739778498
2021-09-10,112603172.60201283,1738313.8867766995,662602.6875695685,-0.04438908823296961,-0.048610611260517245,-0.032495484247323625
2021-09-11,117322595.89888301,1798746.2641892594,667290.5013556635,0.041911992245108554,0.034764939676468876,0.0070748487352050304
2021-09-12,118309130.05911927,1830006.0385170619,680013.0844972201,0.00840873109461815,0.017378645865814724,0.019066033632592516
2021-09-13,112806348.61945046,1750927.8100674762,663771.3540335378,-0.04651189165974812,-0.043212004105552704,-0.023884438158555343
2021-09-14,116050112.13950062,1806524.936763796,695207.0748551162,0.028755150394885298,0.03175295199302197,0.0473592610325122
2021-09-15,120210600.10727383,1880152.191138448,711207.5869323983,0.03585078800072172,0.04075629008838799,0.023015462091804384
2021-09-16,118043921.09943847,1848062.282935839,705406.062723988,-0.01802402621650545,-0.017067718429314094,-0.008157286726135138
2021-09-17,114754542.56520179,1786896.5431698586,697790.9314746305,-0.027865717299120907,-0.03309722855704411,-0.010795386730801493
2021-09-18,116371648.98840465,1809924.2663338785,712713.6016058921,0.0140918728536088,0.012886992955490228,0.021385589090024082
2021-09-19,113989348.47170174,1767544.279444761,697683.1530466644,-0.020471485429756853,-0.02341533713726096,-0.021089044077959085
2021-09-20,102447724.50559203,1584505.4994229223,632485.392750444,-0.10125177589706946,-0.10355541422664494,-0.09344895316951951
2021-09-21,101935485.88306408,1504732.445918234,600743.982551312,-0.0050000000000000044,-0.05034570945556305,-0.050185206746199196
2021-09-22,112217539.07298762,1664977.4245397097,643272.5198311004,0.10086824132784011,0.10649400101404027,0.07079311406361999
2021-09-23,114813563.65458295,1704793.9477801602,662767.8440263338,0.023133857711020056,0.023914152020084067,0.030306477572447976
2021-09-24,109502163.68756722,1614313.863300014,632425.5927344991,-0.046261084474262026,-0.053073912303572945,-0.045781115612828494
2021-09-25,109229957.14667659,1609725.1671065013,630607.487717425,-0.0024858553632537417,-0.0028425055980950686,-0.002874812528084081
2021-09-26,107590971.53674076,1610340.1178791397,637869.8738389772,-0.015004909392530075,0.00038202221422922733,0.011516492054097549
2021-09-27,107053016.67905706,1561853.0937333882,623508.7010609017,-0.0050000000000000044,-0.030109803269144253,-0.02251426719942684
2021-09-28,107053016.67905706,1512510.374930592,605776.0645102035,0.0,-0.03159241992782402,-0.028440078735911922
2021-09-29,107053016.67905706,1568181.4093588728,613597.5836641574,0.0,0.03680704301339777,0.012911568502261606
2021-09-30,111224497.44809619,1639161.7249591153,646466.9478766735,0.038966494344994995,0.04526282174793894,0.05356827518164842
2021-10-01,120815979.63887744,1785859.4837964887,710330.5969203562,0.08623533853463528,0.08949559802650486,0.09878873042688929
2021-10-02,121000006.07383372,1798976.9465833316,704345.0593552635,0.0015231961492705448,0.007345181917088439,-0.008426411013467527
2021-10-03,121694839.38301963,1809931.9499849696,711556.064749519,0.005742423754606429,0.0060895740895645645,0.010237887379882071
2021-10-04,121060696.57609513,1795652.31551757,725033.5582177225,-0.005210926035479679,-0.007889597433493711,0.018940873580984396
2021-10-05,126031202.480428,1862871.2783736691,760491.9690222071,0.04105796550748031,0.037434286289840246,0.048905889117254686
2021-10-06,129263851.71962257,1893801.3067127755,817278.2832955106,0.02564959450971349,0.016603416831950435,0.07467049829114658
2021-10-07,128422158.77384299,1899010.384128535,794315.5961699726,-0.006511433278386547,0.0027505934214404615,-0.02809653406297008
2021-10-08,126283369.71433417,1867659.8260685576,796705.1171542566,-0.01665436152085964,-0.016508892379945683,0.0030082765538104184
2021-10-09,127487892.45696394,1886752.1982323532,811473.2414391035,0.009538253099790728,0.010222617575913251,0.01853649985027972
2021-10-10,124030328.06378363,1832412.7543425923,808570.2591800153,-0.027120727518085586,-0.028800519718842787,-0.003577422040361933
2021-10-11,128005406.88798967,1875603.0131869782,848624.2752599915,0.032049248649586914,0.023570158383819484,0.04953684064585273
2021-10-12,129603864.6056412,1879642.1487154611,827311.0767131263,0.012487423433998002,0.0021535130302545724,-0.025114999851183373
2021-10-13,134716935.54787263,1950285.3494483496,847388.773484084,0.039451531463120304,0.03758332445416035,0.024268618342118353
2021-10-14,136794224.40900972,1971076.0342494948,846214.0520522514,0.015419656427672512,0.010660329683051861,-0.001386283921372633
2021-10-15,141363734.5795605,2029586.31312748,909286.1149639442,0.03340426242622718,0.02968443523299369,0.07453440740995676
2021-10-16,139604033.09874302,2002472.2139103871,898926.1802826307,-0.012448040411857542,-0.01335942159331549,-0.011393481667455463
2021-10-17,140840521.71490476,2010683.0781868056,908690.7097907236,0.00885711242516285,0.004100363650182404,0.01086243756414218
2021-10-18,141656019.56245762,2010474.8771055953,915665.4561055909,0.005790221717607791,-0.0001035474379175172,0.007675599893030238
2021-10-19,145214872.63483822,2045408.3355406034,948673.3349162741,0.025123203965303098,0.017375724925894342,0.036047967727284025
2021-10-20,151051058.20956522,2127033.411904925,974225.0686337807,0.04018999892251296,0.039906494437331075,0.026934175102288238
2021-10-21,143771498.43009377,2039948.2133287026,918383.1563480634,-0.048192709576201365,-0.04094209244143032,-0.057319313661296056
2021-10-22,142437273.8606949,2029116.894282823,895974.9312797181,-0.009280174331963487,-0.005309604908158683,-0.024399647264276125
2021-10-23,145938428.04371765,2071391.4421902252,906328.695660447,0.0245803228896877,0.020833963793073673,0.011555863919028075
2021-10-24,143699526.81526345,2036840.0500227828,899496.8465871527,-0.015341409788130034,-0.016680281410696995,-0.007537937512080983
2021-10-25,147656471.28683692,2084162.4499031787,930630.9723427802,0.027536238700774707,0.023233243022625416,0.0346128236844363
2021-10-26,144024054.11815524,2042922.4221308914,891125.8246830181,-0.024600460359271104,-0.019787338445812264,-0.04244985266320056
2021-10-27,137077470.88988978,1917313.195975076,863351.3987624503,-0.04823210449670157,-0.06148506903399564,-0.03116779376295986
2021-10-28,147164290.3678907,2043094.69043623,894939.6471078224,0.0735848087400397,0.06560299836521288,0.03658793903693369
2021-10-29,153777797.32059297,2117003.5947736823,918645.826620608,0.0449396177304251,0.03617497744153586,0.02648913766352501
2021-10-30,152380579.8721172,2087334.0129145286,913639.3485258237,-0.009085950461124703,-0.014014894416051082,-0.005449845794435748
2021-10-31,151133052.69377187,2076507.2910795403,905226.5185102524,-0.008186917121540627,-0.0051868660061122895,-0.009208042570786334
2021-11-01,153960941.60653022,2100923.250728418,900582.9348227396,0.018711253841264375,0.011758186332292864,-0.005129747739996415
2021-11-02,159014379.96289742,2160450.5575582115,933385.3483905962,0.032822859509926916,0.02833387978792401,0.03642353446805324
2021-11-03,161496266.6888978,2199959.3502482455,929600.8781433388,0.015607938895711548,0.018287293153650186,-0.004054563588107296
2021-11-04,158184419.1589619,2148803.545849468,907193.9794012872,-0.02050726990683782,-0.023253068013736278,-0.024103783966732295
2021-11-05,162285162.18217126,2187200.939575269,902373.186987643,0.025923811238883543,0.017869196930527798,-0.0053139598841095426
2021-11-06,165721794.51380473,2225394.2321868283,908304.8641719331,0.02117650366443069,0.017462178220797542,0.006573419146120196
2021-11-07,169103943.16162714,2270617.614272262,934870.2571761098,0.02040859295390196,0.020321514916929573,0.029247220896912562
2021-11-08,175990905.99253288,2364313.7794787437,997461.2673076569,0.040726210768031956,0.041264616559627765,0.06695154718111462
2021-11-09,177959676.8888645,2373846.4254363575,988677.5272606906,0.011186776300902368,0.004031886985709443,-0.008806096371717143
2021-11-10,169727911.01322868,2280516.9724185457,959497.8297986016,-0.046256354358164664,-0.039315708049924125,-0.029513867421399387
2021-11-11,170643367.04367432,2300831.5923848385,958829.5343455796,0.0053936681655988306,0.008907901239931793,-0.0006965054346838029
2021-11-12,168570798.6692283,2272172.878441419,947107.7508922786,-0.012145613453088844,-0.012455806864905883,-0.01222509636324598
2021-11-13,171238568.7190103,2296349.1405716985,951737.0909887226,0.015825813669049227,0.01064015082640335,0.0048878705639170406
2021-11-14,171848596.79229483,2299425.1381588303,966460.0048468575,0.0035624455275933276,0.0013395165102663142,0.015469517787564335
2021-11-15,167863554.2618569,2251208.9077657317,938278.6850858787,-0.023189264299052992,-0.020968819377049086,-0.02915932332393245
2021-11-16,157127760.91826814,2101944.4668440693,888135.7085530601,-0.06395547497368959,-0.06630412682126585,-0.0534414533015094
2021-11-17,156146404.08925343,2101702.616930912,891188.1043524694,-0.006245597997957764,-0.00011506008696826608,0.003436857419438999
2021-11-18,146611825.6147606,1970612.4069599237,840613.3221114596,-0.061061787045975424,-0.06237333907992049,-0.05674983989800575
2021-11-19,154467760.88463524,2084144.6877964963,857995.4048560554,0.05358323066324133,0.05761268955558818,0.020677857806173483
2021-11-20,159450560.84751132,2147717.61482918,881285.1179125701,0.03225786361076022,0.03050312552910972,0.027144333086984274
2021-11-21,154581391.75143805,2082559.1224802427,867013.8469906739,-0.030537171335068836,-0.030338482070008777,-0.01619370466132397
2021-11-22,148376131.10882893,1997649.9188100768,830975.6009303315,-0.040142352014704175,-0.040771569341590874,-0.041565940596482887
2021-11-23,151627812.06674632,2061362.1506008834,849868.5423227118,0.021915121614354494,0.03189359216091159,0.022735855747423095
2021-11-24,147765611.42954338,2010244.8263145327,830844.7559581244,-0.025471584563277916,-0.024797837813918422,-0.022384387016602503
2021-11-25,149670114.4414707,2032096.4168604026,845522.5170559075,0.01288867547396455,0.010870114057665026,0.01766606937400339
2021-11-26,141326721.91632932,1916801.9187347596,790828.3960116216,-0.05574521377415076,-0.056736726254246084,-0.06468677053655503
2021-11-27,140620088.30674767,1953776.294779499,809212.431771685,-0.0050000000000000044,0.019289617609077547,0.02324655494514305
2021-11-28,140620088.30674767,2022750.1321985042,845135.4027771831,0.0,0.03530283257264588,0.044392510044424904
2021-11-29,141694427.16767496,2059190.2301535888,853374.5417146198,0.007640009858219665,0.0180151257315595,0.009748898117819094
2021-11-30,140985955.03183657,2056994.7252786334,841547.6324859405,-0.0050000000000001155,-0.0010661981796561415,-0.013858989986877845
2021-12-01,140985955.03183657,2056079.956343875,844860.3919034699,0.0,-0.00044471136630375163,0.003936508510805847
2021-12-02,140985955.03183657,2089565.4622483435,833758.7524920878,0.0,0.01628609130746672,-0.013140205787574133
2021-12-03,140985955.03183657,1959974.9106923873,791248.841446774,0.0,-0.06201794291551821,-0.05098586481791356
2021-12-04,140985955.03183657,1844208.1604348645,726329.7250049845,0.0,-0.059065424575576175,-0.08204639683653359
2021-12-05,140985955.03183657,1831620.368325887,728811.9734971174,0.0,-0.006825580961538069,0.003417522933012007
2021-12-06,140985955.03183657,1901924.4362868343,746730.4687280373,0.0,0.03838353688172047,0.02458589579002135
2021-12-07,140985955.03183657,1876050.2409365724,748464.4961913532,0.0,-0.013604218367779475,0.002322159783127109
2021-12-08,140985955.03183657,1915465.175831917,745581.524159394,0.0,0.02100953057401478,-0.00385184874717448
2021-12-09,140985955.03183657,1789259.5030608675,703763.8977731126,0.0,-0.06588774067178549,-0.05608726213196957
2021-12-10,140985955.03183657,1720374.7126767826,697433.4577052566,0.0,-0.03849904961591344,-0.00899511908452122
2021-12-11,148997245.99300605,1818464.103163805,728718.3809938596,0.05682332654596989,0.05701629404584896,0.044857216044006165
2021-12-12,149996115.11649847,1833705.2708522633,739581.1086732659,0.006703943531542134,0.00838134096897547,0.014906619570362878
2021-12-13,137644796.75514296,1682625.3213871052,689966.1830044838,-0.08234425506128962,-0.0823905301831519,-0.06708517170995121
2021-12-14,136956572.77136725,1668429.4005882544,688123.1084532687,-0.004999999999999893,-0.008436768791252991,-0.00267125345649466
2021-12-15,144568297.88094866,1773938.3881854997,721842.186489262,0.05557765469415088,0.06323850895941119,0.04900151967252708
2021-12-16,139343239.8357699,1720375.4782219455,703665.0576310401,-0.03614248851073543,-0.030194346275093542,-0.025181582897818466
2021-12-17,138646523.63659105,1690566.7936305555,682063.2389493594,-0.0050000000000000044,-0.017326848103065284,-0.030699007215741814
2021-12-18,138646523.63659105,1719771.9189898504,691609.2129507691,0.0,0.017275345445876056,0.013995731563123393
2021-12-19,138646523.63659105,1711896.8113702561,689516.4430581453,0.0,-0.00457915816198462,-0.0030259427628138713
2021-12-20,138646523.63659105,1707005.1984342826,692074.2344826674,0.0,-0.002857422774248941,0.003709543768351198
2021-12-21,138646523.63659105,1754312.9262258578,722431.0753637344,0.0,0.027713874471482214,0.04386356169401262
2021-12-22,138646523.63659105,1767637.0597554352,717882.6988375762,0.0,0.007595072310298878,-0.006295931447672154
2021-12-23,146638793.15654367,1862489.8744955736,749711.2429075785,0.05764493266994064,0.05366079773936283,0.04433669194360057
2021-12-24,143264664.2747258,1824247.2012769787,750267.1466237861,-0.023009797129302845,-0.020533090537714904,0.0007414904357732066
2021-12-25,145509152.27991664,1850417.073247652,744475.2526975964,0.015666724356306005,0.014345573315038829,-0.007719775485642955
2021-12-26,145955490.18208152,1851498.2922743266,750079.9616172705,0.0030674215001009753,0.00058431098713152,0.0075284019171428795
2021-12-27,149033146.4536043,1877887.204488028,747583.6425331507,0.02108626587244755,0.014252733758282954,-0.0033280706216138878
2021-12-28,139872776.5594259,1764619.9974094508,702534.6816305107,-0.061465319039145094,-0.06031629951355755,-0.06025942562091624
2021-12-29,139173412.67662877,1694271.309191467,685644.1469436903,-0.004999999999999893,-0.03986619687029458,-0.02404227880624954
2021-12-30,139173412.67662877,1724386.1578672202,696471.2368122442,0.0,0.01777451374663519,0.01579112126431248
2021-12-31,139173412.67662877,1690904.8880825858,683602.9884438057,0.0,-0.01941634107411605,-0.018476352917798256
2022-01-01,139173412.67662877,1747965.5039730112,703980.7809553386,0.0,0.03374560940274396,0.029809396471367267
2022-01-02,139173412.67662877,1755319.496693009,698937.9730533749,0.0,0.0042071726834898016,-0.007163274962024291
2022-01-03,139173412.67662877,1705556.443490196,685842.0578932778,0.0,-0.02834985499595133,-0.01873687746980801
2022-01-04,139173412.67662877,1697041.8462133417,677566.9928131858,0.0,-0.004992269419961448,-0.012065555013512586
2022-01-05,139173412.67662877,1596671.8850430534,643191.2679290122,0.0,-0.059144069661126286,-0.050734060615097665
2022-01-06,139173412.67662877,1590736.960429163,637167.0362359552,0.0,-0.0037170596347855245,-0.009366159015892994
2022-01-07,139173412.67662877,1507148.1212671855,613502.2035037216,0.0,-0.05254724146186063,-0.03714070469186992
2022-01-08,139173412.67662877,1474562.8951323,616100.9957106321,0.0,-0.02162045367345078,0.004235994902819673
2022-01-09,139173412.67662877,1487068.320248498,618723.7194571925,0.0,0.008480767526078292,0.004256970472081845
2022-01-10,139173412.67662877,1451219.8195363546,617390.0695355394,0.0,-0.024106828330626384,-0.0021554853640055605
2022-01-11,145797777.3197551,1528689.5327976826,630891.8405415565,0.047597917703707804,0.05338248018558511,0.021869109453241498
2022-01-12,154605268.1204614,1613250.4630220283,648802.4931474346,0.0604089511007444,0.05531596076908385,0.028389418684672707
2022-01-13,148832452.85836416,1553980.312068342,628761.8181799835,-0.037339059220151016,-0.03673958403375155,-0.03088871448417352
2022-01-14,153288742.45645103,1596329.594705205,636263.1160335119,0.02994165259325321,0.027252135891281837,0.011930269358978673
2022-01-15,154077628.42547134,1605345.7950024495,637410.1576122554,0.005146405120026509,0.005648081904357394,0.001802778677309158
2022-01-16,159001714.12200326,1644364.6245686389,636472.4449224988,0.03195847279615771,0.024305560638497647,-0.001471129191397469
2022-01-17,163023967.5587962,1654982.011496087,623727.4872330284,0.02529691870935835,0.0064568324864282545,-0.020024366790964976
2022-01-18,158209407.46639988,1613391.595792029,625574.0217658796,-0.02953283596572942,-0.025130433693633103,0.0029604828561311525
2022-01-19,151784071.42436823,1556773.3957984075,616254.330563474,-0.04061285700343853,-0.03509265831140462,-0.014897823244158781
2022-01-20,144871253.30647868,1491482.6289168429,600548.262923428,-0.045543765251639834,-0.04193980129528074,-0.02548634039729203
2022-01-21,128550202.15423551,1309506.365327885,538204.3531470625,-0.11265900432099929,-0.1220103138050721,-0.10381165615712484
2022-01-22,127907451.14346434,1239323.4557927242,517137.15929452714,-0.004999999999999893,-0.05359493576618679,-0.039143484680769225
2022-01-23,133965366.62305261,1305597.3295177352,535539.5329572624,0.0473617089968712,0.053475848790919045,0.035585092527173234
2022-01-24,133295539.78993735,1269901.159669117,541112.7560440474,-0.0050000000000000044,-0.027340872290083196,0.010406744495611076
2022-01-25,133295539.78993735,1278998.2838563751,545536.7462303861,0.0,0.0071636474366465475,0.008175727030871549
2022-01-26,133295539.78993735,1283191.423677599,544032.6922131528,0.0,0.0032784561747658536,-0.002757016878562668
2022-01-27,133295539.78993735,1281507.4063352773,548256.4647954798,0.0,-0.0013123664258100076,0.007763821260712289
2022-01-28,133295539.78993735,1302371.840905121,557794.5385054869,0.0,0.01628116581043404,0.017397102127314046
2022-01-29,133295539.78993735,1317160.3166633833,563018.2457806604,0.0,0.01135503340427313,0.009364930838458019
2022-01-30,133295539.78993735,1299449.457399732,559761.941730161,0.0,-0.013446244196390844,-0.005783656346668442
2022-01-31,133295539.78993735,1317511.9243082087,568110.5314200212,0.0,0.013900091924021973,0.01491453610450133
2022-02-01,135640170.19186035,1352770.5471946672,571950.9957034236,0.017589713846524413,0.026761520890956403,0.00676006528835682
2022-02-02,134961969.34090105,1289570.8834884376,545521.6953102688,-0.0050000000000000044,-0.04671868694753223,-0.046209029430310355
2022-02-03,134961969.34090105,1302503.1690575895,548498.0868464041,0.0,0.01002836349264391,0.005456046132945369
2022-02-04,146426512.46771598,1426716.4828922115,612660.3323052864,0.0849464718305688,0.0953650760976612,0.116978066100073
2022-02-05,147907720.98397985,1440876.5895562284,611778.8443171172,0.010115712593991022,0.009924961850382275,-0.001438787435204758
2022-02-06,150466188.21695355,1464582.0739833927,626117.2965491153,0.01729772601425461,0.01645212685040942,0.023437312952531153
2022-02-07,156037583.52873564,1515907.340036401,647196.0813401318,0.037027556674386064,0.03504430851964013,0.033665872045371525
2022-02-08,152788109.8553167,1488642.9492548406,651302.4452122722,-0.020824942298728444,-0.017985525936503266,0.0063448528050995545
2022-02-09,155404116.24755034,1521970.7905946693,654555.4046138569,0.017121793015901998,0.022388069185099946,0.004994545046617338
2022-02-10,151857412.195251,1476209.2899901802,643133.8322338524,-0.022822458876505247,-0.030067265999637938,-0.01744935921313262
2022-02-11,145712594.4025248,1412242.61272496,626050.9225680621,-0.04046439158877191,-0.04333171298877658,-0.026561982607033352
2022-02-12,144997777.4147019,1405051.485524066,623637.7007095704,-0.004905663719419029,-0.00509199137322347,-0.0038546734323026133
2022-02-13,143865963.83200166,1392548.8899186784,622944.5510551289,-0.007805730562774116,-0.008898318484553136,-0.001111462077505676
2022-02-14,145116831.38246498,1407447.4855901583,628693.1375445061,0.008694673271879783,0.010698795409868733,0.009228086961576842
2022-02-15,154326837.8295761,1497692.416314971,658045.3727575177,0.06346614902883019,0.06411957223894005,0.04668769779745485
2022-02-16,152264795.86413762,1474881.3146739881,648990.8314811622,-0.013361525412161956,-0.015230832040339037,-0.013759752216496501
2022-02-17,141745443.55241188,1373060.4098979195,598445.9780813049,-0.06908591215734405,-0.06903667689259141,-0.07788223029977337
2022-02-18,141036716.33464983,1347235.0425222942,590960.8268087453,-0.0050000000000000044,-0.018808617005820816,-0.012507647384577658
2022-02-19,141036716.33464983,1345938.2842337007,592306.8749979278,0.0,-0.000962533075272276,0.0022777282826873524
2022-02-20,141036716.33464983,1277296.6157736618,567346.6251411206,0.0,-0.050999120289619726,-0.04214073972532317
2022-02-21,141036716.33464983,1213548.252709748,547327.1137280108,0.0,-0.04990881700982286,-0.03528620868790788
2022-02-22,141036716.33464983,1257066.0835543743,565200.8598631031,0.0,0.03585999217373903,0.03265642371222732
2022-02-23,141036716.33464983,1229578.7004490008,550593.91305614,0.0,-0.021866299206524165,-0.025843815613622922
2022-02-24,141036716.33464983,1229015.3314183056,565888.5312132874,0.0,-0.00045818053817092697,0.027778400368163814
2022-02-25,146047279.01760927,1283462.6134532283,578903.3674703772,0.0355266544285564,0.04430154827449506,0.022998939789759643
2022-02-26,145993816.57511792,1279789.9117692036,577293.2073496354,-0.00036606257131910347,-0.0028615572012207213,-0.002781397053842838
2022-02-27,140062134.84195232,1228161.9926484467,556694.0336797497,-0.04062967783374283,-0.040340933028129244,-0.03568234201898368
2022-02-28,139361824.16774255,1373820.1233825635,637643.9370381377,-0.0050000000000001155,0.11859846795943829,0.14541183928864632
2022-03-01,139361824.16774255,1401398.306903303,654789.2417060998,0.0,0.020074086156808946,0.026888524570001016
2022-03-02,139361824.16774255,1387183.4067126,648433.6591050212,0.0,-0.010143369034114058,-0.009706302725009275
2022-03-03,139361824.16774255,1343193.635627827,626698.2851321852,0.0,-0.03171157532010982,-0.0335198114219355
2022-03-04,139361824.16774255,1245416.0267110118,577772.3571398812,0.0,-0.07279487210428348,-0.07806935036049178
2022-03-05,139361824.16774255,1270407.2374033367,581654.6295347206,0.0,0.020066556199958008,0.00671938064683042
2022-03-06,139361824.16774255,1225899.0860475984,567178.4123672432,0.0,-0.035034554310876875,-0.024887994408395286
2022-03-07,139361824.16774255,1211538.6960916424,561894.2130797976,0.0,-0.011714169721959045,-0.00931664388528275
2022-03-08,139361824.16774255,1228446.770615091,571862.3625071777,0.0,0.01395586833337914,0.017740259990833174
2022-03-09,146739656.02981165,1300157.3617769629,619776.6495354327,0.05294012119982572,0.05837500889514802,0.08378639716414904
2022-03-10,138605802.53454855,1231835.0763467588,582198.9999788078,-0.05543050675824557,-0.052549243221471365,-0.060630954045771346
2022-03-11,137912773.5218758,1214929.6618325417,572714.2099859973,-0.0050000000000001155,-0.013723764519154025,-0.016291319622939393
2022-03-12,137912773.5218758,1218242.8891968518,574323.9087758543,0.0,0.002727093977862527,0.002810649293818468
2022-03-13,137912773.5218758,1194620.4246303646,558759.008386563,0.0,-0.019390603282782637,-0.027101257933814904
2022-03-14,137912773.5218758,1231931.9521654332,585583.9576798114,0.0,0.03123295631464984,0.0480080837903738
2022-03-15,137912773.5218758,1229873.4935514452,580742.2900436291,0.0,-0.0016709190879981017,-0.00826810156372082
2022-03-16,143227772.98130047,1288053.9428534906,607390.8956061552,0.03853884831474019,0.047306043757427974,0.04588714481344902
2022-03-17,143730404.59170324,1296167.094130867,604548.3476929781,0.0035093166635242756,0.006298766695595814,-0.004679931710764751
2022-03-18,146379525.15719008,1329173.9777264812,617093.2607775185,0.01843117726560517,0.025464991161302963,0.020750884742987363
2022-03-19,149861462.56769288,1352777.7941688357,622843.2312595503,0.023787052231271533,0.017758259518989572,0.009317830622209478
2022-03-20,146267609.12690032,1318677.3078036972,608924.6477990986,-0.023981171538141166,-0.025207751422391067,-0.022346848712323175
2022-03-21,149147600.16753137,1341353.4312198055,606417.5451055462,0.01968987568623204,0.01719611256060527,-0.004117262624553142
2022-03-22,154975551.27988228,1388981.7943823615,625325.6527507649,0.03907505790106325,0.03550769100373752,0.031180014163224357
2022-03-23,163417413.93191352,1450417.4664766474,633211.0662322661,0.054472222117057933,0.04423072522819105,0.012610091153007819
2022-03-24,166573874.46725175,1480928.99093548,648977.1645536992,0.019315325456400467,0.021036374122652468,0.024898646221148013
2022-03-25,164890570.19256955,1470540.294374354,654702.0501688687,-0.010105451890735306,-0.007014986285442171,0.008821397620525806
2022-03-26,168548445.3593594,1498342.0170829562,656947.4052516468,0.02218365284635726,0.01890578776723051,0.003429583093865096
2022-03-27,174870433.06728166,1558959.8741851845,691191.6508336467,0.037508430851695085,0.04045662232728553,0.052126312256127294
2022-03-28,174579589.00309113,1562808.48410574,695731.319739354,-0.0016631974833540841,0.0024687036429125175,0.0065678873583499
2022-03-29,176631877.19890508,1583983.6618993885,700717.0379443213,0.01175560217281535,0.013549438724582696,0.0071661546110000085
2022-03-30,177307894.37246552,1585874.4955642226,694766.7345255567,0.0038272659741886983,0.0011937204343173136,-0.008491735032190584
2022-03-31,171125041.86629218,1532416.3566221725,672268.7229337532,-0.03487071192208291,-0.03370893415057452,-0.032382108229702444
2022-04-01,175669124.28160536,1581977.0159022813,683236.8647203407,0.02655416393623833,0.03234151023378051,0.016315115388267687
2022-04-02,173373959.45288992,1566194.5506588419,677144.413722691,-0.013065271646918397,-0.009976418800520914,-0.008917040798352427
2022-04-03,177468146.4201076,1602164.9966123512,685774.8765831762,0.023614774560940743,0.02296678017324072,0.012745379989237637
2022-04-04,178686812.53830773,1610050.8301402307,688271.3686663778,0.006866956931613322,0.0049219859031706115,0.003640395949819908
2022-04-05,174958650.6297973,1572229.5526287358,672524.3579103041,-0.02086422526402809,-0.02349073507710364,-0.02287907280900814
2022-04-06,162636231.7691278,1462578.112846009,637843.2896467405,-0.07043046351988091,-0.06974264006130138,-0.05156849392240015
2022-04-07,167342948.64730763,1500270.5313016416,642229.3930341634,0.028940149602465715,0.02577121736239274,0.006876459247305178
2022-04-08,160394988.69790706,1449500.2786378271,624275.3753251124,-0.04151928722162124,-0.03384073179106306,-0.02795577079433975
2022-04-09,162708897.3116309,1472970.7282338429,631575.0715819744,0.01442631488993662,0.016192097333070032,0.011693070951357631
2022-04-10,160141904.32078502,1450015.3011718288,623094.4835926952,-0.01577659878014792,-0.015584442122307918,-0.013427680050824287
2022-04-11,147799368.58119425,1340843.4537758618,583445.573695951,-0.07707249262421079,-0.07529013473701962,-0.06363225953812468
2022-04-12,153025660.7401102,1380989.7843618195,592381.0916040231,0.03536072047591232,0.029941101977940976,0.015315083892861292
2022-04-13,156509102.87884918,1414744.2567085573,607727.4941529916,0.02276377779969252,0.02444223174491933,0.025906300465151855
2022-04-14,151632411.1583208,1370581.2082827347,589551.5762883422,-0.03115915707665462,-0.031216276875771998,-0.02990800653174608
2022-04-15,153942470.2373456,1388636.6105782362,598674.1062038481,0.015234599657014236,0.01317353702676538,0.015473675726454417
2022-04-16,153702221.30752635,1389373.275628932,596770.0206431155,-0.0015606409943197397,0.000530495195852021,-0.0031805042860568733
2022-04-17,149607314.51953256,1354249.4053178178,586325.0280799136,-0.026641819182305237,-0.025280369881315434,-0.017502542356175654
2022-04-18,153193041.00109378,1386046.1624795103,602700.6021665542,0.02396758803589827,0.02347924764584297,0.027929174608607443
2022-04-19,155601731.73121163,1407702.6942020343,612688.0121583756,0.015723238564737896,0.015624682863218942,0.01657109675337831
2022-04-20,154023804.225218,1394361.9740057816,610792.9225498971,-0.010140809414122542,-0.009476944422426525,-0.003093074404707963
2022-04-21,149814641.23496613,1355900.9722566244,598288.7795823026,-0.0273280030409917,-0.027583226211099876,-0.020471984048854197
2022-04-22,149005150.22327158,1347158.0493880985,586669.9882490375,-0.005403283717944296,-0.006448054133315506,-0.019420038833716236
2022-04-23,146964026.2203516,1330634.2816308367,582926.3457850866,-0.013698345324718808,-0.012265648982142219,-0.0063811726165234894
2022-04-24,146493720.50004655,1325830.2069571351,582668.9231513572,-0.003200141778913257,-0.0036103644254630307,-0.0004416040475623273
2022-04-25,148991175.16491452,1352936.1638948668,597269.3536595722,0.017048202860457495,0.02044451604398234,0.025057850055308917
2022-04-26,140007109.12938195,1268242.2183849348,562712.3834040252,-0.06029931655742915,-0.0626001046982978,-0.057858267871623514
2022-04-27,139307073.58373505,1296557.5682300017,579300.5156958464,-0.0050000000000000044,0.02232645265596478,0.029478882606909007
2022-04-28,139307073.58373505,1320284.806552742,587164.6502902854,0.0,0.018300181113540148,0.013575224570606004
2022-04-29,139307073.58373505,1270689.1016741553,569980.9398261621,0.0,-0.03756439870582229,-0.02926557389929374
2022-04-30,139307073.58373505,1222235.7287636946,556769.1729476148,0.0,-0.038131571953062715,-0.023179313474195662
2022-05-01,139307073.58373505,1262990.7068903516,567903.3938527374,0.0,0.033344613618750296,0.019997911964443782
2022-05-02,139307073.58373505,1262780.0768655532,568792.6091332273,0.0,-0.00016677084292804345,0.001565786170879102
2022-05-03,139307073.58373505,1239016.4188321459,557294.3981599819,0.0,-0.018818524673269277,-0.020215120218891824
2022-05-04,151140013.96444166,1338389.1587443184,586050.7092025278,0.08494141809384881,0.0802029241919473,0.051599856624237495
2022-05-05,138214997.84288558,1231093.3455162363,539943.7435819145,-0.08551683821199663,-0.08016787384077995,-0.07867402068901796
2022-05-06,137523922.85367116,1217926.1482910637,532057.2921059222,-0.004999999999999893,-0.010695531149712334,-0.014606061408684035
2022-05-07,137523922.85367116,1187438.4962858309,524100.7183354376,0.0,-0.025032430782450765,-0.014954355270636266
2022-05-08,137523922.85367116,1144969.408215655,502802.9167068531,0.0,-0.035765294963077454,-0.040636848764922684
2022-05-09,137523922.85367116,987163.9767284092,447261.4461598747,0.0,-0.13782501991312868,-0.11046369999353145
2022-05-10,137523922.85367116,1027962.910447168,457978.39327967784,0.0,0.04132943936424005,0.02396125848050934
2022-05-11,137523922.85367116,893724.6953521362,427175.5030993508,0.0,-0.13058663277708893,-0.06725839173272175
2022-05-12,137523922.85367116,865203.9698935059,428820.00353783136,0.0,-0.03191220473928247,0.003849706798608521
2022-05-13,145811049.2769825,914943.111769003,432294.4017641294,0.060259526134438746,0.05748834217857235,0.008102229834507924
2022-05-14,149298651.929107,935974.9354691631,444372.59215913387,0.023918644502032738,0.022987028843242552,0.027939733537411415
2022-05-15,158785661.6092338,992237.8628053023,462144.4995014024,0.06354384019911707,0.060111574791195777,0.03999325713567914
2022-05-16,150427175.12748283,938293.3359204616,440853.9638342537,-0.05264005828385765,-0.0543665273287659,-0.0460690015571289
2022-05-17,154610797.01620427,966067.8770583288,449164.40722657554,0.02781160973857233,0.029601127999721477,0.018850785235190237
2022-05-18,142486853.19844055,887557.538384306,423985.54419672437,-0.07841589366163759,-0.08126793213856398,-0.056057119898082264
2022-05-19,141774418.93244836,938742.7267735038,447518.03263137536,-0.004999999999999893,0.057669712864333755,0.05550304428240649
2022-05-20,141774418.93244836,913317.9460024863,431078.5065508267,0.0,-0.02708386445602995,-0.036734890846488066
2022-05-21,141774418.93244836,928885.3867068937,434495.84391330875,0.0,0.017044930270498693,0.007927413013061324
2022-05-22,141774418.93244836,955589.3289419406,447656.63372908346,0.0,0.028748371561445607,0.030289794482822652
2022-05-23,141774418.93244836,922296.8068481561,429575.2310294616,0.0,-0.03483978010789113,-0.04039123144227663
2022-05-24,141774418.93244836,939698.9754055849,437793.2064125573,0.0,0.018868295355915388,0.019130468401079792
2022-05-25,141774418.93244836,929837.5027287138,436416.9698835993,0.0,-0.010494289059552075,-0.003143576713387941
2022-05-26,141774418.93244836,880925.3144595759,432059.98800828063,0.0,-0.052602942046970025,-0.009983529917456657
2022-05-27,141774418.93244836,851964.1939764012,422617.09262644785,0.0,-0.03287579549344832,-0.02185551924250806
2022-05-28,141774418.93244836,866606.4356261684,425382.51178231905,0.0,0.017186451911114897,0.006543557286537771
2022-05-29,141774418.93244836,884349.1326488279,434698.5411708264,0.0,0.020473765590996784,0.02190035821988534
2022-05-30,155330240.5933192,976244.714334665,468363.6434932959,0.09561542740182083,0.10391323776231776,0.07744470968730455
2022-05-31,160444309.81985727,992799.1262446684,469336.7921616427,0.032923847970644404,0.016957235892729683,0.0020777630413166825
2022-06-01,147410938.07713243,917807.2212836044,439911.55133610836,-0.08123299453472899,-0.07553582892918742,-0.06269536357891181
2022-06-02,152957433.35311124,944634.1348891816,449778.98646469647,0.037626076791374974,0.02922935555906636,0.02243049790035867
2022-06-03,147608666.23202717,912370.7529347602,438513.6899219245,-0.03496899107045104,-0.0341543680910984,-0.025046293583695922
2022-06-04,148903829.0997092,921851.1184018983,440411.0285184665,0.008774300999686346,0.010390913383230727,0.004326748833952676
2022-06-05,148727325.4450758,921236.2222885757,441499.74057346064,-0.0011853533633121582,-0.0006670232329799575,0.00247203631266113
2022-06-06,154624485.07545897,953838.1673506816,463112.3140313937,0.0396508147560346,0.03538934344235267,0.0489526300284131
2022-06-07,154002751.02411208,944713.3770221132,459935.5030589845,-0.004020928839591487,-0.00956639254006042,-0.006859698773187484
2022-06-08,154391943.4477077,943552.3796346594,446042.09096493584,0.0025271783848503926,-0.0012289414077245597,-0.03020730515832115
2022-06-09,153685864.26492715,940129.6416314795,444531.0304848894,-0.004573290335060154,-0.0036275018505121936,-0.003387708269364298
2022-06-10,146244169.05284598,890778.983010268,429352.2352130119,-0.0484214683482731,-0.052493460939673775,-0.03414563715680463
2022-06-11,140520790.5376241,845929.7680612842,418678.9703613651,-0.03913577240234256,-0.050348308395671726,-0.024858994495164377
2022-06-12,139818186.58493596,790322.3302826015,395085.9610812618,-0.0050000000000000044,-0.0657352890017392,-0.056351073137826835
2022-06-13,139818186.58493596,686631.4399435155,331972.06122495193,0.0,-0.1312007599507008,-0.15974726027617192
2022-06-14,139818186.58493596,693927.7257836801,327829.7423769759,0.0,0.010626204125993466,-0.012477914053041661
2022-06-15,146982512.6980832,725296.9970354071,333233.54169631103,0.05124030205323171,0.045205386794857416,0.01648355417709846
2022-06-16,131822175.89429128,645016.169830909,300885.9138813456,-0.103143812998576,-0.11068683247364808,-0.09707194434960309
2022-06-17,131163065.01481983,657652.7500175775,302212.06717612036,-0.0050000000000000044,0.019591106049296814,0.004407495444594733
2022-06-18,131163065.01481983,607038.8880001913,280749.62808801583,0.0,-0.0769613781984998,-0.07101780974085603
2022-06-19,140685733.41973302,662906.5946018513,303419.4854344147,0.07260175266442004,0.09203315916993171,0.08074759528903752
2022-06-20,139982304.75263435,667532.3662081386,304102.4858093902,-0.0050000000000000044,0.006978014163617763,0.002251010260589048
2022-06-21,139982304.75263435,665561.2910334251,305742.026940859,0.0,-0.002952778433666148,0.0053914098304885805
2022-06-22,139982304.75263435,637755.0063730485,295060.2851342036,0.0,-0.04177869872390183,-0.034937106663198714
2022-06-23,147271669.63547423,678952.0974388346,311282.120703478,0.05207347382743177,0.06459704848116599,0.05497803800296652
2022-06-24,152149441.51624623,707571.7556675563,313434.2004479814,0.03312091112191107,0.042152691385271,0.006913598955313738
2022-06-25,152580316.72863534,711718.9928478427,317430.1620727484,0.0028319210908382964,0.005861224882236504,0.012748964915301864
2022-06-26,149275047.89066786,693903.7810427062,310417.2982935229,-0.021662485101835993,-0.02503124405019952,-0.02209261947079344
2022-06-27,148195637.03963643,689086.4964511559,306109.3328247163,-0.00723101996136688,-0.006942294772211199,-0.013877981325425726
2022-06-28,144006118.0168548,667545.6338447494,299394.6617961661,-0.0282701913934289,-0.03126002717705745,-0.02193553187871977
2022-06-29,141485724.99890175,652338.8437735292,296787.42146742746,-0.017501985697983002,-0.022780150599796878,-0.008708372798288955
2022-06-30,140778296.37390724,642730.9171800745,292073.7731517826,-0.0050000000000000044,-0.014728429381694497,-0.01588223750298734
2022-07-01,140778296.37390724,631236.8382945539,284465.7348647791,0.0,-0.017883189649487874,-0.02604834458398897
2022-07-02,140778296.37390724,636404.54679363,284065.50148901774,0.0,0.008186639602717038,-0.0014069651515379311
2022-07-03,140778296.37390724,638363.2520365887,284874.7911937127,0.0,0.003077767518832486,0.002848954556089245
2022-07-04,146472958.14383954,671679.2407882119,298665.78783133137,0.04045127634452461,0.05218970334732487,0.04841073013105235
2022-07-05,145010451.0991998,664105.4433105966,298058.3592219254,-0.00998482629949704,-0.011275914182977465,-0.0020338071321012174
2022-07-06,148025668.7468432,681877.4765152398,303345.2976614996,0.020793105771257148,0.026760860618832982,0.017737930428710857
2022-07-07,152935699.98140314,706126.6806031571,319426.8021422479,0.033170133775630495,0.03556240662449195,0.053013857820514376
2022-07-08,151982833.9107798,700277.8750635029,320807.53664733283,-0.006230501254705145,-0.008282940866443878,0.004322538045727464
2022-07-09,153310114.61518604,704467.2609861499,318756.8631979488,0.008733096167856669,0.005982462207972938,-0.006392223420980225
2022-07-10,148104805.78111297,679536.0235663588,307954.22386629035,-0.03395280766137698,-0.035390200227177315,-0.03388990349346599
2022-07-11,141293219.7056892,645413.8928288186,294817.1060915429,-0.04599166137451849,-0.05021386586462262,-0.04265931997884009
2022-07-12,140586753.60716075,621135.4817233558,285270.9879242318,-0.0050000000000000044,-0.037616808958127135,-0.03237979740682684
2022-07-13,146427218.63512635,654133.5121698824,298382.53066805203,0.041543494519302504,0.05312533483833959,0.04596171114078618
2022-07-14,151668220.2209228,674982.7806446697,303665.25946330227,0.03579253662432946,0.031873108603817535,0.017704551212910147
2022-07-15,154035681.90378937,683897.8201676083,307598.1340895702,0.015609477578216957,0.013207802893022036,0.012951348577769028
2022-07-16,161919935.91472432,716977.3179885536,312823.9173537255,0.051184595111277265,0.04836906456704049,0.01698899533192111
2022-07-17,159922076.48553878,706521.5525632603,306756.89722110156,-0.012338563611078213,-0.014583118828119135,-0.01939436147960416
2022-07-18,177668118.67822948,782688.8301105048,331946.97635808995,0.11096680697674288,0.10780602130382233,0.0821174009946779
2022-07-19,179794730.84376198,798253.8168614311,345288.5790475336,0.011969576654233371,0.019886557916929615,0.040191969319375076
2022-07-20,176121361.17850426,776616.983967463,342960.5015704715,-0.020430908336517395,-0.027105204431141505,-0.006742410894342465
2022-07-21,179608537.8751036,792212.4931994142,341969.8799948622,0.019799850928161833,0.020081339391110342,-0.0028884421706671937
2022-07-22,176431608.20867333,775100.7603473269,335331.87639273296,-0.017688077103770183,-0.021599928048319783,-0.01941107679491816
2022-07-23,175360700.80541712,785336.7774021988,331648.6106083328,-0.006069816027463704,0.0132060469793438,-0.010983941711781742
2022-07-24,178025308.16135335,793420.1986559428,333769.7811835533,0.01519500859484424,0.010292936083399873,0.006395837363315726
2022-07-25,165464594.3273959,736202.9206637685,315354.00009197806,-0.07055577638755184,-0.07211472318085743,-0.05517510011323534
2022-07-26,165911179.9088857,734216.9820375069,313553.74281351024,0.002698979702002946,-0.002697542444508483,-0.005708686992848544
2022-07-27,182504439.59147045,807061.8402726317,338514.25216894015,0.10001290866412593,0.09921434673572227,0.0796052030234431
2022-07-28,189396765.6255189,831501.0951306858,351997.48344002356,0.03776525135211317,0.030281762361355602,0.0398306162434614
2022-07-29,193334021.29316717,847933.6851896036,351417.99418232945,0.020788399710231387,0.019762559731006712,-0.0016462880701044735
2022-07-30,190379331.53395718,839034.0020020485,349226.8454785179,-0.015282823682281843,-0.010495730200369424,-0.006235163651508224
2022-07-31,188076325.96247625,828114.1192739275,344512.99533061084,-0.012096930653788696,-0.013014827411123586,-0.013497960448739299
2022-08-01,186448715.87041804,821020.4470766172,344177.9249423302,-0.008653987064714097,-0.008566056334759709,-0.0009725914343494679
2022-08-02,185495822.27564126,811080.1698664796,339216.48427517654,-0.0051107543987540804,-0.012107222476043789,-0.014415336683737068
2022-08-03,187969484.30105957,820252.1006011401,337273.58925375855,0.013335405590658045,0.011308291184298547,-0.0057275961266136655
2022-08-04,189700235.7670512,824913.4343173748,334091.5018093543,0.009207619377300524,0.00568280619192385,-0.009434736504108865
2022-08-05,196978716.75043195,857154.5186452655,343810.5613921123,0.03836832861040107,0.03908420324681772,0.02909101108565193
2022-08-06,194597233.83750308,846448.129313956,338967.91342779965,-0.012090051921427425,-0.012490617617265776,-0.014085221654344893
2022-08-07,198198907.94960946,861373.2271540778,342136.13211247895,0.01850835205146817,0.01763261955841111,0.009346662498644243
2022-08-08,201527817.52320027,881891.1088002095,351489.6446353779,0.01679580179340423,0.023819966768553247,0.02733856978257987
2022-08-09,197100794.6587961,857728.6666678247,341965.29551919416,-0.0219673041608488,-0.02739844170246497,-0.027097097344258803
2022-08-10,202839566.38472024,895665.3894335001,353529.18847716565,0.029115923839163615,0.04422928163641204,0.033815983988709775
2022-08-11,202219627.55356362,893706.0142845672,353675.14203585044,-0.003056301303567155,-0.0021876195865647707,0.00041284726535173455
2022-08-12,206798615.31354865,913443.9202630465,360248.76114636706,0.02264363660135893,0.02208545725663491,0.018586602023193066
2022-08-13,207622539.96588734,921961.3936979696,360562.46614804445,0.00398418843902526,0.009324571816593075,0.0008708010561344626
2022-08-14,207162427.54121605,915940.612906531,359016.3156875713,-0.002216100548364741,-0.0065304044535849926,-0.004288162539464957
2022-08-15,204962991.38777155,904043.7624766116,356324.1904760259,-0.01061696457002037,-0.012988670075636644,-0.007498615226969707
2022-08-16,204184646.51679072,898890.1609030865,352579.1928526008,-0.0037974898088224407,-0.005700610730842159,-0.01051008526370889
2022-08-17,198044397.86403668,872979.6366887483,344499.73206767224,-0.030072038997550732,-0.02882501705025542,-0.022915307961199782
2022-08-18,193057968.68018374,857530.547124197,342680.098892042,-0.025178339996651977,-0.017696964413912775,-0.005281958173694035
2022-08-19,174167740.0789056,769770.7837792176,308206.71602618817,-0.09784744307846382,-0.10234010163170204,-0.10059931398792532
2022-08-20,175401039.03392795,771045.4779504199,312465.8380875645,0.007081098683737963,0.0016559399214193249,0.01381904364801212
2022-08-21,181859607.5680389,797238.9312119402,317899.3644157902,0.03682172334715572,0.03397134671115287,0.01738918520335342
2022-08-22,180897287.95988238,794488.8816812717,315903.2721767164,-0.005291552209011008,-0.0034494671835556545,-0.006279006699941081
2022-08-23,181399693.3119899,801225.2436829683,317810.2987218397,0.0027772962092109665,0.00847886252031782,0.006036741981122917
2022-08-24,179629086.72841087,794514.5548457649,315845.8653147366,-0.009760802519846346,-0.008375533459675566,-0.006181150878381114
2022-08-25,182133376.8308086,807575.7885472584,318885.25734983006,0.013941450953230516,0.01643926297112208,0.009623023027591993
2022-08-26,169517964.6730446,743049.8778575399,299090.32757808646,-0.06926469149848913,-0.0799007493845173,-0.062075399584960333
2022-08-27,171098381.68286574,745958.5042551347,295867.93134762114,0.009323006047585292,0.003914443006142854,-0.010773990107132536
2022-08-28,167058606.97268248,725204.5368667317,289594.9558081055,-0.023610829456418014,-0.02782187919303447,-0.021201944769558057
2022-08-29,173717404.25603592,762274.8481166215,299650.9311026833,0.039859049491788756,0.051117042662271794,0.03472427641744291
2022-08-30,171609565.9969556,751413.193483189,292252.13520512584,-0.012133719520547648,-0.014249000423231517,-0.024691382971281595
2022-08-31,171069456.60368994,753746.1705836278,295986.40688547894,-0.0031473151868192106,0.003104785916286934,0.012777568511970205
2022-09-01,172513984.74287862,762423.1793910352,297128.6909894727,0.008444103160596184,0.011511844631580503,0.0038592451457939436
2022-09-02,171470136.90610868,757953.8247706293,294805.5151530618,-0.006050801263014827,-0.005862039273223152,-0.007818752974256715
2022-09-03,174517522.81205764,765215.0310518153,292772.94894090696,0.017772108665298436,0.009580011398957478,-0.006894600364241832
2022-09-04,177993389.7570125,779031.5321500361,295055.61415899463,0.019917008269124237,0.018055710535677116,0.007796708085036963
2022-09-05,176546368.55361676,779174.0344513903,292481.877985766,-0.00812963450705173,0.00018292237922756804,-0.008722884940063347
2022-09-06,166359563.9451126,738973.6354337749,278092.73702279833,-0.05770044828427301,-0.05159360712773253,-0.04919669232863688
2022-09-07,173081958.5679483,769263.6332565072,284775.11488941114,0.04040882569909643,0.04098928076771258,0.024029314602578067
2022-09-08,173581976.28142554,771549.3113708091,285358.3812937247,0.002888907183708156,0.002971254606988216,0.0020481649337233954
2022-09-09,185321045.83964527,820232.0857526386,315641.1497345978,0.0676283898230734,0.06309742444761568,0.10612188190716743
2022-09-10,188129698.1221408,836280.328805079,320060.872610252,0.015155603454374056,0.019565490464463542,0.014002365912589188
2022-09-11,187712584.45705453,833078.7661687372,321370.56215907476,-0.0022171601254336037,-0.003828336654667419,0.004092001431295289
2022-09-12,188182572.07307592,828738.7342102353,330245.7322207763,0.00250376189417878,-0.005209629791023684,0.027616624254801714
2022-09-13,174695694.87084153,768616.6626726479,299631.93003686477,-0.07166910864092713,-0.07254647219413735,-0.09270006906083372
2022-09-14,176499072.24016878,781022.9987581187,298810.87639460695,0.010322964001262536,0.01614112299144188,-0.0027402074343572114
2022-09-15,171206611.72090146,743962.0820147613,290840.86636210186,-0.029985769625268444,-0.04745176109062976,-0.026672422800232853
2022-09-16,173244983.71491447,745706.599651806,291894.51726984966,0.011905918664729676,0.0023449012781946443,0.003622774615297697
2022-09-17,176869498.68470302,762149.4723604308,297135.1207886798,0.020921327082998875,0.022050056572253007,0.017953757980268437
2022-09-18,167154623.37594196,713561.5397327405,286682.1702677147,-0.05492679846443915,-0.06375118581032402,-0.03517911478528701
2022-09-19,169440605.09660986,726722.0704806766,288521.9290031952,0.013675850984549598,0.018443441826846874,0.006417415961943007
2022-09-20,164875552.935243,705182.852238498,278876.9418606311,-0.026941901905768062,-0.029638866242127304,-0.033428956945789956
2022-09-21,164051175.1705668,691083.8968896653,273807.6362659706,-0.0050000000000000044,-0.0199933326570233,-0.018177571658806735
2022-09-22,164051175.1705668,723467.4385867331,286594.2579009762,0.0,0.046859059866414476,0.04669928789927913
2022-09-23,164051175.1705668,724330.754969247,284883.0951496392,0.0,0.001193303715507188,-0.005970680514919113
2022-09-24,164051175.1705668,714563.4872084319,279559.30790564,0.0,-0.0134845409970612,-0.018687620763186308
2022-09-25,164051175.1705668,707229.8704981346,277567.62714315235,0.0,-0.010263072269403706,-0.007124358610731352
2022-09-26,164051175.1705668,718229.7496277736,283776.39119013713,0.0,0.015553470785801604,0.022368473265013344
2022-09-27,164051175.1705668,712233.3589948205,282121.1359754042,0.0,-0.008348847476814747,-0.005832956039052206
2022-09-28,164051175.1705668,720431.7836919406,286788.68003574735,0.0,0.011510868725231438,0.016544467837213306
2022-09-29,164051175.1705668,723197.3932172208,288948.89073709573,0.0,0.003838822200635583,0.0075324127196343404
2022-09-30,164051175.1705668,719560.8957264376,286863.50213862903,0.0,-0.005028360894120287,-0.007217153847336011
2022-10-01,164051175.1705668,713697.8868656663,285096.5183502288,0.0,-0.00814803708149292,-0.0061596674907299365
2022-10-02,164051175.1705668,702950.3968479779,281140.3176810972,0.0,-0.015058878855432667,-0.013876706359042812
2022-10-03,164051175.1705668,719926.8469999774,289694.8339446688,0.0,0.024150281766852633,0.030427924155919772
2022-10-04,168064695.46307158,740806.6658154828,300224.4518920549,0.024465050544940414,0.02900269506897013,0.036347275524413414
2022-10-05,166606553.530593,734679.9733481006,297624.36219203094,-0.008676075177246112,-0.00827029878387775,-0.008660486125090183
2022-10-06,164225565.5494572,726869.9877670978,294593.9949423718,-0.014291082377492437,-0.010630459335118303,-0.01018185214187517
2022-10-07,163404437.7217099,716529.8440692144,288562.09362335474,-0.0050000000000000044,-0.014225575236154198,-0.020475303035952908
2022-10-08,163404437.7217099,707710.9851626864,286638.8051645416,0.0,-0.012307734254926705,-0.006665076603316833
2022-10-09,163404437.7217099,710630.7093586237,287079.57799180644,0.0,0.0041255883505413316,0.0015377290838616275
2022-10-10,163404437.7217099,690605.8924710564,282577.8535513755,0.0,-0.02817893544966643,-0.015681103030461552
2022-10-11,163404437.7217099,683106.0687557855,281248.2402749646,0.0,-0.010859773710351406,-0.004705298945761771
2022-10-12,163404437.7217099,681810.1160812238,282813.4783007971,0.0,-0.001897147066665772,0.005565325579645286
2022-10-13,163404437.7217099,681840.1213945393,286141.8364688695,0.0,4.400831346984546e-05,0.011768739552548313
2022-10-14,163404437.7217099,675034.5172252894,283229.94475706806,0.0,-0.009981231605043495,-0.010176392755898878
2022-10-15,163404437.7217099,668905.7878850109,281487.6421710057,0.0,-0.009079134746279971,-0.0061515479500472425
2022-10-16,163404437.7217099,680355.5552476551,284446.9356312223,0.0,0.017117159949903815,0.010513049302600663
2022-10-17,163404437.7217099,688976.1250580386,288619.78881713736,0.0,0.012670683356506895,0.014670058500208416
2022-10-18,163404437.7217099,678014.0680893952,285426.0239347111,0.0,-0.01591064852605739,-0.011065647631146147
2022-10-19,163404437.7217099,666822.8350358738,282549.0780374348,0.0,-0.01650590095432325,-0.01007947999140546
2022-10-20,163404437.7217099,659427.8535474614,281282.52292634273,0.0,-0.011089874401218669,-0.004482602172654171
2022-10-21,163404437.7217099,667350.9732064768,283035.26312367414,0.0,0.012015142545757085,0.006231244583192241
2022-10-22,163404437.7217099,670890.9406090601,283562.59315820335,0.0,0.00530450624140788,0.0018631248583989013
2022-10-23,163404437.7217099,688826.524294563,288859.6808772436,0.0,0.026733978057924324,0.018680488353712166
2022-10-24,163404437.7217099,681263.1744587978,285590.7190605918,0.0,-0.010980050228917793,-0.011316781236911377
2022-10-25,173033272.14220354,730144.7068126022,296666.8699405876,0.058926394868738186,0.07175132046824118,0.03878330120960927
2022-10-26,179538315.39825624,753870.2825177925,306625.4755852882,0.03759417582247804,0.03249434733117873,0.0335683106330511
2022-10-27,175513227.79997194,733990.4569802121,299471.4445553079,-0.022419100844049633,-0.026370353094680055,-0.0233314959115013
2022-10-28,180271781.1042387,756379.9718185998,304040.69630400423,0.02711222033754601,0.030503822802414593,0.015257721000682789
2022-10-29,184685994.15866232,777310.8140504474,307334.5988216167,0.024486433913199157,0.027672390877196973,0.010833755341485451
2022-10-30,185063109.2786051,771870.0617328773,304634.91931683227,0.002041925927630528,-0.006999455326266779,-0.008784170461560548
2022-10-31,186595983.46837783,776261.0026705326,302570.66543952643,0.008282980847712063,0.005688704816193324,-0.006776156462742655
2022-11-01,186454875.03670585,773608.4436037666,302415.658262227,-0.0007562243787304634,-0.003417096901223271,-0.0005123007449325812
2022-11-02,182402307.57205886,753164.6745660524,297606.45678706386,-0.021734843156282158,-0.02642650711318406,-0.015902620594443806
2022-11-03,184895776.12908164,762359.1491546786,298351.73683149,0.013670159057816322,0.012207787883736998,0.0025042468919260763
2022-11-04,196760991.0808765,815312.7906053772,312187.8573962801,0.06417245001590177,0.06946022948555775,0.0463751969796804
2022-11-05,196890669.81771508,814052.4683108621,314187.6114492521,0.0006590673086479537,-0.0015458144518735173,0.006405611254872046
2022-11-06,190407884.3763369,786613.9962806334,308929.1025254549,-0.03292581333274991,-0.03370602399518896,-0.016736843631552922
2022-11-07,189170213.97839418,782352.5002434961,304150.89671911555,-0.006500100570922207,-0.005417518703311863,-0.015466997985227438
2022-11-08,176349221.05129173,712286.0274619416,273717.15774618514,-0.06777490312807266,-0.0895586998951845,-0.10006131594948442
2022-11-09,148335716.53926885,596730.5791061132,234441.42128548978,-0.1588524425853578,-0.16223180562390394,-0.14349022466876304
2022-11-10,147594037.9565725,684595.8130445662,259626.26720025338,-0.0050000000000000044,0.14724439640762643,0.10742489862358795
2022-11-11,147594037.9565725,662943.2113007763,251470.25432162508,0.0,-0.031628299985498654,-0.03141443647663533
2022-11-12,147594037.9565725,645010.6792248976,247999.46024286465,0.0,-0.027049876626223934,-0.013802006476365869
2022-11-13,147594037.9565725,628856.3800614243,241417.99850730615,0.0,-0.025045010390968625,-0.026538209918333333
2022-11-14,147594037.9565725,635904.4941400104,245327.63359025132,0.0,0.011207827895294065,0.016194463988263186
2022-11-15,147594037.9565725,641249.7265817756,249260.59471606012,0.0,0.008405715781257372,0.016031463998783302
2022-11-16,147594037.9565725,629603.1397481365,246084.07207545405,0.0,-0.01816232639306059,-0.0127437818409466
2022-11-17,147594037.9565725,621883.1845453529,246350.95199232225,0.0,-0.012261621195014727,0.0010845070736085205
2022-11-18,147594037.9565725,627605.3153134185,246502.41268844463,0.0,0.00920129521149371,0.0006148167681003791
2022-11-19,147594037.9565725,628757.5431362562,246705.68660956828,0.0,0.001835911511141708,0.0008246325823211276
2022-11-20,147594037.9565725,602545.8898706157,240509.60916191599,0.0,-0.04168801400758737,-0.025115259939095358
2022-11-21,147594037.9565725,583901.4084002639,233061.17694446997,0.0,-0.03094284067617714,-0.030969374751391165
2022-11-22,147594037.9565725,601671.3725518447,239002.90249209496,0.0,0.030433158570837948,0.025494274188105903
2022-11-23,155221385.9035614,632833.8816298026,245217.0295106158,0.05167788653653571,0.0517932388004263,0.02600021570334854
2022-11-24,154445278.9740436,636000.1223341015,245124.87866637306,-0.0050000000000000044,0.005003273048757251,-0.0003757930043710722
2022-11-25,154445278.9740436,633882.3232332611,243905.1486400902,0.0,-0.0033298721595651504,-0.0049759536156384065
2022-11-26,154445278.9740436,639348.2020184133,243055.40598343266,0.0,0.008622860402972332,-0.0034839061881035693
2022-11-27,154445278.9740436,635016.9543081883,242765.2576900614,0.0,-0.00677447390412822,-0.0011937537130568554
2022-11-28,154445278.9740436,619393.8551053898,239409.65216660438,0.0,-0.024602648947883332,-0.013822428939733733
2022-11-29,154445278.9740436,630151.9148889999,242770.5053288763,0.0,0.017368689881141153,0.014038085481754559
2022-11-30,158444789.96583343,654950.0156940726,253452.47780097404,0.025895974408269185,0.039352575496721,0.044000289316970864
2022-12-01,157652566.01600426,643538.3345690338,250478.7965837871,-0.0050000000000000044,-0.017423743570637917,-0.011732697360023692
2022-12-02,157652566.01600426,650314.5776114305,252272.85472849017,0.0,0.0105296649451887,0.007162515027905547
2022-12-03,157652566.01600426,640679.6849670475,249609.33203180353,0.0,-0.014815741452039122,-0.01055810265259527
2022-12-04,157652566.01600426,650043.7049108708,252890.31728464097,0.0,0.014615759112613036,0.013144481522908036
2022-12-05,157652566.01600426,642206.2183060012,250592.37048099362,0.0,-0.01205686101666692,-0.009086733048228601
2022-12-06,157652566.01600426,645334.7198284245,252285.3106623803,0.0,0.004871490548122859,0.006755753090715411
2022-12-07,157652566.01600426,630582.1209480151,248721.96207485296,0.0,-0.022860383033988407,-0.014124280871413819
2022-12-08,157652566.01600426,646179.5453775804,254410.69088192482,0.0,0.024734961413298784,0.022871839541696026
2022-12-09,157652566.01600426,639019.7825011875,252929.6745757522,0.0,-0.011080144717687257,-0.005821360340788395
2022-12-10,157652566.01600426,640856.1864304671,252864.30975600932,0.0,0.0028737825957307894,-0.00025843080632004245
2022-12-11,157652566.01600426,635722.9677509768,252502.16501142585,0.0,-0.008009938560602836,-0.001432170261326693
2022-12-12,157652566.01600426,633097.817050122,254011.55316701488,0.0,-0.004129394144971599,0.005977723618808328
2022-12-13,157652566.01600426,644661.1630502406,262498.2826236983,0.0,0.018264706793647223,0.033410801008343594
2022-12-14,157652566.01600426,638961.2265281376,263005.1122670333,0.0,-0.008841755714170119,0.0019307922256450727
2022-12-15,157652566.01600426,619633.5975095646,256350.35658714914,0.0,-0.030248516210587106,-0.02530276169357304
2022-12-16,157652566.01600426,566371.377095907,245759.95829568806,0.0,-0.08595760563618482,-0.04131220425223303
2022-12-17,157652566.01600426,578472.4503755481,247939.02589695342,0.0,0.02136596898962284,0.008866650272798315
2022-12-18,157652566.01600426,582572.9755147543,247391.10897168916,0.0,0.007088540061923609,-0.0022098857704312413
2022-12-19,157652566.01600426,564293.0100247542,242692.22324435847,0.0,-0.03137798397505165,-0.01899375344110865
2022-12-20,157652566.01600426,584230.2041643328,249580.81601648568,0.0,0.035331279646196645,0.028384068842582266
2022-12-21,157652566.01600426,576364.8909132335,248270.34797179484,0.0,-0.013462695346861842,-0.005250676176186131
2022-12-22,157652566.01600426,578844.6746940762,248459.40713503,0.0,0.0043024546080756565,0.0007615052090579333
2022-12-23,157652566.01600426,580583.3998068689,247966.50391778047,0.0,0.0030037852792057507,-0.001983838015767514
2022-12-24,157652566.01600426,580213.9672218998,248716.48377059575,0.0,-0.0006363126901182126,0.003024520816182319
2022-12-25,157652566.01600426,578963.8986614842,248631.3105559859,0.0,-0.002154495808504797,-0.00034245102422891804
2022-12-26,157652566.01600426,584577.815822155,249780.11095872778,0.0,0.009696489148372844,0.004620497716771643
2022-12-27,157652566.01600426,579859.5048784495,246788.7550020162,0.0,-0.008071313717352813,-0.011975957353969835
2022-12-28,157652566.01600426,567586.4190393564,244358.80989894984,0.0,-0.02116561983693921,-0.009846255365429935
2022-12-29,157652566.01600426,568677.8848262322,245684.0405319549,0.0,0.0019229948960426402,0.0054232979508825885
2022-12-30,157652566.01600426,568479.8420989717,245097.14114692342,0.0,-0.00034825114980696625,-0.002388838052975406
2022-12-31,157652566.01600426,568572.234349159,244283.87246334698,0.0,0.00016252511231740208,-0.0033181483870875494
2023-01-01,157652566.01600426,570366.3949267082,245429.21288445272,0.0,0.003155554332692434,0.0046885633896178724
2023-01-02,157652566.01600426,575668.8802787338,246365.02258430942,0.0,0.009296630024472119,0.0038129515588565255
2023-01-03,157652566.01600426,575374.142518606,246237.86825918104,0.0,-0.0005119918241629495,-0.000516121662866631
2023-01-04,163543682.0819891,597955.8217834267,248945.04439084372,0.03736771442963249,0.03924694836993026,0.010994150293785143
2023-01-05,162725963.67157915,596236.5769820916,248553.80696733636,-0.0050000000000001155,-0.002875203716902197,-0.0015715814888570545
2023-01-06,162725963.67157915,606806.6124630423,250254.93577192855,0.0,0.01772792191725614,0.006844106816741524
2023-01-07,162725963.67157915,606208.1265495667,250300.83819496812,0.0,-0.0009862877252544422,0.00018342264818071996
2023-01-08,168882917.47360823,627698.0172803928,252309.53053383352,0.03783633332450442,0.03544969093889061,0.008025112314249405
2023-01-09,173214370.5100975,643501.910114314,253865.65727469086,0.02564766822651654,0.025177541427316097,0.006167530562816603
2023-01-10,176020272.48666272,653113.1916480052,257552.44070708775,0.01619901379026545,0.014935902104756371,0.014522576515372032
2023-01-11,179183160.40617725,668654.1507807383,264765.4932571447,0.017968884349694347,0.023795200175820375,0.028006151020173453
2023-01-12,184335081.328937,686232.1471751095,278563.9576884614,0.028752260597933565,0.026288622262864214,0.052115795988246116
2023-01-13,192161468.15699387,711622.0213435715,293916.8477029977,0.0424573921124165,0.03699895767486261,0.05511441660269112
2023-01-14,199342548.91563234,743757.4163070362,309664.4639558578,0.0373700348332664,0.04515795464394401,0.05357847423830919
2023-01-15,197971532.19598636,740040.2480008447,308254.63677184895,-0.006877692329630203,-0.004997823517038924,-0.00455275741361727
2023-01-16,199202889.51466298,743447.3293516771,312518.5739743355,0.006219870629973201,0.004603913584479091,0.013832516023570607
2023-01-17,197891220.65852463,740557.7285602767,312398.8009433642,-0.006584587499378625,-0.0038867592596241174,-0.00038325091993129945
2023-01-18,190011620.55077648,712182.7393153904,305419.96031689417,-0.03981783568531805,-0.038315702004825924,-0.022339524368838015
2023-01-19,195347909.02854452,731518.5172364302,311295.64346503915,0.02808401118994741,0.02715002323648985,0.019238045679950133
2023-01-20,209101776.90829453,777955.9840025025,334764.61240348656,0.0704070391546412,0.0634809176690514,0.07539125404137925
2023-01-21,208801404.49593714,773724.4227827392,336256.7006508949,-0.001436489047575762,-0.005439332438825661,0.004457126566322689
2023-01-22,210595702.56515387,779802.4035756962,335412.1479666916,0.008593323754446436,0.007855485252872496,-0.002511630794474917
2023-01-23,211589024.58520117,782639.8045710354,338571.572531379,0.0047167250231043845,0.0036386153496432705,0.009419529327844067
2023-01-24,206414188.53851646,759910.5825810544,334172.8690441644,-0.02445701546585155,-0.029041740347513834,-0.012991945703908492
2023-01-25,212167494.08351064,782369.6953541134,341279.44065936893,0.027872626323459437,0.029554941446894967,0.021266153759075257
2023-01-26,212710854.11355993,782534.6254367937,340023.4096590868,0.002560995652969522,0.00021080837315112788,-0.003680359408276823
2023-01-27,215288343.51552382,789002.1831626365,340701.7678920338,0.01211733840619078,0.008264883770775944,0.0019950339114214177
2023-01-28,213455052.55556136,780856.6124184723,339998.4977913065,-0.00851551426345698,-0.010323888726788355,-0.0020641809553220147
2023-01-29,220914216.11193898,810509.5972436201,350974.13620477234,0.03494489105352061,0.03797494233071341,0.03228143207915801
2023-01-30,211087238.9625266,774116.9411190891,337179.5642527963,-0.04448322666764459,-0.044900956445543705,-0.03930367092328346
2023-01-31,216798538.80335942,791925.9682511517,341595.7118140931,0.02705658508256259,0.023005603140938025,0.013097316769725253
2023-02-01,221005676.2989066,810261.3629716773,350224.24285149795,0.01940574654593563,0.02315291511530626,0.025259482888651652
2023-02-02,221474076.4533079,812202.4567796153,346505.5699216879,0.0021194032761755466,0.002395639106891112,-0.01061797692681965
2023-02-03,224758197.4393342,823724.5083392088,346172.69085511024,0.014828466783193495,0.014186181614469051,-0.0009606745041728093
2023-02-04,223132492.6002176,819607.5344816017,344438.4615595322,-0.007233128124527699,-0.004997998500624656,-0.005009723012217249
2023-02-05,219986912.22952694,806529.7778147305,338885.04686761403,-0.014097365802866468,-0.015956120602457324,-0.01612309690031044
2023-02-06,216691503.84049067,795751.5900215955,335998.1246899535,-0.014980020200465183,-0.013363657597786682,-0.008518883333286431
2023-02-07,223470526.33138797,821025.7582602679,343441.150686093,0.03128420990555969,0.03176137950033686,0.0221519867201867
2023-02-08,220313712.72377086,809718.7553488489,338644.8953088851,-0.014126308553709777,-0.01377180045529669,-0.013965290320121615
2023-02-09,205720192.47774643,757207.4438547854,322105.491091773,-0.06623972727617633,-0.06485129700551417,-0.04883996317743455
2023-02-10,204470145.03368887,749848.4574695337,319627.50991032476,-0.006076445044123635,-0.009718586953911479,-0.007693073387383453
2023-02-11,208291619.1229927,763231.3106511737,322870.7236969675,0.01868964336418988,0.017847410431172106,0.010146854341644973
2023-02-12,207629697.80177796,758311.3892891789,321650.2728411772,-0.0031778586387763985,-0.006446173385886378,-0.003779998514005234
2023-02-13,202469636.4955534,743890.3807703434,321944.0252820861,-0.02485223145270299,-0.019017264836749148,0.0009132665684197239
2023-02-14,209298669.12740153,768448.6269566779,328036.59161245695,0.033728675321635704,0.03301325950861611,0.01892430314565563
2023-02-15,226541684.4827976,830315.5990029962,358846.661254679,0.082384734825524,0.08050892392290798,0.09392266116037806
2023-02-16,215921649.99858212,797175.8394547825,348743.63020984957,-0.04687894198571607,-0.03991224491989109,-0.028154173176657138
2023-02-17,223891667.34835646,825647.2820685492,362651.86255857314,0.036911617477111136,0.035715385746310835,0.03988096453648371
2023-02-18,225304634.37150338,829319.1289080987,363769.03296252456,0.006310940643219576,0.004447234211623741,0.0030805588480080637
2023-02-19,222079904.42660022,819124.2523167899,359138.97203657293,-0.0143127546128764,-0.01229306817597653,-0.012728023845912761
2023-02-20,225174169.38473845,830185.8120392545,366542.4965756998,0.013933115497899218,0.013504129185747171,0.020614650916729094
2023-02-21,220901596.46787852,812939.1030264078,360743.8268521394,-0.018974525046697055,-0.020774516695825196,-0.01581991113645098
2023-02-22,219853042.60466108,808109.4809589896,357089.9420784661,-0.004746701155552424,-0.0059409395481635485,-0.01012875204423358
2023-02-23,217040172.2214519,801250.8066811988,353526.96832228266,-0.012794320924033209,-0.008487308266265536,-0.00997780485063493
2023-02-24,209886643.86194378,776597.522873272,342464.3978702086,-0.032959466841047225,-0.030768497956390584,-0.03129201289670547
2023-02-25,209195441.0068314,773161.5692621098,342128.5201528796,-0.003293219818060522,-0.004424368491995345,-0.0009807668166905703
2023-02-26,213160170.7026049,789694.7062298344,347824.4860882071,0.01895227580817127,0.021383805953396617,0.016648614774302573
2023-02-27,211332794.937581,783766.7062979414,347258.4619257137,-0.008572782424599357,-0.0075066983292751965,-0.0016273269569350157
2023-02-28,207169406.28290963,768374.307420874,341714.85051509796,-0.019700627419899752,-0.019639005782437602,-0.01596393470118418
2023-03-01,210471137.2751802,784619.2242114572,349084.29423510877,0.015937348334926105,0.021141931261484892,0.02156606219747892
2023-03-02,207439521.4701848,773857.1186295252,346558.65180662257,-0.014403950319476388,-0.013716341952681455,-0.007235050302163315
2023-03-03,200498356.0140479,745149.2991168833,330131.0338295383,-0.03346115246961057,-0.0370970542514133,-0.047402129167592566
2023-03-04,199085767.99341565,740914.8008563338,329993.2977272394,-0.0070453845543414495,-0.005682751450706625,-0.0004172164631153219
2023-03-05,199255362.5806954,741122.8140073216,331206.25195615145,0.0008518669565840131,0.0002807517824550132,0.0036756935285233716
2023-03-06,197967947.65339768,737556.2836575706,331121.28057380376,-0.006461130634696555,-0.004812333775648381,-0.00025655126328638644
2023-03-07,197568571.45603442,735823.5908662594,328021.3100268974,-0.002017378076083709,-0.002349234668191924,-0.009362039617430762
2023-03-08,193100769.60120243,719632.3002682381,320615.0751688223,-0.02261393004922463,-0.02200431027083527,-0.022578517406286136
2023-03-09,185453857.45270997,686738.972623538,300610.90300763265,-0.03960063009735848,-0.045708520354685755,-0.06239311158608596
2023-03-10,186189683.50542718,687339.5084215031,298015.97444688267,0.003967704219389745,0.0008744746139437432,-0.00863218377905639
2023-03-11,185892384.9448325,693524.4968998857,304587.77706704027,-0.0015967509853251904,0.008998447495891293,0.022051846825845045
2023-03-12,197899760.954086,739952.8343212325,327197.25773388834,0.06459315701833046,0.0669454902153932,0.07422977009964415
2023-03-13,211091848.7965689,786960.5233957875,357218.22089762636,0.06666045365028794,0.06352795326160976,0.09175187888693825
2023-03-14,212825475.6620822,794270.5569922989,365316.10608476744,0.008212666075912756,0.009288945733857412,0.022669294883089997
2023-03-15,208758360.1367479,772998.0753517116,359852.2760840452,-0.019110097194341202,-0.026782412432787117,-0.014956444322371198
2023-03-16,216991441.26091105,795568.3318747655,369844.01105291187,0.03943833012852771,0.02919833469544475,0.027766213062754286
2023-03-17,230776314.40283358,848988.847780656,404848.183934931,0.0635272666139286,0.06714761481267661,0.0946457745317153
2023-03-18,226436516.16249147,829305.0931791643,398086.16882432613,-0.01880521513471589,-0.02318493894583773,-0.016702594648891123
2023-03-19,231815519.35312465,848873.6242558741,413923.42743474274,0.023755016557370112,0.023596299163789247,0.039783493752593824
2023-03-20,228096320.2227277,830064.5569760542,409916.2785360188,-0.01604378835711817,-0.022157676646282876,-0.009680894177838462
2023-03-21,237109044.8409314,867257.715111039,415947.97802277375,0.03951280147528502,0.04480754878931381,0.014714466837708162
2023-03-22,229194080.41186363,837407.4442001764,403128.4577290444,-0.03338111557227874,-0.034419147147097706,-0.030820008681536226
2023-03-23,236370410.39141023,866564.2327859168,418282.7736308461,0.03131114890336906,0.03481792380480764,0.03759177902540278
2023-03-24,229760287.01529217,840583.2803887265,405872.0501674276,-0.02796510512958128,-0.02998156560612264,-0.02967065403073854
2023-03-25,228294669.3450903,835085.9204047004,405893.04072268686,-0.006378899022285389,-0.006539934962165539,5.17171735541222e-05
2023-03-26,232112370.2824872,849241.5023365973,413268.7700760033,0.016722689795380496,0.016951048492156007,0.018171608313815923
2023-03-27,223103342.18288296,817583.6307394174,400655.00335690344,-0.03881321830732254,-0.03727781968977806,-0.03052194511765327
2023-03-28,229021109.53499478,840413.0574784818,402548.1899754821,0.026524781270470088,0.027923047723469763,0.004725228944394866
2023-03-29,235204315.27955708,859071.6901719926,418496.3698305175,0.026998409697327475,0.022201740593480235,0.03961806375531518
2023-03-30,233796065.7984638,855632.4934051521,413847.94216871395,-0.005987345425272017,-0.004003387384528989,-0.0111074503792854
2023-03-31,240082311.69924858,875605.2224491274,420416.1406413339,0.02688773174739234,0.023342649090487333,0.015871042968584437
2023-04-01,236618212.96158966,865420.6653041573,419420.41559281125,-0.01442879616220294,-0.011631448607036798,-0.0023684272611504964
2023-04-02,234929708.87782657,858717.9367555139,416294.7835154368,-0.007135985276151113,-0.007745052570806932,-0.007452264985615131
2023-04-03,233692193.2627814,856706.8421083391,410255.58740180347,-0.005267599491593944,-0.002341973494548566,-0.014507018470505062
2023-04-04,235894496.386702,869897.2513530098,415833.9139615019,0.00942394819943404,0.015396642814488715,0.0135971982612757
2023-04-05,237189738.03343147,878045.0339250491,415979.98285290785,0.005490766705324779,0.009366373510626191,0.00035126738464974494
2023-04-06,234371168.9199388,866595.5204254665,414004.1026732252,-0.011883183213834414,-0.013039779347536307,-0.004749940528704033
2023-04-07,233706517.38353527,863866.7150609768,412257.9652741828,-0.0028358929106616637,-0.0031488800716970022,-0.004217681389550587
2023-04-08,234169256.5111597,863244.5708809147,412581.7907221459,0.001980000955065453,-0.0007201853818596948,0.0007854922772632111
2023-04-09,236590458.83237424,871198.9403756013,418269.1643697436,0.010339539687179933,0.009214502775927613,0.013784839213681899
2023-04-10,243129409.05209932,895326.5068942435,437754.74295003526,0.027638266783860388,0.027694669266057792,0.04658621825410658
2023-04-11,246760565.2258126,903090.3127406521,446347.72267612873,0.014935075883539817,0.008671479942373272,0.019629666758571807
2023-04-12,246712404.76562077,905983.8952452458,444930.4276984218,-0.00019517081324471608,0.003204089849898173,-0.003175315803583323
2023-04-13,252927404.8299055,933732.1473350562,448768.9024923836,0.025191275121285717,0.03062775424092834,0.008627134839525041
2023-04-14,256908646.4015379,954648.0914586459,450047.8270378249,0.015740649275667762,0.022400368438941998,0.002849851088919886
2023-04-15,260709156.58374387,963507.2776021321,447579.47613859724,0.014793235788047143,0.00928005431818324,-0.005484641300179449
2023-04-16,264703647.44853902,976544.5173511559,447533.1123846728,0.015321636252204396,0.013531023638419626,-0.00010358775680341381
2023-04-17,257268626.39679292,949223.4269947243,434685.07607562555,-0.028088094453596613,-0.027977311705706054,-0.028708571396173777
2023-04-18,261828701.16332826,967605.8749220535,448746.5567776501,0.01772495476965852,0.019365775648340966,0.032348662229154
2023-04-19,246515112.42024252,906066.5458726893,425497.3543394587,-0.0584870515533481,-0.06359958185901005,-0.0518092051895368
2023-04-20,240621877.634109,890730.3140453445,416983.89652463596,-0.023906180551264256,-0.01692616496790922,-0.020008250880993117
2023-04-21,235408864.29414234,865185.8271164327,402677.7951209358,-0.02166475214649266,-0.02867813806953401,-0.034308522518338824
2023-04-22,242294993.06694925,886708.2707637108,410658.3004310706,0.029251781972843283,0.024876093635294527,0.01981858797984626
2023-04-23,239821378.2262051,878545.7609454518,407320.2543144171,-0.010209104238735334,-0.009205406205615718,-0.008128524647254332
2023-04-24,238711340.65687698,873289.0186350791,406345.26032253104,-0.00462860140967547,-0.0059834587383537086,-0.002393679129772508
2023-04-25,244926754.48752698,893259.8959132211,417893.410364058,0.02603736300733206,0.022868577128515533,0.02841955147295372
2023-04-26,244752320.24809602,892912.5443438904,419592.6361787503,-0.000712189404525998,-0.00038885835009483394,0.004066170397882152
2023-04-27,249344792.7230604,911108.7441739414,435109.3851569385,0.01876375460019819,0.02037847933183823,0.036980508331842854
2023-04-28,246196066.1527037,900801.1890370583,433138.204785645,-0.0126280021169477,-0.01131319966227362,-0.00453030993708059
2023-04-29,244879809.65232775,899212.5660165888,431783.3913096509,-0.005346375029240069,-0.0017635667445862202,-0.0031279011203008134
2023-04-30,247902245.0585353,903394.8047647588,432083.34288432455,0.012342525953849437,0.004651001227325757,0.000694680667924441
2023-05-01,240326283.40694654,876965.9537985307,414704.2587904801,-0.030560278507360428,-0.029255039797478233,-0.04022160164248012
2023-05-02,241174070.27306283,884479.9131262735,423398.96197667625,0.0035276493860669778,0.008568131174530258,0.020966033026897257
2023-05-03,243580180.38609704,895144.1006281506,428208.1922850198,0.009976653420120885,0.012057014911942554,0.01135862564681589
2023-05-04,241175294.7041982,885490.3571522455,425866.8803781994,-0.009873076200563102,-0.010784569176215064,-0.005467695268338013
2023-05-05,245203063.58415484,910796.054132271,436003.9634089645,0.01670058653767459,0.028578173410503505,0.023803407820215394
2023-05-06,239564846.63215435,883812.3218364728,426707.05041899695,-0.02299407221747629,-0.029626536229898304,-0.021323001096774874
2023-05-07,237316217.0564839,874555.0203273421,420069.13331640855,-0.009386308581088132,-0.010474284280055035,-0.015556145829018764
2023-05-08,230998508.3768944,854284.6732980119,408839.15741950565,-0.026621478961489586,-0.023177897968892913,-0.026733637409259825
2023-05-09,230087491.527573,851788.2603981524,408315.1143675308,-0.003943821350720689,-0.0029222260189006866,-0.0012817829272580017
2023-05-10,231884037.2754177,855783.7574678058,407768.61026810127,0.007808098284340703,0.004690716291142261,-0.0013384371045780386
2023-05-11,226373217.0365529,835238.1410333511,398601.5330890301,-0.023765414401161977,-0.024007953241888425,-0.022481076150133172
2023-05-12,228408292.5764694,841725.2546016369,395711.0355970122,0.00898991305843344,0.007766783207792782,-0.007251596524522896
2023-05-13,227826064.09760135,838783.6340782192,395402.31873552693,-0.0025490689164584523,-0.0034947514136425273,-0.0007801573211611013
2023-05-14,229720634.84505853,844441.9249225286,397565.9317521508,0.008315864802218353,0.006745828857912306,0.005471927993601522
2023-05-15,230039118.3826043,847570.6320672914,401434.53721952724,0.001386394991292672,0.0037050589891660657,0.009730726801279843
2023-05-16,229167388.88001677,845868.8648687797,399130.93911254086,-0.003789483757008938,-0.002007817560125913,-0.005738415341494774
2023-05-17,232440840.46203184,854641.651269945,404477.24507035525,0.014284107341856256,0.010371331497733172,0.013394867282656042
2023-05-18,229075070.2420429,842810.0500282681,396112.85479769,-0.014480115513687997,-0.013843932394467129,-0.02067950762275972
2023-05-19,228263429.49564767,842012.1715495018,396967.9027595229,-0.003543121237669533,-0.0009466883774577051,0.0021585968530852817
2023-05-20,228924087.95044407,844936.8181592815,400502.9083308141,0.002894280771370772,0.0034734018207809303,0.008905016115201336
2023-05-21,225575519.02587587,833840.4998185983,394955.72160584095,-0.01462742062029354,-0.013132719633234702,-0.013850552916312875
2023-05-22,228200040.93690002,842380.8136488971,396394.35313697084,0.011634781656971738,0.010242143230218215,0.0036425134576620888
2023-05-23,230794913.78975338,853911.5967031966,401922.1927979618,0.01137104464223504,0.013688325834906312,0.013945303754316907
2023-05-24,225215126.59224057,831918.7439601574,388770.0817694578,-0.024176387191079174,-0.025755421085683627,-0.03272302765106416
2023-05-25,224009813.13344708,829574.3853477207,390857.3445246441,-0.00535183172210163,-0.0028180139340013843,0.005368887301425707
2023-05-26,226158050.22641015,838139.9140704797,394445.89331175474,0.009589924043565512,0.010325208774579764,0.009181223884829448
2023-05-27,227567030.02141476,842314.9438357806,396646.4416323445,0.006230066953593072,0.004981304070133863,0.005578834405180366
2023-05-28,235811144.93376592,874919.2935792155,414616.8365878066,0.03622719385833428,0.03870802718394084,0.0453058267244435
2023-05-29,233452742.18055633,866312.5192380411,409601.0742089654,-0.010001235326990265,-0.009837220877785047,-0.0120973437068298
2023-05-30,233069983.35295022,866109.0679027106,408958.3826200511,-0.0016395559290971473,-0.0002348475068898459,-0.0015690671469930084
2023-05-31,229712062.48227826,853902.8487230929,401832.60810676595,-0.014407350197416346,-0.014093166359723241,-0.01742420455507676
2023-06-01,226133789.51809356,842559.6071729033,395932.21492310276,-0.015577209683800386,-0.013283995441814134,-0.014683709247646393
2023-06-02,230695538.93923175,860579.4412806842,402274.4765948823,0.020172789881864217,0.021387013992095083,0.01601855426947596
2023-06-03,229581845.7436421,855740.7099925657,399698.98159765534,-0.0048275454337373125,-0.005622643367958813,-0.0064023326039167605
2023-06-04,229639854.26310715,855730.0778170507,400347.6128217118,0.0002526703245073758,-1.2424529288845854e-05,0.001622799291266075
2023-06-05,213651400.82375935,801743.8700938224,380285.71663355915,-0.06962403582188836,-0.06308789316012597,-0.05011119223804861
2023-06-06,219390540.1792451,825590.5897852288,402114.9426082756,0.0268621658147703,0.029743563475721713,0.057402171630208665
2023-06-07,208814824.21007475,778568.485751236,388935.12289350206,-0.04820497711765448,-0.05695571705368552,-0.03277624957004599
2023-06-08,207770750.08902436,783843.7905963429,391329.8915166009,-0.0050000000000001155,0.0067756465123511855,0.0061572444403654725
2023-06-09,207770750.08902436,765091.1480839675,390918.8745314069,0.0,-0.023923953646565854,-0.0010503081775866674
2023-06-10,207770750.08902436,723113.5593145677,381631.21699231595,0.0,-0.05486612787839085,-0.02375852931180167
2023-06-11,207770750.08902436,718748.9558320014,382944.02052461123,0.0,-0.0060358479333501025,0.0034399794195076883
2023-06-12,207770750.08902436,715617.6129171479,382387.94380932173,0.0,-0.00435665734112789,-0.001452109670044499
2023-06-13,207770750.08902436,725272.3350512862,382627.5187044446,0.0,0.013491454038954798,0.0006265231396580528
2023-06-14,207770750.08902436,698038.219889133,370905.2450870785,0.0,-0.03755019162591844,-0.030636253390914137
2023-06-15,207770750.08902436,700970.2396838855,377573.78302714677,0.0,0.004200371428398464,0.017979087727655774
2023-06-16,207770750.08902436,714421.5432933582,388661.49601244344,0.0,0.019189550209062878,0.029365685552642073
2023-06-17,207770750.08902436,723405.8180734562,391366.1924906003,0.0,0.012575593309633426,0.006959002900740696
2023-06-18,207770750.08902436,717093.4397184722,388790.668660193,0.0,-0.00872591593442651,-0.006580854145875614
2023-06-19,207770750.08902436,722940.4746263436,396390.6913230727,0.0,0.00815379779539871,0.019547852547670663
2023-06-20,214112436.74017203,747095.6555103916,418187.0474722459,0.030522518922564412,0.03341240632091158,0.05498705349618915
2023-06-21,223055278.23999724,781342.8940679977,443280.62195476604,0.04176703434876816,0.04584050021574493,0.06000562340273241
2023-06-22,222113761.94139096,774327.9191550964,441582.6936331873,-0.004220999861716979,-0.008978100352814877,-0.0038303689299371557
2023-06-23,226398745.2544295,788601.5847361933,453144.56826853764,0.01929184070174461,0.018433618662067053,0.02618280743799839
2023-06-24,223687741.6043203,775233.8537448175,450977.8124352609,-0.01197446411225711,-0.016951184539969688,-0.0047815994828226405
2023-06-25,225011209.46216235,780699.8301347774,449967.55546386645,0.005916586435850135,0.007050745221659271,-0.002240147837737516
2023-06-26,219892019.66533035,764896.146608773,446880.24268311245,-0.022750821210499872,-0.02024297036580114,-0.006861189753050834
2023-06-27,223608946.8945736,775949.3564694858,453036.7321742112,0.0169034203010201,0.0144506020977071,0.013776598074988877
2023-06-28,216845016.92550176,747116.9474145544,444150.86500261794,-0.030248923681309048,-0.03715759129708773,-0.01961401038928623
2023-06-29,219994115.6877127,759784.7115267124,449452.1911991624,0.014522347835610239,0.01695553039720976,0.011935868224669965
2023-06-30,225159485.63078776,781951.5795852863,449923.1235330225,0.02347958229213476,0.02917519623951348,0.0010477918298799072
2023-07-01,229141300.6295872,791480.9763538544,451588.72985948354,0.01768442039048157,0.012186683955062838,0.0037019798257575953
2023-07-02,228668712.07471132,791610.8886012238,452041.81445473706,-0.0020624328900001876,0.00016413818051308482,0.0010033124506771962
2023-07-03,231108883.52330196,799890.3831257585,459949.6889836931,0.01067120825779333,0.010459045780894405,0.01749367929268808
2023-07-04,227906336.07579198,789889.6360124648,454356.7728347622,-0.0138573100206556,-0.012502647017974433,-0.012159843310882601
2023-07-05,224084457.50378743,777269.3397255243,450468.0706407157,-0.01676951434440843,-0.015977290638538366,-0.0085586975402272
2023-07-06,219201209.56549156,758362.2781876272,441539.24203047354,-0.021791997502608296,-0.02432498050749532,-0.019821224171432172
2023-07-07,222569773.66528216,769324.3291148077,447930.37594286364,0.015367452152603933,0.014454900042468077,0.014474667943441766
2023-07-08,224308129.82504168,773173.3970693424,447196.31200557464,0.007810387417537701,0.0050031798148948425,-0.0016387902600797366
2023-07-09,221770484.85948834,766422.746168885,445405.51201024564,-0.011313209947105718,-0.008731095671482336,-0.004004505286051341
2023-07-10,226939477.08401516,781587.8681778973,448996.3097854197,0.023307845621575174,0.019786889265510643,0.008061862007427312
2023-07-11,229480131.39481312,788075.8853442891,452044.495940505,0.011195294637333486,0.00830107199785135,0.006788889103658935
2023-07-12,226390773.38563186,779634.3113274171,448659.36524041946,-0.013462420430055078,-0.010711625839412764,-0.00748849002805041
2023-07-13,251769780.597178,857048.0739418579,464667.9506081861,0.11210265697673027,0.09929496622927592,0.03568093437476394
2023-07-14,239068812.77435198,817883.1616457778,447809.36308513937,-0.050446752555848184,-0.045697450921215244,-0.036280934592069825
2023-07-15,239338841.95152935,817675.3139377917,447244.5210830383,0.0011295039869221313,-0.0002541288508346451,-0.001261344778969442
2023-07-16,233464781.7056186,802472.0736137789,446555.4945733798,-0.02454286232027636,-0.01859324852403388,-0.001540603578530031
2023-07-17,233175392.72908226,800408.5641440722,445031.3438294765,-0.001239540175705045,-0.0025714408482953033,-0.0034131272874817764
2023-07-18,229809318.06749633,790410.603286035,440760.140665554,-0.01443580569197045,-0.01249107181746445,-0.009597533349379406
2023-07-19,234458032.2947198,800990.825819507,441606.94233782083,0.020228571523188243,0.013385729505001498,0.0019212301525000086
2023-07-20,232824292.99495956,797095.4101272303,439807.261722959,-0.006968152397127336,-0.004863246327810544,-0.0040752996439198386
2023-07-21,232730327.86351532,797094.2405483857,441530.4767436619,-0.0004035881747369574,-1.467300940194427e-06,0.0039181140710413676
2023-07-22,230573866.78897932,788827.0163566184,439508.8671400216,-0.009265922040898156,-0.01037170232980178,-0.004578641136054662
2023-07-23,233703141.20413566,799337.3202045507,444125.66480303457,0.013571678606666415,0.013323965368829072,0.010504447141318263
2023-07-24,227346756.07562023,778801.5267593163,430726.79941751255,-0.02719854382685949,-0.02569102295884207,-0.0301690860208772
2023-07-25,226749171.66604862,778202.0053559383,431471.93529603723,-0.0026285152244391874,-0.0007697999846927317,0.0017299501204297574
2023-07-26,228116141.78325644,783184.2603355828,433355.37629967404,0.006028556166992605,0.006402264380397815,0.004365152978824893
2023-07-27,228523289.35309967,782810.8774998304,431225.3827712814,0.0017848257762929087,-0.0004767496675588401,-0.004915119656712652
2023-07-28,229965678.1713216,787957.5454794829,432827.95976560406,0.006311780397984856,0.006574599469146403,0.0037163327075591113
2023-07-29,230918962.26811078,790991.3014817687,433384.09414725413,0.004145332052894357,0.0038501515972408917,0.001284885528077373
2023-07-30,231450714.79574043,790171.7560113462,432179.3285415476,0.0023027668339001828,-0.001036099219912101,-0.002779902682116475
2023-07-31,228783681.19155768,783042.7958210179,431512.0999161968,-0.011523116731509964,-0.00902203873536822,-0.0015438698273757545
2023-08-01,232591645.3172148,794427.0162458512,438090.62066736456,0.016644386985227078,0.01453843964287671,0.015245275282999904
2023-08-02,226280234.7866748,775058.568516078,430358.3690396234,-0.027135155787441634,-0.024380399122503116,-0.01764989082843693
2023-08-03,224726874.06302416,770867.005328493,430752.8357793245,-0.006864765387551652,-0.005408059929729259,0.0009166006009859728
2023-08-04,224838762.0506135,770262.8809658731,429208.847807374,0.0004978843231626673,-0.0007836946690465973,-0.0035843942133476636
2023-08-05,225312639.2015151,772158.7173921686,428736.96397856413,0.0021076310266952003,0.0024612849367973144,-0.0010994270766330194
2023-08-06,224844361.4533124,770220.446150693,428732.95616650226,-0.002078346558196831,-0.002510197965544969,-9.347950838400898e-06
2023-08-07,224360879.9064528,769113.7134897308,430780.8616305773,-0.002150294291280219,-0.0014369037676074115,0.004776645775930843
2023-08-08,228813764.32655272,783605.8815417812,439415.7071344682,0.019846973420484693,0.018842685805580794,0.020044635853149417
2023-08-09,228846084.0842829,783333.766710232,436404.16795154574,0.00014124918500990624,-0.000347259812565226,-0.006853508270246889
2023-08-10,226343113.980535,776714.9219030209,434456.94795308256,-0.010937351686673757,-0.008449584440880509,-0.004461964714047806
2023-08-11,225041832.88971794,773114.5131574112,433986.3616173862,-0.00574915254956232,-0.004635431410006108,-0.001083159880198692
2023-08-12,224837022.1977698,772813.8121214702,434255.77885412093,-0.0009101005325019562,-0.0003889476019702798,0.0006207965516027425
2023-08-13,223831430.59156555,769215.8998803425,432291.6049456406,-0.004472535689961754,-0.004655600333087984,-0.004523080645381872
2023-08-14,224511353.12294123,771515.5787208868,434144.7422767809,0.003037654406169432,0.002989640282919259,0.004286776125049352
2023-08-15,220391686.90220326,759375.9638054918,430629.8334321595,-0.018349478382423068,-0.01573476317292466,-0.008096168172366136
2023-08-16,215767710.93779638,745349.5058280847,423712.55164563266,-0.02098071859878603,-0.018471032329119064,-0.01606317363429155
2023-08-17,201721370.3069975,696343.2171331384,393637.78576745256,-0.06509936343000033,-0.06574940791099093,-0.07097917151940503
2023-08-18,200712763.45546252,693315.4131978664,384558.8804537425,-0.0050000000000000044,-0.0043481488162369075,-0.02306411031148703
2023-08-19,200712763.45546252,698173.4295246728,385247.532132057,0.0,0.007006935421209226,0.0017907574452629138
2023-08-20,200712763.45546252,701629.4939419698,386626.04648225877,0.0,0.004950151740449327,0.00357825614760654
2023-08-21,200712763.45546252,689625.951599127,385659.93310990545,0.0,-0.017108092585166546,-0.002498831574187954
2023-08-22,200712763.45546252,682571.2245407399,384294.62435628165,0.0,-0.010229787672619284,-0.0035401882238949023
2023-08-23,200712763.45546252,700776.7931247624,390199.4290165309,0.0,0.026672042315103228,0.015365306423789304
2023-08-24,200712763.45546252,697434.0965879015,386224.342614302,0.0,-0.004769987490532923,-0.01018731988472621
2023-08-25,200712763.45546252,692531.5861335311,384530.99876839115,0.0,-0.007029352993143334,-0.004384352975912442
2023-08-26,200712763.45546252,689932.8731740166,383952.2303402046,0.0,-0.003752482935866275,-0.0015051281432193475
2023-08-27,200712763.45546252,694882.8678845511,385151.40230893274,0.0,0.007174603360704079,0.0031232321991347956
2023-08-28,200712763.45546252,697379.1845240697,385394.35068615084,0.0,0.003592427954250965,0.0006307866874213364
2023-08-29,207816816.24322808,726119.9794953262,409328.0816578737,0.03539412574199319,0.041212579338557154,0.062101924766441385
2023-08-30,206777732.16201195,713742.1102487011,402978.29452603555,-0.004999999999999893,-0.0170465895391394,-0.015512708305083889
2023-08-31,206777732.16201195,685943.101105101,382815.6552059104,0.0,-0.03894825420054526,-0.0500340578984273
2023-09-01,206777732.16201195,680816.0617161192,380885.4756170052,0.0,-0.00747443830358796,-0.005042060225742273
2023-09-02,206777732.16201195,683505.8021228298,381890.4272832243,0.0,0.00395075932834299,0.0026384615075991658
2023-09-03,206777732.16201195,683746.5247371781,383378.0175545056,0.0,0.0003521881066710364,0.0038953327054152
2023-09-04,206777732.16201195,682908.7400413143,381058.07103428844,0.0,-0.0012252854903882504,-0.006051329012069284
2023-09-05,206777732.16201195,683518.2794697906,380579.26724220626,0.0,0.0008925635194527715,-0.0012565113521479931
2023-09-06,206777732.16201195,683755.1883863528,380184.4256711612,0.0,0.0003466021665814445,-0.0010374752516241204
2023-09-07,206777732.16201195,690022.1709694141,387373.20068340446,0.0,0.009165535690999427,0.018908652030004802
2023-09-08,206777732.16201195,682531.265212472,382434.5093955085,0.0,-0.010856036330569085,-0.012749181613965876
2023-09-09,206777732.16201195,681505.1922262723,382287.22951052984,0.0,-0.0015033347752652082,-0.0003851113886439439
2023-09-10,206777732.16201195,674678.2372954547,381350.5259820838,0.0,-0.010017465763563771,-0.0024502611024840304
2023-09-11,206777732.16201195,653651.5548902892,371465.9062780362,0.0,-0.031165496740274357,-0.02592003689674216
2023-09-12,206777732.16201195,668937.7325329066,381367.01856121613,0.0,0.023385820056961437,0.026654161568650414
2023-09-13,206777732.16201195,676485.1024274073,387197.95261353365,0.0,0.011282619483764078,0.01528956036711282
2023-09-14,206777732.16201195,681764.273303244,391794.2787185329,0.0,0.007803824292499151,0.011870739692642074
2023-09-15,206777732.16201195,684898.4804974166,392813.1856440177,0.0,0.004597200699571591,0.0026006171627044328
2023-09-16,206777732.16201195,684455.1516328624,392216.598310405,0.0,-0.00064729135365027,-0.001518755875352329
2023-09-17,206777732.16201195,682012.272151667,391713.28631506674,0.0,-0.0035690862657217215,-0.0012832501161511578
2023-09-18,207300140.88192996,687632.9506309405,394962.4397368516,0.0025264263925126595,0.00824131574867537,0.008294723552398242
2023-09-19,206263640.1775203,694581.3138583355,401706.5206093091,-0.0050000000000000044,0.010104756063564757,0.017075246134672373
2023-09-20,206263640.1775203,687148.4779250768,400538.66147438815,0.0,-0.010701174628453436,-0.002907244655002139
2023-09-21,206263640.1775203,672414.84101602,392207.025694545,0.0,-0.021441707843909752,-0.02080107760178329
2023-09-22,206263640.1775203,673360.8072351612,392383.2252593658,0.0,0.0014068193642362559,0.0004492514240630463
2023-09-23,206263640.1775203,673783.7304756333,392380.6014399584,0.0,0.0006280781951188974,-6.686879658768241e-06
2023-09-24,206263640.1775203,666416.6538681784,387618.7152136695,0.0,-0.010933889131241603,-0.01213588594546644
2023-09-25,206263640.1775203,670857.9137035148,388233.64044995385,0.0,0.006664389026830975,0.0015864178176880905
2023-09-26,206263640.1775203,672386.2372355475,387034.4684812257,0.0,0.002278162783525106,-0.0030887894396227633
2023-09-27,206263640.1775203,672959.7570876724,389034.3090337387,0.0,0.0008529619143944345,0.005167086436411283
2023-09-28,206263640.1775203,688491.268195176,398907.9721292718,0.0,0.023079405482905102,0.025379928880968627
2023-09-29,206263640.1775203,689810.3099617991,397286.6535677534,0.0,0.0019158438567867808,-0.004064392478456136
2023-09-30,206263640.1775203,693253.6833905553,398116.24183138035,0.0,0.00499176857612782,0.0020881352448591795
2023-10-01,212247710.2208301,716964.6333077911,413112.5807383117,0.029011754268273515,0.034202414621543165,0.037668241913332734
2023-10-02,208301706.89152217,699801.8415275563,406425.64722921123,-0.01859150011654953,-0.023938128860070074,-0.016186709920936404
2023-10-03,207260198.35706455,698375.6092842792,404937.48029432393,-0.0050000000000001155,-0.0020380515720905823,-0.003661597010505613
2023-10-04,207260198.35706455,698630.0930017976,410391.01684967865,0.0,0.00036439376480967844,0.013467601347721292
2023-10-05,207260198.35706455,690691.401542911,404729.8237297945,0.0,-0.011363225744795091,-0.01379463216164356
2023-10-06,207260198.35706455,703206.9473836205,412564.1159826216,0.0,0.01812031511142531,0.01935684447622399
2023-10-07,207260198.35706455,697083.8986754809,412892.468239892,0.0,-0.008707321124914014,0.0007958817661306572
2023-10-08,207260198.35706455,694659.4641833379,412394.2308842868,0.0,-0.0034779665643541735,-0.001206700034343311
2023-10-09,207260198.35706455,678650.1047657279,407206.4785849488,0.0,-0.02304634175888043,-0.012579594744121514
2023-10-10,207260198.35706455,676810.3330138406,404362.3448468552,0.0,-0.0027109282662269862,-0.006984500217130707
2023-10-11,207260198.35706455,671023.0358763682,396719.7644098509,0.0,-0.008550840398227288,-0.018900326735168282
2023-10-12,207260198.35706455,664976.6259409598,394999.6057062599,0.0,-0.009010733778329505,-0.0043359541366683185
2023-10-13,207260198.35706455,667784.7152054483,396558.1832674428,0.0,0.00422283905169607,0.003945769916393171
2023-10-14,207260198.35706455,669166.3770138711,396548.3223197797,0.0,0.00206902281073873,-2.4866332556383597e-05
2023-10-15,207260198.35706455,674101.219475347,400946.76630837156,0.0,0.007374612100950806,0.011091823470242623
2023-10-16,207260198.35706455,694081.0770418595,421021.14726359467,0.0,0.02963925444618365,0.05006744695824206
2023-10-17,207260198.35706455,684007.9918436774,419489.9900568782,0.0,-0.014512836513441818,-0.0036367703063566736
2023-10-18,207260198.35706455,679840.4698759727,418199.6475720376,0.0,-0.006092797185704657,-0.0030759792019486865
2023-10-19,207260198.35706455,685533.7980088248,423978.68189981295,0.0,0.008374506057120756,0.013818840741083749
2023-10-20,210115398.65529817,699214.1498479927,438197.1592685777,0.013775921864721541,0.019955765680559123,0.033535830870205396
2023-10-21,209064821.6620217,710118.8559129912,441673.200986153,-0.004999999999999893,0.015595659880980994,0.007932597562652743
2023-10-22,209064821.6620217,720560.6545930782,442787.5457384348,0.0,0.014704297165383684,0.002523007395046406
2023-10-23,223165938.3042574,770143.2203746827,488438.4569462236,0.06744853835348663,0.06881109239805117,0.10309890521346299
2023-10-24,223881449.49385065,773598.4798663905,500474.2913993657,0.00320618457740518,0.004486515495165655,0.02464145540134477
2023-10-25,224826306.3809972,775887.7254881156,509350.9319532626,0.004220344692616118,0.0029592168047183343,0.017736456610143003
2023-10-26,226246700.5779856,781326.7624246952,504240.5390766728,0.006317740214000445,0.007010082461554434,-0.010033147199696724
2023-10-27,226651171.01204705,779881.5237386392,500596.4287511216,0.001787740696452822,-0.0018497237718710924,-0.007226928505637442
2023-10-28,227953307.1799558,782867.5852459903,503250.3499987679,0.005745111141912229,0.0038288655602922717,0.005301518539129857
2023-10-29,230525005.8544957,791431.5493260572,509877.36815920233,0.011281690563540225,0.010939224258947888,0.013168432293093613
2023-10-30,232823333.01989433,798811.8880498388,509344.184989072,0.009969969014334668,0.009325302649441092,-0.0010457086417765549
2023-10-31,230057425.02807257,792505.4275444339,511786.18236150424,-0.011879857383475523,-0.00789480051530167,0.004794395311462418
2023-11-01,236262814.12916082,811310.2942282761,523145.59040477936,0.026973218101224328,0.023728375895303078,0.022195613001625203
2023-11-02,240714826.94028598,817009.2633521617,515778.88583689724,0.018843476606908327,0.0070244013473370615,-0.014081557224217778
2023-11-03,241415860.68085444,822186.5034781792,512739.00363773864,0.002912299792577233,0.006336819370658553,-0.005893770145759536
2023-11-04,244531790.6300409,832855.110771298,517904.006557819,0.012906898247690757,0.01297589688955747,0.010073356782761111
2023-11-05,250671004.04722345,851849.1286023823,517419.20546423417,0.025105992972793922,0.022805908957554744,-0.0009360829177728069
2023-11-06,259603727.03878826,874160.0522604635,517242.2850699058,0.035635246388058484,0.026191168023716127,-0.0003419285416157436
2023-11-07,254606954.879157,861156.3574926782,523238.72157715244,-0.019247690380364446,-0.014875645179803665,0.011593090279608864
2023-11-08,257044770.03665522,867366.2647797075,526364.180655445,0.009574817619005138,0.007211126333793727,0.005973294692089626
2023-11-09,269815816.7929916,910109.7595613769,541685.4983375514,0.04968413383596637,0.049279637123684106,0.029107827327892632
2023-11-10,274797938.877409,920078.0608018289,550850.7590262635,0.018464900033046572,0.01095285610963681,0.01691989303173247
2023-11-11,274129322.81703943,915493.4243960192,548253.7544765319,-0.0024331189058438563,-0.0049828776504182715,-0.0047145338500074185
2023-11-12,272206599.40992695,909994.0798243682,547020.6170214089,-0.007013928270620529,-0.0060069733163611305,-0.002249209321512846
2023-11-13,262359422.6494837,887117.022518996,538869.2462848091,-0.03617537848747732,-0.025139786964094912,-0.014901395821212304
2023-11-14,260492964.11523876,873547.8257646388,524627.558205902,-0.007114128074365289,-0.015295836298831245,-0.026428838121854703
2023-11-15,275427423.9926669,920354.9625576908,559215.437630732,0.057331528811739085,0.053582798116497576,0.06592844558740318
2023-11-16,265572688.6064879,884221.6261810279,533737.9781856813,-0.03577978998359066,-0.03926021790141432,-0.04555929205565723
2023-11-17,266017739.71639773,885711.0387698002,540261.7735606373,0.0016758165617296594,0.001684433568092114,0.012222842746045792
2023-11-18,268887146.39644414,892751.931531644,540099.6734209837,0.01078652379764411,0.007949424195528909,-0.000300039994658885
2023-11-19,272983924.1770966,908840.4657093198,551922.2000062572,0.015236049158750875,0.018021281847101278,0.021889527372586093
2023-11-20,274957670.2361199,914632.2945472352,553256.8879224011,0.0072302648039554995,0.006372767340850238,0.0024182537251242753
2023-11-21,255421794.44948766,857134.1825370447,528704.5699004956,-0.07105048486138188,-0.06286472974218937,-0.04437779006078846
2023-11-22,268185109.1774674,903199.6636955395,552598.2227515999,0.04996956017589893,0.05374360525693289,0.04519282452126561
2023-11-23,268419167.3563659,903397.4983669955,550491.3246006283,0.0008727486012043428,0.0002190375831701008,-0.003812712499291937
2023-11-24,268889347.19304913,906974.8659690861,556848.9831906888,0.001751662674890131,0.003959904259815961,0.011549062275727495
2023-11-25,271769985.19618714,914336.2225466705,557978.4941958091,0.010713098280795252,0.008116384316470437,0.0020283973558654633
2023-11-26,268517562.85105234,903928.933233124,553288.8350861749,-0.011967555367775162,-0.011382343887196611,-0.008404730932136117
2023-11-27,263781691.58422986,888418.992363321,549967.9447118004,-0.01763710059237167,-0.017158363118578213,-0.006002091789647723
2023-11-28,267702033.0454107,900743.0306285504,558484.7471755381,0.0148620680898508,0.013871876188110033,0.01548599794884531
2023-11-29,265866572.44752735,894222.3423152157,558889.3343615249,-0.0068563565879680155,-0.007239232601982448,0.0007244373065387055
2023-11-30,264265684.35399425,892745.2468378375,556737.7447810866,-0.0060213966682444164,-0.0016518212613139127,-0.0038497596002549095
2023-12-01,268711573.42483145,908058.8524414543,571146.0886421349,0.01682355801020985,0.017153387999385705,0.025879947957747618
2023-12-02,273991559.2220064,930009.1171241127,582772.837933163,0.019649268283756793,0.02417273354435312,0.020356874575942596
2023-12-03,274005924.9100366,933206.5324531394,590184.522262315,5.2431133539476704e-05,0.0034380472945407803,0.012717964611113297
2023-12-04,283509487.1692102,962352.2454095123,619734.8990903567,0.034683783798813206,0.031231792687688165,0.05006972516793251
2023-12-05,292330146.79760516,988868.7945878551,650744.465507083,0.031112396683679266,0.027553891316644874,0.05003682455553493
2023-12-06,294883546.18673366,988056.3994834214,645810.7623593791,0.008734642721937025,-0.0008215398330698731,-0.007581629055975703
2023-12-07,298455129.3091733,1011088.2853772178,639111.7765809128,0.012111842687139829,0.023310294742119986,-0.010372985662227885
2023-12-08,323326598.94493926,1072316.612815927,652013.3561057794,0.08333403313702581,0.06055685574070924,0.02018673414826888
2023-12-09,328505856.5029225,1082406.6480466942,645508.7059625434,0.01601865598093033,0.009409567202610658,-0.009976252913108663
2023-12-10,332503693.60843015,1093554.364130132,646301.6760871878,0.01216975900541395,0.010299009252719094,0.0012284421841561866
2023-12-11,321523663.1110291,1050636.2356310743,608865.7127785631,-0.03302228128127682,-0.03924645166881746,-0.05792335792051151
2023-12-12,330878073.1656487,1069996.3089019118,611912.5726073546,0.029094001866323937,0.0184269993878603,0.005004157345118276
2023-12-13,351233522.79886454,1125462.5640698744,633178.3694058048,0.06151948794450712,0.051837800473241824,0.03475299863154757
2023-12-14,348083067.48231405,1125337.9033726424,635145.1959668729,-0.008969688574842039,-0.00011076396604536853,0.0031062756659134827
2023-12-15,333309254.3653563,1078389.8221113747,618991.752701273,-0.04244335475384298,-0.04171909710013677,-0.02543267802098348
2023-12-16,334991434.6406868,1083484.3193704793,623573.4603838595,0.005046905398811807,0.004724170383145987,0.00740188809074116
2023-12-17,325221965.1349111,1056409.1065090222,610649.506311079,-0.029163341194841208,-0.02498902141674575,-0.02072563201266564
2023-12-18,333225665.658108,1078627.5007451295,629233.7596751543,0.02460996298290219,0.02103199801971578,0.030433584522719714
2023-12-19,333111737.14971024,1073253.2476340826,624022.3930011496,-0.00034189595862232913,-0.0049824922017419615,-0.008282083715112631
2023-12-20,342399535.5883971,1098842.3073275136,644420.1957398116,0.027881930904501973,0.023842517830568344,0.032687613405284255
2023-12-21,357654472.3232049,1138701.2759903583,647622.2357449842,0.04455302986492926,0.036273602132944394,0.0049688697318006625
2023-12-22,355594371.2011601,1145192.2729336068,649522.9189904411,-0.005760031766590457,0.005700350987666303,0.002934864092908107
2023-12-23,353046948.40089536,1136941.245580518,645708.8659001946,-0.007163844555974852,-0.007204927546317075,-0.005872083923034954
2023-12-24,344115913.67699057,1110389.180234961,635029.2289157012,-0.02529701719376809,-0.023353946783766788,-0.01653939964043205
2023-12-25,353062186.41701037,1132401.0654750646,643842.8401374596,0.025997846610538833,0.01982357684307212,0.013879063861056418
2023-12-26,361233955.15510064,1144989.591547089,627711.1947561674,0.023145409087900415,0.011116667456280815,-0.025055253200995664
2023-12-27,379757602.14504665,1206707.1518414014,641328.9904797166,0.051278808997876846,0.05390228937445696,0.021694364920222586
2023-12-28,374207621.7898028,1189348.356940655,629297.4810036198,-0.014614533912935546,-0.014385258987035354,-0.01876027694786897
2023-12-29,366987887.9307469,1166494.2388018575,621496.145075877,-0.01929339072391023,-0.019215663775401293,-0.012396896798793966
2023-12-30,367105148.9148886,1165724.0779738084,622344.9939039451,0.0003195227635519604,-0.0006602354323156367,0.0013658151137276864
2023-12-31,363815546.4882182,1157022.5776619706,623943.5630862057,-0.008960926961645854,-0.007464459623208741,0.002568622223877659
2024-01-01,375725751.94699675,1194921.0942264036,652024.1397152119,0.03273693379445586,0.03275520918616448,0.0450049945064126
2024-01-02,373772709.57353675,1190162.1557292412,663695.9841002312,-0.005198053003658609,-0.00398263828478429,0.017900939051301412
2024-01-03,360586701.0851139,1138453.4558177588,632549.9790743195,-0.035278146720416514,-0.04344676871346087,-0.04692812036242189
2024-01-04,369852664.76560324,1167821.127789223,652209.9983954335,0.025696909100100696,0.0257961112256182,0.03108057856532498
2024-01-05,361639418.38762355,1147103.2214480073,651955.6320788162,-0.02220680600796776,-0.01774065038576278,-0.0003900067727313772
2024-01-06,353656247.7131342,1124227.0559027225,649394.3806726581,-0.022074946116445004,-0.019942551914733375,-0.003928567037593256
2024-01-07,349605576.3174568,1101559.3842830462,648713.8599511884,-0.011453696695224558,-0.02016289458669429,-0.0010479313368322307
2024-01-08,363883914.91169995,1161703.4335254703,693406.2120798628,0.04084127817594596,0.05459900764366776,0.06889378335779228
2024-01-09,360709108.4637305,1138883.9197850677,681141.8458396533,-0.008724778199497574,-0.019643149087673173,-0.017687130611972357
2024-01-10,374723199.00404376,1205285.4040963242,688346.6809333244,0.03885150169897189,0.05830399670915365,0.010577584004972662
2024-01-11,377366032.7484542,1219807.7703221913,684520.3449082695,0.007052762549622393,0.0120489024230368,-0.005558733892443324
2024-01-12,358820666.2763157,1155433.2597042827,632623.6766831694,-0.049144238915908356,-0.05277430770989855,-0.07581464687080197
2024-01-13,363756911.8642615,1167833.6436410537,632464.4598615459,0.013756859768340624,0.01073223730805939,-0.00025167698821870754
2024-01-14,354597909.7395151,1133399.204315554,617021.1201604048,-0.025178908842738768,-0.029485740124886806,-0.024417719383824088
2024-01-15,366067789.751361,1161453.217625072,627586.6930836266,0.032346157991375524,0.024752102527246356,0.01712351907901466
2024-01-16,370678331.3347324,1176660.8130499432,637078.6913715123,0.012594775373443667,0.013093592745790916,0.015124600939588229
2024-01-17,364114346.72828317,1156627.7285136506,630992.1800090045,-0.01770803430244694,-0.0170253690053348,-0.009553782672285904
2024-01-18,358972987.0161071,1129729.8806358625,609134.7840171338,-0.014120178889882595,-0.023255406398006495,-0.034639725632667706
2024-01-19,361451953.80691504,1136369.5218711542,614395.3977630929,0.006905719595822202,0.005877193609816311,0.00863620644230223
2024-01-20,361633793.25551504,1143516.9547282592,615091.8920664494,0.0005030805524353088,0.0062897083383017804,0.0011336255217606617
2024-01-21,360942803.365564,1135499.7315991747,613323.3224531326,-0.001910744799955233,-0.007011022526543731,-0.0028752933279206916
2024-01-22,343076543.1600082,1079649.0062154764,583230.997168149,-0.049498868072625934,-0.049186031338854797,-0.04906437466721825
2024-01-23,340790868.4042473,1066562.8937584066,588223.4623373068,-0.006662288055919063,-0.012120709954562825,0.008560013431039293
2024-01-24,339263306.6209742,1062264.083748238,591641.3475302145,-0.004482402332039892,-0.004030526502774134,0.005810521700930993
2024-01-25,336266170.5309107,1052894.344859988,589526.3760887587,-0.008834247711356324,-0.008820536278689284,-0.0035747525934159974
2024-01-26,350077292.6392103,1091173.938628371,617325.2525462218,0.04107199391034211,0.03635653848390019,0.04715459322091098
2024-01-27,352609191.21359026,1096975.9866402824,621801.0271243815,0.007232398751978897,0.005317253103757746,0.007250269707417489
2024-01-28,352758145.36004657,1096289.582086544,620554.1650754352,0.00042243410032405393,-0.000625724320402532,-0.002005242826169984
2024-01-29,366441659.87438947,1136775.112231716,639046.5559270708,0.03879007386314681,0.036929594886888184,0.029799801358818767
2024-01-30,361782481.36346036,1128956.6252853845,634091.6892250258,-0.01271465289324969,-0.006877778077831298,-0.007753530092744043
2024-01-31,354404665.2081442,1103806.5517140268,628629.4738824003,-0.020392961338291382,-0.02227727178181005,-0.00861423582021914
2024-02-01,357639662.7131435,1114269.6998190277,635909.9095748214,0.009127976639639934,0.009479150208660414,0.011581441842771545
2024-02-02,359835359.1536852,1120209.876196909,637535.0629493198,0.006139409773190607,0.00533100413557519,0.0025556346111748063
2024-02-03,358447228.2732376,1115581.736329215,634676.8874524195,-0.0038576833686173595,-0.004131493540662556,-0.0044831659668693735
2024-02-04,355445382.4199148,1106674.553108979,628643.890472551,-0.008374582411429743,-0.007984339408015795,-0.009505619472114146
2024-02-05,353883079.9560035,1104255.8489052837,629752.3532560514,-0.00439533762761235,-0.0021855605127093503,0.0017632602500394778
2024-02-06,356986578.01108646,1120386.4826595031,636041.2735442736,0.008769840184133182,0.01460769600651024,0.009986338686479135
2024-02-07,363307618.0685721,1140908.3472562514,654251.675892563,0.01770666026914136,0.01831677275151944,0.028630850081180714
2024-02-08,376746371.9856753,1172833.8815789777,668768.3748451832,0.03699001410580571,0.027982558283058845,0.022188248784866804
2024-02-09,386634621.18137306,1203925.348151089,696014.6922353536,0.026246435084645636,0.026509693367873233,0.040741037427910465
2024-02-10,390407639.37142146,1214820.7976979709,705227.7006706448,0.009758614421336187,0.00904993782514385,0.013236801662479536
2024-02-11,388785924.96687216,1211199.454293305,712943.2290538112,-0.004153900285251422,-0.0029809692191046233,0.010940478338881565
2024-02-12,401111495.04644275,1256983.6320245448,737512.6739848155,0.03170271681162551,0.03780069217249871,0.034461993507690414
2024-02-13,397651894.819314,1242358.646425863,734327.1842251357,-0.008625033861789921,-0.01163498491633197,-0.004319233922406296
2024-02-14,416312288.051482,1298702.745917793,765096.1665854284,0.04692645370304849,0.045352523326517735,0.041900916949929146
2024-02-15,430810757.77783924,1342183.2371918964,766747.5004876405,0.03482594711344267,0.033479940972463096,0.0021583350882306007
2024-02-16,432064794.9112066,1341768.3288883094,770019.6051209451,0.002910877016711,-0.00030912940356420116,0.004267512618200353
2024-02-17,429932602.8792192,1334421.8101763956,762679.5424116612,-0.004934889528376396,-0.005475251244006163,-0.009532306269177448
2024-02-18,434747492.6076964,1351086.9996749272,769463.7014047373,0.011199173303518606,0.01248869688088261,0.008895163192163213
2024-02-19,439051901.80333805,1365223.1284114497,764394.1939778146,0.009900940819285609,0.010462781996957826,-0.006588364620277454
2024-02-20,441515172.4976559,1374818.0895032452,771860.0846859331,0.005610431669240912,0.007028126679160529,0.009767068832988945
2024-02-21,447064978.8789394,1376799.364663757,765280.4682739138,0.012569910904506765,0.001441118047281087,-0.008524364120598982
2024-02-22,446917321.3249041,1369263.8226302338,757394.1897970035,-0.00033028208652252644,-0.00547323177721204,-0.010305082651198116
2024-02-23,440481188.97655326,1352204.996291918,748934.8806947866,-0.014401170062665392,-0.012458392646018668,-0.011168964874795573
2024-02-24,448718174.9803408,1379564.1486353034,761322.9412784884,0.018699972234741624,0.020232991608824857,0.016540904827679226
2024-02-25,456079339.5199255,1397593.4622658961,763716.4989080146,0.01640487270190749,0.013068847612796919,0.003143945229742817
2024-02-26,472978357.44525266,1452399.5691071243,804891.7797035453,0.037052803012553204,0.0392146273726639,0.053914352844811386
2024-02-27,480944673.6083537,1473566.8322337654,842727.8322220298,0.016842876714550536,0.01457399435862805,0.04700762695380023
2024-02-28,512057508.6021308,1547985.8575757993,922732.4685974221,0.06469108964311587,0.05050264685261885,0.09493531994124749
2024-02-29,505866837.007202,1535084.5600655675,903446.5309575362,-0.012089797514792222,-0.008334247659365412,-0.020900898468654838
2024-03-01,529387150.55687994,1598410.750030098,921785.3562908875,0.04649506911508228,0.041252574361001715,0.020298739001094468
2024-03-02,535034009.9818103,1609520.9279056573,915721.1041435724,0.010666785959935421,0.006950765236876766,-0.006578811548619723
2024-03-03,536586804.62555826,1621439.1106283006,932513.8943491718,0.002902235399579123,0.007404801339334854,0.01833832389535761
2024-03-04,564849063.9358932,1699282.1195587576,1008733.7721455035,0.05267043294151996,0.04800859213288211,0.08173591649219114
2024-03-05,526585115.9698314,1594728.3781604697,941870.8380205265,-0.06774189851610424,-0.06152818310442576,-0.06628402455760407
2024-03-06,559186973.4201385,1696658.19626639,975907.5423707182,0.06191184760371171,0.06391672682434923,0.03613733749494208
2024-03-07,585144263.8861401,1760101.287894065,987993.3735585025,0.0464196980613476,0.03739297152914234,0.012384196927533564
2024-03-08,595670300.5337559,1771253.7949677443,1008286.1658545074,0.017988788914564235,0.006336287093467785,0.020539401213709896
2024-03-09,599766372.0054462,1788052.6067102668,1011220.8069455666,0.0068764070795874765,0.009484135921260517,0.0029105240064184468
2024-03-10,615061900.4964836,1807977.6109698291,1018910.7314646253,0.025502477639574028,0.011143410537691745,0.007604594828587885
2024-03-11,634846114.2705221,1880093.9773602583,1064735.5355828106,0.03216621572246403,0.03988786473508643,0.044974307074295616
2024-03-12,632876008.8178298,1863699.5427796296,1055248.8426001004,-0.0031032803200757852,-0.00872000803047479,-0.008909905479502434
2024-03-13,680209525.4740597,1967797.9603693788,1078901.623062968,0.07479113759525458,0.055855793919705965,0.022414410239567584
2024-03-14,660539243.1360929,1910713.1791975459,1053998.520569518,-0.028917975419791353,-0.029009472680374904,-0.023081902891897488
2024-03-15,659171297.9200095,1887505.3021641076,1024579.334711847,-0.0020709522262276625,-0.012146185668319487,-0.027911980219644472
2024-03-16,606940005.4690155,1747639.0388028412,964220.1857346968,-0.07923781362417925,-0.07410112342513875,-0.05891115205258912
2024-03-17,620800490.6398208,1793014.204558624,1009622.6414278299,0.02283666432581688,0.02596369430318135,0.04708722796395115
2024-03-18,606411423.9223397,1746151.0978030553,997192.0807363641,-0.023178246368090405,-0.026136494979472125,-0.0123120859035869
2024-03-19,550077750.5434709,1578557.1921476298,913992.7856499563,-0.09289678781856725,-0.09597903976711186,-0.08343356981432337
2024-03-20,602360040.1967496,1735238.8019717454,1002581.57879827,0.09504527242126115,0.09925621358764336,0.09692504638897836
2024-03-21,591381774.84153,1709392.3233611714,966822.4379232434,-0.018225421048238433,-0.014895055701385163,-0.03566706353999516
2024-03-22,580195353.7921487,1665008.875172081,941539.602445226,-0.018915735190484728,-0.025964459757148894,-0.02615044343853401
2024-03-23,584710862.8751681,1675849.3278401548,945723.9312369009,0.007782739130029359,0.006510747678118767,0.004444134671348854
2024-03-24,606507899.9919368,1737235.7260056485,992550.4000387511,0.0372783173714053,0.036630022249439786,0.04951388799118828
2024-03-25,625411961.0921594,1794077.3661810255,1032773.1478898501,0.031168697226324538,0.03271958970477229,0.04052464020923141
2024-03-26,625100160.8332787,1793804.9931734777,1033201.6089491266,-0.0004985517998987721,-0.0001518178717830887,0.0004148646391048949
2024-03-27,616641881.8739691,1763949.339214186,1025340.6460045207,-0.01353107788043828,-0.01664375674775731,-0.007608353371227561
2024-03-28,624599036.1425892,1788140.4815660138,1044378.6182938162,0.01290401204089231,0.013714193380748974,0.018567460837021654
2024-03-29,636898508.4539894,1808415.1233433513,1031799.0477265535,0.019691788811202038,0.01133839426283867,-0.012045028830457771
2024-03-30,626111032.6388803,1784091.565944782,1028144.9611206183,-0.016937511506024294,-0.013450206805172282,-0.0035414711944021793
2024-03-31,635338583.1351987,1821261.4715815163,1053069.2848347703,0.014737881965482869,0.020834079565333674,0.02424203264779501
2024-04-01,610650404.2697263,1750009.0652228657,1028984.1220001051,-0.038858302519019006,-0.03912255734305836,-0.022871394296192227
2024-04-02,576075148.3093412,1646708.0851083996,966166.7137368328,-0.05662037676325371,-0.05902882571714596,-0.061047985989492126
2024-04-03,578983067.184867,1655959.6409411202,974047.5715758464,0.005047811703143168,0.005618212430232639,0.008156830210526378
2024-04-04,598742744.2456007,1699861.5233552859,1011367.8561651027,0.034128246887787705,0.026511444680629603,0.03831464260916784
2024-04-05,591869734.0317712,1683654.4715614629,1001459.1607555035,-0.01147907056892905,-0.009534336515737207,-0.00979732087508789
2024-04-06,600542219.3471406,1706746.8197136049,1017084.8991552303,0.014652692673256196,0.013715610026994174,0.015602971156545964
2024-04-07,602879941.0723873,1724661.529152581,1023970.83927477,0.003892685060158163,0.010496407101542093,0.006770270726916827
2024-04-08,618366843.1033655,1789074.476892783,1057464.2688417258,0.0256882025356997,0.0373481675397791,0.03270935878474579
2024-04-09,601872239.5978048,1729657.6432210554,1020670.8241229336,-0.026674463046530983,-0.033210933607929594,-0.03479403115822843
2024-04-10,615176466.5004447,1761137.6075403874,1042059.8539339913,0.02210473590131068,0.01820011286205081,0.0209558550176423
2024-04-11,611716283.8656352,1749273.0989228336,1034275.9332471504,-0.00562469929074727,-0.006736843598566855,-0.007469744331340511
2024-04-12,574084394.8499178,1630888.0257392842,991984.9237066837,-0.06151853401369212,-0.06767672426703897,-0.04088948430588768
2024-04-13,530778344.2460462,1506634.7369062842,942170.1264320536,-0.07543499003346543,-0.0761875045202296,-0.05021729270691977
2024-04-14,528124452.524816,1563448.5206005292,970473.75654387,-0.0050000000000000044,0.037709062656358316,0.03004089104268326
2024-04-15,528124452.524816,1526197.8395213091,936335.0404017726,0.0,-0.023825972258371353,-0.03517737178558533
2024-04-16,528124452.524816,1514269.5117982388,942028.2671849716,0.0,-0.007815715246203947,0.006080330797783695
2024-04-17,528124452.524816,1472719.1444556043,904602.5684885342,0.0,-0.02743921542294825,-0.03972884891052708
2024-04-18,528124452.524816,1519892.5282585185,937612.6386209202,0.0,0.03203148677771295,0.03649124077498622
2024-04-19,528124452.524816,1531729.6126843526,942496.3450339818,0.0,0.007788106202085698,0.005208661031110617
2024-04-20,548331659.0535536,1592358.9787403622,959486.1811937598,0.038262205872370725,0.03958229021227644,0.018026421268684478
2024-04-21,548560957.603642,1591471.8731428552,958485.3238391435,0.0004181749244320798,-0.0005571015137608715,-0.0010431180502996629
2024-04-22,568767639.5053948,1641890.9341284656,986697.1491048809,0.03683580032750533,0.03168077415408055,0.029433758205850147
2024-04-23,561657276.7343969,1629192.991600086,980343.2388282596,-0.012501349016939667,-0.007733730824891705,-0.006439574982440632
2024-04-24,546717727.2030249,1586239.8620191936,948893.3897483337,-0.02659904918927425,-0.026364666311697427,-0.03208044676017341
2024-04-25,547554191.8327141,1590224.9655989779,951916.8947010812,0.0015299753201136745,0.0025122956970149435,0.0031863484195515657
2024-04-26,537107193.5039418,1564876.8993754988,941193.5466152512,-0.01907938699876488,-0.015939924709917674,-0.011265004482557628
2024-04-27,534421657.5364221,1580401.235036272,936230.6642890825,-0.0050000000000000044,0.00992048362843656,-0.005272966802647994
2024-04-28,534421657.5364221,1577121.5411367698,931714.6385912222,0.0,-0.002075228636117199,-0.004823625063903991
2024-04-29,534421657.5364221,1568528.336667105,942460.1882258843,0.0,-0.005448663432414236,0.011533090916022948
2024-04-30,534421657.5364221,1500393.3952478284,895156.9339545729,0.0,-0.04343876984973927,-0.05019124930927488
2024-05-01,534421657.5364221,1476990.2058502685,859979.9926561889,0.0,-0.015598035469687188,-0.03929695449375714
2024-05-02,534421657.5364221,1491114.8950839702,872814.9098681993,0.0,0.009563157005208822,0.014924669552331737
2024-05-03,554580878.926023,1554402.4006114749,928416.7570947284,0.03772156518231484,0.04244307781791745,0.06370405294167747
2024-05-04,555418252.5254141,1558281.1993755824,943203.50761405,0.001509921512282686,0.002495363338722134,0.015926845790239064
2024-05-05,555434660.2546539,1561370.2426559986,945265.2530046696,2.954121360843054e-05,0.0019823400819145576,0.002185896653241981
2024-05-06,549975883.8814731,1540938.2206315286,932433.8534406561,-0.009827936144060856,-0.013085955826667717,-0.013574390387488533
2024-05-07,538838410.4017696,1511108.4811935935,920223.2322485279,-0.020250839729735626,-0.01935816701704629,-0.013095428857576641
2024-05-08,536144218.3497608,1516159.3379181356,903292.3887756465,-0.0050000000000000044,0.003342484531985823,-0.018398626419713016
2024-05-09,536144218.3497608,1549861.390293402,930780.6165485441,0.0,0.022228568945493077,0.03043115176709965
2024-05-10,536144218.3497608,1500364.1558750505,897458.7444043806,0.0,-0.03193655557093478,-0.035799920573900024
2024-05-11,536144218.3497608,1496862.128684083,897472.5266645645,0.0,-0.0023341181387561694,1.5356984674586016e-05
2024-05-12,536144218.3497608,1503561.9024394185,907137.3510351761,0.0,0.004475878991758053,0.010768936188532363
2024-05-13,536144218.3497608,1512364.1637883289,928588.1991847993,0.0,0.005854272667210614,0.023646747788683475
2024-05-14,536144218.3497608,1472264.374467542,908678.4845222767,0.0,-0.026514638657094802,-0.021440843939220078
2024-05-15,563121972.727879,1551779.6284915064,978279.7057804614,0.05031809251092012,0.05400881485889508,0.07659609250545474
2024-05-16,559219779.6624075,1531129.7658721954,962986.990613214,-0.006929569887973774,-0.013307213369842308,-0.015632252286218118
2024-05-17,577711904.7435247,1587810.5698633355,989859.226322156,0.03306772355634591,0.037018941995979215,0.027905086954321368
2024-05-18,577340204.9031888,1590711.5469813303,988219.5410247858,-0.0006434000014260421,0.0018270297307849681,-0.0016564833198176032
2024-05-19,567393339.9357224,1564055.4818365374,978440.2489283785,-0.017228775829208676,-0.016757321712649764,-0.009895869986811023
2024-05-20,628491963.8158928,1716155.4360183673,1054760.293193077,0.10768301208310294,0.09724716031379654,0.07800174241430358
2024-05-21,625095529.1453474,1729716.3852244986,1035396.7366318201,-0.0054041019871184925,0.007901935291825257,-0.018358253231772315
2024-05-22,615644959.923164,1704717.7432592406,1020424.5887631617,-0.015118599928405363,-0.01445245138382234,-0.01446030042296953
2024-05-23,604104725.4908301,1675098.488137801,1002816.1655532012,-0.018744950716033215,-0.017374873487742803,-0.017255976976508713
2024-05-24,600910898.9307818,1669068.6555132999,1011622.6261462449,-0.005286875644704314,-0.003599688416652147,0.008781729788116976
2024-05-25,605150537.0000006,1679780.2394366986,1022544.6348443503,0.00705535226064713,0.006417701206008486,0.010796524727518797
2024-05-26,604651438.1022854,1678821.148820326,1011504.4101070097,-0.0008247516397976717,-0.0005709619591037773,-0.010796814497022966
2024-05-27,614919628.7725521,1702810.5722087498,1024443.2421008255,0.016981999914684298,0.01428944554652567,0.012791671360530277
2024-05-28,604013701.9583755,1678798.7195643221,1008228.9608247902,-0.017735532098635542,-0.014101305827154631,-0.015827408107827123
2024-05-29,595324379.3569692,1656101.0816650782,997627.5770916342,-0.014385969346776606,-0.01352016631578945,-0.01051485738366753
2024-05-30,595727755.5542127,1655109.5646091343,1009244.2347695569,0.0006775737920881042,-0.0005987056387566358,0.011644282841286824
2024-05-31,593022448.2690338,1651046.6110061444,996347.9605498657,-0.004541180530798217,-0.002454794347073519,-0.012778150001159783
2024-06-01,597183982.4801623,1665932.6649527354,999529.6443297456,0.0070174986179283305,0.009016131856822263,0.0031933460054698326
2024-06-02,596218112.9015155,1660650.3181910664,1000189.001496874,-0.0016173735515065957,-0.0031708044825562443,0.0006596674454519835
2024-06-03,611727118.5347011,1691427.6615605026,1015736.659644345,0.026012302037773605,0.018533307724266646,0.015544720172089965
2024-06-04,638941466.543075,1751902.6047358797,1041762.8721768887,0.04448772530072187,0.03575378631302706,0.025622992224831886
2024-06-05,644260393.0040014,1768847.7014004083,1049366.4124877653,0.00832459112366557,0.009672396524054161,0.007298724608017615
2024-06-06,645284709.2257278,1765173.1564780455,1044558.8833370594,0.0015899102798331288,-0.0020773664795751268,-0.004581363662391813
2024-06-07,628628350.5973277,1715971.9947871633,1023676.0488393703,-0.02581241797653311,-0.027873277763327486,-0.01999201273457618
2024-06-08,622490577.8269676,1703106.44618439,1023132.6010570527,-0.009763754314497497,-0.007497528305739687,-0.0005308786729294468
2024-06-09,623877824.2946242,1709612.49401924,1028184.6355767129,0.0022285421130376903,0.0038201063999410145,0.00493781012787653
2024-06-10,607747458.8510417,1669693.8835390287,1026181.1908766625,-0.025855006886676968,-0.02334950792642132,-0.0019485261992139291
2024-06-11,585733658.5869317,1605240.067592727,993995.0577045643,-0.03622195361495628,-0.03860217527400145,-0.03136496113771259
2024-06-12,601082048.1699178,1643898.655849087,1007416.5571366228,0.026203700876630043,0.024082745650831905,0.013502581655740586
2024-06-13,582791150.9058653,1595871.6454369884,985497.2274734649,-0.030429950985463305,-0.029215310956801188,-0.02175796050588963
2024-06-14,577193153.4749461,1586119.8231796096,974494.6012032372,-0.009605494905366885,-0.006110655756847216,-0.011164543099157487
2024-06-15,580200524.735056,1601893.4518249864,977150.4831071439,0.0052103377214443025,0.009944790056123365,0.0027253941690670302
2024-06-16,583448333.7781771,1614864.7139040946,983764.8146682458,0.005597735446041252,0.008097456209918752,0.006768999939568809
2024-06-17,574684443.5952193,1583915.2996402166,981568.8796565041,-0.015020850477379,-0.019165329452926594,-0.0022321747830371663
2024-06-18,557555282.4065292,1544510.55989741,961646.0170637639,-0.02980620300339132,-0.02487805992640979,-0.02029695827328204
2024-06-19,560444623.1331923,1558644.7179867972,958982.1195357335,0.005182160079610476,0.009151221400730325,-0.0027701435671352304
2024-06-20,556424300.987962,1545440.7515469005,957038.7631834307,-0.007173451183730695,-0.008471440789246332,-0.00202647819256907
2024-06-21,550268633.0395123,1532600.7983596532,946225.8015732244,-0.011062902783936623,-0.008308279158806386,-0.01129835282140379
2024-06-22,556477375.8369738,1543316.5247220756,948534.3589872227,0.011283112328548173,0.006991857484278663,0.0024397531859308152
2024-06-23,546942389.247532,1515095.8165548109,932712.0936305625,-0.017134544913170346,-0.018285755200053155,-0.016680750893994012
2024-06-24,534930008.51542664,1481267.2427006024,889850.6484510163,-0.021962789807957073,-0.02232767953325321,-0.04595356431233666
2024-06-25,532255358.4728495,1516282.0946355672,912396.4654557591,-0.0050000000000000044,0.023638443439231605,0.025336630415439654
2024-06-26,532255358.4728495,1496720.8225705354,897731.8522881935,0.0,-0.012900813202396444,-0.016072632592061042
2024-06-27,532255358.4728495,1521244.423926166,909446.3121136981,0.0,0.016384886871228854,0.013048951973404943
2024-06-28,532255358.4728495,1490936.4204207154,890481.3454369254,0.0,-0.019923164896295198,-0.020853310881755127
2024-06-29,532255358.4728495,1494707.2081956838,898855.3083254509,0.0,0.0025291405611409523,0.009403861104374522
2024-06-30,532255358.4728495,1528644.7889945782,925293.835336302,0.0,0.02270516968996339,0.029413551620566913
2024-07-01,532255358.4728495,1537634.6256612132,927857.9123941297,0.0,0.0058809193158260165,0.002771094932125795
2024-07-02,532255358.4728495,1545635.704758272,915708.8212087646,0.0,0.005203498258643968,-0.013093697885290578
2024-07-03,532255358.4728495,1494957.68736887,888322.8358932149,0.0,-0.03278781489932503,-0.02990687070088427
2024-07-04,532255358.4728495,1379135.1236185702,841138.3743247447,0.0,-0.07747547955965761,-0.05311634426354239
2024-07-05,532255358.4728495,1345936.1287785966,836483.3150314718,0.0,-0.024072329296397132,-0.005534237213954185
2024-07-06,532255358.4728495,1406160.1589219677,860711.1444422673,0.0,0.0447450877167721,0.02896391234041995
2024-07-07,532255358.4728495,1327338.8192214982,824477.4094194826,0.0,-0.05605431159484553,-0.042097439142912196
2024-07-08,532255358.4728495,1377507.7761249393,837114.0120173809,0.0,0.037796647078299106,0.015326802715911692
2024-07-09,538931404.3419173,1400510.455136784,856366.3301690356,0.012542937826352185,0.016698765270533267,0.02299844211812685
2024-07-10,536236747.3202077,1421251.566085216,852428.6980680178,-0.0050000000000000044,0.014809679479619753,-0.004598069730556209
2024-07-11,536236747.3202077,1425389.9415403365,846559.358219539,0.0,0.0029117825118880614,-0.006885432015347859
2024-07-12,536236747.3202077,1457215.1065033267,854745.963102467,0.0,0.022327339372550048,0.009670444019596935
2024-07-13,536236747.3202077,1491411.0069554674,874416.9390320955,0.0,0.023466611277586757,0.023013827240820017
2024-07-14,538398557.0089347,1510128.4277740738,897385.1621282513,0.004031446370526659,0.012550142604093928,0.026266900915231206
2024-07-15,535706564.22389007,1604240.1375470315,957651.3529321103,-0.0050000000000000044,0.062320335172868724,0.06715755212726138
2024-07-16,535706564.22389007,1587158.5554951897,961002.4028130799,0.0,-0.010647771273171402,0.003499237870556282
2024-07-17,535706564.22389007,1568301.116900411,946559.3438029488,0.0,-0.011881256935224904,-0.01502916014346356
2024-07-18,535706564.22389007,1562321.350981386,944422.8051426277,0.0,-0.0038128940001289635,-0.0022571629283562045
2024-07-19,535706564.22389007,1616877.9505306657,984814.5730966527,0.0,0.03492021632746023,0.04276873423013661
2024-07-20,535706564.22389007,1619814.6990788255,991509.2915644344,0.0,0.0018163081184920937,0.0067979482134701286
2024-07-21,541651728.3218894,1641238.7175612082,1006137.1712602963,0.011097799607164616,0.013226215624889903,0.014753144342986024
2024-07-22,538943469.68028,1599189.1867807528,997733.2218642577,-0.0050000000000000044,-0.02562060614981021,-0.00835268752223084
2024-07-23,538943469.68028,1574840.3284270691,973263.0784062106,0.0,-0.015225752246799007,-0.024525737864401043
2024-07-24,538943469.68028,1546846.224199892,965061.8839340502,0.0,-0.017775836522511024,-0.008426492953570675
2024-07-25,538943469.68028,1516300.7565876108,971042.1161939676,0.0,-0.0197469322641175,0.00619673448871394
2024-07-26,538943469.68028,1569775.793073655,1002557.8202577016,0.0,0.03526677425551661,0.032455548053117234
2024-07-27,538943469.68028,1566578.564208524,1001100.360659835,0.0,-0.0020367423674375607,-0.0014537411892032726
2024-07-28,538943469.68028,1563577.549357709,1007633.2673197662,0.0,-0.0019156491218371707,0.006525726007755361
2024-07-29,538943469.68028,1551652.4031873175,986434.8824968603,0.0,-0.007626833843508485,-0.021037797689324123
2024-07-30,538943469.68028,1549717.8290595794,977298.3396557281,0.0,-0.0012467831865978773,-0.009262185475442553
2024-07-31,538943469.68028,1514966.215653369,953947.3849242537,0.0,-0.022424478027266992,-0.023893373992326827
2024-08-01,538943469.68028,1518837.2880044354,964845.8657472334,0.0,0.002555220249183421,0.011424614182306447
2024-08-02,538943469.68028,1421160.9747896548,906645.3416465152,0.0,-0.06430992574794836,-0.060321058696400476
2024-08-03,538943469.68028,1398553.019455384,895795.2429000809,0.0,-0.01590808904502672,-0.011967302150066694
2024-08-04,538943469.68028,1316874.2750149162,857956.9990598934,0.0,-0.05840232247489241,-0.04223983565450573
2024-08-05,538943469.68028,1209580.5185379433,797053.6526377379,0.0,-0.08147608204720802,-0.07098647891315113
2024-08-06,538943469.68028,1256056.8132664172,827211.5445747265,0.0,0.03842348154271802,0.03783671505322794
2024-08-07,538943469.68028,1221543.437375647,812347.7517976399,0.0,-0.027477559554823894,-0.017968550940289596
2024-08-08,590348833.2528208,1358239.9964298084,911001.3431937034,0.0953817356819191,0.11190478772317669,0.12144256099404904
2024-08-09,582668081.7855778,1334568.5780280198,898748.0488947295,-0.01301053044336875,-0.017428008646491078,-0.013450358103773485
2024-08-10,587416949.1061155,1343366.991776152,899717.9394137022,0.008150210160791538,0.0065927026104068975,0.001079157301276501
2024-08-11,563097149.7687641,1293846.3128285224,866851.5738519374,-0.04140125574238074,-0.03686310535452053,-0.036529632368097587
2024-08-12,576801343.2329222,1338986.0520848974,876226.2787623579,0.024337174268748596,0.034888022486761594,0.010814659848586317
2024-08-13,583559806.829244,1348286.0480195999,894754.0767594033,0.011717142610038422,0.006945551016175111,0.021144992390795814
2024-08-14,574994347.1164223,1328063.055406384,867114.1287917605,-0.014677946651881157,-0.014999037216857691,-0.0308911115194338
2024-08-15,563884934.0999025,1297210.5352801085,849736.0250260462,-0.019320908235416767,-0.023231216319645864,-0.020041310813293967
2024-08-16,570875882.124473,1312805.0118142192,869429.433169949,0.012397827290295815,0.012021546318033316,0.023175912946963972
2024-08-17,584740030.9883512,1339191.6109344126,878063.5866775125,0.024285749841600923,0.020099404620438355,0.00993082725079053
2024-08-18,576254122.9041688,1324835.503617919,863374.6959721332,-0.014512274916152368,-0.010719980023229603,-0.016728732324455375
2024-08-19,591142509.9145068,1353064.87423008,878277.3558762657,0.02583649542549815,0.021307830696770225,0.01726094125025579
2024-08-20,597165010.4061433,1354769.6910930015,871181.5678704939,0.01018789951767718,0.001259966831887116,-0.008079210921579816
2024-08-21,619436815.3917836,1400306.0056673712,903104.1657746389,0.03729589744464912,0.03361184921226856,0.03664287570061453
2024-08-22,626376133.7062316,1409739.1842821923,891393.3389298525,0.011202624936102579,0.006736512288487484,-0.012967304646127276
2024-08-23,649954624.773986,1469751.4315732657,946198.5830510192,0.03764270347952414,0.04256975188047307,0.061482671821355916
2024-08-24,647402634.9410672,1466355.6621487236,947448.0400861927,-0.003926412299637305,-0.002310437909155305,0.0013205019089592707
2024-08-25,640137568.9018995,1452049.8905408487,949729.6096434288,-0.011221866651545342,-0.0097560039335286,0.0024081210374646833
2024-08-26,615393663.6567365,1401832.6745435966,928281.298813672,-0.03865404320450838,-0.034583671211563916,-0.02258359707012758
2024-08-27,589998353.5440025,1328727.2687832883,878435.015706153,-0.0412667721695934,-0.05214988000198362,-0.05369739018896724
2024-08-28,589491398.8634974,1336946.9515970482,871400.5270417015,-0.0008592476190144582,0.0061861324041965204,-0.00800797843742218
2024-08-29,594533618.2887933,1345456.7469181062,876723.2474580295,0.008553508049510272,0.006365095721182268,0.006108236397788236
2024-08-30,587456455.2132196,1333404.2305168812,872756.4938449076,-0.011903722275526496,-0.00895793672210754,-0.004524521990973973
2024-08-31,585014237.580295,1327683.9810948167,870548.3335647183,-0.00415727431582702,-0.00428995895704265,-0.002530098940268344
2024-09-01,564249264.5996399,1281410.2890176177,846272.5834082622,-0.03549481644505281,-0.03485294146506268,-0.027885585694078285
2024-09-02,577614227.7779622,1318682.763851381,872653.2133930686,0.023686274873225388,0.029087073167125777,0.031172733823612297
2024-09-03,559896593.383487,1272076.840477593,847830.5554726588,-0.03067381920738621,-0.03534278649223366,-0.0284450427036117
2024-09-04,560264364.7811594,1277110.6051743864,855809.9651219422,0.0006568559302173593,0.003957123136447915,0.00941156177702851
2024-09-05,553444814.3851277,1254446.881395104,829074.1680221853,-0.012172022396419013,-0.01774609316331499,-0.031240343288065575
2024-09-06,534890486.5192783,1203588.1179831673,796423.2439836313,-0.03352516345548029,-0.04054277958375996,-0.039382392188681004
2024-09-07,532216034.0866819,1225257.4001966116,799241.9180235189,-0.0050000000000000044,0.01800390174153188,0.003539165966313096
2024-09-08,532216034.0866819,1251223.6445280872,809603.467362929,0.0,0.021192481128707197,0.012964221602682846
2024-09-09,532216034.0866819,1286029.9331929118,841755.9233804354,0.0,0.027817799653196307,0.039713831911113884
2024-09-10,530973952.7453386,1293225.2868255998,851044.1864163127,-0.0023337916593865193,0.005595012563061941,0.011034389872275785
2024-09-11,528319082.9816119,1301737.559691416,846533.6390227096,-0.0050000000000000044,0.006582204162362881,-0.005300015516934264
2024-09-12,528319082.9816119,1320883.751131524,858105.1439402807,0.0,0.01470818084456793,0.013669279499548326
2024-09-13,528319082.9816119,1357914.3647626583,894189.1770909412,0.0,0.028034725689836115,0.04205082955798223
2024-09-14,528319082.9816119,1343398.2459866423,885830.8994524998,0.0,-0.010690010469513789,-0.0093473258820167
2024-09-15,528319082.9816119,1310358.0770735636,873691.8422138795,0.0,-0.024594470784657596,-0.013703582981947293
2024-09-16,528319082.9816119,1281386.051024646,859072.0358085019,0.0,-0.02211000684150477,-0.016733367188518034
2024-09-17,528319082.9816119,1310336.2890551277,890310.1340122956,0.0,0.022592908676766,0.0363626062794542
2024-09-18,528319082.9816119,1338211.0417121435,910108.8409306586,0.0,0.021272976174014024,0.02223798894564699
2024-09-19,535625112.0506047,1370740.1740334353,929164.055461774,0.01382881918207568,0.024307924017480165,0.020937291974474137
2024-09-20,532946986.4903517,1388077.5300506537,932891.8973429198,-0.0050000000000000044,0.012648170926662816,0.004012038411551844
2024-09-21,532946986.4903517,1415460.6425352683,935871.9218597731,0.0,0.019727365288893628,0.003194394254405042
2024-09-22,532946986.4903517,1405128.3738497656,939619.7163016875,0.0,-0.007299580345092704,0.004004601863112578
2024-09-23,532946986.4903517,1433967.9494151338,934911.7769557424,0.0,0.020524512992612598,-0.005010473135318438
2024-09-24,545711268.2244439,1465193.1295853234,949263.492450679,0.02395037791310095,0.021775368259050243,0.01535087678718594
2024-09-25,533448119.4022336,1430386.5159311981,932156.2475807145,-0.02247186293607306,-0.023755648966205634,-0.018021597802944322
2024-09-26,530780878.80522245,1474504.0567843772,962240.5572415742,-0.0050000000000000044,0.030843090564551368,0.032273891570151925
2024-09-27,530780878.80522245,1494132.2072045445,971240.4884744392,0.0,0.013311696451329347,0.00935309904070647
2024-09-28,530780878.80522245,1487082.8327523663,972672.2288754772,0.0,-0.004718039286073061,0.0014741358273551164
2024-09-29,530780878.80522245,1476743.8553421579,968946.9819805584,0.0,-0.006952522873976408,-0.0038299097931743242
2024-09-30,530780878.80522245,1415274.8944226599,934907.336645976,0.0,-0.041624660022882454,-0.035130555094979754
2024-10-01,530780878.80522245,1348689.5370494698,898111.7006054812,0.0,-0.047047649637247724,-0.03935752196843478
2024-10-02,530780878.80522245,1324712.9701353146,895096.845606824,0.0,-0.017777676963824263,-0.0033568819965541508
2024-10-03,530780878.80522245,1325473.764197846,896966.0430193921,0.0,0.0005743086084932791,0.0020882627636797935
2024-10-04,530780878.80522245,1354358.3452741224,916276.6041952553,0.0,0.02179189196834619,0.021528753876634443
2024-10-05,530780878.80522245,1358715.6084520314,916608.3587678013,0.0,0.0032172158816852203,0.0003620681473552878
2024-10-06,530780878.80522245,1376852.4906559403,927370.3433152351,0.0,0.013348549240979057,0.011741093613744757
2024-10-07,530780878.80522245,1361689.84171955,918774.1919393085,0.0,-0.011012544219000997,-0.009269383518558882
2024-10-08,530780878.80522245,1366730.1514303007,917228.675808802,0.0,0.003701510840666611,-0.001682150134457161
2024-10-09,530780878.80522245,1337448.9149562067,894348.6245780074,0.0,-0.021424299773770805,-0.024944762232405382
2024-10-10,530780878.80522245,1332723.3120825258,889807.6293460063,0.0,-0.0035332959792603313,-0.005077433013489285
2024-10-11,530780878.80522245,1370167.7110537584,921851.1536083345,0.0,0.02809615366652629,0.036011743668549645
2024-10-12,530780878.80522245,1384023.562380134,932892.5893392474,0.0,0.010112522149364755,0.01197746044759418
2024-10-13,530780878.80522245,1373063.7736477866,927848.9741082353,0.0,-0.0079187876783684,-0.005406426515387364
2024-10-14,550372476.3251808,1438829.1624824696,975011.7531251188,0.0369108954415589,0.04789682030570619,0.050830232433260125
2024-10-15,552571446.4307653,1439047.8568304311,989700.2978323344,0.00399542164656741,0.00015199465903537046,0.015064992457922477
2024-10-16,555043371.5511339,1440807.3001383897,998138.7317120133,0.0044734941270230255,0.0012226440556561968,0.008526251733136592
2024-10-17,551157951.9288187,1423768.7565715497,994996.0303919005,-0.00700020903133558,-0.011825692141623323,-0.0031485616380424464
2024-10-18,558828002.6282042,1446616.1129447722,1010038.4158877729,0.013916247915036983,0.016047097724098958,0.015118035686984221
2024-10-19,558665045.3767596,1447434.4242034748,1009210.9036131277,-0.0002916053788968309,0.0005656727112188786,-0.0008192879217548965
2024-10-20,569141731.0511702,1482292.056780052,1018643.7362150352,0.018753071739695537,0.0240823570268196,0.009346740674458287
2024-10-21,558695215.5205452,1454588.3856007392,994523.8582312877,-0.018354857780909728,-0.018689752166312523,-0.023678423698328066
2024-10-22,558224433.7957634,1447916.1252178447,994428.7087362937,-0.0008426449908708333,-0.004587043626186227,-9.567341618443859e-05
2024-10-23,544945047.942131,1405803.812497947,980711.1502089023,-0.023788614488506665,-0.029084773618058724,-0.01379441121005398
2024-10-24,552653300.4973085,1423233.3818351266,1006233.5894152229,0.014145008903716061,0.012398294258577414,0.02602442034118191
2024-10-25,531381118.7786665,1367052.4418541258,983814.5230710842,-0.03849100638592062,-0.03947415841846025,-0.022280180844656217
2024-10-26,528724213.18477315,1389594.4505163033,989310.3579019408,-0.0050000000000000044,0.016489498114354628,0.00558625096700216
2024-10-27,528724213.18477315,1408345.1328532267,1002812.244240679,0.0,0.013493636456274327,0.01364777618155344
2024-10-28,528724213.18477315,1438116.6507850704,1032019.4485567753,0.0,0.02113936224675861,0.029125296867722028
2024-10-29,540558570.4066647,1478192.186766972,1073542.688172181,0.02238285466558687,0.02786667963271583,0.04023493905417541
2024-10-30,537855777.5546314,1472508.8519748768,1067918.8340207867,-0.0050000000000001155,-0.0038447874660503256,-0.005238593875544373
2024-10-31,537855777.5546314,1416011.7781945185,1036557.9064689097,0.0,-0.03836790094985609,-0.029366396164960396
2024-11-01,537855777.5546314,1425543.1615729386,1025741.0812125431,0.0,0.006731146961625578,-0.010435331387529279
2024-11-02,537855777.5546314,1409357.8163463993,1022889.0183498667,0.0,-0.01135380931481611,-0.0027804900426771084
2024-11-03,537855777.5546314,1381559.3788705727,1014796.813299245,0.0,-0.01972418725280911,-0.007911127116875472
2024-11-04,537855777.5546314,1356545.8407931263,1001073.372803072,0.0,-0.018105293525563115,-0.013523338185854383
2024-11-05,537855777.5546314,1383225.9505007644,1023926.6668425472,0.0,0.019667680151552513,0.02282879023690798
2024-11-06,576909309.617176,1505431.9750397643,1116628.5708271917,0.07260967287569553,0.08834856264427238,0.09053568676993895
2024-11-07,609947941.8321506,1577716.7991790243,1120552.190002583,0.05726832911900526,0.048016001611332015,0.003513808689745934
2024-11-08,636417914.5975475,1627599.6253578227,1130009.3578086647,0.04339710153933285,0.03161709769760668,0.00843973880954163
2024-11-09,674404901.4431517,1715733.4612979558,1133454.8075219404,0.05968874535787716,0.05414957988870084,0.0030490452928260137
2024-11-10,735518201.7626117,1831277.0568065841,1188007.2999845867,0.09061811411614062,0.06734355779318979,0.048129393514959595
2024-11-11,781672718.466054,1947100.7472649494,1309463.4966891557,0.06275101906769476,0.06324749716481493,0.10223522760015435
2024-11-12,750315293.9652874,1867177.2137727335,1298455.4497810316,-0.04011579751983918,-0.041047456637507196,-0.008406532091926877
2024-11-13,756664360.5936136,1872890.9301937285,1337256.72184328,0.008461864871196267,0.003060082556090249,0.029882636380625716
2024-11-14,745509933.9192797,1837655.95544061,1288042.173716161,-0.014741577977299136,-0.01881314826457825,-0.036802617869275966
2024-11-15,798163227.5141679,1936687.021007511,1344369.982756314,0.0706272193022035,0.05388988361706515,0.043731339073813436
2024-11-16,824766582.1319466,1987904.2869601985,1336877.507855958,0.03333071945776456,0.026445814629378228,-0.005573223886622736
2024-11-17,806688233.2462609,1947189.0550426955,1326357.3183585305,-0.021919351823099786,-0.020481485041597636,-0.007869224693816235
2024-11-18,822249885.7166759,1995059.075736716,1336643.7284300756,0.019290788967866845,0.024584166889213943,0.007755383808848215
2024-11-19,828584849.1418064,1990641.837717395,1363233.3413057053,0.007704426032980161,-0.002214088832276695,0.019892819836786257
2024-11-20,854670326.9178032,2027997.152661619,1392695.0849375008,0.03148196325700914,0.01876546259424461,0.02161166598491282
2024-11-21,896945341.7457647,2124780.858883842,1454184.7252479014,0.04946353406279802,0.0477237880216943,0.044151545428309014
2024-11-22,973121190.8916494,2254876.579550788,1461461.7586250468,0.0849280837978601,0.06122782974206853,0.005004201495724558
2024-11-23,995885401.0838466,2305736.2526555792,1443445.7495783481,0.023392985791768517,0.0225554132612098,-0.012327389984975179
2024-11-24,986813159.9956703,2286359.335306581,1446937.6783782693,-0.00910972394846099,-0.008403787435219967,0.002419161787646784
2024-11-25,932755373.4496949,2202445.899902742,1374430.8798747691,-0.05478016380143591,-0.036701770412036816,-0.05011051933125821
2024-11-26,924071932.9373673,2170914.7334313444,1357941.4147259386,-0.009309451073128416,-0.01431643177831965,-0.011997304040733514
2024-11-27,969759902.7645813,2305504.5863284147,1416655.3424351003,0.049442005755963914,0.06199683977653869,0.04323745271515378
2024-11-28,980042025.3227013,2311318.3745348635,1412078.0173959197,0.01060275077244155,0.002521698825031393,-0.0032310787967048116
2024-11-29,1000225148.8009148,2349087.8930098205,1438784.3469854086,0.020594140819183426,0.016341114617131725,0.018912786163713058
2024-11-30,997528452.1939213,2362030.7592588845,1423837.6876481364,-0.0026960895856560363,0.0055097411585058875,-0.010388394458550332
2024-12-01,1025654700.1177554,2411198.5549299475,1436101.47722474,0.028195935526424742,0.02081589982616916,0.008613193542348574
2024-12-02,1031074174.2685537,2408169.5421656496,1415220.026719705,0.005283916848600301,-0.0012562270154420352,-0.01454037255458318
2024-12-03,1080629655.7704377,2487084.6214364283,1417240.4253297725,0.04806199470279493,0.03276973563904928,0.0014276215513644441
2024-12-04,1087358033.5170481,2538591.333804216,1458079.1652448268,0.0062263493424241645,0.020709674260315003,0.02881567529768403
2024-12-05,1067850368.7739209,2496809.0376080507,1425971.1123249845,-0.017940424535265453,-0.01645885087520249,-0.02202078850392941
2024-12-06,1108114798.9142678,2590113.9056285936,1475088.3196354068,0.03770606006024746,0.03736964526126885,0.03444474217316995
2024-12-07,1112206600.985826,2596890.4889039607,1475127.0714297316,0.003692579573495003,0.0026163263556251426,2.6270829894592396e-05
2024-12-08,1103892947.364874,2590296.788146058,1494505.6212447453,-0.007474918431146893,-0.0025390754003976612,0.013136868131795376
2024-12-09,1002751805.5100496,2370901.1620082143,1438359.115242326,-0.0916222375514405,-0.08469903029716952,-0.03756861480096407
2024-12-10,998223539.1639123,2348751.289932283,1427179.56857777,-0.0045158396337506845,-0.009342385262981479,-0.007772430783165363
2024-12-11,1053667731.1288298,2478332.3133399235,1493575.8088463913,0.05554286168342237,0.055170176579818486,0.04652269534294651
2024-12-12,1059332480.17639,2494988.6679172674,1476893.6227204276,0.005376219542655436,0.006720791432080819,-0.011169293200355646
2024-12-13,1072714398.9218631,2523277.09775514,1497801.2537531755,0.0126324067239445,0.011338099527917755,0.014156490833941104
2024-12-14,1047166579.8533648,2473372.806343344,1496527.4038474674,-0.023816049354958957,-0.019777570785306953,-0.0008504799301750632
2024-12-15,1071185016.577776,2531562.2765688146,1539718.7006096595,0.022936595940422855,0.023526364515787934,0.02886101293644905
2024-12-16,1071363194.8788524,2535679.2600490777,1565273.086979754,0.00016633755916939386,0.0016262619799514155,0.016596788984881483
2024-12-17,1061716113.8420118,2501064.7497590873,1566910.0042918155,-0.009004491738146214,-0.013650981350583069,0.001045771070669721
2024-12-18,1000123063.0754784,2347257.7007450447,1476872.0555015623,-0.05801273048748201,-0.06149662819759383,-0.057462106019896764
2024-12-19,954790848.3368971,2231513.240046052,1439218.8053461877,-0.04532663670326753,-0.0493105041948545,-0.025495268879325628
2024-12-20,982663672.5078106,2292856.4072874244,1443130.5452512947,0.029192596702684925,0.02748949284303004,0.002717960528709318
2024-12-21,958926862.9430053,2226968.2435607165,1435288.6122056877,-0.024155578585934312,-0.02873628000309769,-0.005433973434635808
2024-12-22,937328327.0435406,2179273.251898831,1403995.0389629945,-0.022523652985565024,-0.02141700574302996,-0.021802983021374844
2024-12-23,973356866.5974872,2262522.680888011,1397814.0124354593,0.03843748077857145,0.03820054640538695,-0.004402456102765573
2024-12-24,992923082.2297282,2309513.680541053,1456714.5484875308,0.020101790313184598,0.020769294403094607,0.04213760595334648
2024-12-25,991668807.3630474,2305899.390503885,1465913.140332671,-0.0012632145320503607,-0.0015649571888749492,0.0063146152104343045
2024-12-26,954000718.5809733,2211473.893802852,1414189.7595211817,-0.037984545346583576,-0.04094953018761127,-0.03528406928650041
2024-12-27,954308169.8060968,2212976.1427906626,1390117.0526204067,0.0003222756745726585,0.000679297635852949,-0.017022260795415134
2024-12-28,976891864.6166445,2263027.2113154875,1404865.9163408126,0.023664991587713624,0.02261708454828093,0.010609799867287384
2024-12-29,948489222.4083045,2205316.824991768,1380748.2296787682,-0.029074499683223287,-0.02550141069234979,-0.01716725160851118
2024-12-30,950769833.1559868,2210363.01907949,1367653.5831786045,0.002404466696934726,0.0022881946169983625,-0.00948373223930199
2024-12-31,946709887.6761936,2198200.960760108,1379256.8622608674,-0.004270166488472449,-0.005502289992368237,0.008484077565384274
2025-01-01,977685317.9717826,2259902.134294667,1393880.0133151596,0.03271903114017505,0.028068941209643983,0.010602195613021781
2025-01-02,1000207902.5533339,2317428.3057229286,1430301.0486771811,0.023036639875368747,0.02545516044933338,0.026129247147606893
2025-01-03,1054425662.924725,2434813.4015081283,1448319.595043746,0.054206490703566645,0.050653172525473744,0.012597729955682757
2025-01-04,1048520531.277938,2434085.588091429,1450220.9702855302,-0.005600329975284923,-0.0002989195871225814,0.0013128146911018934
2025-01-05,1053975103.660074,2439273.1453191936,1451383.2934498333,0.005202160777422193,0.0021312139774971595,0.0008014800420892421
2025-01-06,1078233764.3258321,2489445.521439538,1506936.7585998168,0.02301635074824504,0.020568576428852126,0.03827621924594227
2025-01-07,1012412568.6136308,2320793.9791598143,1430829.9645366266,-0.0610453854163584,-0.06774662904942774,-0.05050430525956873
2025-01-08,991299033.5398209,2273069.1410436146,1403088.4084416023,-0.020854674989586597,-0.020564013240622625,-0.019388436629511285
2025-01-09,963424386.8327614,2205551.538858264,1365303.7943167752,-0.028119311896756538,-0.029703276933473077,-0.026929603222076492
2025-01-10,983817586.5722518,2249343.4450359237,1398038.5652436449,0.021167410767473527,0.019855308482307876,0.023976181025154863
2025-01-11,1007727104.1629647,2291613.7051518434,1396047.6918102058,0.024302795474531846,0.01879226589839167,-0.001424047578467258
2025-01-12,997210155.2946303,2270372.9015725893,1394893.9032672718,-0.010436306441385157,-0.009268928498508244,-0.0008264678561503702
2025-01-13,987551037.243509,2230000.087429276,1395308.5244000035,-0.009686140879970662,-0.017782459487315272,0.00029724205673309356
2025-01-14,1015859871.2119763,2295569.0652210983,1425092.3923221247,0.028665692101832008,0.029403127901850956,0.021345722040169157
2025-01-15,1064131431.597293,2420811.201508544,1483706.441894723,0.04751793210192079,0.054558208761792626,0.041129999632577796
2025-01-16,1061609783.2731127,2392650.880429901,1472670.1384699033,-0.0023696775128568826,-0.011632596982819043,-0.0074383335632931535
2025-01-17,1099345804.401447,2486900.1170771304,1542130.077144612,0.03554603746396179,0.03939113617373824,0.04716598568833441
2025-01-18,1082973706.5922263,2427737.5064067612,1541333.3587065283,-0.014892582246343156,-0.023789701188282275,-0.000516635042589253
2025-01-19,1023694604.3327559,2306317.224909888,1492344.2860493648,-0.05473734209670045,-0.05001376020943238,-0.03178356737719257
2025-01-20,1032177546.2987846,2333829.18254282,1506030.0127457036,0.008286594390675583,0.011928956405382163,0.009170622908047932
2025-01-21,1050882057.1793824,2372495.7470651846,1566993.6205146885,0.01812140842209664,0.016567864011467925,0.040479676535688514
2025-01-22,1036705755.4479373,2332154.0668191104,1530187.604529285,-0.013489907487330255,-0.017003899920991494,-0.023488299826845638
2025-01-23,1037138897.3504322,2350348.6468868777,1534721.2184671292,0.00041780601700991404,0.007801620110194252,0.002962783076025932
2025-01-24,1029843740.2032832,2332746.759790218,1547406.8951379003,-0.007033924931159952,-0.007489053643157995,0.008265785680243276
2025-01-25,1034529440.5498266,2342182.956159176,1545859.2453520517,0.0045499138982176834,0.004045101050662803,-0.0010001569662843046
2025-01-26,1010092856.0376408,2286425.1373283113,1515859.4745758353,-0.023620965778604064,-0.023805919466811765,-0.019406534499448735
2025-01-27,1007999291.8193696,2271060.3788762363,1507078.5025141777,-0.002072645307564902,-0.006719991921550039,-0.005792734886665318
2025-01-28,990401803.4258673,2223094.304681078,1495929.6343534624,-0.017457838052385877,-0.02112056317009625,-0.007397669160641773
2025-01-29,1009905099.8975673,2263013.544658959,1530927.8099339786,0.01969230710630443,0.017956611149524626,0.023395602825691864
2025-01-30,1025048987.3351552,2313455.4299798184,1546164.1850669174,0.014995356929204506,0.022289696603853493,0.009952379879751394
2025-01-31,1010961311.4783196,2298120.201073109,1511763.2023168001,-0.01374341717409977,-0.006628711626764705,-0.022249243050878498
2025-02-01,978156348.5949728,2209653.237044509,1485941.7053643952,-0.032449276259025606,-0.03849535981072283,-0.017080384621634637
2025-02-02,917852086.8379345,2059670.078038219,1442142.143830568,-0.06165094347509947,-0.0678763330335479,-0.02947596219670423
2025-02-03,933196263.4069875,2088014.8887710604,1497006.495971352,0.01671748290284425,0.013761820902811417,0.03804365081173988
2025-02-04,875234670.133392,1963777.2525749917,1444841.3908376477,-0.062110828714620814,-0.059500359343314435,-0.034846278405663456
2025-02-05,870858496.782725,1955233.7951960457,1426294.0439443581,-0.0050000000000000044,-0.00435052263068203,-0.012836943218062724
2025-02-06,870858496.782725,1921100.1593535738,1425967.075679742,0.0,-0.01745757255543412,-0.00022924323774908828
2025-02-07,870858496.782725,1915201.3294592933,1425019.1560441589,0.0,-0.0030705478137409425,-0.0006647556256733633
2025-02-08,870858496.782725,1942465.7119174863,1424330.7350312867,0.0,0.014235778786708675,-0.00048309597099249757
2025-02-09,870858496.782725,1931271.0571680192,1424591.1563157674,0.0,-0.0057631157558072355,0.00018283765004545316
2025-02-10,870858496.782725,1963026.6254724707,1438430.5061967513,0.0,0.016442833431686843,0.009714611676219231
2025-02-11,870858496.782725,2010456.1464835485,1413479.8866221649,0.0,0.024161425217379406,-0.017345724709743937
2025-02-12,906258879.5902028,2103737.1932870382,1445048.643737653,0.040649982676014496,0.046397951512966884,0.02233406885677658
2025-02-13,893348788.1664605,2070391.7100591867,1426418.372617817,-0.014245478543150947,-0.015850593569508575,-0.012892487184132717
2025-02-14,887068328.066459,2070380.3750170213,1439484.7626012857,-0.007030244159049959,-5.474829767870837e-06,0.009160278803398203
2025-02-15,882632986.4261266,2055410.472611664,1440538.5576749349,-0.0050000000000000044,-0.007230508261185653,0.0007320640697472403
2025-02-16,882632986.4261266,2045384.7165675473,1419792.3924518737,0.0,-0.004877739107448376,-0.014401672980240088
2025-02-17,882632986.4261266,2077232.18316481,1413863.0219220077,0.0,0.015570404109945368,-0.004176223623530317
2025-02-18,882632986.4261266,2010809.246990566,1410410.9982436234,0.0,-0.03197665466218813,-0.0024415545387781457
2025-02-19,882632986.4261266,2043785.6096768612,1426591.717697788,0.0,0.01639954796092602,0.011472343504350446
2025-02-20,882632986.4261266,2081121.771433962,1451663.43662964,0.0,0.018268140053596005,0.017574558032842358
2025-02-21,882632986.4261266,2018078.5628196066,1419061.8749957616,0.0,-0.030292897551552955,-0.02245807176184733
2025-02-22,882632986.4261266,2065823.7013763597,1425737.6788972658,0.0,0.02365871152708987,0.0047043783073406065
2025-02-23,882632986.4261266,2063717.1562779301,1421252.2740368855,0.0,-0.001019711942033652,-0.0031460239332733453
2025-02-24,882632986.4261266,1888154.5151968992,1349568.8358300673,0.0,-0.08507107698696048,-0.05043681513571874
2025-02-25,882632986.4261266,1877672.9101933227,1309975.5739713046,0.0,-0.005551243247951754,-0.029337712021491935
2025-02-26,882632986.4261266,1788882.637413952,1245180.38253845,0.0,-0.04728740149434707,-0.04946290046952739
2025-02-27,882632986.4261266,1782096.0156197064,1250453.6252173812,0.0,-0.0037937769936973176,0.004234922709094535
2025-02-28,882632986.4261266,1745633.5967212766,1245563.9791691776,0.0,-0.020460412109585602,-0.003910297790814532
2025-03-01,882632986.4261266,1783041.2687338612,1270053.7291898292,0.0,0.021429280510437687,0.019661575342751147
2025-03-02,951767761.0144175,2215824.06924523,1391349.6134119234,0.07832788446784078,0.24272169584649506,0.09550452979612856
2025-03-03,854907922.3256576,1908503.608906921,1270552.0818781557,-0.10176835427323605,-0.1386935292398871,-0.08682040111941614
2025-03-04,850633382.7140293,1975316.4059031708,1287625.3612617254,-0.0050000000000000044,0.03500794899440418,0.013437685575495406
2025-03-05,850633382.7140293,2041005.4326824823,1337838.3447563155,0.0,0.03325493909887145,0.03899657851208138
2025-03-06,850633382.7140293,1991749.4688319084,1328067.9332794412,0.0,-0.02413318605714687,-0.007303133084179847
2025-03-07,850633382.7140293,1907482.9520263993,1280546.354166889,0.0,-0.042307789269766194,-0.0357824911826653
2025-03-08,850633382.7140293,1910411.3887080597,1271864.7989109103,0.0,0.0015352360966316425,-0.006779571257010009
2025-03-09,850633382.7140293,1758091.0269955136,1189879.9573787902,0.0,-0.07973170732381085,-0.0644603432710168
2025-03-10,850633382.7140293,1666326.416338365,1159335.585493044,0.0,-0.05219559695607423,-0.02567012890361897
2025-03-11,850633382.7140293,1748546.430080236,1223260.7068771287,0.0,0.049342081440768126,0.05513944554449135
2025-03-12,864271046.1352038,1772990.0089839497,1235958.7241490684,0.016032363293411178,0.013979370798058888,0.010380466895202112
2025-03-13,859949690.9045278,1735516.0843873315,1196754.3642262088,-0.0050000000000000044,-0.02113600438058494,-0.03171979707481809
2025-03-14,859949690.9045278,1790067.8179166163,1239601.2774828833,0.0,0.031432571567634016,0.035802596203088344
2025-03-15,877448035.0769192,1829308.3685008173,1245122.6008451262,0.02034810217093752,0.02192126476519274,0.004454112352525463
2025-03-16,873060794.9015346,1769214.9266632819,1219089.929680195,-0.0050000000000000044,-0.03285036184838763,-0.020907717157540584
2025-03-17,873060794.9015346,1815632.5644251595,1241174.7617982817,0.0,0.026236291059007044,0.018115835083536647
2025-03-18,873060794.9015346,1797169.0258963257,1221139.1614705638,0.0,-0.010169204326140435,-0.016142449028442307
2025-03-19,895367807.299613,1869345.5464338083,1282193.1900929734,0.025550354028431865,0.0401612310792443,0.049997601050550955
2025-03-20,881448992.8140092,1829014.1993713412,1242525.6539617549,-0.015545359540658832,-0.02157511602892692,-0.030937253791171848
2025-03-21,877041747.8499391,1819845.0579649003,1240695.7850071175,-0.0050000000000000044,-0.005013160318598109,-0.0014727011460913264
2025-03-22,877041747.8499391,1813767.739409725,1237584.4541871727,0.0,-0.0033394703184079777,-0.0025077306278806777
2025-03-23,877041747.8499391,1834778.9495399348,1270385.3107632932,0.0,0.011584289252519087,0.026503933905394517
2025-03-24,877041747.8499391,1882663.7644455512,1291710.446246803,0.0,0.026098410883569123,0.016786352378946212
2025-03-25,877041747.8499391,1884508.1175207437,1291308.7423788463,0.0,0.000979650806492094,-0.00031098600241563634
2025-03-26,877041747.8499391,1848183.8619011682,1282881.9571040093,0.0,-0.019275191909156497,-0.006525771102047329
2025-03-27,877041747.8499391,1868681.454572388,1286959.66079493,0.0,0.01109066748918286,0.003178549412391485
2025-03-28,877041747.8499391,1795275.403797508,1245270.8033918743,0.0,-0.03928227071300261,-0.03239328991656609
2025-03-29,877041747.8499391,1737906.2036853728,1219354.1569444754,0.0,-0.0319556542638435,-0.020812056603918605
2025-03-30,877041747.8499391,1721972.2759472416,1215470.6735560636,0.0,-0.009168462431598523,-0.0031848691098436133
2025-03-31,877041747.8499391,1730008.2507019546,1218635.634091369,0.0,0.004666727140129279,0.0026038970780315474
2025-04-01,877041747.8499391,1778235.6239007416,1257317.421454449,0.0,0.027876961383981103,0.03174188106843068
2025-04-02,877041747.8499391,1699871.8672956463,1217702.592376821,0.0,-0.04406826381826512,-0.031507420800550134
2025-04-03,877041747.8499391,1714508.6637971269,1226812.8393575186,0.0,0.008610529289343694,0.007481504135517625
2025-04-04,877041747.8499391,1729058.7540528243,1237751.5713001988,0.0,0.008486448953529013,0.008916382019940938
2025-04-05,877041747.8499391,1718070.5338495777,1232746.9385289538,0.0,-0.006355029970780857,-0.004043325726492797
2025-04-06,877041747.8499391,1554723.5936830607,1154648.2330378334,0.0,-0.09507580564839513,-0.06335339642726368
2025-04-07,877041747.8499391,1562997.4538365754,1169718.6443849585,0.0,0.00532175634764398,0.013051950296130821
2025-04-08,877041747.8499391,1508508.7343026476,1125971.4439065584,0.0,-0.034861681572275316,-0.0373997633434342
2025-04-09,948849771.8802367,1659308.2314887028,1219005.2754628307,0.0818752632999904,0.09996594236212131,0.0826253916648998
2025-04-10,924119663.478095,1590136.6263575736,1175487.9330977919,-0.026063249562822355,-0.041687013791928074,-0.03569905991466382
2025-04-11,951056269.2182231,1636274.3014159491,1231271.256361137,0.02914839582435369,0.02901491248840693,0.04745546227457886
2025-04-12,980690303.0329489,1695876.3641788252,1259058.4842137583,0.031159075202863873,0.03642547139639074,0.022567917271733462
2025-04-13,957445546.2571021,1653170.9617217334,1235406.8570781027,-0.023702443782668614,-0.02518190792627173,-0.01878516957885823
2025-04-14,959605954.569479,1662290.9605361412,1248064.507897621,0.002256429434365659,0.005516670099811938,0.010245734631468162
2025-04-15,941805386.8747618,1629119.2933314913,1235170.8863305175,-0.018549872069836493,-0.01995539168061833,-0.010330893543974762
2025-04-16,945599696.0046633,1631228.5045797324,1240557.385741672,0.004028761337299569,0.0012946941681157842,0.004360934564412222
2025-04-17,955906802.0561357,1645638.7675128886,1253281.0068777194,0.010900073355587736,0.008833994068089712,0.01025637449930672
2025-04-18,960244848.236114,1653693.1425585796,1246712.4624069359,0.004538147621344857,0.004894376095589736,-0.005241078764249063
2025-04-19,962923879.2723441,1663280.6645841142,1255756.162407498,0.0027899457530558003,0.0057976427299570865,0.007254038339443714
2025-04-20,960284773.4018526,1652701.0102659322,1257393.1950522808,-0.0027407211798359254,-0.0063607150275070135,0.0013036230231546764
2025-04-21,973986960.8710567,1667916.612276327,1292005.5826803665,0.014268879241585264,0.00920650614713825,0.027527099529631727
2025-04-22,1039203492.8085651,1795694.509616051,1379444.1626001035,0.06695832137134983,0.07660928394096156,0.06767662701452015
2025-04-23,1039435298.5413334,1808718.87018548,1383241.377113054,0.00022306096387514351,0.007253104857024795,0.0027527134594511615
2025-04-24,1035381082.1239572,1815952.3845914816,1386853.597941192,-0.0039004028659269663,0.003999247492375568,0.0026114175645013393
2025-04-25,1039891565.1898884,1818024.009746676,1398319.7464179427,0.0043563506652821715,0.0011407926621713749,0.008267742531563815
2025-04-26,1050325485.7806405,1828121.3225870375,1397233.658182356,0.010033662104804941,0.00555400411998308,-0.0007767095032226168
2025-04-27,1039370693.9119766,1811171.5333991973,1384064.1607461304,-0.010429901984642331,-0.009271698206470225,-0.00942540809771053
2025-04-28,1046816039.4372324,1821622.656599345,1402132.1848500925,0.007163320621666802,0.005770366311209196,0.013054325526514532
2025-04-29,1040971401.0486245,1808463.1269786882,1391887.5252236233,-0.005583252614040912,-0.0072240700196511964,-0.007306486319308414
2025-04-30,1038917943.3788612,1796371.4036902296,1390743.7706274341,-0.001972636008726769,-0.006686187353269202,-0.0008217291810308502
2025-05-01,1055777531.1334847,1834298.2166616342,1424476.6309236113,0.016228026344208946,0.021113013096007105,0.02425526614507767
2025-05-02,1058745109.1984466,1833299.8636089852,1430643.4715264381,0.002810798655447755,-0.0005442697613619041,0.0043291974532626565
2025-05-03,1052193127.6872605,1826840.908991919,1415611.1199773105,-0.006188440876148671,-0.00352313047378483,-0.010507405827035798
2025-05-04,1033601097.0987649,1787031.7349029235,1392347.933446673,-0.017669789033274985,-0.02179126485127969,-0.016433317174712747
2025-05-05,1044381673.0179187,1791681.6722969152,1398726.524925632,0.010430112689909121,0.0026020452257073945,0.0045811763897039
2025-05-06,1054439651.4406213,1814253.0722451347,1429055.1092900038,0.009630558140337975,0.012597885158518896,0.02168299794413664
2025-05-07,1055202876.2686061,1810255.5882980297,1432448.1979478523,0.000723820302984679,-0.0022033772510899885,0.0023743581586117557
2025-05-08,1163381929.9853547,2021248.925914757,1524111.1847798831,0.10251967289862773,0.11655444622330902,0.063990437464579
2025-05-09,1209051532.6984475,2089793.0616867442,1520116.289982787,0.03925589828756215,0.033911773504575304,-0.002621130818400874
2025-05-10,1271163446.035316,2191463.795963658,1545588.7901208259,0.05137242843424783,0.0486511014611426,0.016756941758927724
2025-05-11,1245065549.1318135,2138707.2626963863,1536879.3243463156,-0.020530716946668193,-0.024073650390410872,-0.005635047193781384
2025-05-12,1250777655.6531749,2145620.0171272126,1517785.3003545147,0.00458779581954083,0.003232211603429569,-0.01242389281274392
2025-05-13,1292757508.6152575,2205442.1014686576,1537816.056707942,0.03356300200306994,0.027881024535528542,0.013197358248725033
2025-05-14,1265866217.5644884,2155678.544201688,1528509.744101196,-0.02080149670108955,-0.022563982629075108,-0.006051642240404331
2025-05-15,1255002548.7639635,2116816.044690939,1531539.419354528,-0.00858200388776198,-0.01802796600415235,0.00198211052629782
2025-05-16,1248920942.6827278,2107929.9335758947,1527769.769361945,-0.004845891418487791,-0.0041978664784458886,-0.0024613470244021496
2025-05-17,1233560105.379715,2076649.211084975,1523367.5193935535,-0.012299287151048333,-0.014839545656935127,-0.0028814878109744146
2025-05-18,1259006870.0580957,2120677.8589418237,1571418.5910291574,0.02062871891479312,0.021201774291887077,0.03154266519659865
2025-05-19,1258645193.0945554,2108938.7562858476,1559020.5541650716,-0.0002872716361933536,-0.005535542612697286,-0.007889709931435895
2025-05-20,1263166347.7864816,2116092.7792861615,1576512.8373247785,0.0035920803708076043,0.003392238384823054,0.011220046530480143
2025-05-21,1296374399.2160943,2172588.7374594654,1619132.314455237,0.0262895314522944,0.026698242499727298,0.027034018449719976
2025-05-22,1329701050.1169295,2243192.6761452146,1648586.6767928754,0.025707581791948098,0.03249760871369989,0.018191448638679386
2025-05-23,1266466896.5113883,2124805.2759037456,1583845.5764062658,-0.047555165576488534,-0.0527762958128547,-0.03927066820202352
2025-05-24,1274272416.6477144,2138533.6713742935,1591276.4636334986,0.006163224761600361,0.0064610134520250995,0.004691674073487251
2025-05-25,1286130145.2210221,2159606.8437679927,1609644.5834780359,0.009305489484346285,0.009854028802902537,0.011543009819045436
2025-05-26,1290592219.939589,2167533.385781585,1615623.0857471349,0.003469380400690447,0.0036703634443768784,0.003714175371671846
2025-05-27,1308370316.4523616,2195869.9945933917,1609043.008004231,0.013775146198854893,0.013073205237661867,-0.004072780217708405
2025-05-28,1306346403.846102,2185477.163697453,1591441.3894248216,-0.0015468958450137738,-0.004732898997448554,-0.010939184653144474
2025-05-29,1281804862.58751,2136748.1003609993,1559545.7793774386,-0.01878639630831258,-0.022296761616128147,-0.020041963379443528
2025-05-30,1246740661.1794198,2067604.4890578694,1535288.0787918512,-0.027355334990154523,-0.032359271217533014,-0.015554336978341854
2025-05-31,1251307246.2931495,2070549.6772998674,1544729.1000169644,0.003662818784950561,0.0014244446931628296,0.006149348357177731
2025-06-01,1258273270.2272594,2078163.0280286425,1559698.479900314,0.005566997198126922,0.0036769708122643685,0.009690618169351017
2025-06-02,1273502081.8619564,2101768.563571927,1563085.455923939,0.012102944563025186,0.01135884683969035,0.0021715582000447764
2025-06-03,1266315876.3792613,2089041.9800250751,1556456.1311090805,-0.005642869049878874,-0.006055178370935055,-0.004241178746647423
2025-06-04,1266966309.6908798,2075966.7145193352,1546115.1686604053,0.0005136422307823185,-0.00625897690461108,-0.0066439151364365845
2025-06-05,1205764633.81214,1969007.0552736176,1499523.9786098131,-0.04830568532929036,-0.051522819945830745,-0.030134359325224125
2025-06-06,1236702445.891178,2024952.2672585058,1541071.6687621144,0.02565825137964528,0.028412905801962207,0.02770725293157339
2025-06-07,1251836891.3026733,2053677.8909358613,1559159.9914250083,0.012237741957880077,0.014185827558417463,0.011737496074678777
2025-06-08,1256007496.0110064,2055910.101660443,1561788.0781431047,0.0033315879547159977,0.0010869332208491844,0.0016855786016509722
2025-06-09,1303787451.6273434,2150576.5398724223,1628226.4148549656,0.038041138900908544,0.04604600081274102,0.04253991795791734
2025-06-10,1314907090.2867038,2191327.099495124,1627682.1597435998,0.008528720417949387,0.018948667423443144,-0.00033426254874646677
2025-06-11,1294508449.1941504,2157317.730546428,1604495.900138006,-0.01551337067328884,-0.015519987388706968,-0.014244955298426398
2025-06-12,1256169870.6027718,2084221.4181563559,1563787.0248670285,-0.029616321635633214,-0.03388296093573451,-0.025371753999169577
2025-06-13,1243859451.685507,2052990.2336567056,1566177.295514,-0.009799963528306588,-0.014984580921961976,0.0015285141831733462
2025-06-14,1225125994.8225164,2019781.2550068654,1557045.7119798795,-0.015060750503286813,-0.016175906784850924,-0.0058304915798972345
2025-06-15,1232255870.4157727,2031874.0414872628,1558221.067741679,0.005819708032796411,0.005987176309523834,0.0007548627203146641
2025-06-16,1237831904.4881213,2036944.4949385375,1576596.5688803734,0.004525061885456649,0.002495456582320088,0.011792615001237294
2025-06-17,1214840326.373119,2001498.5232891603,1544183.2302475015,-0.018574071351400323,-0.017401540266538618,-0.020559056941174436
2025-06-18,1209379767.308499,1996951.1926926184,1548349.394135587,-0.004494878006661485,-0.002271963003534494,0.0026979724986506692
2025-06-19,1207697725.734526,1994287.1506598995,1545411.0623974493,-0.0013908299274070224,-0.0013340546541484866,-0.0018977187896134229
2025-06-20,1185288718.323608,1942306.0214503973,1525117.1167742324,-0.018555145822841346,-0.026065017363373078,-0.013131746055793259
2025-06-21,1158500357.6088398,1886648.633014505,1509583.990549633,-0.0226007050439625,-0.0286553137462503,-0.010184874363913354
2025-06-22,1136879974.379602,1845058.6960887203,1490831.5820780408,-0.01866238804954934,-0.022044346890036426,-0.012422235919953395
2025-06-23,1197974813.2241817,1961112.5242669403,1558601.2043907703,0.05373904037488142,0.06289980282157881,0.04545759771084712
2025-06-24,1203951398.8280778,1973893.2660741042,1565508.0197328478,0.004988907561262579,0.006517087443486336,0.004431419225533917
2025-06-25,1198134537.0769606,1958861.192351958,1584930.0499837555,-0.004831475553564113,-0.007615444046801811,0.012406215749838134
2025-06-26,1186011212.3073866,1942451.9782826612,1579006.4460899497,-0.010118500380725814,-0.008376915185906886,-0.003737454466123946
2025-06-27,1191971921.7461822,1951570.7317159236,1580902.4006938373,0.005025845773581672,0.0046944550162442145,0.0012007263229245613
2025-06-28,1199017627.4769826,1963340.8340427168,1584434.6959461803,0.005910966191618572,0.006031091845922543,0.002234353778444831
2025-06-29,1215097698.1292856,1996543.4766551845,1600051.5537263742,0.013411037739402776,0.016911298352665582,0.009856422495764683
2025-06-30,1207722066.0581996,1984258.2840216106,1581594.8583519517,-0.0060699909829811105,-0.006153230709583846,-0.011535062936840035
2025-07-01,1176239770.5753422,1927506.2277150664,1560380.2116153557,-0.02606750043543571,-0.028601143693613107,-0.01341345201305344
2025-07-02,1224550414.602374,2022537.4864022115,1607045.3299402401,0.041072105565178596,0.04930269864798231,0.02990624847553991
2025-07-03,1239717139.284491,2045544.4852603802,1618687.937480434,0.01238554534077041,0.011375313937490805,0.007244728772290987
2025-07-04,1210179634.5072036,1991987.3942830819,1594866.4252464438,-0.02382600340133656,-0.026182315448632698,-0.014716556343200793
2025-07-05,1214023819.2246273,1999087.5747286766,1597772.348489923,0.003176540579439724,0.0035643701691947527,0.0018220480395592098
2025-07-06,1229345635.086175,2028481.4947563354,1612548.0847343695,0.012620688011981018,0.014703668012967519,0.009247710575546852
2025-07-07,1220614206.6964355,2012005.8503966124,1598786.1231093144,-0.0071025008268951195,-0.00812215659956117,-0.008534295352390808
2025-07-08,1228712369.3212147,2036311.021672724,1608388.0334805085,0.006634498091494967,0.012080069882162814,0.00600575038299711
2025-07-09,1267800942.0981774,2114390.7684865757,1643468.0952930802,0.031812630647282125,0.038343723519068895,0.021810695604753683
2025-07-10,1332959440.561497,2229745.1718133828,1712271.329453248,0.05139489670632669,0.05455680427954879,0.041864660687494615
2025-07-11,1364927805.692202,2269005.254062821,1734854.975590546,0.02398299915055091,0.017607430098171006,0.013189291760499877
2025-07-12,1360665872.6419535,2260591.7841792554,1733647.903330415,-0.003122460420598716,-0.003707999295506581,-0.0006957770402220564
2025-07-13,1390792083.855356,2302949.34186818,1758462.1996285375,0.0221407854926996,0.01873737575504064,0.014313342548076369
2025-07-14,1390168056.2349253,2309620.6815563617,1769291.8268169577,-0.0004486850534127784,0.0028968677542728916,0.006158578325259345
2025-07-15,1390332977.4501748,2334123.56229762,1738696.1318702756,0.00011863401299572196,0.010609049761689304,-0.01729262210051874
2025-07-16,1440624917.7656996,2411179.0769502274,1752887.7078818195,0.036172586805614415,0.033012611627448285,0.00816219450392297
2025-07-17,1502504048.000649,2490643.632741579,1761026.8533499714,0.0429529778860962,0.0329567208636623,0.004643278306736054
2025-07-18,1513373267.5164554,2498645.4861105736,1742033.0534928977,0.0072340700381272605,0.0032127652723190625,-0.010785638970207678
2025-07-19,1531096578.5807452,2520375.173198781,1741099.3197820226,0.011711129993312808,0.008696586694270092,-0.0005360022928398989
2025-07-20,1588093682.3184555,2588088.635675568,1731663.257863921,0.03722632819841043,0.026866421791818862,-0.005419600025622251
2025-07-21,1615727333.5610263,2621117.054822609,1733711.5669925204,0.017400517079211975,0.012761703247624379,0.0011828564931994912
2025-07-22,1636121817.9093196,2658656.392562902,1771442.8974001508,0.012622479006618281,0.014321885270718537,0.02176332622218302
2025-07-23,1558571025.8870866,2558747.4972482566,1753130.5985926767,-0.047399155229975176,-0.03757871667588264,-0.010337504434577038
2025-07-24,1557744967.2784255,2557665.7849067166,1747418.0535786762,-0.0005300102433195564,-0.000422750717959941,-0.0032584822936672087
2025-07-25,1577432168.9669902,2577274.3346657003,1736610.1089418426,0.012638270129006202,0.007666580158634417,-0.006185093838706246
2025-07-26,1587143421.298701,2590662.647743884,1741208.4245362824,0.0061563676224951625,0.005194756684650859,0.002647868724685587
2025-07-27,1647446157.043526,2672523.450505347,1763368.9149194793,0.03799450946624683,0.03159840314706841,0.012727075099638663
2025-07-28,1593224698.5785234,2599007.866908098,1740870.4996631518,-0.03291243130052113,-0.027507928352639044,-0.012758768211219573
2025-07-29,1576433466.1143296,2579577.5618532323,1740836.1305122327,-0.010539148984556324,-0.007476047034048028,-1.97425086621017e-05
2025-07-30,1556796441.8387973,2556486.251781127,1739493.3116392437,-0.01245661469236281,-0.00895158587730771,-0.0007713643170961237
2025-07-31,1519925544.2474475,2499321.0573104396,1708890.696729289,-0.02368382699269278,-0.022360845645408745,-0.017592832754910637
2025-08-01,1470252130.3206172,2409238.125413591,1672897.77642838,-0.0326814784545415,-0.03604296120074635,-0.021062154747402584
2025-08-02,1440265202.6072426,2357026.3052763753,1661188.50657533,-0.02039577232704659,-0.02167150668357143,-0.006999393518263397
2025-08-03,1478138181.1583838,2420736.226719454,1686148.468100334,0.0262958366852033,0.027029788042865377,0.015025363723748075
2025-08-04,1533653459.9229665,2500868.3632674073,1698758.8325041581,0.037557570376185456,0.033102382516308815,0.007478798363486527
2025-08-05,1494954428.2092774,2442427.318002241,1685023.1667395376,-0.025233230794936445,-0.023368301236300293,-0.008085706753543476
2025-08-06,1520189461.2040346,2484729.269241657,1698111.0086091505,0.016880135286120312,0.017319635645909992,0.007767158415357356
2025-08-07,1574650216.1943798,2589067.2659749305,1734558.3398316065,0.03582497864918155,0.0419916962483069,0.021463456180234264
2025-08-08,1588474695.0745242,2608655.7490421343,1722627.6311538427,0.0087793966799532,0.007565845555514317,-0.006878240070565811
2025-08-09,1631621371.4556327,2664110.9707665592,1719846.843912871,0.027162331584441368,0.021258160163443396,-0.0016142706587778388
2025-08-10,1634152947.481529,2682898.220317686,1761276.5486913794,0.0015515707689204294,0.007051977097531026,0.02408918266480664
2025-08-11,1611437665.2541735,2652412.127443172,1752783.4471018494,-0.013900340394920274,-0.011363119421989865,-0.004822128356753663
2025-08-12,1720366258.613328,2796687.283941431,1774063.1414932047,0.06759714986677623,0.054393943914490706,0.01214051537658034
2025-08-13,1796904684.0975344,2907608.6078428538,1820877.6156920493,0.04448961091918813,0.039661682783889596,0.026388279596092357
2025-08-14,1780845350.2368789,2855128.591941236,1747293.7249052166,-0.008937220767901266,-0.018049202275732812,-0.040411222672351976
2025-08-15,1770456022.8691611,2835008.8887541005,1733103.5328863272,-0.005833930142410071,-0.007046864104098383,-0.00812124018797078
2025-08-16,1763066573.2230885,2826803.57026887,1734476.4535995505,-0.004173754982118916,-0.0028942831600209384,0.0007921746665282559
2025-08-17,1808393358.0630195,2879557.706971152,1733911.2079329256,0.025709060297745,0.018662116199769985,-0.0003258883482978314
2025-08-18,1765359590.770781,2809858.774567436,1716185.0300146146,-0.023796685107454807,-0.024204735413005052,-0.010223232791397141
2025-08-19,1680037867.8235903,2670965.675088301,1665680.2547353762,-0.04833107282688964,-0.049430633573574134,-0.029428514056440758
2025-08-20,1764708581.5727303,2787496.297031739,1686990.9736287359,0.05039809838264353,0.04362864825643453,0.012794003430595557
2025-08-21,1708853669.763673,2710604.1984851947,1659595.877028211,-0.031651068279658134,-0.02758464598802246,-0.01623902974513114
2025-08-22,1880707089.4876869,2946110.4035131223,1725364.0152971502,0.10056649247666738,0.08688328792508293,0.03962900798880531
2025-08-23,1848654178.8043535,2899590.9595659743,1703223.708140164,-0.017043010505194967,-0.0157901224243584,-0.012832252765613172
2025-08-24,1843652903.2490416,2882027.3125634943,1674940.0882554767,-0.0027053602629706353,-0.006057284371278726,-0.016605933647771742
2025-08-25,1719087763.462518,2713009.8881970057,1625720.4654886245,-0.0675643118978656,-0.058645323599015975,-0.029385900493979156
2025-08-26,1783577204.3418283,2801082.495000905,1650496.586656028,0.037513757150721805,0.032463061482768785,0.015240086898922423
2025-08-27,1754616090.5850885,2762848.0579343843,1641925.5201469634,-0.016237656371834497,-0.013649878978843955,-0.005193022862549412
2025-08-28,1774533548.3922153,2792924.112920993,1661452.6185068889,0.011351461960254383,0.010885888168998603,0.01189280397942638
2025-08-29,1721800585.8409007,2710725.074677459,1600424.5397467506,-0.02971652049018314,-0.029431174969364204,-0.036731759955323184
2025-08-30,1714471139.1553607,2710822.2947690715,1606288.7472891358,-0.004256849919678896,3.586497668850441e-05,0.003664157476186425
2025-08-31,1700520293.7498076,2697016.147926534,1597854.0040565357,-0.008137113006420171,-0.005092973770054354,-0.005251075341737299
2025-09-01,1688782106.81035,2673017.3882442457,1612821.5386163457,-0.0069027032388856435,-0.00889826325316545,0.009367272930950854
2025-09-02,1727390107.8647747,2720058.2087551514,1641608.4704963716,0.02286144606739393,0.017598396747356748,0.017848801737061715
2025-09-03,1733708743.5143657,2747277.34370836,1649323.7682140954,0.0036579089001507192,0.010006820760525503,0.004699840343410866
2025-09-04,1702719647.5074804,2686654.7047725404,1634566.9465359265,-0.01787445332026638,-0.022066443009350234,-0.008947195185422974
2025-09-05,1721482065.3149896,2709985.5499388296,1633494.928892327,0.011019088101188235,0.008683976070629651,-0.0006558419928112125
2025-09-06,1718703986.5693903,2701337.8046542364,1627201.7989597807,-0.0016137715295284627,-0.0031910669356847166,-0.0038525555367433517
2025-09-07,1746604988.7038312,2740498.409090689,1641121.7664128866,0.01623374493366514,0.014496744675538631,0.008554542812086563
2025-09-08,1770326722.6558049,2769292.4910395294,1654464.378263641,0.013581624984122964,0.010506877819496552,0.008130177859939192
2025-09-09,1768975390.7091491,2767461.0165787735,1646479.547976461,-0.0007633234754703677,-0.000661351037018254,-0.004826232823193166
2025-09-10,1803144975.299708,2815317.621688714,1682276.0566531578,0.019316031624872387,0.017292603156196185,0.02174124101370767
2025-09-11,1824212957.1920233,2858034.7575809066,1705190.246369429,0.011684019965623405,0.015173114238730134,0.013620945043858246
2025-09-12,1857087793.0430684,2938118.7080728337,1713959.8004916874,0.018021380519985364,0.028020635606164523,0.005142859655062004
2025-09-13,1870223100.805329,2947090.290711108,1711729.6116617478,0.007073067741583117,0.0030535126486290753,-0.0013011908618275614
2025-09-14,1837841821.1511765,2896772.7858798755,1703715.7175288242,-0.017314126662326568,-0.01707362173117921,-0.004681752350561785
2025-09-15,1817200330.1421192,2857563.326510748,1704265.1626126445,-0.011231375176851688,-0.013535566047931491,0.0003224981011604733
2025-09-16,1860462026.0771997,2904516.371026944,1724907.8743847853,0.023806784104918766,0.01643114750269703,0.012112382641499053
2025-09-17,1902481102.019721,2969566.638856521,1719376.6324085188,0.02258529083290073,0.022396247608884146,-0.0032066883445814875
2025-09-18,1908271787.1118946,2976992.3246866623,1729248.3060146114,0.0030437543300829706,0.002500595788279991,0.005741425944741474
2025-09-19,1880275701.8127913,2922544.897468348,1707867.0034958743,-0.014670910867195963,-0.01828940799303036,-0.012364506846338608
2025-09-20,1921499271.4602633,2970518.2183938753,1708355.6682356196,0.02192421547953205,0.016414913237803086,0.0002861257573012477
2025-09-21,1917383776.6186888,2959820.591550926,1702216.3921531606,-0.00214181441684691,-0.0036012661954765157,-0.003593675600818802
2025-09-22,1828205159.4570441,2813081.7446400826,1664459.8038795863,-0.04651057250464041,-0.04957693967320953,-0.02218083931492132
2025-09-23,1827464341.9722092,2803807.584273591,1653623.948724221,-0.00040521572811602624,-0.0032967973234911963,-0.006510133275738239
2025-09-24,1839896841.8258872,2816097.481862204,1673023.9504253785,0.006803142238201332,0.004383288517210149,0.011731809832655538
2025-09-25,1735147762.6453216,2647014.481208228,1609849.7603890589,-0.05693203923140289,-0.06004160074109588,-0.03776048156409073
2025-09-26,1768676488.0684783,2715856.998596961,1619645.3143991563,0.019323268107172886,0.026007608903336976,0.0060847628462734615
2025-09-27,1766541920.2837026,2709332.5803739456,1619189.4041522332,-0.0012068729353138519,-0.0024023423274444067,-0.00028148770775304754
2025-09-28,1813895328.9268794,2785184.608778527,1655220.3842511396,0.02680570899533019,0.027996573382700785,0.02225248016477188
2025-09-29,1849790686.077248,2837139.926990235,1688845.7544511538,0.019789100604611365,0.018654173963173593,0.020314739064325238
2025-09-30,1834140953.8534822,2808040.31215821,1683763.0414276533,-0.008460271933227959,-0.010256672416892432,-0.0030095779973419168
2025-10-01,1900447953.4546418,2920610.7034903322,1751565.3029004834,0.03615152884616113,0.04008859518316621,0.04026829179914815
2025-10-02,1967244885.6277404,3019381.3523001615,1781567.7263292877,0.03514799342527364,0.03381849169140949,0.017128920845327356
2025-10-03,2036239111.1020231,3099056.1611257144,1804970.4654525833,0.03507149820459032,0.026387792573752566,0.013136036748664148
2025-10-04,1994973682.8317392,3046418.600495439,1807316.21766917,-0.020265512063536995,-0.01698502960048165,0.001299606980548873
2025-10-05,2008438955.7475483,3065222.147478251,1823378.6057513782,0.0067495992712525155,0.006172345120186051,0.008887425412982486
2025-10-06,2075303232.837731,3171867.1137295845,1841670.260001757,0.03329166510081727,0.03479192082018279,0.01003173679491609
2025-10-07,2071151685.967451,3120693.5118607865,1792936.7646547835,-0.0020004531408178705,-0.01613358947078536,-0.026461574802715715
2025-10-08,2094147798.2244306,3161296.529433571,1821037.120845476,0.011103055566998643,0.013010895628957186,0.015672809406695798
2025-10-09,2038476071.845041,3070467.561760094,1796689.4607373488,-0.02658443039531022,-0.028731555811928544,-0.013370216251727407
2025-10-10,1768490990.969713,2663245.3089543427,1671337.0940450353,-0.13244456709808838,-0.13262548605865032,-0.06976852117831744
2025-10-11,1770059290.3317695,2648526.4296634686,1635811.1559322854,0.0008868008771685254,-0.005526670502858488,-0.02125599811033252
2025-10-12,1943066288.9617512,2916860.656510369,1700203.836168135,0.09774079296380767,0.1013145362045702,0.03936437283871608
2025-10-13,1961693006.8815813,2955145.2367603783,1701699.4708967204,0.009586249334696095,0.01312526882782672,0.000879679657679322
2025-10-14,1881262158.58742,2843429.4506426714,1669924.2682102753,-0.041000731517118916,-0.03780382254246728,-0.01867262888064536
2025-10-15,1816458768.0743124,2745213.2049518335,1635446.243202393,-0.0344467623596737,-0.034541474439831465,-0.020646460240280162
2025-10-16,1772892416.0346963,2678729.8938509584,1597105.9560268007,-0.02398422293163427,-0.02421790445308658,-0.023443318504017374
2025-10-17,1706460930.3316133,2593358.3818002483,1571740.1386558765,-0.0374706807374503,-0.03187014571595326,-0.01588236351834038
2025-10-18,1730244871.105424,2630377.679642139,1582523.8634212574,0.013937582953738481,0.014274655636369316,0.006861009972426446
2025-10-19,1762496433.1230292,2684017.9121512035,1604201.9170316544,0.01863988303401265,0.020392597201616347,0.013698405510000455
2025-10-20,1777287379.342824,2701023.5958382054,1632578.8410877965,0.008392043207478217,0.006335905438638489,0.01768912239467313
2025-10-21,1724414491.3456528,2623029.66179622,1601399.6779045386,-0.02974920579063678,-0.028875695185395678,-0.019098105646452646
2025-10-22,1713124133.723816,2596391.707453817,1589762.260336799,-0.006547357191962866,-0.010155414835896881,-0.007267028792566799
2025-10-23,1772981757.941571,2672161.377688177,1624914.0591019604,0.03494062283019894,0.029182680724498367,0.022111355667553845
2025-10-24,1779072449.9388506,2694261.9186443016,1639148.0775549074,0.0034352818183256417,0.008270661023940473,0.008759859251149305
2025-10-25,1785744197.2954643,2704534.9178415905,1648120.8479319285,0.0037501268466288984,0.003812917788801329,0.005474045023684315
2025-10-26,1834861964.7167437,2796542.725850013,1689909.5834715478,0.027505489025622554,0.03401982625606159,0.025355383127430242
2025-10-27,1823028613.770354,2775284.4224220244,1684696.659805807,-0.006449177744123347,-0.007601637275728379,-0.0030847352525404936
2025-10-28,1778749865.7717557,2700788.181526721,1667525.347609213,-0.024288564460336115,-0.02684274097942352,-0.01019252462848319
2025-10-29,1759986155.5277405,2666147.2807030906,1624701.1548986163,-0.010548818923381442,-0.012826219049895449,-0.025681284408657024
2025-10-30,1702105941.0271754,2580809.4186909534,1598870.2006630725,-0.03288674420464932,-0.032007932431111885,-0.015898895718551742
2025-10-31,1721529582.3700767,2610321.511930588,1617332.547340834,0.011411534896106135,0.011435208282293052,0.011547120379193254
2025-11-01,1730044089.8954587,2624606.261338293,1624829.7508827595,0.004945896726131105,0.005472409947363088,0.004635536182247879
2025-11-02,1726337745.1327107,2626621.3004564545,1633327.235115695,-0.0021423412180043844,0.0007677491088258215,0.005229768982454308
2025-11-03,1603230772.92932,2432008.4992085,1572917.2244084936,-0.07131105865609566,-0.07409244766808776,-0.03698585893164408
2025-11-04,1595214619.0646734,2284046.997414909,1499739.0741348597,-0.0050000000000000044,-0.060839220686007334,-0.046523840630681046
2025-11-05,1595214619.0646734,2360396.2359487405,1533712.403154749,0.0,0.033427174931270676,0.02265282648549194
2025-11-06,1595214619.0646734,2303224.844394903,1495469.2261304113,0.0,-0.024221099272706548,-0.02493503798083263
2025-11-07,1668706312.391377,2410315.0877420492,1526044.2765199977,0.046070097683654776,0.046495783339502994,0.020445121741957006
2025-11-08,1660362780.82942,2389694.891132243,1509948.7879468035,-0.0050000000000000044,-0.0085549796848855,-0.010547196317198915
2025-11-09,1660362780.82942,2450520.0417044987,1545932.9429609005,0.0,0.02545310315470295,0.02383137448193029
2025-11-10,1660362780.82942,2467881.336139586,1564784.0762418439,0.0,0.007084738806303115,0.012194017448672767
2025-11-11,1660362780.82942,2365091.0734356996,1520509.228563931,0.0,-0.041651217665383045,-0.0282945413045409
2025-11-12,1660362780.82942,2341839.6592170536,1500811.7837747862,0.0,-0.00983108620205031,-0.012954505253314652
2025-11-13,1660362780.82942,2269060.809071985,1471793.0331251386,0.0,-0.03107764011879477,-0.01933536967351135
2025-11-14,1660362780.82942,2173569.026902459,1393555.69770313,0.0,-0.042084276361275985,-0.053157837862490065
2025-11-15,1660362780.82942,2206657.4105189326,1410552.7421579831,0.0,0.015223065477532938,0.012196889211437911
2025-11-16,1660362780.82942,2162621.7534616883,1390297.43299637,0.0,-0.019955819533802766,-0.01435983820826503
2025-11-17,1660362780.82942,2105071.8607593956,1359543.9628870795,0.0,-0.026611168878780123,-0.02212006537551503
2025-11-18,1660362780.82942,2152861.4397790763,1372165.9758957457,0.0,0.022702112887700077,0.009284005043766808
2025-11-19,1660362780.82942,2092475.9787624786,1350274.787416562,0.0,-0.028048930553930318,-0.015953746750565823
2025-11-20,1660362780.82942,1979800.5664277622,1278911.0515129238,0.0,-0.05384788808966612,-0.05285126891851111
2025-11-21,1660362780.82942,1912111.5115145962,1256158.7889372243,0.0,-0.03418983510813933,-0.0177903401090983
2025-11-22,1660362780.82942,1906537.7403772583,1249628.8809280444,0.0,-0.0029149822611145293,-0.0051983141515926645
2025-11-23,1660362780.82942,1934838.3875613664,1281466.5939493822,0.0,0.014844000506650357,0.025477734635656946
2025-11-24,1702521277.8291352,2004083.0411614699,1303101.9744529338,0.025391135892997463,0.035788339762773624,0.016883296533601433
2025-11-25,1686883280.5954552,1991067.7532955518,1289392.3738833054,-0.00918519929079531,-0.0064943855112785664,-0.010520742688141516
2025-11-26,1745202252.2800038,2054580.7360640392,1336285.3896652907,0.03457202543614191,0.0318989560568006,0.03636830551491177
2025-11-27,1749529913.5509076,2056590.5606074238,1347608.4102350257,0.002479747699872581,0.0009782163864899829,0.008473504729832548
2025-11-28,1724506380.813488,2037064.896923599,1342203.688253921,-0.014303003648923562,-0.009494191045036016,-0.004010602738938163
2025-11-29,1708599439.2944794,2015982.3009299175,1341207.0982099893,-0.009224054892452704,-0.010349496486597332,-0.0007425028351905061
2025-11-30,1707737193.749719,2016367.893769186,1334454.0213852779,-0.0005046504902965765,0.00019126796851876016,-0.005035073877646679
2025-12-01,1606267725.938989,1895932.5869641497,1274329.8051612223,-0.059417495960213285,-0.059728835782991596,-0.045055292472078845
2025-12-02,1598236387.309294,2044739.449783057,1348565.4411555843,-0.0050000000000000044,0.07848742294006517,0.05825464938016567
2025-12-03,1598236387.309294,2135848.8549671206,1380712.476535194,0.0,0.04455795343202773,0.023837949867722363
2025-12-04,1598236387.309294,2092343.0410650475,1360248.8764790846,0.0,-0.020369331753460007,-0.014821043775501752
2025-12-05,1598236387.309294,2021565.7495936216,1319594.668917958,0.0,-0.0338268104619206,-0.029887330373216336
2025-12-06,1598236387.309294,2024324.7488292998,1317891.3199584826,0.0,0.0013647833300662882,-0.0012908122468181515
2025-12-07,1598236387.309294,2039757.7201924736,1334621.2538310252,0.0,0.0076237626260799995,0.012694471554050235
2025-12-08,1598236387.309294,2072584.9755346915,1338084.0034524817,0.0,0.0160937031968289,0.0025945560296725123
2025-12-09,1652491491.312507,2162824.392734004,1368369.568711844,0.033946858195710305,0.043539550013399264,0.022633530616329445
2025-12-10,1644229033.8559444,2138577.5360085173,1358467.3319346325,-0.0050000000000000044,-0.011210737592448172,-0.00723652221127169
2025-12-11,1644229033.8559444,2088518.9037926039,1365706.7668446652,0.0,-0.023407443206077905,0.005329119618741718
2025-12-12,1644229033.8559444,2028781.107313088,1332624.9597596896,0.0,-0.028602947462451178,-0.024223213861206738
2025-12-13,1644229033.8559444,2045621.388498114,1333042.6948758936,0.0,0.008300689080907864,0.00031346787642294593
2025-12-14,1644229033.8559444,1995201.2209511474,1301693.8772597432,0.0,-0.024647849221006046,-0.023516739363752426
2025-12-15,1644229033.8559444,1947931.1643699617,1275779.6527994894,0.0,-0.023691874325663886,-0.01990807893696711
2025-12-16,1644229033.8559444,1962266.1729256415,1296804.577209703,0.0,0.007359094005930267,0.01648005936140917
2025-12-17,1644229033.8559444,1888421.1735184453,1271704.8324265985,0.0,-0.03763250899703219,-0.01935507109105894
2025-12-18,1644229033.8559444,1856910.347936131,1261647.81913753,0.0,-0.016686333548995513,-0.007908292107279613
2025-12-19,1644229033.8559444,1944243.9657880766,1300633.9695518697,0.0,0.04703168246599132,0.03090097713717843
2025-12-20,1644229033.8559444,1939607.4430316156,1304186.1020322598,0.0,-0.0023847432925331313,0.002731077738661547
2025-12-21,1644229033.8559444,1938127.072187785,1308286.410936537,0.0,-0.0007632321937869335,0.0031439599746445612
2025-12-22,1644229033.8559444,1944618.80725444,1306341.6705915795,0.0,0.0033494888750131846,-0.0014864790528286154
2025-12-23,1644229033.8559444,1913389.5112202931,1290456.8949000267,0.0,-0.01605934073950399,-0.01215974047919588
2025-12-24,1644229033.8559444,1904522.94180243,1293379.310722638,0.0,-0.00463395945565126,0.0022646365284735293
2025-12-25,1644229033.8559444,1868581.6891281959,1287810.58561198,0.0,-0.01887152519161539,-0.004305562231041615
2025-12-26,1644229033.8559444,1883832.0252337763,1288795.0657201852,0.0,0.00816145004219515,0.0007644603322913834
2025-12-27,1644229033.8559444,1922878.9329349769,1296187.085820372,0.0,0.02072738289729159,0.005735605525503784
2025-12-28,1644229033.8559444,1929928.262895321,1296684.2851814863,0.0,0.003666029014933514,0.00038358610925337544
2025-12-29,1644229033.8559444,1899099.1538848483,1286384.4965142813,0.0,-0.015974225365362638,-0.00794317382026688
2025-12-30,1644229033.8559444,1914910.5578813981,1305457.6452835442,0.0,0.008325739055912607,0.014826942349620564
2025-12-31,1644229033.8559444,1885788.2237229487,1291856.803470012,0.0,-0.015208195515235778,-0.010418447402464781
2026-01-01,1644229033.8559444,1930687.4633056761,1309913.7556327386,0.0,0.023809269258287413,0.01397751833966776
2026-01-02,1715269081.9701204,2018060.8819782294,1327816.507947214,0.043205688898204864,0.04525508158785807,0.013667122921255048
2026-01-03,1711576081.5978055,2015117.2255146531,1337537.5570194128,-0.002153015180611284,-0.0014586559255291842,0.007321078638514056
2026-01-04,1742533324.0151854,2044898.4681554453,1349499.7515300654,0.018086980035664224,0.014778913238254088,0.008943445698309516
2026-01-05,1800928758.6960256,2109821.183310912,1385949.5047396668,0.03351180369181361,0.03174862525767774,0.027009825802690735
2026-01-06,1800768522.5398326,2121453.7070259387,1383683.1014352692,-8.897417813968911e-05,0.005513511669634541,-0.0016352711961344912
2026-01-07,1746846468.7948604,2054105.209807205,1347943.221124684,-0.02994391176325073,-0.03174639022085912,-0.025829527204251468
2026-01-08,1730526092.797454,2030043.060628171,1343795.9718028766,-0.009342764970447281,-0.011714175624573997,-0.003076724046541912
2026-01-09,1722552447.7867734,2019464.4643797523,1336207.655411199,-0.004607642175328941,-0.005211020619998785,-0.005646925984974405
2026-01-10,1724331083.4970062,2021054.4055169926,1334340.8799857763,0.00103255823212689,0.0007873083014255933,-0.001397069847536736
2026-01-11,1728191800.0602732,2030708.3142352016,1340848.4134470425,0.0022389647789897715,0.004776669391905575,0.004876964768804504
2026-01-12,1726594527.2810667,2024230.4553526612,1346244.600806778,-0.0009242450861940421,-0.0031899504410016766,0.004024457429802286
2026-01-13,1826346605.039348,2152019.3535936573,1407196.2139727578,0.05777388737317768,0.06312961940824713,0.04527528885126264
2026-01-14,1832701674.5747137,2161398.7248603776,1430927.7666842083,0.0034796623586292874,0.004358404700709473,0.016864423365986925
2026-01-15,1783322343.2356656,2109819.6570493593,1410582.843998219,-0.026943463862173167,-0.023863744906368556,-0.01421799419905967
2026-01-16,1790403291.8057668,2112758.759390617,1410197.978707558,0.0039706498362228615,0.0013930585637673687,-0.00027284132392391136
2026-01-17,1795514913.9286437,2119428.8486625254,1403920.9953559805,0.002855011575476629,0.003157052002393579,-0.004451136256293897
2026-01-18,1747754534.025828,2070720.3408491004,1382286.5375141988,-0.026599823556082036,-0.02298190281035517,-0.01541002514624834
2026-01-19,1726300125.7832735,2036552.5191532702,1366330.6015336625,-0.012275412722366541,-0.01650045205129902,-0.011543146480490374
2026-01-20,1644772005.3013086,1925139.748899255,1303697.5526252363,-0.0472270836711971,-0.05470655394653745,-0.0458403323749923
2026-01-21,1636548145.2748022,1957866.7722372636,1319435.279097253,-0.004999999999999893,0.01699981695184527,0.012071608510981546
2026-01-22,1636548145.2748022,1946872.5267551737,1320697.3650653984,0.0,-0.0056154206394374295,0.000956534957143873
2026-01-23,1636548145.2748022,1951407.754689301,1321308.859153227,0.0,0.0023294940330202962,0.00046300848627667257
2026-01-24,1636548145.2748022,1943384.0501297123,1315505.085956753,0.0,-0.0041117519084913345,-0.004392442505981031
2026-01-25,1636548145.2748022,1869500.5350606497,1278030.0248556398,0.0,-0.038017969255295214,-0.028487203509257486
2026-01-26,1636548145.2748022,1922919.7025165637,1303051.4587210463,0.0,0.028574031648608722,0.019578126787931138
2026-01-27,1658861569.6279387,1964893.8960772476,1315384.5632630938,0.013634444191307216,0.021828365222817947,0.009464787027023913
2026-01-28,1650567261.779799,1961519.2929277488,1316595.0955048606,-0.0050000000000000044,-0.0017174480292477812,0.0009202877056453396
2026-01-29,1650567261.779799,1854035.4394749566,1248347.8803936215,0.0,-0.054796225477019234,-0.05183614563372585
2026-01-30,1650567261.779799,1808398.725079569,1241956.717648051,0.0,-0.024614801542472864,-0.00511969687772873
2026-01-31,1650567261.779799,1657365.2601441108,1160651.185843828,0.0,-0.08351778998783177,-0.06546567255435032
2026-02-01,1650567261.779799,1596440.4803478327,1136342.0468645832,0.0,-0.036760019810588185,-0.02094439679701987
2026-02-02,1650567261.779799,1645211.1277007833,1161649.8518767413,0.0,0.030549618324840155,0.02227129153760332
2026-02-03,1650567261.779799,1586435.985376657,1116546.9152605776,0.0,-0.03572498467492491,-0.03882661934945042
2026-02-04,1650567261.779799,1522320.3119283565,1077959.8160616066,0.0,-0.040414913705501876,-0.03455931736640516
2026-02-05,1650567261.779799,1306550.072343732,925645.2541378111,0.0,-0.14173773935348966,-0.14129892381358544
2026-02-06,1826746658.6032147,1460013.3802669058,1041580.1851464979,0.10673869578234707,0.1174568898441728,0.1252476912623226
2026-02-07,1798106023.7206361,1447526.5819890287,1022781.182255539,-0.015678493100120483,-0.00855252318002342,-0.018048541205989643
2026-02-08,1795363496.5855892,1445590.5827446023,1037289.231254069,-0.0015252310480402542,-0.0013374533279838507,0.014184900201757111
2026-02-09,1789169167.8294356,1444242.8791680594,1035164.2258658684,-0.0034501808508048404,-0.0009322858025154757,-0.00204861414171964
2026-02-10,1744829026.5445936,1402918.323383971,1015576.923825474,-0.024782531513570683,-0.028613300699043887,-0.018921927121284043
2026-02-11,1704092259.3519154,1364822.54970108,988974.8550159544,-0.023347139790167337,-0.027154662568666388,-0.02619404614799148
2026-02-12,1724011063.393363,1377255.8281326185,977605.8166904587,0.011688806126625373,0.009109813165280478,-0.011495780977477166
2026-02-13,1771034161.0104792,1422976.09836579,1016519.9994867669,0.027275403630276474,0.033196643135765314,0.039805596623848416
2026-02-14,1842761289.4217904,1471829.7131979628,1029950.7255365215,0.04050013827536025,0.03433199959456701,0.013212456278809848
2026-02-15,1786998289.1742997,1417828.2947513799,1015491.6929445039,-0.030260566340086115,-0.0366899906710334,-0.014038567315427297
2026-02-16,1806912801.4673207,1435407.8409117234,1016303.1739709018,0.01114411379891278,0.012398924626783714,0.000799101589935125
2026-02-17,1777176968.5306747,1416502.4318687555,996389.3649967763,-0.016456706108063823,-0.01317075781818211,-0.01959435873482329
2026-02-18,1739261035.910586,1387320.9530593262,980609.657414241,-0.02133492234678047,-0.020601079216596152,-0.015836888807606253
2026-02-19,1743784170.242014,1389270.2626117356,988466.3530481623,0.0026006069463055947,0.001405089102208601,0.008012052068341324
2026-02-20,1798249659.841065,1424753.4084510463,1003936.0462760989,0.03123407731788963,0.02554085176530352,0.015650197075734784
2026-02-21,1787680994.3231082,1419623.955139559,1003911.5957392035,-0.005877195894418152,-0.0036002393684840817,-2.435467576455963e-05
2026-02-22,1754181079.2750309,1397500.548787837,998827.7293884908,-0.018739313755898546,-0.015583990585413265,-0.005064057803784383
2026-02-23,1691329904.7044616,1341234.4366808122,953910.3054543849,-0.035829353829619714,-0.040261960652415385,-0.04497014110892328
2026-02-24,1667543675.799505,1326905.4809792766,945987.2935057709,-0.014063624629822247,-0.010683408738740519,-0.008305824880296298
2026-02-25,1659205957.4205074,1457234.1451365964,1003267.3471585527,-0.0050000000000000044,0.09822000589004665,0.060550552894326426
2026-02-26,1659205957.4205074,1435844.38160261,995792.2874990985,0.0,-0.014678329906949394,-0.007450715585058276
2026-02-27,1659205957.4205074,1391922.2263216903,972585.8446672937,0.0,-0.030589774103441658,-0.023304501473984107
2026-02-28,1659205957.4205074,1410851.1560796425,989032.2907111146,0.0,0.013599128888094558,0.016910019957618205
2026-03-01,1659205957.4205074,1389993.8728705787,970464.5299261716,0.0,-0.014783475293751236,-0.018773664883674046
2026-03-02,1659205957.4205074,1436756.661615745,1015309.5825777212,0.0,0.03364244235738467,0.04620988327616793
2026-03-03,1659205957.4205074,1406329.1125340036,1008191.0163595115,0.0,-0.02117794188441291,-0.007011227255569352
2026-03-04,1735464368.1769485,1485532.0601563475,1073396.3309489707,0.045960786492712735,0.056318927707918576,0.06467555605177866
2026-03-05,1697028125.9099202,1451077.0404274957,1045798.3640918465,-0.02214752602924619,-0.023193723415989687,-0.025710882421896675
2026-03-06,1636845976.6763353,1396142.025987444,1005870.9833397532,-0.035463259750816545,-0.03785809637224191,-0.03817885179689062
2026-03-07,1628661746.7929537,1380186.4461881083,993117.606361635,-0.0050000000000000044,-0.011428335729705474,-0.01267893913767515
2026-03-08,1628661746.7929537,1355934.3896724086,973884.7217735033,0.0,-0.01757157997217018,-0.01936617019467901
2026-03-09,1628661746.7929537,1398547.3051414904,1009796.2171732414,0.0,0.031426974486115755,0.03687448277691541
2026-03-10,1653299619.604614,1427780.0218931155,1032302.3597218897,0.015127679433851515,0.02090220090815409,0.022287806357257356
2026-03-11,1645033121.5065908,1437784.5308703466,1036405.7826096393,-0.0050000000000001155,0.007007038075771632,0.003975020350486469
2026-03-12,1645033121.5065908,1444307.2720337461,1040665.9426655066,0.0,0.004536661108358819,0.004110513591636167
2026-03-13,1645033121.5065908,1455621.7666323017,1047675.2887967352,0.0,0.007833855591285355,0.006735442992662266
2026-03-14,1645033121.5065908,1455671.686643277,1051312.1908272111,0.0,3.429463073412187e-05,0.0034714019404360474
2026-03-15,1645033121.5065908,1495296.2703029444,1074567.5347328067,0.0,0.027220824601624338,0.022120302711697404
2026-03-16,1695574251.281837,1567335.2911694509,1105143.3924514418,0.030723472442280242,0.04817708857918279,0.028454105238008953
2026-03-17,1676589714.9925592,1549026.6055861204,1091287.0886604409,-0.01119652311004704,-0.011681409642521068,-0.01253801442025071
2026-03-18,1614790248.564358,1486287.6610028846,1051769.1390686252,-0.03686022040787451,-0.04050217365988795,-0.03621223965943199
2026-03-19,1606716297.3215363,1451613.8685939782,1032093.7228292301,-0.004999999999999893,-0.023329126197219385,-0.0187069723844705
2026-03-20,1606716297.3215363,1456296.6675445011,1041095.9030501585,0.0,0.0032259260205735885,0.008722250723753211
2026-03-21,1606716297.3215363,1416851.982808105,1014359.9329513198,0.0,-0.027085610793098125,-0.025680602546325204
2026-03-22,1606716297.3215363,1396509.8115530831,1001570.9181623493,0.0,-0.014357301610789963,-0.012607965253280895
2026-03-23,1606716297.3215363,1451141.5760683706,1046886.8743145786,0.0,0.039120215313439566,0.04524488014825123
2026-03-24,1606716297.3215363,1455911.6821264364,1041026.1267538295,0.0,0.0032871403705416746,-0.0055982625291641774
2026-03-25,1620451703.4516,1472885.5982986754,1052718.4426968629,0.00854874389023208,0.011658616645927156,0.011231529778693128
2026-03-26,1612349444.9343421,1409875.6723669942,1015542.4393418339,-0.0050000000000000044,-0.042779918552034,-0.03531428903229916
2026-03-27,1612349444.9343421,1364711.8767011454,979326.1195599512,0.0,-0.03203388536382412,-0.035662044616623034
2026-03-28,1612349444.9343421,1362911.8851646555,979050.3590235503,0.0,-0.0013189535221463933,-0.0002815819275042708
2026-03-29,1612349444.9343421,1348044.749156933,973665.3589377715,0.0,-0.010908361846097114,-0.00550022788526372
2026-03-30,1612349444.9343421,1365480.4877553612,984538.351229365,0.0,0.012934094813493724,0.011167073154841889
2026-03-31,1612349444.9343421,1389546.4696745882,1007300.3017536458,0.0,0.01762455204232727,0.02311941479563351
2026-04-01,1612349444.9343421,1400097.591134047,1005015.6758792977,0.0,0.007593212382403847,-0.0022680682914227868
