Date,NAV,Strategy_Return,SPY_Return,Raw_Exposure,Portfolio_Vol,Target_Gamma,Regime,DDH_State,Top1,Top2,Top3,SPY_Weight,TLT_Weight
2022-01-03,2.142068,0.0061,0.00579,0.9175,0.1308,1.3143,RECOVERY_GROWTH,RECOVERY_ACCEL,XLE:0.23,XLF:0.17,EFA:0.12,0.0,0.0606
2022-01-04,2.169666,0.012884,-0.000335,0.9315,0.1288,1.3136,RECOVERY_GROWTH,RECOVERY_ACCEL,XLE:0.22,XLF:0.18,HYG:0.15,0.0,0.0
2022-01-05,2.147729,-0.010111,-0.019202,0.8316,0.1443,1.3129,RECOVERY_GROWTH,RECOVERY_ACCEL,XLE:0.22,XLF:0.18,HYG:0.15,0.0,0.0
2022-01-06,2.164162,0.007651,-0.000939,0.8624,0.1391,1.313,RECOVERY_GROWTH,RECOVERY_ACCEL,XLE:0.27,XLF:0.20,EFA:0.14,0.0,0.0
2022-01-07,2.175195,0.005098,-0.003954,0.7479,0.1604,1.3135,RECOVERY_GROWTH,RECOVERY_ACCEL,XLE:0.27,XLF:0.20,DJP:0.15,0.0,0.0
2022-01-10,2.167101,-0.003721,-0.001244,0.7277,0.1649,1.3125,RECOVERY_GROWTH,RECOVERY_ACCEL,XLE:0.25,XLF:0.22,QUAL:0.15,0.0,0.0
2022-01-11,2.202392,0.016285,0.009108,0.8112,0.1479,1.3126,RECOVERY_GROWTH,RECOVERY_ACCEL,XLE:0.30,USMV:0.27,XLF:0.25,0.0,0.0
2022-01-12,2.214831,0.005648,0.002704,0.8059,0.1489,1.1935,GOLDILOCKS,NORMAL_TRENDING,XLK:0.27,XLE:0.23,IWF:0.14,0.0,0.0
2022-01-13,2.182209,-0.014729,-0.013779,0.7121,0.1685,1.1931,GOLDILOCKS,NORMAL_TRENDING,XLK:0.25,XLF:0.20,IWF:0.12,0.0,0.0
2022-01-14,2.197448,0.006983,0.000409,0.7872,0.1524,1.1933,GOLDILOCKS,NORMAL_TRENDING,XLK:0.28,USMV:0.24,XLE:0.22,0.0,0.0
2022-01-18,2.176248,-0.009647,-0.01771,0.7979,0.1504,1.1921,GOLDILOCKS,NORMAL_TRENDING,XLF:0.25,XLE:0.25,USMV:0.24,0.0,0.0
2022-01-19,2.160662,-0.007162,-0.010384,0.8787,0.1366,1.1909,GOLDILOCKS,NORMAL_TRENDING,XLF:0.40,XLE:0.40,DJP:0.14,0.0,0.0
2022-01-20,2.147239,-0.006213,-0.011068,0.7068,0.1698,1.1902,GOLDILOCKS,NORMAL_TRENDING,XLF:0.40,XLE:0.40,DJP:0.13,0.0,0.0
2022-01-21,2.111235,-0.016767,-0.019631,0.7406,0.162,1.1879,GOLDILOCKS,NORMAL_TRENDING,XLF:0.40,XLE:0.40,DJP:0.14,0.0,0.0
2022-01-24,2.111709,0.000224,0.004247,0.675,0.1778,1.0685,CAUTIOUS_BULL,EARLY_DD_UNCERTAINTY,XLE:0.40,DJP:0.27,XLU:0.23,0.0,0.0
2022-01-25,2.142524,0.014593,-0.012209,0.9786,0.1226,1.0672,CAUTIOUS_BULL,EARLY_DD_UNCERTAINTY,XLE:0.40,DJP:0.27,XLU:0.22,0.0,0.0
2022-01-26,2.137466,-0.002361,-0.002509,0.9773,0.1228,1.0668,CAUTIOUS_BULL,EARLY_DD_UNCERTAINTY,XLE:0.40,DJP:0.38,GLD:0.22,0.0,0.0
2022-01-27,2.144849,0.003454,-0.004938,0.8011,0.1498,1.0671,CAUTIOUS_BULL,EARLY_DD_UNCERTAINTY,XLE:0.40,DJP:0.39,GLD:0.21,0.0,0.0
2022-01-28,2.14683,0.000924,0.024835,0.8081,0.1485,1.0674,CAUTIOUS_BULL,EARLY_DD_UNCERTAINTY,XLE:0.60,DJP:0.40,SPY:0.00,0.0,0.0
2022-01-31,2.16612,0.008986,0.018011,0.6298,0.1905,1.069,CAUTIOUS_BULL,EARLY_DD_UNCERTAINTY,XLE:0.40,DJP:0.38,XLU:0.22,0.0,0.0
2022-02-01,2.206777,0.018769,0.006757,0.935,0.1283,1.0706,CAUTIOUS_BULL,EARLY_DD_UNCERTAINTY,XLE:0.33,XLF:0.29,DJP:0.27,0.0,0.0
2022-02-02,2.219763,0.005884,0.009714,0.7558,0.1588,1.1905,GOLDILOCKS,NORMAL_TRENDING,XLF:0.40,XLE:0.40,DJP:0.13,0.0,0.0
2022-02-03,2.197108,-0.010206,-0.023505,0.7397,0.1622,1.1902,GOLDILOCKS,NORMAL_TRENDING,XLE:0.35,USMV:0.29,XLF:0.25,0.0,0.0
2022-02-04,2.204337,0.00329,0.004702,0.8324,0.1442,1.1903,GOLDILOCKS,NORMAL_TRENDING,XLE:0.40,XLU:0.40,DJP:0.13,0.0,0.0
2022-02-07,2.219398,0.006833,-0.003209,1.109,0.1082,1.1908,GOLDILOCKS,NORMAL_TRENDING,XLF:0.40,XLE:0.40,DJP:0.13,0.0,0.0
2022-02-08,2.211516,-0.003551,0.008228,0.7378,0.1627,1.1914,GOLDILOCKS,NORMAL_TRENDING,XLF:0.40,XLE:0.40,DJP:0.13,0.0,0.0
2022-02-09,2.22777,0.00735,0.014636,0.7369,0.1628,1.1919,GOLDILOCKS,NORMAL_TRENDING,XLF:0.40,XLE:0.40,DJP:0.13,0.0,0.0
2022-02-10,2.21042,-0.007788,-0.017966,0.8002,0.15,1.1907,GOLDILOCKS,NORMAL_TRENDING,XLE:0.38,XLF:0.29,EEM:0.11,0.0,0.0
2022-02-11,2.230776,0.009209,-0.019719,0.802,0.1496,1.1887,GOLDILOCKS,NORMAL_TRENDING,XLF:0.40,XLE:0.40,DJP:0.14,0.0,0.0
2022-02-14,2.202173,-0.012822,-0.003269,0.7827,0.1533,1.1873,GOLDILOCKS,NORMAL_TRENDING,XLF:0.40,XLE:0.40,DJP:0.13,0.0,0.0
2022-02-15,2.200234,-0.00088,0.016127,0.7437,0.1614,1.1877,GOLDILOCKS,NORMAL_TRENDING,XLF:0.40,XLE:0.40,DJP:0.13,0.0,0.0
2022-02-16,2.212078,0.005383,0.001121,0.7555,0.1588,1.189,GOLDILOCKS,NORMAL_TRENDING,XLF:0.40,XLE:0.40,DJP:0.13,0.0,0.0
2022-02-17,2.190203,-0.009889,-0.021361,0.7701,0.1558,1.1881,GOLDILOCKS,NORMAL_TRENDING,XLE:0.35,XLF:0.32,EEM:0.22,0.0,0.0
2022-02-18,2.186171,-0.001841,-0.006475,0.7907,0.1518,1.1877,GOLDILOCKS,NORMAL_TRENDING,XLE:0.40,DJP:0.33,GLD:0.27,0.0,0.0
2022-02-22,2.184995,-0.000538,-0.010732,0.8192,0.1465,1.1873,GOLDILOCKS,NORMAL_TRENDING,XLE:0.40,DJP:0.33,GLD:0.27,0.0,0.0
2022-02-23,2.203161,0.008314,-0.017739,0.8154,0.1472,1.1865,GOLDILOCKS,NORMAL_TRENDING,XLE:0.40,DJP:0.33,GLD:0.27,0.0,0.0
2022-02-24,2.200673,-0.001129,0.015049,0.8804,0.1363,1.1857,GOLDILOCKS,NORMAL_TRENDING,XLE:0.40,DJP:0.33,GLD:0.27,0.0,0.0
2022-02-25,2.203888,0.001461,0.022064,0.8877,0.1352,1.1862,GOLDILOCKS,NORMAL_TRENDING,XLE:0.40,DJP:0.33,GLD:0.27,0.0,0.0
2022-02-28,2.239849,0.016317,-0.002559,0.887,0.1353,1.1861,GOLDILOCKS,NORMAL_TRENDING,XLE:0.40,XLU:0.34,DJP:0.17,0.0,0.0
2022-03-01,2.263226,0.010437,-0.01523,0.8178,0.1467,1.1847,GOLDILOCKS,NORMAL_TRENDING,XLE:0.40,XLU:0.34,DJP:0.16,0.0,0.0
2022-03-02,2.298579,0.015621,0.018396,0.8139,0.1474,1.185,GOLDILOCKS,NORMAL_TRENDING,XLE:0.40,DJP:0.34,GLD:0.26,0.0,0.0
2022-03-03,2.321789,0.010098,-0.004979,0.7328,0.1638,1.1851,GOLDILOCKS,NORMAL_TRENDING,XLE:0.40,XLU:0.36,DJP:0.16,0.0,0.0
2022-03-04,2.37907,0.024671,-0.008125,0.777,0.1544,1.1846,GOLDILOCKS,NORMAL_TRENDING,XLE:0.40,XLU:0.37,DJP:0.15,0.0,0.0
2022-03-07,2.433761,0.022988,-0.029479,0.7104,0.1689,0.5915,CRISIS_MODE,FAST_SHOCK,DJP:0.37,GLD:0.23,GDX:0.15,0.0,0.0
2022-03-08,2.461004,0.011194,-0.007582,0.7247,0.1656,0.5913,CRISIS_MODE,FAST_SHOCK,DJP:0.38,GLD:0.23,XLU:0.17,0.0,0.0
2022-03-09,2.373069,-0.035731,0.026811,0.6758,0.1776,1.3018,RECOVERY_GROWTH,RECOVERY_ACCEL,XLE:0.40,XLU:0.23,DJP:0.23,0.0,0.0
2022-03-10,2.394403,0.00899,-0.004516,0.5385,0.2228,1.3029,RECOVERY_GROWTH,RECOVERY_ACCEL,XLU:0.40,XLE:0.28,DJP:0.19,0.0,0.0
2022-03-11,2.391287,-0.001301,-0.012715,0.5985,0.2005,1.3038,RECOVERY_GROWTH,RECOVERY_ACCEL,XLE:0.40,XLU:0.24,DJP:0.23,0.0,0.0
2022-03-14,2.341177,-0.020955,-0.007308,0.5546,0.2164,1.3037,RECOVERY_GROWTH,RECOVERY_ACCEL,XLE:0.40,XLU:0.23,DJP:0.23,0.0,0.0
2022-03-15,2.29328,-0.020458,0.021991,0.5199,0.2308,1.3038,RECOVERY_GROWTH,RECOVERY_ACCEL,XLE:0.40,DJP:0.23,XLU:0.22,0.0,0.0
2022-03-16,2.290182,-0.001351,0.022174,0.492,0.2439,1.3051,RECOVERY_GROWTH,RECOVERY_ACCEL,XLE:0.40,DJP:0.23,XLU:0.22,0.0,0.0
2022-03-17,2.349687,0.025983,0.012511,0.5018,0.2391,1.3064,RECOVERY_GROWTH,RECOVERY_ACCEL,XLE:0.40,DJP:0.24,XLV:0.22,0.0,0.0
2022-03-18,2.349892,8.7e-05,0.010953,0.5259,0.2282,1.3075,RECOVERY_GROWTH,RECOVERY_ACCEL,XLE:0.40,DJP:0.24,XLV:0.21,0.0,0.0
2022-03-21,2.408105,0.024773,-0.000292,0.5252,0.2285,1.3082,RECOVERY_GROWTH,RECOVERY_ACCEL,XLE:0.40,DJP:0.24,XLV:0.21,0.0,0.0
2022-03-22,2.396958,-0.004629,0.011701,0.5003,0.2398,1.3087,RECOVERY_GROWTH,RECOVERY_ACCEL,XLE:0.40,DJP:0.24,XLV:0.21,0.0,0.0
2022-03-23,2.405869,0.003718,-0.012878,0.4963,0.2418,1.3084,RECOVERY_GROWTH,RECOVERY_ACCEL,XLE:0.36,USMV:0.27,XLF:0.19,0.0,0.0
2022-03-24,2.419911,0.005837,0.015074,0.7471,0.1606,1.31,RECOVERY_GROWTH,RECOVERY_ACCEL,XLE:0.40,DJP:0.25,XLV:0.21,0.0,0.0
2022-03-25,2.449921,0.012401,0.004884,0.498,0.241,1.3109,RECOVERY_GROWTH,RECOVERY_ACCEL,XLE:0.40,XLF:0.28,DJP:0.21,0.0,0.0
2022-03-28,2.420969,-0.011818,0.007113,0.6025,0.1992,1.1923,GOLDILOCKS,NORMAL_TRENDING,XLE:0.40,USMV:0.29,XLF:0.20,0.0,0.0
2022-03-29,2.430102,0.003772,0.012371,0.7429,0.1615,1.193,GOLDILOCKS,NORMAL_TRENDING,XLE:0.37,USMV:0.29,XLU:0.23,0.0,0.0
2022-03-30,2.431094,0.000408,-0.006175,0.6885,0.1743,1.193,GOLDILOCKS,NORMAL_TRENDING,XLE:0.40,XLK:0.20,IWF:0.16,0.0,0.0
2022-03-31,2.397425,-0.013849,-0.015391,0.7116,0.1686,1.1924,GOLDILOCKS,NORMAL_TRENDING,XLE:0.40,USMV:0.30,XLF:0.19,0.0,0.0
2022-04-01,2.410877,0.005611,0.002834,0.7424,0.1616,1.192,GOLDILOCKS,NORMAL_TRENDING,XLE:0.40,USMV:0.30,SPY:0.18,0.1759,0.0
2022-04-04,2.420028,0.003796,0.008566,0.7422,0.1617,1.1934,GOLDILOCKS,NORMAL_TRENDING,XLE:0.40,USMV:0.30,SPY:0.17,0.173,0.0
2022-04-05,2.392513,-0.01137,-0.012631,0.741,0.1619,1.1929,GOLDILOCKS,NORMAL_TRENDING,XLE:0.40,USMV:0.30,XLK:0.19,0.0,0.0
2022-04-06,2.413192,0.008643,-0.009999,0.731,0.1641,1.1923,GOLDILOCKS,NORMAL_TRENDING,XLU:0.30,XLE:0.30,USMV:0.29,0.0,0.0
2022-04-07,2.440054,0.011131,0.005039,0.9158,0.131,1.1916,GOLDILOCKS,NORMAL_TRENDING,XLE:0.40,USMV:0.31,XLV:0.16,0.0,0.0
2022-04-08,2.474037,0.013927,-0.002674,0.7626,0.1573,1.1915,GOLDILOCKS,NORMAL_TRENDING,XLE:0.40,USMV:0.31,XLV:0.15,0.0,0.0
2022-04-11,2.427444,-0.018833,-0.017092,0.7496,0.1601,1.1909,GOLDILOCKS,NORMAL_TRENDING,XLE:0.40,USMV:0.31,XLV:0.15,0.0,0.0
2022-04-12,2.441393,0.005747,-0.003705,0.7188,0.1669,1.1902,GOLDILOCKS,NORMAL_TRENDING,XLE:0.40,USMV:0.31,XLV:0.16,0.0,0.0
2022-04-13,2.468994,0.011305,0.011454,0.7458,0.1609,1.1903,GOLDILOCKS,NORMAL_TRENDING,XLE:0.40,USMV:0.31,XLV:0.16,0.0,0.0
2022-04-14,2.466918,-0.000841,-0.012452,0.7348,0.1633,1.1903,GOLDILOCKS,NORMAL_TRENDING,XLE:0.40,USMV:0.31,XLV:0.15,0.0,0.0
2022-04-18,2.474639,0.00313,0.000411,0.8128,0.1476,1.1907,GOLDILOCKS,NORMAL_TRENDING,XLE:0.33,USMV:0.29,XLU:0.27,0.0,0.0
2022-04-19,2.470196,-0.001795,0.016142,0.9261,0.1296,1.1917,GOLDILOCKS,NORMAL_TRENDING,XLE:0.40,USMV:0.31,XLV:0.15,0.0,0.0
2022-04-20,2.482235,0.004873,-0.000741,0.8817,0.1361,1.1914,GOLDILOCKS,NORMAL_TRENDING,XLE:0.40,USMV:0.31,XLV:0.15,0.0,0.0
2022-04-21,2.439268,-0.017309,-0.014953,0.8846,0.1357,1.1908,GOLDILOCKS,NORMAL_TRENDING,XLE:0.40,USMV:0.31,XLV:0.15,0.0,0.0
2022-04-22,2.377468,-0.025336,-0.027439,0.7891,0.1521,1.1886,GOLDILOCKS,NORMAL_TRENDING,XLE:0.40,USMV:0.31,XLV:0.15,0.0,0.0
2022-04-25,2.341404,-0.015169,0.005798,0.6772,0.1772,1.0694,CAUTIOUS_BULL,EARLY_DD_UNCERTAINTY,XLU:0.36,DJP:0.28,XLE:0.26,0.0,0.0
2022-04-26,2.333185,-0.00351,-0.028961,0.6933,0.1731,0.5931,CRISIS_MODE,FAST_SHOCK,DJP:0.31,GLD:0.24,GDX:0.20,0.0,0.0
2022-04-27,2.347393,0.006089,0.002812,0.6662,0.1801,1.3041,RECOVERY_GROWTH,RECOVERY_ACCEL,XLE:0.40,DJP:0.24,XLU:0.21,0.0,0.0
2022-04-28,2.386762,0.016771,0.02526,0.6538,0.1835,1.3044,RECOVERY_GROWTH,RECOVERY_ACCEL,XLE:0.40,DJP:0.24,XLU:0.21,0.0,0.0
2022-04-29,2.341352,-0.019026,-0.036956,0.6382,0.188,1.3034,RECOVERY_GROWTH,RECOVERY_ACCEL,XLE:0.40,DJP:0.24,XLU:0.21,0.0,0.0
2022-05-02,2.345681,0.001849,0.006019,0.6095,0.1969,1.3038,RECOVERY_GROWTH,RECOVERY_ACCEL,XLE:0.40,DJP:0.24,XLU:0.21,0.0,0.0
2022-05-03,2.375183,0.012577,0.004584,0.6125,0.1959,1.3045,RECOVERY_GROWTH,RECOVERY_ACCEL,XLE:0.40,DJP:0.26,XLU:0.21,0.0,0.0
2022-05-04,2.451629,0.032185,0.030453,0.5202,0.2307,1.3058,RECOVERY_GROWTH,RECOVERY_ACCEL,XLE:0.40,DJP:0.26,XLU:0.21,0.0,0.0
2022-05-05,2.428501,-0.009434,-0.035543,0.4699,0.2554,1.186,GOLDILOCKS,NORMAL_TRENDING,XLE:0.40,XLU:0.32,DJP:0.18,0.0,0.0
2022-05-06,2.454074,0.01053,-0.005969,0.5221,0.2299,1.1856,GOLDILOCKS,NORMAL_TRENDING,XLE:0.40,XLU:0.32,DJP:0.19,0.0,0.0
2022-05-09,2.333524,-0.049123,-0.032017,0.4743,0.253,1.1844,GOLDILOCKS,NORMAL_TRENDING,XLE:0.40,XLU:0.35,DJP:0.25,0.0,0.0
2022-05-10,2.332752,-0.000331,0.002311,0.408,0.2941,1.066,CAUTIOUS_BULL,EARLY_DD_UNCERTAINTY,XLE:0.40,DJP:0.40,XLU:0.20,0.0,0.0
2022-05-11,2.380971,0.020671,-0.015886,0.3871,0.31,1.0663,CAUTIOUS_BULL,EARLY_DD_UNCERTAINTY,XLE:0.40,DJP:0.40,XLU:0.20,0.0,0.0
2022-05-12,2.372944,-0.003372,-0.001044,0.3825,0.3137,1.0665,CAUTIOUS_BULL,EARLY_DD_UNCERTAINTY,XLE:0.40,DJP:0.40,XLU:0.20,0.0,0.0
2022-05-13,2.426744,0.022672,0.023908,0.3892,0.3084,1.0665,CAUTIOUS_BULL,EARLY_DD_UNCERTAINTY,XLE:0.40,DJP:0.39,XLU:0.21,0.0,0.0
2022-05-16,2.472423,0.018823,-0.004058,0.3759,0.3192,1.0677,CAUTIOUS_BULL,EARLY_DD_UNCERTAINTY,XLE:0.40,DJP:0.39,XLU:0.21,0.0,0.0
2022-05-17,2.493612,0.00857,0.02057,0.3719,0.3227,1.1873,GOLDILOCKS,NORMAL_TRENDING,XLE:0.40,XLU:0.35,DJP:0.25,0.0,0.0
2022-05-18,2.448788,-0.017975,-0.040312,0.3954,0.3035,1.1858,GOLDILOCKS,NORMAL_TRENDING,XLE:0.40,XLU:0.35,DJP:0.25,0.0,0.0
2022-05-19,2.450746,0.000799,-0.006125,0.3871,0.31,1.186,GOLDILOCKS,NORMAL_TRENDING,XLE:0.40,XLU:0.35,DJP:0.25,0.0,0.0
2022-05-20,2.455812,0.002067,0.000436,0.396,0.303,1.1861,GOLDILOCKS,NORMAL_TRENDING,XLE:0.40,XLU:0.35,DJP:0.25,0.0,0.0
2022-05-23,2.503222,0.019305,0.01871,0.4108,0.2921,1.1865,GOLDILOCKS,NORMAL_TRENDING,XLE:0.40,XLU:0.35,DJP:0.25,0.0,0.0
2022-05-24,2.524446,0.008478,-0.007634,0.4139,0.29,1.1861,GOLDILOCKS,NORMAL_TRENDING,XLU:0.40,XLE:0.37,DJP:0.23,0.0,0.0
2022-05-25,2.54659,0.008772,0.008835,0.4292,0.2796,1.1861,GOLDILOCKS,NORMAL_TRENDING,XLE:0.40,XLU:0.35,DJP:0.25,0.0,0.0
2022-05-26,2.563908,0.0068,0.019981,0.4136,0.2902,1.1868,GOLDILOCKS,NORMAL_TRENDING,XLE:0.40,XLU:0.35,DJP:0.25,0.0,0.0
2022-05-27,2.602601,0.015091,0.024549,0.4194,0.2861,1.1879,GOLDILOCKS,NORMAL_TRENDING,XLE:0.40,XLU:0.35,DJP:0.25,0.0,0.0
2022-05-31,2.561657,-0.015732,-0.005611,0.4422,0.2714,1.188,GOLDILOCKS,NORMAL_TRENDING,XLE:0.40,XLV:0.33,DJP:0.27,0.0,0.0
2022-06-01,2.584716,0.009001,-0.008089,0.3967,0.3025,1.1882,GOLDILOCKS,NORMAL_TRENDING,XLE:0.40,XLU:0.35,DJP:0.25,0.0,0.0
2022-06-02,2.595136,0.004032,0.019044,0.4289,0.2798,1.189,GOLDILOCKS,NORMAL_TRENDING,XLE:0.40,XLU:0.35,DJP:0.25,0.0,0.0
2022-06-03,2.606425,0.00435,-0.016412,0.4631,0.2591,1.1894,GOLDILOCKS,NORMAL_TRENDING,XLE:0.40,XLU:0.35,DJP:0.25,0.0,0.0
2022-06-06,2.61653,0.003877,0.003045,0.4698,0.2554,1.1888,GOLDILOCKS,NORMAL_TRENDING,XLE:0.40,XLU:0.35,DJP:0.25,0.0,0.0
2022-06-07,2.656649,0.015333,0.009592,0.4728,0.2538,1.1899,GOLDILOCKS,NORMAL_TRENDING,XLE:0.40,XLU:0.35,DJP:0.25,0.0,0.0
2022-06-08,2.637334,-0.007271,-0.010872,0.7177,0.1672,1.1905,GOLDILOCKS,NORMAL_TRENDING,XLE:0.40,XLU:0.35,DJP:0.25,0.0,0.0
2022-06-09,2.592047,-0.017172,-0.023783,0.699,0.1717,1.1894,GOLDILOCKS,NORMAL_TRENDING,XLU:0.40,XLE:0.37,DJP:0.23,0.0,0.0
2022-06-10,2.563115,-0.011162,-0.028996,0.6604,0.1817,1.1881,GOLDILOCKS,NORMAL_TRENDING,XLE:0.40,XLU:0.35,DJP:0.25,0.0,0.0
2022-06-13,2.464121,-0.038623,-0.037968,0.6319,0.1899,0.593,CRISIS_MODE,FAST_SHOCK,DJP:0.40,XLU:0.34,XLE:0.26,0.0,0.0
2022-06-14,2.416306,-0.019404,-0.003013,0.5484,0.2188,0.5929,CRISIS_MODE,FAST_SHOCK,DJP:0.60,XLE:0.40,SPY:0.00,0.0,0.0
2022-06-15,2.414908,-0.000579,0.014256,0.527,0.2277,0.5931,CRISIS_MODE,FAST_SHOCK,DJP:0.60,XLE:0.40,SPY:0.00,0.0,0.0
2022-06-16,2.357533,-0.023759,-0.033096,0.5291,0.2268,0.5928,CRISIS_MODE,FAST_SHOCK,DJP:0.60,XLE:0.40,SPY:0.00,0.0,0.0
2022-06-17,2.264973,-0.039261,0.002156,0.5201,0.2307,0.5928,CRISIS_MODE,FAST_SHOCK,DJP:0.60,XLE:0.40,SPY:0.00,0.0,0.0
2022-06-21,2.25121,-0.006077,0.025173,0.4496,0.2669,0.5931,CRISIS_MODE,FAST_SHOCK,DJP:1.00,SPY:0.00,XLK:0.00,0.0,0.0
2022-06-22,2.183016,-0.030292,-0.001813,0.5154,0.2328,1.3053,RECOVERY_GROWTH,RECOVERY_ACCEL,XLE:0.60,DJP:0.40,SPY:0.00,0.0,0.0
2022-06-23,2.184309,0.000592,0.009803,0.3657,0.3281,0.5933,CRISIS_MODE,FAST_SHOCK,SPY:0.05,XLK:0.05,XLV:0.05,0.05,0.05
2022-06-24,2.224083,0.018209,0.031794,0.5709,0.2102,0.5936,CRISIS_MODE,FAST_SHOCK,SPY:0.05,XLK:0.05,XLV:0.05,0.05,0.05
2022-06-27,2.222813,-0.000571,-0.00382,0.5426,0.2211,0.5937,CRISIS_MODE,FAST_SHOCK,SPY:0.05,XLK:0.05,XLV:0.05,0.05,0.05
2022-06-28,2.202807,-0.009,-0.020433,0.5556,0.216,0.5936,CRISIS_MODE,FAST_SHOCK,SPY:0.05,XLK:0.05,XLV:0.05,0.05,0.05
2022-06-29,2.19771,-0.002314,-0.000814,0.5784,0.2075,0.5936,CRISIS_MODE,FAST_SHOCK,SPY:0.05,XLK:0.05,XLV:0.05,0.05,0.05
2022-06-30,2.179104,-0.008466,-0.008124,0.5833,0.2057,0.5934,CRISIS_MODE,FAST_SHOCK,SPY:0.05,XLK:0.05,XLV:0.05,0.05,0.05
2022-07-01,2.195807,0.007665,0.010577,0.5811,0.2065,0.5935,CRISIS_MODE,FAST_SHOCK,SPY:0.05,XLK:0.05,XLV:0.05,0.05,0.05
2022-07-05,2.120933,-0.034099,0.001888,0.5987,0.2004,0.5933,CRISIS_MODE,FAST_SHOCK,XLU:1.00,SPY:0.00,XLK:0.00,0.0,0.0
2022-07-06,2.116727,-0.001983,0.003377,0.3814,0.3146,0.5935,CRISIS_MODE,FAST_SHOCK,SPY:0.05,XLK:0.05,XLV:0.05,0.05,0.05
2022-07-07,2.143161,0.012488,0.014977,0.5984,0.2005,0.5938,CRISIS_MODE,FAST_SHOCK,SPY:0.05,XLK:0.05,XLV:0.05,0.05,0.05
2022-07-08,2.14276,-0.000187,-0.000823,0.5882,0.204,1.3066,RECOVERY_GROWTH,RECOVERY_ACCEL,SPY:0.05,XLK:0.05,XLV:0.05,0.05,0.05
2022-07-11,2.128059,-0.006861,-0.011424,0.5893,0.2036,1.0691,CAUTIOUS_BULL,EARLY_DD_UNCERTAINTY,SPY:0.05,XLK:0.05,XLV:0.05,0.05,0.05
2022-07-12,2.109836,-0.008563,-0.008849,0.6085,0.1972,1.0687,CAUTIOUS_BULL,EARLY_DD_UNCERTAINTY,SPY:0.05,XLK:0.05,XLV:0.05,0.05,0.05
2022-07-13,2.111429,0.000755,-0.005252,0.6164,0.1947,1.0686,CAUTIOUS_BULL,EARLY_DD_UNCERTAINTY,SPY:0.05,XLK:0.05,XLV:0.05,0.05,0.05
2022-07-14,2.091014,-0.009669,-0.002429,0.7987,0.1503,1.0692,CAUTIOUS_BULL,EARLY_DD_UNCERTAINTY,SPY:0.05,XLK:0.05,XLV:0.05,0.05,0.05
2022-07-15,2.117164,0.012506,0.019105,0.7896,0.152,1.0694,CAUTIOUS_BULL,EARLY_DD_UNCERTAINTY,SPY:0.05,XLK:0.05,XLV:0.05,0.05,0.05
2022-07-18,2.112201,-0.002344,-0.008257,0.7909,0.1517,1.0691,CAUTIOUS_BULL,EARLY_DD_UNCERTAINTY,SPY:0.05,XLK:0.05,XLV:0.05,0.05,0.05
2022-07-19,2.145388,0.015712,0.027019,0.8585,0.1398,1.07,CAUTIOUS_BULL,EARLY_DD_UNCERTAINTY,SPY:0.05,XLK:0.05,XLV:0.05,0.05,0.05
2022-07-20,2.144576,-0.000379,0.006373,0.8061,0.1489,1.0696,CAUTIOUS_BULL,EARLY_DD_UNCERTAINTY,SPY:0.05,XLK:0.05,XLV:0.05,0.05,0.05
2022-07-21,2.163273,0.008718,0.010183,0.8552,0.1403,1.0701,CAUTIOUS_BULL,EARLY_DD_UNCERTAINTY,SPY:0.05,XLK:0.05,XLV:0.05,0.05,0.05
2022-07-22,2.156064,-0.003332,-0.009278,0.8387,0.1431,1.0701,CAUTIOUS_BULL,EARLY_DD_UNCERTAINTY,SPY:0.05,XLK:0.05,XLV:0.05,0.05,0.05
2022-07-25,2.148409,-0.00355,0.001215,0.8345,0.1438,0.8323,WHIPSAW,PROLONGED_CHOP,IEF:1.00,SPY:0.00,XLK:0.00,0.0,0.0
2022-07-26,2.149237,0.000385,-0.011831,1.1475,0.1046,0.8318,WHIPSAW,PROLONGED_CHOP,IEF:1.00,SPY:0.00,XLK:0.00,0.0,0.0
2022-07-27,2.158126,0.004136,0.025967,1.1843,0.1013,0.8324,WHIPSAW,PROLONGED_CHOP,XLV:0.50,IEF:0.50,SPY:0.00,0.0,0.0
2022-07-28,2.17567,0.008129,0.012542,1.1473,0.1046,0.8327,WHIPSAW,PROLONGED_CHOP,XLV:0.50,IEF:0.50,SPY:0.00,0.0,0.0
2022-07-29,2.181083,0.002488,0.014579,1.1495,0.1044,0.8332,WHIPSAW,PROLONGED_CHOP,XLV:0.25,USMV:0.25,IEF:0.19,0.0,0.0
2022-08-01,2.167285,-0.006326,-0.002961,1.0299,0.1165,0.8327,WHIPSAW,PROLONGED_CHOP,XLE:0.28,IEF:0.19,HYG:0.14,0.0,0.0
2022-08-02,2.14958,-0.008169,-0.006597,0.812,0.1478,0.8326,WHIPSAW,PROLONGED_CHOP,XLV:0.19,SPY:0.17,IEF:0.16,0.1743,0.0
2022-08-03,2.180192,0.014241,0.01566,0.9239,0.1299,0.8328,WHIPSAW,PROLONGED_CHOP,IWF:0.25,XLK:0.21,XLU:0.21,0.0,0.0
2022-08-04,2.181166,0.000447,-0.000676,0.8264,0.1452,0.8332,WHIPSAW,PROLONGED_CHOP,XLV:0.22,SPY:0.20,IEF:0.18,0.199,0.0
2022-08-05,2.172691,-0.003885,-0.00169,0.9296,0.1291,0.8336,WHIPSAW,PROLONGED_CHOP,XLV:0.22,SPY:0.20,IEF:0.18,0.1992,0.0
2022-08-08,2.176469,0.001739,-0.001161,0.9178,0.1307,0.8335,WHIPSAW,PROLONGED_CHOP,XLV:0.22,SPY:0.20,IEF:0.19,0.1977,0.0
2022-08-09,2.166578,-0.004544,-0.003971,0.9365,0.1281,0.8334,WHIPSAW,PROLONGED_CHOP,XLV:0.22,SPY:0.20,IEF:0.19,0.1979,0.0
2022-08-10,2.195554,0.013374,0.021004,0.9452,0.127,0.8335,WHIPSAW,PROLONGED_CHOP,XLV:0.22,SPY:0.20,IEF:0.19,0.1962,0.0
2022-08-11,2.18686,-0.00396,0.0,0.9,0.1333,0.8341,WHIPSAW,PROLONGED_CHOP,XLV:0.20,IEF:0.17,SPY:0.17,0.1674,0.0
2022-08-12,2.209229,0.010229,0.016929,0.9067,0.1324,0.8342,WHIPSAW,PROLONGED_CHOP,XLE:0.25,IEF:0.17,QUAL:0.13,0.0,0.0
2022-08-15,2.202597,-0.003002,0.004121,0.9784,0.1227,0.8344,WHIPSAW,PROLONGED_CHOP,XLE:0.25,IEF:0.17,QUAL:0.13,0.0,0.0
2022-08-16,2.201319,-0.00058,0.001959,0.9516,0.1261,0.8345,WHIPSAW,PROLONGED_CHOP,XLV:0.19,SPY:0.17,IEF:0.17,0.1744,0.0
2022-08-17,2.185464,-0.007202,-0.007098,1.0597,0.1132,0.8345,WHIPSAW,PROLONGED_CHOP,XLV:0.19,SPY:0.18,IEF:0.16,0.1802,0.0
2022-08-18,2.202053,0.00759,0.002907,1.0125,0.1185,0.8344,WHIPSAW,PROLONGED_CHOP,XLE:0.26,IEF:0.16,HYG:0.13,0.0,0.0
2022-08-19,2.186594,-0.00702,-0.013438,1.0027,0.1197,0.834,WHIPSAW,PROLONGED_CHOP,XLE:0.27,IEF:0.16,HYG:0.13,0.0,0.0
2022-08-22,2.165202,-0.009783,-0.020823,0.9749,0.1231,0.8332,WHIPSAW,PROLONGED_CHOP,HYG:0.33,XLE:0.30,QUAL:0.14,0.0,0.0
2022-08-23,2.189762,0.011343,-0.002419,0.8614,0.1393,0.8328,WHIPSAW,PROLONGED_CHOP,XLE:0.40,QUAL:0.23,XLV:0.19,0.0,0.0
2022-08-24,2.203938,0.006474,0.003201,0.7203,0.1666,0.8329,WHIPSAW,PROLONGED_CHOP,XLE:0.40,QUAL:0.22,SPY:0.20,0.1971,0.0
2022-08-25,2.228792,0.011277,0.014118,0.7343,0.1634,0.8331,WHIPSAW,PROLONGED_CHOP,XLE:0.40,QUAL:0.23,SPY:0.20,0.1968,0.0
2022-08-26,2.182337,-0.020843,-0.033849,0.7326,0.1638,0.8325,WHIPSAW,PROLONGED_CHOP,HYG:0.29,XLE:0.26,QUAL:0.12,0.0,0.0
2022-08-29,2.186392,0.001858,-0.006612,0.8752,0.1371,0.8318,WHIPSAW,PROLONGED_CHOP,XLE:0.40,MTUM:0.21,USMV:0.20,0.0,0.0
2022-08-30,2.139938,-0.021247,-0.010978,0.7329,0.1637,0.8314,WHIPSAW,PROLONGED_CHOP,MTUM:0.27,DJP:0.27,XLE:0.26,0.0,0.0
2022-08-31,2.122638,-0.008084,-0.007609,0.828,0.1449,0.8318,WHIPSAW,PROLONGED_CHOP,XLE:0.60,XLU:0.40,SPY:0.00,0.0,0.0
2022-09-01,2.103533,-0.009,0.003138,0.5796,0.207,0.8319,WHIPSAW,PROLONGED_CHOP,XLE:0.60,XLU:0.40,SPY:0.00,0.0,0.0
2022-09-02,2.117642,0.006707,-0.010544,0.6242,0.1922,0.8318,WHIPSAW,PROLONGED_CHOP,XLE:0.60,XLU:0.40,SPY:0.00,0.0,0.0
2022-09-06,2.10804,-0.004534,-0.003773,0.6289,0.1908,0.8314,WHIPSAW,PROLONGED_CHOP,XLE:0.60,XLU:0.40,SPY:0.00,0.0,0.0
2022-09-07,2.119734,0.005547,0.017965,0.6231,0.1926,0.8318,WHIPSAW,PROLONGED_CHOP,XLE:0.60,XLU:0.40,SPY:0.00,0.0,0.0
2022-09-08,2.126388,0.003139,0.006536,0.6407,0.1873,0.8319,WHIPSAW,PROLONGED_CHOP,XLE:0.40,USMV:0.38,XLU:0.23,0.0,0.0
2022-09-09,2.158032,0.014882,0.015535,0.8052,0.149,0.8323,WHIPSAW,PROLONGED_CHOP,XLE:0.40,USMV:0.40,XLU:0.20,0.0,0.0
2022-09-12,2.183672,0.011881,0.010748,0.7864,0.1526,0.8322,WHIPSAW,PROLONGED_CHOP,XLE:0.40,QUAL:0.23,SPY:0.20,0.1982,0.0
2022-09-13,2.120324,-0.02901,-0.043483,0.6733,0.1782,0.8316,WHIPSAW,PROLONGED_CHOP,HYG:0.33,XLE:0.30,QUAL:0.14,0.0,0.0
2022-09-14,2.163175,0.020209,0.003816,0.681,0.1762,0.8315,WHIPSAW,PROLONGED_CHOP,XLE:0.60,XLU:0.40,SPY:0.00,0.0,0.0
2022-09-15,2.122197,-0.018943,-0.011353,0.5516,0.2176,0.8314,WHIPSAW,PROLONGED_CHOP,MTUM:0.38,XLE:0.32,XLU:0.30,0.0,0.0
2022-09-16,2.091852,-0.014299,-0.007629,0.596,0.2013,0.8313,WHIPSAW,PROLONGED_CHOP,XLE:0.60,XLU:0.40,SPY:0.00,0.0,0.0
2022-09-19,2.103806,0.005715,0.007755,0.5118,0.2345,0.8313,WHIPSAW,PROLONGED_CHOP,XLE:0.60,XLU:0.40,SPY:0.00,0.0,0.0
2022-09-20,2.08279,-0.009989,-0.011479,0.5091,0.2357,0.8312,WHIPSAW,PROLONGED_CHOP,XLE:0.60,XLU:0.40,SPY:0.00,0.0,0.0
2022-09-21,2.054313,-0.013673,-0.017444,0.5061,0.2371,0.8309,WHIPSAW,PROLONGED_CHOP,XLU:1.00,SPY:0.00,XLK:0.00,0.0,0.0
2022-09-22,2.046982,-0.003569,-0.0084,0.5284,0.2271,0.8305,WHIPSAW,PROLONGED_CHOP,XLU:1.00,SPY:0.00,XLK:0.00,0.0,0.0
2022-09-23,2.023298,-0.01157,-0.016755,0.53,0.2264,0.5931,CRISIS_MODE,FAST_SHOCK,XLU:1.00,SPY:0.00,XLK:0.00,0.0,0.0
2022-09-26,1.992503,-0.01522,-0.009893,0.5296,0.2266,0.5926,CRISIS_MODE,FAST_SHOCK,SPY:0.05,XLK:0.05,XLV:0.05,0.05,0.05
2022-09-27,1.985961,-0.003283,-0.002553,0.6821,0.1759,0.5924,CRISIS_MODE,FAST_SHOCK,SPY:0.05,XLK:0.05,XLV:0.05,0.05,0.05
2022-09-28,2.034117,0.024248,0.019676,0.6818,0.176,0.5924,CRISIS_MODE,FAST_SHOCK,SPY:0.05,XLK:0.05,XLV:0.05,0.05,0.05
2022-09-29,2.008847,-0.012423,-0.020889,0.5955,0.2015,0.5924,CRISIS_MODE,FAST_SHOCK,SPY:0.05,XLK:0.05,XLV:0.05,0.05,0.05
2022-09-30,1.992303,-0.008236,-0.015463,0.5894,0.2036,0.5924,CRISIS_MODE,FAST_SHOCK,SPY:0.05,XLK:0.05,XLV:0.05,0.05,0.05
2022-10-03,2.048153,0.028033,0.026401,0.5874,0.2043,1.3033,RECOVERY_GROWTH,RECOVERY_ACCEL,SPY:0.05,XLK:0.05,XLV:0.05,0.05,0.05
2022-10-04,2.076034,0.013613,0.030987,0.5162,0.2325,0.5926,CRISIS_MODE,FAST_SHOCK,SLV:1.00,SPY:0.00,XLK:0.00,0.0,0.0
2022-10-05,2.069389,-0.003201,-0.002328,0.2614,0.4591,0.5929,CRISIS_MODE,FAST_SHOCK,SLV:0.60,XLE:0.40,SPY:0.00,0.0,0.0
2022-10-06,2.087374,0.008691,-0.010316,0.2771,0.4331,0.5927,CRISIS_MODE,FAST_SHOCK,SLV:0.60,XLE:0.40,SPY:0.00,0.0,0.0
2022-10-07,2.045372,-0.020122,-0.027894,0.2769,0.4333,0.5926,CRISIS_MODE,FAST_SHOCK,SLV:0.60,XLE:0.40,SPY:0.00,0.0,0.0
2022-10-10,2.001371,-0.021512,-0.007635,0.2739,0.4381,0.5925,CRISIS_MODE,FAST_SHOCK,SLV:0.60,XLE:0.40,SPY:0.00,0.0,0.0
2022-10-11,1.985383,-0.007988,-0.006333,0.281,0.427,0.5922,CRISIS_MODE,FAST_SHOCK,XLE:1.00,SPY:0.00,XLK:0.00,0.0,0.0
2022-10-12,2.001371,0.008052,-0.003298,0.2603,0.461,0.5921,CRISIS_MODE,FAST_SHOCK,XLE:1.00,SPY:0.00,XLK:0.00,0.0,0.0
2022-10-13,2.083054,0.040814,0.026391,0.2664,0.4504,1.3028,RECOVERY_GROWTH,RECOVERY_ACCEL,XLE:1.00,SPY:0.00,XLK:0.00,0.0,0.0
2022-10-14,2.005368,-0.037294,-0.022789,0.2594,0.4625,0.5923,CRISIS_MODE,FAST_SHOCK,XLE:1.00,SPY:0.00,XLK:0.00,0.0,0.0
2022-10-17,2.030347,0.012456,0.025697,0.2516,0.4769,0.5924,CRISIS_MODE,FAST_SHOCK,XLE:1.00,SPY:0.00,XLK:0.00,0.0,0.0
2022-10-18,2.048082,0.008735,0.01175,0.2509,0.4782,0.5925,CRISIS_MODE,FAST_SHOCK,XLE:1.00,SPY:0.00,XLK:0.00,0.0,0.0
2022-10-19,2.108534,0.029516,-0.007087,0.2514,0.4773,0.5925,CRISIS_MODE,FAST_SHOCK,XLE:1.00,SPY:0.00,XLK:0.00,0.0,0.0
2022-10-20,2.110532,0.000948,-0.008385,0.2496,0.4807,0.5928,CRISIS_MODE,FAST_SHOCK,XLE:1.00,SPY:0.00,XLK:0.00,0.0,0.0
2022-10-21,2.171482,0.028879,0.024302,0.2501,0.4798,0.5929,CRISIS_MODE,FAST_SHOCK,XLE:1.00,SPY:0.00,XLK:0.00,0.0,0.0
2022-10-24,2.18892,0.008031,0.012236,0.3034,0.3955,1.3044,RECOVERY_GROWTH,RECOVERY_ACCEL,XLE:0.60,MTUM:0.40,SPY:0.00,0.0,0.0
2022-10-25,2.202172,0.006054,0.015969,0.388,0.3093,0.5932,CRISIS_MODE,FAST_SHOCK,MTUM:0.40,XLE:0.25,XLV:0.22,0.0,0.0
2022-10-26,2.22132,0.008695,-0.007534,0.454,0.2643,0.5935,CRISIS_MODE,FAST_SHOCK,MTUM:0.40,XLE:0.25,XLV:0.22,0.0,0.0
2022-10-27,2.22359,0.001022,-0.00534,0.474,0.2531,0.5935,CRISIS_MODE,FAST_SHOCK,MTUM:0.40,XLE:0.26,XLV:0.21,0.0,0.0
2022-10-28,2.255373,0.014294,0.023791,0.4815,0.2492,1.3065,RECOVERY_GROWTH,RECOVERY_ACCEL,XLE:0.40,MTUM:0.40,XLF:0.20,0.0,0.0
2022-10-31,2.245595,-0.004336,-0.007223,0.4483,0.2677,1.0695,CAUTIOUS_BULL,EARLY_DD_UNCERTAINTY,HYG:0.35,XLE:0.31,MTUM:0.13,0.0,0.0
2022-11-01,2.252723,0.003175,-0.004376,0.6193,0.1938,0.832,WHIPSAW,PROLONGED_CHOP,XLE:0.37,XLV:0.26,MTUM:0.19,0.0,0.0
2022-11-02,2.208628,-0.019574,-0.025096,0.6113,0.1963,0.8318,WHIPSAW,PROLONGED_CHOP,XLE:0.28,SLV:0.27,XLV:0.18,0.0,0.0
2022-11-03,2.222485,0.006274,-0.010297,0.5703,0.2104,0.832,WHIPSAW,PROLONGED_CHOP,XLE:0.38,MTUM:0.38,XLV:0.24,0.0,0.0
2022-11-04,2.240737,0.008212,0.014393,0.5551,0.2162,0.832,WHIPSAW,PROLONGED_CHOP,XLE:0.38,MTUM:0.38,XLV:0.24,0.0,0.0
2022-11-07,2.260308,0.008734,0.009565,0.5799,0.2069,0.8322,WHIPSAW,PROLONGED_CHOP,XLE:0.27,MTUM:0.27,XLV:0.18,0.0,0.0
2022-11-08,2.270155,0.004357,0.005396,0.6625,0.1811,0.8318,WHIPSAW,PROLONGED_CHOP,MTUM:0.27,XLE:0.27,XLV:0.18,0.0,0.0
2022-11-09,2.218229,-0.022873,-0.020602,0.6781,0.177,0.832,WHIPSAW,PROLONGED_CHOP,XLE:0.23,XLV:0.16,EFA:0.13,0.0,0.0
2022-11-10,2.289367,0.03207,0.054954,0.4916,0.2441,0.8323,WHIPSAW,PROLONGED_CHOP,XLE:0.27,MTUM:0.27,XLV:0.18,0.0,0.0
2022-11-11,2.309631,0.008851,0.009679,0.4521,0.2654,0.8328,WHIPSAW,PROLONGED_CHOP,HYG:0.24,XLE:0.19,GLD:0.11,0.0,0.0
2022-11-14,2.300612,-0.003905,-0.008507,0.6252,0.1919,0.8327,WHIPSAW,PROLONGED_CHOP,HYG:0.24,XLE:0.20,XLV:0.10,0.0,0.0
2022-11-15,2.317109,0.007171,0.008529,0.6584,0.1823,0.8325,WHIPSAW,PROLONGED_CHOP,HYG:0.24,XLE:0.19,XLV:0.11,0.0,0.0
2022-11-16,2.298985,-0.007821,-0.007629,0.658,0.1824,0.8326,WHIPSAW,PROLONGED_CHOP,HYG:0.24,XLE:0.20,XLV:0.10,0.0,0.0
2022-11-17,2.293545,-0.002366,-0.00306,0.6423,0.1868,0.8328,WHIPSAW,PROLONGED_CHOP,HYG:0.24,XLE:0.19,XLV:0.11,0.0,0.0
2022-11-18,2.294258,0.000311,0.004541,0.6455,0.1859,0.8329,WHIPSAW,PROLONGED_CHOP,HYG:0.24,XLE:0.20,GLD:0.11,0.0,0.0
2022-11-21,2.282873,-0.004963,-0.003636,0.6528,0.1838,0.8335,WHIPSAW,PROLONGED_CHOP,HYG:0.24,XLE:0.21,GLD:0.11,0.0,0.0
2022-11-22,2.315343,0.014223,0.013457,0.6415,0.1871,0.8341,WHIPSAW,PROLONGED_CHOP,HYG:0.24,XLE:0.19,GLD:0.11,0.0,0.0
2022-11-23,2.319437,0.001768,0.006301,0.6346,0.1891,0.8344,WHIPSAW,PROLONGED_CHOP,HYG:0.24,XLE:0.20,QUAL:0.10,0.0,0.0
2022-11-25,2.316487,-0.001272,-0.000224,0.6537,0.1836,0.834,WHIPSAW,PROLONGED_CHOP,HYG:0.24,XLE:0.21,QUAL:0.10,0.0,0.0
2022-11-28,2.282008,-0.014884,-0.015957,0.6537,0.1836,0.8341,WHIPSAW,PROLONGED_CHOP,HYG:0.24,XLE:0.21,GLD:0.11,0.0,0.0
2022-11-29,2.29413,0.005312,-0.001718,0.6011,0.1996,0.8338,WHIPSAW,PROLONGED_CHOP,HYG:0.24,XLE:0.19,XLV:0.11,0.0,0.0
2022-11-30,2.335,0.017815,0.0315,0.612,0.1961,0.8339,WHIPSAW,PROLONGED_CHOP,HYG:0.24,XLE:0.19,XLV:0.11,0.0,0.0
2022-12-01,2.339742,0.002031,-0.000736,0.5912,0.203,0.8342,WHIPSAW,PROLONGED_CHOP,HYG:0.24,XLE:0.21,DJP:0.10,0.0,0.0
2022-12-02,2.33294,-0.002907,-0.001153,0.6435,0.1865,0.8352,WHIPSAW,PROLONGED_CHOP,XLE:0.20,IEF:0.13,HYG:0.11,0.0,0.0
2022-12-05,2.289359,-0.018681,-0.017989,0.6909,0.1737,0.8347,WHIPSAW,PROLONGED_CHOP,XLE:0.20,IEF:0.13,HYG:0.11,0.0,0.0
2022-12-06,2.267283,-0.009643,-0.014415,0.6297,0.1906,0.834,WHIPSAW,PROLONGED_CHOP,HYG:0.24,XLE:0.20,GLD:0.10,0.0,0.0
2022-12-07,2.278953,0.005147,-0.001701,0.5912,0.203,0.8335,WHIPSAW,PROLONGED_CHOP,XLE:0.20,IEF:0.12,HYG:0.12,0.0,0.0
2022-12-08,2.283699,0.002083,0.007834,0.6256,0.1918,0.8332,WHIPSAW,PROLONGED_CHOP,XLE:0.20,IEF:0.13,HYG:0.11,0.0,0.0
2022-12-09,2.266473,-0.007543,-0.00747,0.6786,0.1768,0.8334,WHIPSAW,PROLONGED_CHOP,XLE:0.20,IEF:0.13,HYG:0.11,0.0,0.0
2022-12-12,2.286637,0.008897,0.014417,0.878,0.1367,0.8328,WHIPSAW,PROLONGED_CHOP,XLE:0.20,HYG:0.13,TLT:0.11,0.0,0.1058
2022-12-13,2.313885,0.011916,0.00757,0.8407,0.1427,0.8329,WHIPSAW,PROLONGED_CHOP,XLE:0.21,HYG:0.13,TLT:0.11,0.0,0.1065
2022-12-14,2.309888,-0.001728,-0.006393,0.8015,0.1497,0.8336,WHIPSAW,PROLONGED_CHOP,XLE:0.21,IEF:0.13,HYG:0.11,0.0,0.0
2022-12-15,2.278679,-0.013511,-0.024462,0.8336,0.144,0.8332,WHIPSAW,PROLONGED_CHOP,XLE:0.22,IEF:0.13,HYG:0.11,0.0,0.0
2022-12-16,2.265817,-0.005644,-0.011806,0.7968,0.1506,0.8336,WHIPSAW,PROLONGED_CHOP,XLE:0.21,IEF:0.13,HYG:0.11,0.0,0.0
2022-12-19,2.256141,-0.00427,-0.00848,0.7991,0.1502,0.8336,WHIPSAW,PROLONGED_CHOP,XLE:0.19,IEF:0.13,HYG:0.11,0.0,0.0
2022-12-20,2.275754,0.008693,0.001368,0.8321,0.1442,0.8336,WHIPSAW,PROLONGED_CHOP,XLE:0.19,IEF:0.13,HYG:0.11,0.0,0.0
2022-12-21,2.296894,0.009289,0.014953,0.8169,0.1469,0.8339,WHIPSAW,PROLONGED_CHOP,HYG:0.24,XLE:0.19,XLV:0.11,0.0,0.0
2022-12-22,2.269548,-0.011906,-0.014266,0.8128,0.1476,0.8338,WHIPSAW,PROLONGED_CHOP,HYG:0.24,XLE:0.21,GLD:0.10,0.0,0.0
2022-12-23,2.291819,0.009813,0.005752,0.7536,0.1592,0.8338,WHIPSAW,PROLONGED_CHOP,HYG:0.24,XLE:0.21,GLD:0.10,0.0,0.0
2022-12-27,2.294027,0.000963,-0.003943,0.758,0.1583,0.8338,WHIPSAW,PROLONGED_CHOP,HYG:0.24,XLE:0.20,GLD:0.10,0.0,0.0
2022-12-28,2.262488,-0.013748,-0.012428,0.7786,0.1541,0.8338,WHIPSAW,PROLONGED_CHOP,HYG:0.24,XLE:0.20,GLD:0.11,0.0,0.0
2022-12-29,2.286872,0.010778,0.018,0.7719,0.1555,0.8336,WHIPSAW,PROLONGED_CHOP,XLE:0.27,GLD:0.14,MTUM:0.13,0.0,0.0
2022-12-30,2.287763,0.00039,-0.002634,0.7056,0.1701,0.8336,WHIPSAW,PROLONGED_CHOP,HYG:0.24,XLE:0.21,GLD:0.10,0.0,0.0
2023-01-03,2.272168,-0.006817,-0.00421,0.783,0.1533,0.8331,WHIPSAW,PROLONGED_CHOP,HYG:0.24,XLE:0.21,GLD:0.10,0.0,0.0
2023-01-04,2.281359,0.004045,0.00772,0.802,0.1496,0.8333,WHIPSAW,PROLONGED_CHOP,HYG:0.24,XLE:0.20,XLV:0.10,0.0,0.0
2023-01-05,2.273711,-0.003352,-0.011413,0.8883,0.1351,0.8333,WHIPSAW,PROLONGED_CHOP,XLE:0.19,IEF:0.13,HYG:0.11,0.0,0.0
2023-01-06,2.313722,0.017597,0.022932,0.9431,0.1272,0.8336,WHIPSAW,PROLONGED_CHOP,XLE:0.18,IEF:0.13,XLV:0.12,0.0,0.0
2023-01-09,2.306669,-0.003048,-0.000567,0.8906,0.1347,0.8335,WHIPSAW,PROLONGED_CHOP,XLE:0.20,IEF:0.13,HYG:0.11,0.0,0.0
2023-01-10,2.313208,0.002835,0.007013,0.8402,0.1428,0.834,WHIPSAW,PROLONGED_CHOP,XLE:0.19,IEF:0.13,HYG:0.11,0.0,0.0
2023-01-11,2.323881,0.004614,0.012648,0.859,0.1397,0.8338,WHIPSAW,PROLONGED_CHOP,XLE:0.19,IEF:0.13,HYG:0.11,0.0,0.0
2023-01-12,2.347412,0.010125,0.003641,0.8747,0.1372,0.8344,WHIPSAW,PROLONGED_CHOP,XLE:0.19,IEF:0.13,HYG:0.11,0.0,0.0
2023-01-13,2.356225,0.003755,0.003879,0.8747,0.1372,0.8349,WHIPSAW,PROLONGED_CHOP,XLE:0.20,IEF:0.13,HYG:0.11,0.0,0.0
2023-01-17,2.349096,-0.003026,-0.001832,0.8734,0.1374,0.8347,WHIPSAW,PROLONGED_CHOP,XLE:0.19,IEF:0.13,TLT:0.11,0.0,0.1131
2023-01-18,2.329972,-0.008141,-0.015788,0.9806,0.1224,0.8345,WHIPSAW,PROLONGED_CHOP,XLE:0.19,IEF:0.13,HYG:0.11,0.0,0.0
2023-01-19,2.33869,0.003742,-0.00728,0.941,0.1275,0.8344,WHIPSAW,PROLONGED_CHOP,XLE:0.19,IEF:0.13,HYG:0.11,0.0,0.0
2023-01-20,2.35051,0.005054,0.018629,0.9603,0.125,0.8346,WHIPSAW,PROLONGED_CHOP,XLE:0.19,IEF:0.13,XLV:0.11,0.0,0.0
2023-01-23,2.351158,0.000276,0.011999,0.9819,0.1222,0.8345,WHIPSAW,PROLONGED_CHOP,XLE:0.19,IEF:0.13,HYG:0.11,0.0,0.0
2023-01-24,2.353094,0.000823,-0.001073,0.9954,0.1206,0.8345,WHIPSAW,PROLONGED_CHOP,XLE:0.20,IEF:0.13,HYG:0.11,0.0,0.0
2023-01-25,2.358942,0.002485,0.000375,1.0717,0.112,0.8346,WHIPSAW,PROLONGED_CHOP,XLE:0.19,IEF:0.13,HYG:0.11,0.0,0.0
2023-01-26,2.374968,0.006793,0.01099,1.1027,0.1088,0.835,WHIPSAW,PROLONGED_CHOP,XLE:0.18,IEF:0.12,XLV:0.12,0.0,0.0
2023-01-27,2.357898,-0.007187,0.002298,1.0922,0.1099,0.8345,WHIPSAW,PROLONGED_CHOP,XLE:0.18,IEF:0.13,XLV:0.12,0.0,0.0
2023-01-30,2.33647,-0.009088,-0.012547,1.175,0.1021,0.8348,WHIPSAW,PROLONGED_CHOP,XLE:0.18,IEF:0.13,XLV:0.12,0.0,0.0
2023-01-31,2.356947,0.008764,0.014703,1.1612,0.1033,0.8344,WHIPSAW,PROLONGED_CHOP,XLE:0.18,IEF:0.12,XLV:0.12,0.0,0.0
2023-02-01,2.362061,0.00217,0.010628,1.1179,0.1073,0.835,WHIPSAW,PROLONGED_CHOP,XLE:0.19,IEF:0.12,HYG:0.12,0.0,0.0
2023-02-02,2.342922,-0.008102,0.014557,1.1505,0.1043,0.8349,WHIPSAW,PROLONGED_CHOP,XLE:0.18,IEF:0.13,XLV:0.12,0.0,0.0
2023-02-03,2.313938,-0.012371,-0.010629,1.1008,0.109,0.8347,WHIPSAW,PROLONGED_CHOP,XLE:0.18,IEF:0.12,XLV:0.12,0.0,0.0
2023-02-06,2.301216,-0.005498,-0.006112,1.0343,0.116,0.8345,WHIPSAW,PROLONGED_CHOP,XLE:0.18,IEF:0.12,XLV:0.12,0.0,0.0
2023-02-07,2.322093,0.009072,0.013079,1.217,0.0986,0.835,WHIPSAW,PROLONGED_CHOP,XLE:0.18,IEF:0.12,XLV:0.12,0.0,0.0
2023-02-08,2.311975,-0.004357,-0.010935,1.163,0.1032,0.835,WHIPSAW,PROLONGED_CHOP,XLE:0.18,IEF:0.12,XLV:0.12,0.0,0.0
2023-02-09,2.295299,-0.007213,-0.008669,1.1494,0.1044,0.8344,WHIPSAW,PROLONGED_CHOP,XLE:0.19,IEF:0.12,HYG:0.12,0.0,0.0
2023-02-10,2.313342,0.007861,0.002334,1.1283,0.1064,0.8347,WHIPSAW,PROLONGED_CHOP,XLE:0.20,IEF:0.12,HYG:0.12,0.0995,0.0
2023-02-13,2.320323,0.003018,0.011739,1.1024,0.1089,0.8347,WHIPSAW,PROLONGED_CHOP,XLE:0.19,IEF:0.12,HYG:0.12,0.0,0.0
2023-02-14,2.315141,-0.002233,-0.00046,1.1443,0.1049,0.8347,WHIPSAW,PROLONGED_CHOP,XLE:0.19,HYG:0.12,IEF:0.12,0.0,0.0
2023-02-15,2.299739,-0.006653,0.003247,1.151,0.1043,0.8348,WHIPSAW,PROLONGED_CHOP,XLE:0.19,IEF:0.12,HYG:0.12,0.0,0.0
2023-02-16,2.283888,-0.006892,-0.013769,1.1617,0.1033,0.8346,WHIPSAW,PROLONGED_CHOP,XLE:0.20,GLD:0.12,IEF:0.12,0.0,0.0
2023-02-17,2.268616,-0.006687,-0.002498,1.1128,0.1078,0.8348,WHIPSAW,PROLONGED_CHOP,HYG:0.24,XLE:0.21,GLD:0.13,0.093,0.0
2023-02-21,2.235918,-0.014413,-0.020061,1.0617,0.113,0.8338,WHIPSAW,PROLONGED_CHOP,SPY:0.15,XLU:0.15,GLD:0.12,0.1536,0.0
2023-02-22,2.225264,-0.004765,-0.001378,1.0999,0.1091,0.8339,WHIPSAW,PROLONGED_CHOP,SPY:0.24,GLD:0.16,XLK:0.15,0.2426,0.0
2023-02-23,2.240752,0.00696,0.005319,0.8855,0.1355,0.8339,WHIPSAW,PROLONGED_CHOP,HYG:0.24,SPY:0.18,GLD:0.18,0.1849,0.0
2023-02-24,2.216263,-0.010929,-0.010682,0.9798,0.1225,0.8337,WHIPSAW,PROLONGED_CHOP,SPY:0.19,GLD:0.18,HYG:0.13,0.1867,0.1072
2023-02-27,2.22627,0.004515,0.003406,0.9482,0.1266,0.8336,WHIPSAW,PROLONGED_CHOP,HYG:0.24,GLD:0.18,SPY:0.16,0.1567,0.0
2023-02-28,2.224087,-0.00098,-0.003696,1.0108,0.1187,0.8338,WHIPSAW,PROLONGED_CHOP,HYG:0.24,SPY:0.19,GLD:0.18,0.1852,0.0
2023-03-01,2.22167,-0.001087,-0.003836,1.0182,0.1179,0.8338,WHIPSAW,PROLONGED_CHOP,HYG:0.24,SPY:0.18,GLD:0.18,0.185,0.0
2023-03-02,2.228322,0.002994,0.007777,1.0891,0.1102,0.8339,WHIPSAW,PROLONGED_CHOP,HYG:0.24,SPY:0.18,XLF:0.12,0.1808,0.0
2023-03-03,2.260114,0.014267,0.016038,1.1172,0.1074,0.8344,WHIPSAW,PROLONGED_CHOP,HYG:0.24,SPY:0.18,GLD:0.12,0.1849,0.0
2023-03-06,2.254846,-0.002331,0.000693,0.9965,0.1204,0.8345,WHIPSAW,PROLONGED_CHOP,XLE:0.19,HYG:0.14,QUAL:0.12,0.111,0.1004
2023-03-07,2.222054,-0.014543,-0.015329,0.9856,0.1218,0.8346,WHIPSAW,PROLONGED_CHOP,HYG:0.24,SPY:0.18,GLD:0.18,0.1828,0.0
2023-03-08,2.223372,0.000593,0.001632,1.0215,0.1175,0.8347,WHIPSAW,PROLONGED_CHOP,GLD:0.18,SPY:0.18,HYG:0.14,0.1791,0.0995
2023-03-09,2.207368,-0.007198,-0.01845,1.0489,0.1144,0.8339,WHIPSAW,PROLONGED_CHOP,SPY:0.18,GLD:0.18,QUAL:0.12,0.1807,0.1183
2023-03-10,2.213446,0.002754,-0.014429,0.9777,0.1227,0.8328,WHIPSAW,PROLONGED_CHOP,XLK:0.30,TLT:0.24,GLD:0.18,0.0,0.24
2023-03-13,2.232077,0.008417,-0.001425,0.8869,0.1353,0.8322,WHIPSAW,PROLONGED_CHOP,XLK:0.37,GLD:0.22,IEF:0.17,0.0,0.1232
2023-03-14,2.250085,0.008068,0.01653,0.9731,0.1233,0.8326,WHIPSAW,PROLONGED_CHOP,XLK:0.30,IWF:0.18,IEF:0.14,0.0,0.1034
2023-03-15,2.253766,0.001636,-0.006254,0.8731,0.1374,0.8325,WHIPSAW,PROLONGED_CHOP,XLK:0.30,IEF:0.14,QUAL:0.12,0.0,0.1045
2023-03-16,2.278044,0.010772,0.017545,0.8897,0.1349,0.8326,WHIPSAW,PROLONGED_CHOP,XLK:0.33,IEF:0.15,QUAL:0.13,0.0,0.115
2023-03-17,2.283755,0.002507,-0.011693,0.8336,0.144,0.8321,WHIPSAW,PROLONGED_CHOP,SPY:0.19,HYG:0.12,QUAL:0.12,0.1945,0.0
2023-03-20,2.289253,0.002408,0.009616,0.9406,0.1276,0.8323,WHIPSAW,PROLONGED_CHOP,XLK:0.30,IEF:0.15,QUAL:0.12,0.0,0.0944
2023-03-21,2.294075,0.002106,0.01313,0.9005,0.1333,0.8334,WHIPSAW,PROLONGED_CHOP,SPY:0.19,IEF:0.15,QUAL:0.12,0.1948,0.0927
2023-03-22,2.289156,-0.002144,-0.017046,1.1151,0.1076,0.8334,WHIPSAW,PROLONGED_CHOP,SPY:0.19,HYG:0.12,IEF:0.12,0.1926,0.0
2023-03-23,2.308745,0.008557,0.002703,1.0625,0.1129,0.8335,WHIPSAW,PROLONGED_CHOP,XLK:0.30,IEF:0.12,HYG:0.12,0.0,0.0
2023-03-24,2.309573,0.000358,0.006562,0.9957,0.1205,0.8335,WHIPSAW,PROLONGED_CHOP,XLK:0.30,IEF:0.15,QUAL:0.12,0.0,0.087
2023-03-27,2.298208,-0.00492,0.00187,1.197,0.1003,0.8337,WHIPSAW,PROLONGED_CHOP,SPY:0.19,IEF:0.16,GLD:0.12,0.1938,0.0825
2023-03-28,2.298729,0.000227,-0.002245,1.2433,0.0965,0.8341,WHIPSAW,PROLONGED_CHOP,SPY:0.19,IEF:0.16,GLD:0.12,0.1928,0.0793
2023-03-29,2.315925,0.00748,0.014535,1.2452,0.0964,0.8348,WHIPSAW,PROLONGED_CHOP,SPY:0.19,IEF:0.16,GLD:0.12,0.1894,0.0793
2023-03-30,2.334437,0.007993,0.005855,1.2436,0.0965,0.8349,WHIPSAW,PROLONGED_CHOP,SPY:0.15,XLK:0.15,GLD:0.12,0.15,0.0
2023-03-31,2.356022,0.009246,0.014095,1.1206,0.1071,0.8354,WHIPSAW,PROLONGED_CHOP,SPY:0.19,GLD:0.12,HYG:0.12,0.1899,0.0
2023-04-03,2.363488,0.003169,0.003811,1.2595,0.0953,0.8355,WHIPSAW,PROLONGED_CHOP,SPY:0.19,HYG:0.12,GLD:0.12,0.1916,0.0
2023-04-04,2.363904,0.000176,-0.005548,1.261,0.0952,0.8353,WHIPSAW,PROLONGED_CHOP,XLE:0.16,SPY:0.14,HYG:0.12,0.1387,0.0
2023-04-05,2.356738,-0.003031,-0.002618,1.3848,0.0867,0.8351,WHIPSAW,PROLONGED_CHOP,SPY:0.15,XLK:0.15,GLD:0.12,0.15,0.0
2023-04-06,2.351137,-0.002377,0.003901,1.5519,0.0773,0.8354,WHIPSAW,PROLONGED_CHOP,XLE:0.18,IEF:0.12,GLD:0.12,0.0,0.0
2023-04-10,2.346424,-0.002005,0.001026,1.4925,0.0804,0.8351,WHIPSAW,PROLONGED_CHOP,SPY:0.16,XLV:0.14,GLD:0.13,0.1551,0.0
2023-04-11,2.355667,0.003939,0.000269,2.1023,0.0571,0.8353,WHIPSAW,PROLONGED_CHOP,XLE:0.19,GLD:0.13,IEF:0.13,0.1133,0.0
2023-04-12,2.36041,0.002013,-0.004076,1.3466,0.0891,0.8354,WHIPSAW,PROLONGED_CHOP,XLE:0.18,IEF:0.13,GLD:0.13,0.0,0.0
2023-04-13,2.382132,0.009203,0.013283,1.5218,0.0789,0.8354,WHIPSAW,PROLONGED_CHOP,XLE:0.18,IEF:0.13,GLD:0.13,0.0,0.0
2023-04-14,2.368436,-0.00575,-0.002443,1.7241,0.0696,0.8355,WHIPSAW,PROLONGED_CHOP,XLE:0.15,XLK:0.15,IEF:0.14,0.0,0.0
2023-04-17,2.366243,-0.000926,0.003588,1.7349,0.0692,0.8355,WHIPSAW,PROLONGED_CHOP,XLK:0.16,SPY:0.14,IEF:0.13,0.1446,0.0
2023-04-18,2.372162,0.002501,0.000652,1.5489,0.0775,0.8359,WHIPSAW,PROLONGED_CHOP,XLK:0.17,IEF:0.14,SPY:0.13,0.1325,0.0
2023-04-19,2.3676,-0.001923,-0.000169,1.5504,0.0774,0.8357,WHIPSAW,PROLONGED_CHOP,XLK:0.16,IEF:0.14,XLV:0.14,0.0,0.0
2023-04-20,2.364136,-0.001463,-0.005457,1.6233,0.0739,0.8357,WHIPSAW,PROLONGED_CHOP,XLE:0.15,XLK:0.15,IEF:0.14,0.0,0.0
2023-04-21,2.357937,-0.002622,0.000777,1.6176,0.0742,0.836,WHIPSAW,PROLONGED_CHOP,XLK:0.15,XLE:0.15,IEF:0.14,0.0,0.0
2023-04-24,2.360818,0.001222,0.001043,1.5887,0.0755,0.8357,WHIPSAW,PROLONGED_CHOP,XLK:0.17,IEF:0.14,SPY:0.13,0.1338,0.0
2023-04-25,2.340149,-0.008755,-0.015874,1.5604,0.0769,0.8354,WHIPSAW,PROLONGED_CHOP,XLK:0.16,XLE:0.14,IEF:0.14,0.0,0.0
2023-04-26,2.337701,-0.001046,-0.004236,1.4293,0.084,0.8352,WHIPSAW,PROLONGED_CHOP,XLK:0.16,SPY:0.14,IEF:0.13,0.1422,0.0
2023-04-27,2.364091,0.011289,0.019908,1.4461,0.083,0.8355,WHIPSAW,PROLONGED_CHOP,SPY:0.16,XLK:0.14,IEF:0.13,0.1617,0.0
2023-04-28,2.378464,0.00608,0.008535,1.404,0.0855,0.8359,WHIPSAW,PROLONGED_CHOP,XLK:0.16,SPY:0.14,IEF:0.13,0.1416,0.0
2023-05-01,2.367607,-0.004564,-0.00101,1.4206,0.0845,0.8364,WHIPSAW,PROLONGED_CHOP,XLE:0.17,XLK:0.13,IEF:0.13,0.0,0.0
2023-05-02,2.365173,-0.001028,-0.011239,1.4453,0.083,0.8356,WHIPSAW,PROLONGED_CHOP,XLK:0.16,SPY:0.14,IEF:0.13,0.1424,0.0
2023-05-03,2.362609,-0.001084,-0.006864,1.5169,0.0791,0.8354,WHIPSAW,PROLONGED_CHOP,XLK:0.15,SPY:0.15,IEF:0.13,0.149,0.0
2023-05-04,2.358532,-0.001725,-0.007083,1.5319,0.0783,0.8348,WHIPSAW,PROLONGED_CHOP,SPY:0.15,XLV:0.15,IEF:0.13,0.1524,0.0
2023-05-05,2.370558,0.005099,0.018513,1.6862,0.0712,0.8351,WHIPSAW,PROLONGED_CHOP,XLV:0.16,IEF:0.14,SPY:0.14,0.1358,0.0
2023-05-08,2.366637,-0.001654,0.000267,1.6832,0.0713,0.8353,WHIPSAW,PROLONGED_CHOP,XLV:0.15,XLK:0.15,IEF:0.13,0.0,0.0
2023-05-09,2.36019,-0.002724,-0.004385,1.5811,0.0759,0.8353,WHIPSAW,PROLONGED_CHOP,XLK:0.15,XLV:0.15,IEF:0.13,0.0,0.0
2023-05-10,2.369538,0.003961,0.004672,1.5592,0.077,0.8355,WHIPSAW,PROLONGED_CHOP,XLK:0.15,XLV:0.15,IEF:0.13,0.0,0.0
2023-05-11,2.354646,-0.006284,-0.001744,1.53,0.0784,0.8355,WHIPSAW,PROLONGED_CHOP,XLV:0.15,SPY:0.15,IEF:0.13,0.1477,0.0
2023-05-12,2.348726,-0.002514,-0.00131,1.7605,0.0682,0.8358,WHIPSAW,PROLONGED_CHOP,XLK:0.15,SPY:0.15,HYG:0.12,0.1466,0.0
2023-05-15,2.356883,0.003473,0.00345,1.5975,0.0751,0.8358,WHIPSAW,PROLONGED_CHOP,XLK:0.16,SPY:0.14,HYG:0.12,0.1448,0.0
2023-05-16,2.342513,-0.006097,-0.006683,1.5689,0.0765,0.8356,WHIPSAW,PROLONGED_CHOP,XLK:0.15,SPY:0.15,IEF:0.12,0.146,0.0
2023-05-17,2.355472,0.005532,0.012139,1.5301,0.0784,0.836,WHIPSAW,PROLONGED_CHOP,IEF:0.24,SPY:0.16,XLK:0.14,0.1641,0.0
2023-05-18,2.361461,0.002542,0.009633,1.622,0.074,0.8364,WHIPSAW,PROLONGED_CHOP,SPY:0.17,XLK:0.13,IEF:0.12,0.1689,0.0
2023-05-19,2.3651,0.001541,-0.001455,1.5523,0.0773,0.8363,WHIPSAW,PROLONGED_CHOP,SPY:0.17,XLK:0.13,IEF:0.12,0.167,0.0
2023-05-22,2.366893,0.000758,0.000406,1.479,0.0811,0.8361,WHIPSAW,PROLONGED_CHOP,HYG:0.24,SPY:0.17,XLK:0.13,0.1661,0.0
2023-05-23,2.344511,-0.009457,-0.011223,1.3409,0.0895,0.8354,WHIPSAW,PROLONGED_CHOP,HYG:0.24,SPY:0.15,XLK:0.15,0.154,0.0
2023-05-24,2.32431,-0.008616,-0.007245,1.3597,0.0883,0.8348,WHIPSAW,PROLONGED_CHOP,HYG:0.24,SPY:0.17,XLK:0.13,0.1731,0.0
2023-05-25,2.349278,0.010742,0.00866,1.276,0.094,0.835,WHIPSAW,PROLONGED_CHOP,GLD:0.24,SPY:0.21,XLK:0.18,0.214,0.0
2023-05-26,2.380946,0.01348,0.012951,1.3057,0.0919,0.835,WHIPSAW,PROLONGED_CHOP,GLD:0.24,SPY:0.21,XLK:0.18,0.2146,0.0
2023-05-30,2.384786,0.001613,0.000381,1.1852,0.1012,0.8349,WHIPSAW,PROLONGED_CHOP,GLD:0.24,SPY:0.21,XLK:0.18,0.2132,0.0
2023-05-31,2.373071,-0.004912,-0.005545,1.1869,0.1011,0.8357,WHIPSAW,PROLONGED_CHOP,HYG:0.24,GLD:0.18,SPY:0.16,0.1572,0.0
2023-06-01,2.396857,0.010023,0.009501,1.3197,0.0909,0.8359,WHIPSAW,PROLONGED_CHOP,IEF:0.24,SPY:0.17,XLK:0.13,0.168,0.0
2023-06-02,2.407017,0.004239,0.014461,1.3809,0.0869,0.8366,WHIPSAW,PROLONGED_CHOP,SPY:0.17,IEF:0.14,XLK:0.13,0.1715,0.0
2023-06-05,2.402216,-0.001995,-0.001916,1.2745,0.0942,0.8366,WHIPSAW,PROLONGED_CHOP,HYG:0.24,SPY:0.17,XLK:0.13,0.1732,0.0
2023-06-06,2.408081,0.002442,0.002177,1.2162,0.0987,0.8371,WHIPSAW,PROLONGED_CHOP,HYG:0.24,SPY:0.15,XLK:0.15,0.1517,0.0
2023-06-07,2.387195,-0.008673,-0.003458,1.199,0.1001,0.8371,WHIPSAW,PROLONGED_CHOP,HYG:0.24,SPY:0.17,XLK:0.13,0.1659,0.0
2023-06-08,2.417404,0.012654,0.006048,1.1475,0.1046,0.8371,WHIPSAW,PROLONGED_CHOP,HYG:0.24,SLV:0.18,SPY:0.17,0.1692,0.0
2023-06-09,2.420936,0.001461,0.001794,0.9929,0.1209,0.8371,WHIPSAW,PROLONGED_CHOP,HYG:0.24,SPY:0.17,XLK:0.13,0.1666,0.0
2023-06-12,2.435895,0.006179,0.009072,1.1346,0.1058,0.837,WHIPSAW,PROLONGED_CHOP,HYG:0.24,SPY:0.17,XLK:0.13,0.1661,0.0
2023-06-13,2.441969,0.002493,0.006593,1.1344,0.1058,0.8368,WHIPSAW,PROLONGED_CHOP,HYG:0.24,XLK:0.15,SPY:0.15,0.1462,0.0
2023-06-14,2.451725,0.003995,0.001191,1.1206,0.1071,0.8367,WHIPSAW,PROLONGED_CHOP,HYG:0.24,XLK:0.16,SPY:0.14,0.1419,0.0
2023-06-15,2.47205,0.00829,0.012398,1.1639,0.1031,0.8371,WHIPSAW,PROLONGED_CHOP,HYG:0.24,SPY:0.16,XLK:0.14,0.1572,0.0
2023-06-16,2.466338,-0.002311,-0.003406,1.1678,0.1028,0.8374,WHIPSAW,PROLONGED_CHOP,HYG:0.24,XLV:0.16,XLK:0.14,0.0,0.0
2023-06-20,2.444558,-0.008831,-0.005188,1.2531,0.0958,0.8373,WHIPSAW,PROLONGED_CHOP,HYG:0.24,XLK:0.17,SPY:0.13,0.1299,0.0
2023-06-21,2.439886,-0.001911,-0.005124,1.0582,0.1134,0.837,WHIPSAW,PROLONGED_CHOP,HYG:0.24,DJP:0.18,XLK:0.16,0.1427,0.0
2023-06-22,2.433947,-0.002434,0.00361,1.0622,0.113,0.8373,WHIPSAW,PROLONGED_CHOP,DJP:0.18,XLK:0.16,SPY:0.14,0.1412,0.1061
2023-06-23,2.414557,-0.007966,-0.00756,1.1574,0.1037,0.8371,WHIPSAW,PROLONGED_CHOP,HYG:0.29,XLK:0.20,SPY:0.17,0.1709,0.0
2023-06-26,2.405956,-0.003562,-0.004086,1.048,0.1145,0.8374,WHIPSAW,PROLONGED_CHOP,HYG:0.29,XLK:0.19,SPY:0.17,0.1719,0.0
2023-06-27,2.42993,0.009965,0.010963,1.0966,0.1094,0.8375,WHIPSAW,PROLONGED_CHOP,XLK:0.20,HYG:0.17,SPY:0.16,0.1623,0.1273
2023-06-28,2.43589,0.002452,0.000504,1.1784,0.1018,0.8375,WHIPSAW,PROLONGED_CHOP,HYG:0.29,XLK:0.21,SPY:0.16,0.1563,0.0
2023-06-29,2.432383,-0.00144,0.003941,1.1288,0.1063,0.8367,WHIPSAW,PROLONGED_CHOP,XLK:0.21,HYG:0.17,SPY:0.16,0.1554,0.124
2023-06-30,2.458079,0.010564,0.011801,1.1968,0.1003,0.8369,WHIPSAW,PROLONGED_CHOP,HYG:0.29,XLK:0.22,SPY:0.15,0.148,0.0
2023-07-03,2.455836,-0.000913,0.00115,1.159,0.1035,0.8369,WHIPSAW,PROLONGED_CHOP,HYG:0.29,XLK:0.22,SPY:0.15,0.1484,0.0
2023-07-05,2.44686,-0.003655,-0.001487,1.2043,0.0996,0.8369,WHIPSAW,PROLONGED_CHOP,HYG:0.29,XLK:0.22,SPY:0.14,0.1442,0.0
2023-07-06,2.428841,-0.007364,-0.007831,1.1966,0.1003,0.8367,WHIPSAW,PROLONGED_CHOP,HYG:0.29,XLK:0.22,SPY:0.15,0.1479,0.0
2023-07-07,2.427855,-0.000406,-0.002525,1.1496,0.1044,0.8367,WHIPSAW,PROLONGED_CHOP,HYG:0.29,XLK:0.21,SPY:0.16,0.1554,0.0
2023-07-10,2.436107,0.003399,0.002531,1.2435,0.0965,0.8366,WHIPSAW,PROLONGED_CHOP,HYG:0.29,XLK:0.20,SPY:0.17,0.1686,0.0
2023-07-11,2.448704,0.005171,0.006369,1.281,0.0937,0.8367,WHIPSAW,PROLONGED_CHOP,HYG:0.29,XLK:0.21,SPY:0.15,0.1539,0.0
2023-07-12,2.470046,0.008715,0.008046,1.2559,0.0956,0.837,WHIPSAW,PROLONGED_CHOP,HYG:0.24,DJP:0.18,XLK:0.17,0.1276,0.0
2023-07-13,2.497776,0.011227,0.007937,1.2936,0.0928,0.8375,WHIPSAW,PROLONGED_CHOP,HYG:0.24,XLK:0.17,SPY:0.13,0.1326,0.0
2023-07-14,2.480415,-0.006951,-0.000623,1.1548,0.1039,1.3166,RECOVERY_GROWTH,RECOVERY_ACCEL,XLK:0.22,XLE:0.18,HYG:0.15,0.0,0.0
2023-07-17,2.492571,0.004901,0.003472,1.0548,0.1138,1.316,RECOVERY_GROWTH,RECOVERY_ACCEL,XLK:0.23,SPY:0.17,HYG:0.15,0.1665,0.0
2023-07-18,2.515448,0.009178,0.007431,1.0488,0.1144,1.3155,RECOVERY_GROWTH,RECOVERY_ACCEL,XLK:0.21,XLE:0.19,HYG:0.15,0.0,0.0
2023-07-19,2.516284,0.000332,0.002224,0.9613,0.1248,1.3155,RECOVERY_GROWTH,RECOVERY_ACCEL,XLK:0.23,XLE:0.17,HYG:0.15,0.0,0.0
2023-07-20,2.493409,-0.009091,-0.006635,1.0779,0.1113,1.3158,RECOVERY_GROWTH,RECOVERY_ACCEL,XLK:0.24,XLE:0.16,QUAL:0.10,0.0,0.0611
2023-07-21,2.496214,0.001125,0.0,1.1161,0.1075,1.3159,RECOVERY_GROWTH,RECOVERY_ACCEL,XLK:0.23,XLE:0.17,HYG:0.15,0.0,0.0
2023-07-24,2.503093,0.002756,0.004467,1.1524,0.1041,1.3154,RECOVERY_GROWTH,RECOVERY_ACCEL,XLK:0.22,XLE:0.18,HYG:0.15,0.0,0.0
2023-07-25,2.51834,0.006091,0.00273,1.2287,0.0977,1.3156,RECOVERY_GROWTH,RECOVERY_ACCEL,XLK:0.22,XLE:0.18,HYG:0.15,0.0,0.0
2023-07-26,2.51379,-0.001807,0.000154,1.2143,0.0988,1.3155,RECOVERY_GROWTH,RECOVERY_ACCEL,XLK:0.23,XLE:0.17,HYG:0.15,0.0,0.0
2023-07-27,2.493848,-0.007933,-0.00663,1.0831,0.1108,1.3158,RECOVERY_GROWTH,RECOVERY_ACCEL,XLK:0.24,XLE:0.16,HYG:0.15,0.0,0.0
2023-07-28,2.515372,0.008631,0.00979,1.1584,0.1036,1.3159,RECOVERY_GROWTH,RECOVERY_ACCEL,XLK:0.23,XLE:0.17,HYG:0.15,0.0,0.0
2023-07-31,2.52148,0.002428,0.001904,1.1357,0.1057,1.316,RECOVERY_GROWTH,RECOVERY_ACCEL,XLK:0.23,SPY:0.17,HYG:0.15,0.1709,0.0
2023-08-01,2.51048,-0.004362,-0.002862,1.2232,0.0981,1.3159,RECOVERY_GROWTH,RECOVERY_ACCEL,XLK:0.24,XLE:0.16,HYG:0.15,0.0,0.0
2023-08-02,2.467148,-0.01726,-0.013911,1.1619,0.1033,1.3151,RECOVERY_GROWTH,RECOVERY_ACCEL,XLK:0.22,XLE:0.18,HYG:0.15,0.0,0.0
2023-08-03,2.463678,-0.001407,-0.002866,0.9563,0.1255,1.3141,RECOVERY_GROWTH,RECOVERY_ACCEL,XLK:0.23,SPY:0.17,HYG:0.15,0.1743,0.0
2023-08-04,2.459559,-0.001672,-0.004523,1.0894,0.1102,1.3137,RECOVERY_GROWTH,RECOVERY_ACCEL,XLK:0.21,XLE:0.19,HYG:0.15,0.0,0.0
2023-08-07,2.470782,0.004563,0.008729,1.1119,0.1079,1.3138,RECOVERY_GROWTH,RECOVERY_ACCEL,XLE:0.23,XLK:0.17,HYG:0.15,0.0,0.0
2023-08-08,2.466976,-0.001541,-0.004349,1.1448,0.1048,1.3136,RECOVERY_GROWTH,RECOVERY_ACCEL,XLE:0.22,XLK:0.18,HYG:0.15,0.0,0.0
2023-08-09,2.465785,-0.000483,-0.006685,1.1843,0.1013,1.3137,RECOVERY_GROWTH,RECOVERY_ACCEL,XLE:0.22,XLK:0.18,HYG:0.15,0.0,0.0
2023-08-10,2.46409,-0.000687,0.000359,1.2153,0.0987,1.3142,RECOVERY_GROWTH,RECOVERY_ACCEL,XLE:0.21,XLK:0.19,HYG:0.15,0.0,0.0
2023-08-11,2.462397,-0.000687,-0.000583,1.268,0.0946,1.3151,RECOVERY_GROWTH,RECOVERY_ACCEL,XLE:0.21,XLK:0.19,HYG:0.15,0.0,0.0
2023-08-14,2.470746,0.003391,0.00552,1.3058,0.0919,1.3152,RECOVERY_GROWTH,RECOVERY_ACCEL,XLK:0.22,XLE:0.18,HYG:0.15,0.0,0.0
2023-08-15,2.44241,-0.011469,-0.011649,1.3081,0.0917,1.3145,RECOVERY_GROWTH,RECOVERY_ACCEL,XLK:0.22,XLE:0.18,HYG:0.15,0.0,0.0
2023-08-16,2.425501,-0.006923,-0.007338,1.2689,0.0946,1.315,RECOVERY_GROWTH,RECOVERY_ACCEL,XLK:0.23,XLE:0.22,HYG:0.17,0.0,0.0
2023-08-17,2.421947,-0.001465,-0.00762,1.2114,0.0991,1.3147,RECOVERY_GROWTH,RECOVERY_ACCEL,XLK:0.23,XLE:0.23,HYG:0.17,0.0,0.0
2023-08-18,2.425861,0.001616,0.000482,1.2236,0.0981,1.3144,RECOVERY_GROWTH,RECOVERY_ACCEL,XLK:0.25,SPY:0.21,HYG:0.17,0.2064,0.0
2023-08-21,2.446299,0.008425,0.006506,1.2143,0.0988,1.3141,RECOVERY_GROWTH,RECOVERY_ACCEL,XLK:0.25,SPY:0.21,HYG:0.17,0.2075,0.0
2023-08-22,2.439222,-0.002893,-0.002709,1.1661,0.1029,1.3141,RECOVERY_GROWTH,RECOVERY_ACCEL,XLK:0.23,XLE:0.22,HYG:0.17,0.0,0.0
2023-08-23,2.461059,0.008952,0.011138,1.2801,0.0937,1.3144,RECOVERY_GROWTH,RECOVERY_ACCEL,XLK:0.25,XLE:0.21,HYG:0.17,0.0,0.0
2023-08-24,2.432265,-0.0117,-0.013859,1.1945,0.1005,1.3136,RECOVERY_GROWTH,RECOVERY_ACCEL,XLK:0.26,XLF:0.20,HYG:0.17,0.0,0.0
2023-08-25,2.450112,0.007337,0.00705,1.0105,0.1188,1.314,RECOVERY_GROWTH,RECOVERY_ACCEL,XLK:0.25,SPY:0.20,HYG:0.17,0.2033,0.0
2023-08-28,2.463665,0.005532,0.006341,0.9752,0.1231,1.3146,RECOVERY_GROWTH,RECOVERY_ACCEL,XLK:0.26,SPY:0.19,HYG:0.17,0.1899,0.0
2023-08-29,2.498289,0.014054,0.014455,0.9547,0.1257,1.3149,RECOVERY_GROWTH,RECOVERY_ACCEL,XLK:0.23,SPY:0.17,HYG:0.15,0.1678,0.0
2023-08-30,2.505209,0.00277,0.004119,0.8883,0.1351,1.315,RECOVERY_GROWTH,RECOVERY_ACCEL,XLK:0.24,SPY:0.16,HYG:0.15,0.1637,0.0
2023-08-31,2.505141,-2.7e-05,-0.001463,1.0039,0.1195,1.3149,RECOVERY_GROWTH,RECOVERY_ACCEL,XLK:0.23,SPY:0.17,HYG:0.15,0.1656,0.0
2023-09-01,2.518088,0.005168,0.001865,1.0085,0.119,1.3157,RECOVERY_GROWTH,RECOVERY_ACCEL,XLK:0.23,XLE:0.17,HYG:0.15,0.0,0.0
2023-09-05,2.512305,-0.002297,-0.004322,1.1363,0.1056,1.3157,RECOVERY_GROWTH,RECOVERY_ACCEL,XLK:0.22,XLE:0.18,HYG:0.15,0.0,0.0
2023-09-06,2.500881,-0.004547,-0.006722,1.1517,0.1042,1.3151,RECOVERY_GROWTH,RECOVERY_ACCEL,XLK:0.23,XLF:0.17,HYG:0.15,0.0,0.0
2023-09-07,2.490945,-0.003973,-0.00307,1.1474,0.1046,1.3152,RECOVERY_GROWTH,RECOVERY_ACCEL,XLK:0.22,XLE:0.18,HYG:0.15,0.0,0.0
2023-09-08,2.4933,0.000945,0.001506,1.1898,0.1009,1.3146,RECOVERY_GROWTH,RECOVERY_ACCEL,XLK:0.20,XLE:0.20,HYG:0.15,0.0,0.0
2023-09-11,2.499325,0.002416,0.006577,1.2126,0.099,1.3149,RECOVERY_GROWTH,RECOVERY_ACCEL,XLK:0.20,XLE:0.20,HYG:0.15,0.0,0.0
2023-09-12,2.497151,-0.00087,-0.005486,1.2116,0.099,1.315,RECOVERY_GROWTH,RECOVERY_ACCEL,XLK:0.20,XLE:0.20,HYG:0.15,0.0,0.0
2023-09-13,2.497857,0.000283,0.001166,1.2102,0.0992,1.3158,RECOVERY_GROWTH,RECOVERY_ACCEL,XLK:0.21,XLE:0.19,HYG:0.15,0.0,0.0
2023-09-14,2.518132,0.008117,0.008622,1.352,0.0888,1.3165,RECOVERY_GROWTH,RECOVERY_ACCEL,XLK:0.23,XLE:0.17,HYG:0.15,0.0,0.0
2023-09-15,2.48932,-0.011442,-0.012048,1.3778,0.0871,1.3161,RECOVERY_GROWTH,RECOVERY_ACCEL,XLK:0.24,XLE:0.16,HYG:0.15,0.0,0.0
2023-09-18,2.497699,0.003366,0.000587,1.2035,0.0997,1.3161,RECOVERY_GROWTH,RECOVERY_ACCEL,XLK:0.23,XLE:0.17,HYG:0.15,0.0,0.0
2023-09-19,2.492779,-0.00197,-0.002074,1.2177,0.0985,1.315,RECOVERY_GROWTH,RECOVERY_ACCEL,XLK:0.21,XLE:0.19,HYG:0.15,0.0,0.0
2023-09-20,2.467195,-0.010263,-0.009193,1.2393,0.0968,1.3153,RECOVERY_GROWTH,RECOVERY_ACCEL,XLK:0.22,XLE:0.18,HYG:0.15,0.0,0.0
2023-09-21,2.433615,-0.013611,-0.016528,1.1356,0.1057,1.3142,RECOVERY_GROWTH,RECOVERY_ACCEL,XLE:0.22,SPY:0.18,HYG:0.15,0.178,0.0
2023-09-22,2.433027,-0.000242,-0.002248,1.1781,0.1019,1.3132,RECOVERY_GROWTH,RECOVERY_ACCEL,XLE:0.21,USMV:0.20,XLF:0.19,0.0,0.0
2023-09-25,2.438055,0.002066,0.004205,1.413,0.0849,1.3135,RECOVERY_GROWTH,RECOVERY_ACCEL,XLE:0.20,USMV:0.20,XLF:0.20,0.0,0.0
2023-09-26,2.416036,-0.009031,-0.014691,1.4657,0.0819,1.313,RECOVERY_GROWTH,RECOVERY_ACCEL,XLE:0.23,USMV:0.20,XLF:0.17,0.0,0.0
2023-09-27,2.456633,0.016803,0.000399,1.3734,0.0874,1.313,RECOVERY_GROWTH,RECOVERY_ACCEL,XLE:0.60,DJP:0.40,SPY:0.00,0.0,0.0
2023-09-28,2.460651,0.001636,0.005797,0.9174,0.1308,1.3136,RECOVERY_GROWTH,RECOVERY_ACCEL,XLE:0.60,DJP:0.40,SPY:0.00,0.0,0.0
2023-09-29,2.417591,-0.017499,-0.002427,0.9211,0.1303,1.3139,RECOVERY_GROWTH,RECOVERY_ACCEL,XLE:0.60,DJP:0.40,SPY:0.00,0.0,0.0
2023-10-02,2.379378,-0.015806,-0.000398,0.8185,0.1466,1.3136,RECOVERY_GROWTH,RECOVERY_ACCEL,XLE:0.60,DJP:0.40,SPY:0.00,0.0,0.0
2023-10-03,2.376019,-0.001412,-0.013386,0.8194,0.1465,1.3129,RECOVERY_GROWTH,RECOVERY_ACCEL,XLE:0.60,DJP:0.40,SPY:0.00,0.0,0.0
2023-10-04,2.312094,-0.026904,0.007282,0.8243,0.1456,1.3129,RECOVERY_GROWTH,RECOVERY_ACCEL,XLE:0.60,DJP:0.40,SPY:0.00,0.0,0.0
2023-10-05,2.297804,-0.006181,-0.000377,0.6989,0.1717,1.0741,CAUTIOUS_BULL,EARLY_DD_UNCERTAINTY,XLE:1.00,SPY:0.00,XLK:0.00,0.0,0.0
2023-10-06,2.311555,0.005984,0.011873,0.5126,0.2341,0.835,WHIPSAW,PROLONGED_CHOP,XLE:1.00,SPY:0.00,XLK:0.00,0.0,0.0
2023-10-09,2.362319,0.021961,0.006402,0.5176,0.2319,0.8352,WHIPSAW,PROLONGED_CHOP,XLE:0.60,IWF:0.40,SPY:0.00,0.0,0.0
2023-10-10,2.364203,0.000797,0.005205,0.6805,0.1763,0.8354,WHIPSAW,PROLONGED_CHOP,XLK:0.33,DJP:0.27,QUAL:0.17,0.0,0.0
2023-10-11,2.368991,0.002025,0.004096,0.9379,0.1279,0.8356,WHIPSAW,PROLONGED_CHOP,XLK:0.33,DJP:0.27,QUAL:0.16,0.0,0.0
2023-10-12,2.368997,2e-06,-0.006096,0.9354,0.1283,0.836,WHIPSAW,PROLONGED_CHOP,XLK:0.33,DJP:0.27,QUAL:0.16,0.0,0.0
2023-10-13,2.382053,0.005512,-0.004981,0.9639,0.1245,0.8352,WHIPSAW,PROLONGED_CHOP,DJP:0.27,XLK:0.23,XLE:0.22,0.0,0.0
2023-10-16,2.39293,0.004566,0.010521,0.9769,0.1228,0.8357,WHIPSAW,PROLONGED_CHOP,XLE:0.40,GLD:0.19,QUAL:0.19,0.0,0.0
2023-10-17,2.391852,-0.000451,-4.6e-05,0.8213,0.1461,0.8353,WHIPSAW,PROLONGED_CHOP,XLK:0.32,DJP:0.27,QUAL:0.15,0.0,0.0
2023-10-18,2.397094,0.002192,-0.013325,1.0126,0.1185,0.8351,WHIPSAW,PROLONGED_CHOP,XLE:0.40,DJP:0.29,QUAL:0.18,0.0,0.0
2023-10-19,2.40972,0.005267,-0.008786,0.8063,0.1488,0.8347,WHIPSAW,PROLONGED_CHOP,XLE:0.40,GLD:0.36,DJP:0.24,0.0,0.0
2023-10-20,2.392306,-0.007227,-0.012288,0.6905,0.1738,0.8345,WHIPSAW,PROLONGED_CHOP,XLE:0.40,GLD:0.36,DJP:0.24,0.0,0.0
2023-10-23,2.362491,-0.012463,-0.001733,0.6811,0.1762,0.8345,WHIPSAW,PROLONGED_CHOP,XLE:0.40,SLV:0.31,GLD:0.29,0.0,0.0
2023-10-24,2.348063,-0.006107,0.007539,0.5822,0.2061,0.8349,WHIPSAW,PROLONGED_CHOP,XLE:0.40,GLD:0.37,DJP:0.23,0.0,0.0
2023-10-25,2.352012,0.001682,-0.014352,0.6664,0.1801,0.8346,WHIPSAW,PROLONGED_CHOP,XLE:0.40,GLD:0.37,DJP:0.23,0.0,0.0
2023-10-26,2.344401,-0.003236,-0.011975,0.672,0.1786,0.8345,WHIPSAW,PROLONGED_CHOP,XLE:0.40,GLD:0.37,DJP:0.23,0.0,0.0
2023-10-27,2.338008,-0.002727,-0.004533,0.6708,0.1789,0.8339,WHIPSAW,PROLONGED_CHOP,XLE:0.40,GLD:0.37,DJP:0.23,0.0,0.0
2023-10-30,2.318054,-0.008535,0.011956,0.7034,0.1706,0.8343,WHIPSAW,PROLONGED_CHOP,GLD:0.60,DJP:0.40,SPY:0.00,0.0,0.0
2023-10-31,2.292177,-0.011163,0.00628,0.821,0.1462,0.8351,WHIPSAW,PROLONGED_CHOP,GLD:0.50,SLV:0.50,SPY:0.00,0.0,0.0
2023-11-01,2.283586,-0.003748,0.010665,0.6724,0.1785,0.8353,WHIPSAW,PROLONGED_CHOP,GLD:0.60,DJP:0.40,SPY:0.00,0.0,0.0
2023-11-02,2.2978,0.006225,0.019164,0.8439,0.1422,0.8358,WHIPSAW,PROLONGED_CHOP,GLD:0.60,DJP:0.40,SPY:0.00,0.0,0.0
2023-11-03,2.310822,0.005667,0.009123,0.847,0.1417,0.8358,WHIPSAW,PROLONGED_CHOP,HYG:0.33,XLK:0.30,GLD:0.17,0.0,0.0
2023-11-06,2.30669,-0.001788,0.002301,1.4302,0.0839,0.8359,WHIPSAW,PROLONGED_CHOP,HYG:0.24,XLK:0.23,GLD:0.10,0.0,0.0
2023-11-07,2.311233,0.00197,0.002846,1.1094,0.1082,0.8359,WHIPSAW,PROLONGED_CHOP,XLK:0.30,HYG:0.24,GLD:0.12,0.0,0.0
2023-11-08,2.312972,0.000753,0.000732,1.1826,0.1015,0.8361,WHIPSAW,PROLONGED_CHOP,XLK:0.33,HYG:0.27,GLD:0.20,0.0,0.0
2023-11-09,2.303894,-0.003925,-0.007799,1.2596,0.0953,0.8364,WHIPSAW,PROLONGED_CHOP,XLK:0.33,HYG:0.27,GLD:0.20,0.0,0.0
2023-11-10,2.330047,0.011352,0.015605,1.2482,0.0961,0.8364,WHIPSAW,PROLONGED_CHOP,XLK:0.33,HYG:0.27,GLD:0.20,0.0,0.0
2023-11-13,2.328392,-0.00071,-0.000953,1.1716,0.1024,0.8364,WHIPSAW,PROLONGED_CHOP,HYG:0.27,GLD:0.20,XLK:0.20,0.1342,0.0
2023-11-14,2.362904,0.014822,0.019401,1.2202,0.0983,0.8364,WHIPSAW,PROLONGED_CHOP,HYG:0.27,GLD:0.20,XLK:0.20,0.1361,0.0
2023-11-15,2.359881,-0.00128,0.002117,1.1051,0.1086,0.837,WHIPSAW,PROLONGED_CHOP,HYG:0.24,GLD:0.18,XLK:0.18,0.1248,0.0
2023-11-16,2.369115,0.003913,0.001223,1.0979,0.1093,0.8368,WHIPSAW,PROLONGED_CHOP,HYG:0.24,XLK:0.18,SPY:0.12,0.1241,0.0
2023-11-17,2.373315,0.001773,0.001244,1.0782,0.1113,0.8372,WHIPSAW,PROLONGED_CHOP,HYG:0.24,XLK:0.18,SPY:0.12,0.1246,0.0
2023-11-20,2.38403,0.004515,0.007698,1.1229,0.1069,0.8368,WHIPSAW,PROLONGED_CHOP,HYG:0.24,XLK:0.17,SPY:0.13,0.1262,0.0
2023-11-21,2.383866,-6.9e-05,-0.002179,1.1271,0.1065,0.8369,WHIPSAW,PROLONGED_CHOP,XLK:0.18,SPY:0.12,IEF:0.12,0.1242,0.0
2023-11-22,2.387988,0.001729,0.003861,1.1213,0.107,0.8371,WHIPSAW,PROLONGED_CHOP,XLK:0.18,SPY:0.12,IEF:0.12,0.1233,0.0
2023-11-24,2.392531,0.001902,0.000615,1.2332,0.0973,0.8373,WHIPSAW,PROLONGED_CHOP,XLK:0.18,IEF:0.12,HYG:0.12,0.1157,0.0
2023-11-27,2.39536,0.001182,-0.001801,1.3702,0.0876,0.8373,WHIPSAW,PROLONGED_CHOP,HYG:0.24,XLK:0.19,GLD:0.11,0.1108,0.0
2023-11-28,2.405541,0.00425,0.00099,1.3789,0.087,0.8374,WHIPSAW,PROLONGED_CHOP,XLK:0.19,IEF:0.12,HYG:0.12,0.114,0.0
2023-11-29,2.408445,0.001207,-0.000703,1.3733,0.0874,0.8375,WHIPSAW,PROLONGED_CHOP,XLK:0.19,HYG:0.12,IEF:0.12,0.115,0.0
2023-11-30,2.410064,0.000672,0.003937,1.367,0.0878,0.8371,WHIPSAW,PROLONGED_CHOP,XLK:0.19,HYG:0.13,IEF:0.11,0.1119,0.0
2023-12-01,2.428429,0.00762,0.005916,1.419,0.0846,0.8371,WHIPSAW,PROLONGED_CHOP,XLK:0.19,HYG:0.12,IEF:0.12,0.1082,0.0
2023-12-04,2.401914,-0.010919,-0.005249,1.5288,0.0785,0.8372,WHIPSAW,PROLONGED_CHOP,XLK:0.19,HYG:0.13,GLD:0.12,0.1101,0.0
2023-12-05,2.403361,0.000602,-0.000197,1.3513,0.0888,0.837,WHIPSAW,PROLONGED_CHOP,XLK:0.18,HYG:0.13,SPY:0.12,0.1181,0.0
2023-12-06,2.398919,-0.001848,-0.00403,1.3638,0.088,0.8369,WHIPSAW,PROLONGED_CHOP,XLK:0.19,HYG:0.13,GLD:0.11,0.1099,0.0
2023-12-07,2.411681,0.00532,0.00763,1.3382,0.0897,0.837,WHIPSAW,PROLONGED_CHOP,XLK:0.19,HYG:0.13,IEF:0.11,0.1098,0.0
2023-12-08,2.407519,-0.001726,0.004299,1.3316,0.0901,0.8371,WHIPSAW,PROLONGED_CHOP,XLK:0.19,HYG:0.13,IEF:0.11,0.1095,0.0
2023-12-11,2.411621,0.001704,0.00389,1.3615,0.0881,0.8369,WHIPSAW,PROLONGED_CHOP,XLK:0.19,HYG:0.13,GLD:0.12,0.1107,0.0
2023-12-12,2.417031,0.002243,0.004567,1.3924,0.0862,0.8373,WHIPSAW,PROLONGED_CHOP,XLK:0.19,HYG:0.12,GLD:0.12,0.1105,0.0
2023-12-13,2.452044,0.014486,0.01379,1.399,0.0858,0.8377,WHIPSAW,PROLONGED_CHOP,XLK:0.19,GLD:0.18,HYG:0.12,0.1122,0.0
2023-12-14,2.45974,0.003139,0.003209,1.6043,0.0748,0.837,WHIPSAW,PROLONGED_CHOP,XLK:0.19,HYG:0.12,IEF:0.12,0.1128,0.0
2023-12-15,2.454002,-0.002333,-0.001646,1.5299,0.0784,0.8375,WHIPSAW,PROLONGED_CHOP,XLK:0.19,HYG:0.12,IEF:0.12,0.1143,0.0
2023-12-18,2.460563,0.002674,0.005625,1.5075,0.0796,0.8375,WHIPSAW,PROLONGED_CHOP,XLK:0.19,HYG:0.12,IEF:0.12,0.112,0.0
2023-12-19,2.472551,0.004872,0.006081,1.5005,0.08,0.838,WHIPSAW,PROLONGED_CHOP,XLK:0.19,HYG:0.12,IEF:0.12,0.1124,0.0
2023-12-20,2.454128,-0.007451,-0.013857,1.4985,0.0801,0.8376,WHIPSAW,PROLONGED_CHOP,XLK:0.18,HYG:0.12,SPY:0.12,0.1198,0.0
2023-12-21,2.475102,0.008546,0.009482,1.385,0.0866,0.8373,WHIPSAW,PROLONGED_CHOP,XLK:0.19,HYG:0.12,IEF:0.12,0.1118,0.0
2023-12-22,2.475826,0.000292,0.00201,1.3372,0.0897,0.8371,WHIPSAW,PROLONGED_CHOP,XLK:0.19,HYG:0.12,IEF:0.12,0.1115,0.0
2023-12-26,2.484747,0.003603,0.004223,1.3339,0.09,0.8372,WHIPSAW,PROLONGED_CHOP,XLK:0.19,HYG:0.12,IEF:0.12,0.1106,0.0
2023-12-27,2.492199,0.002999,0.001808,1.3262,0.0905,0.8369,WHIPSAW,PROLONGED_CHOP,XLK:0.19,HYG:0.12,IEF:0.12,0.1085,0.0
2023-12-28,2.48764,-0.001829,0.000378,1.3311,0.0901,0.8368,WHIPSAW,PROLONGED_CHOP,XLK:0.19,HYG:0.12,IEF:0.12,0.1078,0.0
2023-12-29,2.480358,-0.002927,-0.002895,1.317,0.0911,0.837,WHIPSAW,PROLONGED_CHOP,XLK:0.19,HYG:0.12,IEF:0.12,0.1068,0.0
2024-01-02,2.455074,-0.010194,-0.005596,1.2941,0.0927,0.8377,WHIPSAW,PROLONGED_CHOP,XLK:0.19,HYG:0.12,IEF:0.12,0.1076,0.0
2024-01-03,2.435775,-0.007861,-0.008167,1.2158,0.0987,0.8372,WHIPSAW,PROLONGED_CHOP,XLK:0.19,HYG:0.12,IEF:0.12,0.1094,0.0
2024-01-04,2.427242,-0.003503,-0.003221,1.276,0.094,0.8371,WHIPSAW,PROLONGED_CHOP,XLK:0.19,HYG:0.12,IEF:0.12,0.1098,0.0
2024-01-05,2.428113,0.000359,0.00137,1.1868,0.1011,0.8372,WHIPSAW,PROLONGED_CHOP,XLK:0.19,HYG:0.12,IEF:0.12,0.1088,0.0
2024-01-08,2.454375,0.010816,0.014276,1.19,0.1008,0.8369,WHIPSAW,PROLONGED_CHOP,XLK:0.19,HYG:0.12,IEF:0.12,0.1087,0.0
2024-01-09,2.451017,-0.001368,-0.001517,1.1376,0.1055,0.8373,WHIPSAW,PROLONGED_CHOP,XLK:0.19,HYG:0.12,IEF:0.12,0.1091,0.0
2024-01-10,2.462197,0.004562,0.005655,1.1362,0.1056,0.8379,WHIPSAW,PROLONGED_CHOP,XLK:0.19,HYG:0.12,IEF:0.12,0.1118,0.0
2024-01-11,2.468226,0.002449,-0.000441,1.1267,0.1065,0.8375,WHIPSAW,PROLONGED_CHOP,XLK:0.19,IEF:0.12,HYG:0.12,0.1107,0.0
2024-01-12,2.480817,0.005101,0.000693,1.1229,0.1069,0.8375,WHIPSAW,PROLONGED_CHOP,XLK:0.19,IEF:0.12,HYG:0.12,0.1113,0.0
2024-01-16,2.462535,-0.00737,-0.003671,1.3319,0.0901,0.8378,WHIPSAW,PROLONGED_CHOP,XLK:0.19,HYG:0.12,IEF:0.12,0.1115,0.0
2024-01-17,2.447025,-0.006298,-0.005559,1.2781,0.0939,0.8375,WHIPSAW,PROLONGED_CHOP,XLK:0.19,GLD:0.18,IEF:0.12,0.1098,0.0
2024-01-18,2.469636,0.00924,0.008893,1.3861,0.0866,0.8378,WHIPSAW,PROLONGED_CHOP,XLK:0.18,GLD:0.18,IEF:0.12,0.1188,0.0
2024-01-19,2.492544,0.009276,0.012466,1.3118,0.0915,0.8375,WHIPSAW,PROLONGED_CHOP,XLK:0.18,GLD:0.18,HYG:0.12,0.1163,0.0
2024-01-22,2.498852,0.002531,0.002114,1.2519,0.0959,0.8379,WHIPSAW,PROLONGED_CHOP,XLK:0.18,GLD:0.18,TLT:0.12,0.1161,0.1244
2024-01-23,2.501619,0.001107,0.002916,1.2829,0.0935,1.3164,RECOVERY_GROWTH,RECOVERY_ACCEL,XLK:0.26,SPY:0.14,GLD:0.13,0.1396,0.0
2024-01-24,2.506039,0.001767,0.001093,1.1902,0.1008,1.3164,RECOVERY_GROWTH,RECOVERY_ACCEL,XLK:0.26,SPY:0.14,GLD:0.13,0.1406,0.0
2024-01-25,2.515269,0.003683,0.005439,1.1903,0.1008,1.3162,RECOVERY_GROWTH,RECOVERY_ACCEL,XLK:0.26,SPY:0.14,GLD:0.13,0.1413,0.0
2024-01-26,2.506578,-0.003455,-0.00127,1.1918,0.1007,1.3158,RECOVERY_GROWTH,RECOVERY_ACCEL,XLK:0.26,SPY:0.14,GLD:0.13,0.1405,0.0
2024-01-29,2.526567,0.007975,0.007919,1.1781,0.1019,1.3159,RECOVERY_GROWTH,RECOVERY_ACCEL,XLK:0.24,SPY:0.16,GLD:0.13,0.1555,0.0
2024-01-30,2.519101,-0.002955,-0.000773,1.1573,0.1037,1.3165,RECOVERY_GROWTH,RECOVERY_ACCEL,XLK:0.26,SPY:0.14,IWF:0.11,0.1381,0.0
2024-01-31,2.487665,-0.012479,-0.016317,1.1168,0.1074,1.3159,RECOVERY_GROWTH,RECOVERY_ACCEL,XLK:0.26,SPY:0.14,IWF:0.11,0.1379,0.0
2024-02-01,2.515706,0.011272,0.013088,1.1173,0.1074,1.3167,RECOVERY_GROWTH,RECOVERY_ACCEL,XLK:0.26,SPY:0.14,GLD:0.13,0.14,0.0
2024-02-02,2.523296,0.003017,0.010527,1.1463,0.1047,1.3166,RECOVERY_GROWTH,RECOVERY_ACCEL,XLK:0.26,SPY:0.14,IWF:0.11,0.1419,0.0
2024-02-05,2.517062,-0.002471,-0.003641,1.1062,0.1085,1.3165,RECOVERY_GROWTH,RECOVERY_ACCEL,XLK:0.25,SPY:0.15,GLD:0.13,0.1534,0.0
2024-02-06,2.520129,0.001219,0.002903,1.1638,0.1031,1.3161,RECOVERY_GROWTH,RECOVERY_ACCEL,XLK:0.26,SPY:0.14,GLD:0.13,0.144,0.0
2024-02-07,2.538723,0.007378,0.00834,1.2557,0.0956,1.316,RECOVERY_GROWTH,RECOVERY_ACCEL,XLK:0.26,SPY:0.14,GLD:0.13,0.1438,0.0
2024-02-08,2.540376,0.000651,0.000442,1.2362,0.0971,1.3169,RECOVERY_GROWTH,RECOVERY_ACCEL,XLK:0.25,SPY:0.15,GLD:0.13,0.1467,0.0
2024-02-09,2.555393,0.005911,0.00578,1.2485,0.0961,1.3166,RECOVERY_GROWTH,RECOVERY_ACCEL,XLK:0.25,SPY:0.15,GLD:0.13,0.1498,0.0
2024-02-12,2.548885,-0.002547,-0.000439,1.2378,0.0969,1.3168,RECOVERY_GROWTH,RECOVERY_ACCEL,XLK:0.25,SPY:0.15,GLD:0.13,0.149,0.0
2024-02-13,2.51499,-0.013298,-0.013773,1.2222,0.0982,1.3166,RECOVERY_GROWTH,RECOVERY_ACCEL,XLK:0.25,SPY:0.15,GLD:0.13,0.1467,0.0
2024-02-14,2.534066,0.007585,0.009088,1.0875,0.1103,1.3162,RECOVERY_GROWTH,RECOVERY_ACCEL,XLK:0.25,SPY:0.15,GLD:0.13,0.1484,0.0
2024-02-15,2.543787,0.003836,0.0069,1.1069,0.1084,1.3156,RECOVERY_GROWTH,RECOVERY_ACCEL,XLK:0.25,SPY:0.15,GLD:0.13,0.1506,0.0
2024-02-16,2.532542,-0.004421,-0.00498,1.1653,0.103,1.315,RECOVERY_GROWTH,RECOVERY_ACCEL,XLK:0.26,SPY:0.14,GLD:0.13,0.1443,0.0
2024-02-20,2.521066,-0.004531,-0.005506,1.2123,0.099,1.3151,RECOVERY_GROWTH,RECOVERY_ACCEL,XLK:0.26,SPY:0.14,IWF:0.10,0.1447,0.0
2024-02-21,2.5159,-0.002049,0.000906,1.1555,0.1039,1.3153,RECOVERY_GROWTH,RECOVERY_ACCEL,XLK:0.26,SPY:0.14,GLD:0.13,0.1424,0.0
2024-02-22,2.564173,0.019187,0.020696,1.1946,0.1004,1.3155,RECOVERY_GROWTH,RECOVERY_ACCEL,XLK:0.26,SPY:0.14,GLD:0.13,0.1429,0.0
2024-02-23,2.566069,0.000739,0.00069,0.9957,0.1205,1.316,RECOVERY_GROWTH,RECOVERY_ACCEL,XLK:0.26,SPY:0.14,GLD:0.13,0.1407,0.0
2024-02-26,2.562601,-0.001352,-0.003663,0.9972,0.1203,1.316,RECOVERY_GROWTH,RECOVERY_ACCEL,XLK:0.26,SPY:0.14,GLD:0.13,0.1426,0.0
2024-02-27,2.564629,0.000792,0.001858,1.0077,0.1191,1.3161,RECOVERY_GROWTH,RECOVERY_ACCEL,XLK:0.26,SPY:0.14,GLD:0.13,0.1441,0.0
2024-02-28,2.55858,-0.002359,-0.001322,1.031,0.1164,1.3166,RECOVERY_GROWTH,RECOVERY_ACCEL,XLK:0.26,SPY:0.14,GLD:0.13,0.1433,0.0
2024-02-29,2.573277,0.005744,0.003595,1.0327,0.1162,1.3165,RECOVERY_GROWTH,RECOVERY_ACCEL,XLK:0.25,SPY:0.15,GLD:0.13,0.145,0.0
2024-03-01,2.607438,0.013275,0.009388,1.1133,0.1078,1.3161,RECOVERY_GROWTH,RECOVERY_ACCEL,XLK:0.26,SPY:0.14,GLD:0.13,0.1432,0.0
2024-03-04,2.60943,0.000764,-0.001072,1.0872,0.1104,1.316,RECOVERY_GROWTH,RECOVERY_ACCEL,XLK:0.26,SPY:0.14,GLD:0.13,0.1438,0.0
2024-03-05,2.582213,-0.01043,-0.009994,1.0901,0.1101,1.316,RECOVERY_GROWTH,RECOVERY_ACCEL,XLK:0.25,SPY:0.15,IWF:0.10,0.1495,0.0
2024-03-06,2.602527,0.007867,0.005067,0.9585,0.1252,1.3154,RECOVERY_GROWTH,RECOVERY_ACCEL,XLK:0.25,SPY:0.15,IWF:0.10,0.1513,0.0
2024-03-07,2.628966,0.010159,0.009926,0.9452,0.127,1.3154,RECOVERY_GROWTH,RECOVERY_ACCEL,XLK:0.25,SPY:0.15,IWF:0.10,0.1524,0.0
2024-03-08,2.606616,-0.008502,-0.006002,0.9208,0.1303,1.1956,GOLDILOCKS,NORMAL_TRENDING,XLK:0.31,SPY:0.14,IWF:0.12,0.1431,0.0
2024-03-11,2.595633,-0.004213,-0.00086,0.8175,0.1468,1.1954,GOLDILOCKS,NORMAL_TRENDING,XLK:0.30,SPY:0.15,IWF:0.12,0.1466,0.0
2024-03-12,2.6271,0.012123,0.010757,0.8226,0.1459,1.1959,GOLDILOCKS,NORMAL_TRENDING,XLK:0.30,SPY:0.15,IWF:0.12,0.1485,0.0
2024-03-13,2.616638,-0.003982,-0.001567,0.798,0.1504,1.1962,GOLDILOCKS,NORMAL_TRENDING,XLK:0.30,SPY:0.15,IWF:0.12,0.1529,0.0
2024-03-14,2.611023,-0.002146,-0.001977,0.8575,0.1399,1.1961,GOLDILOCKS,NORMAL_TRENDING,XLK:0.29,SPY:0.16,IWF:0.12,0.1556,0.0
2024-03-15,2.592207,-0.007206,-0.006867,0.8779,0.1367,1.1954,GOLDILOCKS,NORMAL_TRENDING,XLK:0.29,XLF:0.16,IWF:0.11,0.0,0.0
2024-03-18,2.606826,0.00564,0.005943,0.9488,0.1265,1.1957,GOLDILOCKS,NORMAL_TRENDING,XLK:0.28,XLF:0.17,MTUM:0.11,0.0,0.0
2024-03-19,2.618297,0.0044,0.005557,0.9694,0.1238,1.1963,GOLDILOCKS,NORMAL_TRENDING,XLK:0.24,SPY:0.21,IWF:0.11,0.2134,0.0
2024-03-20,2.644427,0.00998,0.00925,0.9863,0.1217,1.1964,GOLDILOCKS,NORMAL_TRENDING,XLK:0.27,XLF:0.18,IWF:0.11,0.0,0.0
2024-03-21,2.652648,0.003109,0.003305,0.9785,0.1226,1.1961,GOLDILOCKS,NORMAL_TRENDING,XLK:0.28,XLF:0.17,IWF:0.11,0.0,0.0
2024-03-22,2.645045,-0.002866,-0.001896,1.1661,0.1029,1.1961,GOLDILOCKS,NORMAL_TRENDING,XLK:0.27,XLF:0.18,MTUM:0.11,0.0,0.0
2024-03-25,2.635226,-0.003713,-0.002763,1.1606,0.1034,1.1961,GOLDILOCKS,NORMAL_TRENDING,XLK:0.26,XLF:0.19,MTUM:0.11,0.0,0.0
2024-03-26,2.632423,-0.001063,-0.001847,1.1582,0.1036,1.1959,GOLDILOCKS,NORMAL_TRENDING,XLK:0.26,XLF:0.19,MTUM:0.11,0.0,0.0
2024-03-27,2.64578,0.005074,0.008404,1.1548,0.1039,1.1961,GOLDILOCKS,NORMAL_TRENDING,XLK:0.27,XLF:0.18,MTUM:0.11,0.0,0.0
2024-03-28,2.644954,-0.000312,-0.000191,1.1468,0.1046,1.196,GOLDILOCKS,NORMAL_TRENDING,XLK:0.24,SPY:0.21,IWF:0.11,0.2143,0.0
2024-04-01,2.643276,-0.000635,-0.00174,1.064,0.1128,1.1963,GOLDILOCKS,NORMAL_TRENDING,XLK:0.24,SPY:0.21,MTUM:0.11,0.2135,0.0
2024-04-02,2.630997,-0.004646,-0.006358,1.1782,0.1018,1.1958,GOLDILOCKS,NORMAL_TRENDING,XLK:0.27,XLF:0.18,MTUM:0.11,0.0,0.0
2024-04-03,2.640273,0.003526,0.001098,1.2235,0.0981,1.196,GOLDILOCKS,NORMAL_TRENDING,XLK:0.27,XLF:0.18,MTUM:0.12,0.0,0.0
2024-04-04,2.609155,-0.011786,-0.012206,1.3358,0.0898,1.1955,GOLDILOCKS,NORMAL_TRENDING,XLK:0.24,SPY:0.21,MTUM:0.11,0.2119,0.0
2024-04-05,2.634097,0.009559,0.010447,1.1923,0.1006,1.1957,GOLDILOCKS,NORMAL_TRENDING,XLK:0.26,XLF:0.19,MTUM:0.11,0.0,0.0
2024-04-08,2.637822,0.001414,0.000559,1.2299,0.0976,1.1957,GOLDILOCKS,NORMAL_TRENDING,XLK:0.24,SPY:0.21,MTUM:0.11,0.2094,0.0
2024-04-09,2.638926,0.000419,0.001157,1.2485,0.0961,1.1957,GOLDILOCKS,NORMAL_TRENDING,XLK:0.26,XLF:0.19,MTUM:0.11,0.0,0.0
2024-04-10,2.61038,-0.010818,-0.010013,1.2862,0.0933,1.1954,GOLDILOCKS,NORMAL_TRENDING,XLK:0.27,XLF:0.18,IWF:0.11,0.0,0.0
2024-04-11,2.633437,0.008833,0.007547,1.2883,0.0931,1.1954,GOLDILOCKS,NORMAL_TRENDING,XLK:0.27,XLF:0.18,IWF:0.11,0.0,0.0
2024-04-12,2.597724,-0.013561,-0.013803,1.2263,0.0979,1.1951,GOLDILOCKS,NORMAL_TRENDING,XLK:0.27,XLF:0.18,IWF:0.11,0.0,0.0
2024-04-15,2.571331,-0.01016,-0.012528,1.1003,0.1091,1.1941,GOLDILOCKS,NORMAL_TRENDING,XLK:0.28,XLF:0.17,IWF:0.11,0.0,0.0
2024-04-16,2.564371,-0.002707,-0.001824,1.0696,0.1122,1.194,GOLDILOCKS,NORMAL_TRENDING,XLK:0.31,XLF:0.19,IWF:0.13,0.0,0.0
2024-04-17,2.542758,-0.008428,-0.005918,1.0076,0.1191,1.1949,GOLDILOCKS,NORMAL_TRENDING,XLK:0.31,XLF:0.19,IWF:0.12,0.0,0.0
2024-04-18,2.533581,-0.003609,-0.002058,0.9911,0.1211,1.0751,CAUTIOUS_BULL,EARLY_DD_UNCERTAINTY,XLK:0.25,XLF:0.15,GLD:0.13,0.0,0.0
2024-04-19,2.525613,-0.003145,-0.008728,1.1363,0.1056,1.0744,CAUTIOUS_BULL,EARLY_DD_UNCERTAINTY,XLF:0.22,SPY:0.19,GLD:0.13,0.1903,0.0
2024-04-22,2.537045,0.004527,0.009209,1.2656,0.0948,1.075,CAUTIOUS_BULL,EARLY_DD_UNCERTAINTY,XLF:0.22,SPY:0.19,MTUM:0.14,0.1882,0.0
2024-04-23,2.55537,0.007223,0.011867,1.2788,0.0938,1.0748,CAUTIOUS_BULL,EARLY_DD_UNCERTAINTY,HYG:0.26,XLF:0.16,SPY:0.14,0.1399,0.0
2024-04-24,2.552514,-0.001118,-0.000475,1.4544,0.0825,1.0755,CAUTIOUS_BULL,EARLY_DD_UNCERTAINTY,HYG:0.26,XLF:0.16,SPY:0.14,0.1418,0.0
2024-04-25,2.545785,-0.002636,-0.003799,1.4536,0.0826,1.0759,CAUTIOUS_BULL,EARLY_DD_UNCERTAINTY,HYG:0.26,XLF:0.16,SPY:0.14,0.1404,0.0
2024-04-26,2.560414,0.005746,0.009474,1.5029,0.0798,1.0762,CAUTIOUS_BULL,EARLY_DD_UNCERTAINTY,HYG:0.26,XLF:0.16,SPY:0.14,0.1362,0.0
2024-04-29,2.566683,0.002448,0.003541,1.4584,0.0823,1.0764,CAUTIOUS_BULL,EARLY_DD_UNCERTAINTY,HYG:0.26,XLK:0.18,XLF:0.12,0.0,0.0
2024-04-30,2.529889,-0.014335,-0.015841,1.2877,0.0932,1.0758,CAUTIOUS_BULL,EARLY_DD_UNCERTAINTY,HYG:0.26,XLK:0.18,XLF:0.12,0.0,0.0
2024-05-01,2.525584,-0.001702,-0.003247,1.1365,0.1056,1.0754,CAUTIOUS_BULL,EARLY_DD_UNCERTAINTY,SPY:0.21,XLF:0.19,GLD:0.14,0.2132,0.0
2024-05-02,2.543278,0.007006,0.009353,1.1101,0.1081,1.0761,CAUTIOUS_BULL,EARLY_DD_UNCERTAINTY,HYG:0.26,XLF:0.17,SPY:0.13,0.1325,0.0
2024-05-03,2.562179,0.007432,0.012395,1.2798,0.0938,1.0767,CAUTIOUS_BULL,EARLY_DD_UNCERTAINTY,HYG:0.26,XLF:0.17,SPY:0.13,0.1315,0.0
2024-05-06,2.586423,0.009462,0.010327,1.2934,0.0928,1.0767,CAUTIOUS_BULL,EARLY_DD_UNCERTAINTY,HYG:0.26,XLK:0.17,XLF:0.13,0.0,0.0
2024-05-07,2.582655,-0.001457,0.001103,1.0633,0.1129,1.0769,CAUTIOUS_BULL,EARLY_DD_UNCERTAINTY,HYG:0.26,XLK:0.17,XLF:0.13,0.0,0.0
2024-05-08,2.580467,-0.000847,9.7e-05,1.0661,0.1126,1.0767,CAUTIOUS_BULL,EARLY_DD_UNCERTAINTY,HYG:0.26,XLK:0.17,XLF:0.13,0.0,0.0
2024-05-09,2.590536,0.003902,0.005762,1.1159,0.1075,1.0766,CAUTIOUS_BULL,EARLY_DD_UNCERTAINTY,HYG:0.26,XLK:0.17,XLF:0.13,0.0,0.0
2024-05-10,2.595049,0.001742,0.001288,1.1334,0.1059,1.0764,CAUTIOUS_BULL,EARLY_DD_UNCERTAINTY,HYG:0.26,XLK:0.17,XLF:0.13,0.0,0.0
2024-05-13,2.593628,-0.000548,0.000134,1.2167,0.0986,1.0767,CAUTIOUS_BULL,EARLY_DD_UNCERTAINTY,HYG:0.26,XLK:0.18,XLF:0.12,0.0,0.0
2024-05-14,2.609312,0.006047,0.004588,1.2603,0.0952,1.0763,CAUTIOUS_BULL,EARLY_DD_UNCERTAINTY,HYG:0.26,XLK:0.17,XLF:0.13,0.0,0.0
2024-05-15,2.650634,0.015836,0.012383,1.2286,0.0977,1.1965,GOLDILOCKS,NORMAL_TRENDING,XLK:0.26,XLF:0.19,MTUM:0.12,0.0,0.0
2024-05-16,2.641867,-0.003307,-0.002058,0.9805,0.1224,1.1968,GOLDILOCKS,NORMAL_TRENDING,XLK:0.25,XLF:0.20,MTUM:0.12,0.0,0.0
2024-05-17,2.651388,0.003604,0.001437,0.9901,0.1212,1.1971,GOLDILOCKS,NORMAL_TRENDING,XLK:0.23,SPY:0.22,QUAL:0.11,0.2202,0.0
2024-05-20,2.656794,0.002039,0.001152,1.0174,0.1179,1.1969,GOLDILOCKS,NORMAL_TRENDING,XLK:0.23,XLF:0.22,MTUM:0.12,0.0,0.0
2024-05-21,2.660493,0.001392,0.002453,1.0662,0.1125,1.1965,GOLDILOCKS,NORMAL_TRENDING,XLK:0.23,XLF:0.22,MTUM:0.12,0.0,0.0
2024-05-22,2.64784,-0.004756,-0.00288,1.0972,0.1094,1.1969,GOLDILOCKS,NORMAL_TRENDING,XLK:0.23,XLF:0.22,MTUM:0.12,0.0,0.0
2024-05-23,2.625726,-0.008352,-0.007304,1.0634,0.1128,1.1966,GOLDILOCKS,NORMAL_TRENDING,XLF:0.23,XLK:0.22,MTUM:0.12,0.0,0.0
2024-05-24,2.643164,0.006641,0.006617,1.0469,0.1146,1.1965,GOLDILOCKS,NORMAL_TRENDING,XLF:0.23,XLK:0.22,MTUM:0.12,0.0,0.0
2024-05-28,2.647887,0.001787,0.000699,1.0493,0.1144,1.1971,GOLDILOCKS,NORMAL_TRENDING,XLF:0.23,XLK:0.22,MTUM:0.12,0.0,0.0
2024-05-29,2.626669,-0.008013,-0.007003,1.0329,0.1162,1.1962,GOLDILOCKS,NORMAL_TRENDING,XLF:0.23,XLK:0.22,MTUM:0.13,0.0,0.0
2024-05-30,2.608946,-0.006748,-0.006634,1.1488,0.1045,1.1963,GOLDILOCKS,NORMAL_TRENDING,XLF:0.24,XLK:0.21,MTUM:0.13,0.0,0.0
2024-05-31,2.618261,0.00357,0.009108,1.1816,0.1016,1.1964,GOLDILOCKS,NORMAL_TRENDING,XLF:0.25,XLK:0.20,MTUM:0.13,0.0,0.0
2024-06-03,2.620948,0.001026,0.000815,1.2381,0.0969,1.197,GOLDILOCKS,NORMAL_TRENDING,XLF:0.25,XLK:0.20,QUAL:0.11,0.0,0.0
2024-06-04,2.614638,-0.002407,0.001118,1.2663,0.0948,1.1966,GOLDILOCKS,NORMAL_TRENDING,XLF:0.23,XLK:0.22,MTUM:0.13,0.0,0.0
2024-06-05,2.647438,0.012545,0.011885,1.4131,0.0849,1.1966,GOLDILOCKS,NORMAL_TRENDING,XLF:0.23,XLK:0.22,MTUM:0.13,0.0,0.0
2024-06-06,2.64924,0.000681,-1.9e-05,1.2062,0.0995,1.1968,GOLDILOCKS,NORMAL_TRENDING,XLK:0.23,XLF:0.22,MTUM:0.13,0.0,0.0
2024-06-07,2.637548,-0.004413,-0.001216,1.2009,0.0999,1.1968,GOLDILOCKS,NORMAL_TRENDING,XLK:0.24,XLF:0.21,MTUM:0.13,0.0,0.0
2024-06-10,2.647057,0.003605,0.00309,1.1784,0.1018,1.1965,GOLDILOCKS,NORMAL_TRENDING,XLK:0.23,XLF:0.22,MTUM:0.13,0.0,0.0
2024-06-11,2.649335,0.000861,0.002408,1.1842,0.1013,1.1961,GOLDILOCKS,NORMAL_TRENDING,XLK:0.23,XLF:0.22,MTUM:0.13,0.0,0.0
2024-06-12,2.674497,0.009497,0.008213,1.1903,0.1008,1.1966,GOLDILOCKS,NORMAL_TRENDING,XLF:0.23,XLK:0.22,MTUM:0.13,0.0,0.0
2024-06-13,2.676995,0.000934,0.002013,1.1602,0.1034,1.1966,GOLDILOCKS,NORMAL_TRENDING,XLK:0.23,XLF:0.22,MTUM:0.13,0.0,0.0
2024-06-14,2.680082,0.001153,0.000608,1.3377,0.0897,1.1966,GOLDILOCKS,NORMAL_TRENDING,XLK:0.23,XLF:0.22,MTUM:0.13,0.0,0.0
2024-06-17,2.702381,0.00832,0.007959,1.3347,0.0899,1.197,GOLDILOCKS,NORMAL_TRENDING,XLK:0.23,XLF:0.22,MTUM:0.13,0.0,0.0
2024-06-18,2.714376,0.004439,0.002541,1.2997,0.0923,1.1972,GOLDILOCKS,NORMAL_TRENDING,XLK:0.23,XLF:0.22,MTUM:0.13,0.0,0.0
2024-06-20,2.710638,-0.001377,-0.002717,1.2747,0.0941,1.197,GOLDILOCKS,NORMAL_TRENDING,XLK:0.24,XLF:0.21,MTUM:0.13,0.0,0.0
2024-06-21,2.696186,-0.005331,-0.001341,1.253,0.0958,1.1967,GOLDILOCKS,NORMAL_TRENDING,XLF:0.23,SPY:0.22,QUAL:0.11,0.2221,0.0
2024-06-24,2.681595,-0.005411,-0.003251,1.4571,0.0824,1.1967,GOLDILOCKS,NORMAL_TRENDING,XLK:0.24,XLF:0.21,MTUM:0.13,0.0,0.0
2024-06-25,2.691879,0.003835,0.003851,1.2845,0.0934,1.1967,GOLDILOCKS,NORMAL_TRENDING,XLK:0.24,XLF:0.21,MTUM:0.13,0.0,0.0
2024-06-26,2.683811,-0.002997,0.001248,1.3094,0.0916,1.1969,GOLDILOCKS,NORMAL_TRENDING,XLK:0.24,XLF:0.21,MTUM:0.13,0.0,0.0
2024-06-27,2.687361,0.001323,0.001576,1.2838,0.0935,1.1969,GOLDILOCKS,NORMAL_TRENDING,XLF:0.23,SPY:0.22,QUAL:0.11,0.2241,0.0
2024-06-28,2.686924,-0.000162,-0.003935,1.7716,0.0677,1.1967,GOLDILOCKS,NORMAL_TRENDING,XLK:0.24,XLF:0.21,MTUM:0.13,0.0,0.0
2024-07-01,2.69582,0.003311,0.002058,1.4815,0.081,1.1978,GOLDILOCKS,NORMAL_TRENDING,XLK:0.24,XLF:0.21,MTUM:0.13,0.0,0.0
2024-07-02,2.712515,0.006193,0.00673,1.5512,0.0774,1.1975,GOLDILOCKS,NORMAL_TRENDING,XLK:0.23,XLF:0.22,MTUM:0.13,0.0,0.0
2024-07-03,2.735653,0.00853,0.004463,1.4786,0.0812,1.1978,GOLDILOCKS,NORMAL_TRENDING,XLK:0.24,XLF:0.21,MTUM:0.13,0.0,0.0
2024-07-05,2.748561,0.004719,0.005766,1.4946,0.0803,1.1972,GOLDILOCKS,NORMAL_TRENDING,XLK:0.25,XLF:0.20,MTUM:0.13,0.0,0.0
2024-07-08,2.750161,0.000582,0.001154,1.665,0.0721,1.1971,GOLDILOCKS,NORMAL_TRENDING,XLK:0.25,XLF:0.20,MTUM:0.13,0.0,0.0
2024-07-09,2.756568,0.00233,0.000973,1.6408,0.0731,1.1966,GOLDILOCKS,NORMAL_TRENDING,XLK:0.26,XLF:0.19,MTUM:0.13,0.0,0.0
2024-07-10,2.781877,0.009181,0.009895,1.7384,0.069,1.1965,GOLDILOCKS,NORMAL_TRENDING,XLK:0.26,XLF:0.19,MTUM:0.13,0.0,0.0
2024-07-11,2.762979,-0.006793,-0.008623,1.6357,0.0734,1.1965,GOLDILOCKS,NORMAL_TRENDING,XLK:0.26,XLF:0.19,MTUM:0.13,0.0,0.0
2024-07-12,2.774287,0.004093,0.006308,1.4885,0.0806,1.197,GOLDILOCKS,NORMAL_TRENDING,XLK:0.27,XLF:0.18,MTUM:0.12,0.0,0.0
2024-07-15,2.781796,0.002707,0.00275,1.5787,0.076,1.1966,GOLDILOCKS,NORMAL_TRENDING,XLK:0.28,XLF:0.17,MTUM:0.13,0.0,0.0
2024-07-16,2.795688,0.004994,0.00593,1.5653,0.0767,1.1965,GOLDILOCKS,NORMAL_TRENDING,XLK:0.27,XLF:0.18,MTUM:0.13,0.0,0.0
2024-07-17,2.740264,-0.019825,-0.014021,1.5593,0.077,1.1957,GOLDILOCKS,NORMAL_TRENDING,XLK:0.27,XLF:0.18,MTUM:0.13,0.0,0.0
2024-07-18,2.72334,-0.006176,-0.007685,1.1216,0.107,1.1951,GOLDILOCKS,NORMAL_TRENDING,XLK:0.23,SPY:0.22,MTUM:0.11,0.2212,0.0
2024-07-19,2.69813,-0.009257,-0.006641,1.051,0.1142,1.1951,GOLDILOCKS,NORMAL_TRENDING,XLK:0.23,SPY:0.22,MTUM:0.13,0.2185,0.0
2024-07-22,2.731759,0.012464,0.01031,0.9604,0.1249,1.1951,GOLDILOCKS,NORMAL_TRENDING,XLK:0.23,SPY:0.22,MTUM:0.13,0.2164,0.0
2024-07-23,2.728431,-0.001218,-0.001568,0.9059,0.1325,1.1954,GOLDILOCKS,NORMAL_TRENDING,XLK:0.23,SPY:0.22,IWF:0.11,0.2152,0.0
2024-07-24,2.659827,-0.025144,-0.022663,0.9398,0.1277,1.1953,GOLDILOCKS,NORMAL_TRENDING,XLK:0.27,XLF:0.18,MTUM:0.13,0.0,0.0
2024-07-25,2.637819,-0.008274,-0.00521,0.8062,0.1488,1.0752,CAUTIOUS_BULL,EARLY_DD_UNCERTAINTY,XLK:0.18,HYG:0.16,XLF:0.12,0.0,0.0
2024-07-26,2.661777,0.009082,0.0112,1.0025,0.1197,1.0757,CAUTIOUS_BULL,EARLY_DD_UNCERTAINTY,XLK:0.18,HYG:0.16,SPY:0.12,0.1159,0.0
2024-07-29,2.659959,-0.000683,0.000588,0.9107,0.1318,1.0756,CAUTIOUS_BULL,EARLY_DD_UNCERTAINTY,XLK:0.18,HYG:0.15,SPY:0.12,0.117,0.0
2024-07-30,2.651879,-0.003038,-0.005066,0.9168,0.1309,1.0751,CAUTIOUS_BULL,EARLY_DD_UNCERTAINTY,XLK:0.18,HYG:0.16,XLF:0.12,0.0,0.0
2024-07-31,2.687257,0.01334,0.016255,0.9681,0.124,1.0747,CAUTIOUS_BULL,EARLY_DD_UNCERTAINTY,XLF:0.16,HYG:0.16,SPY:0.14,0.1435,0.0
2024-08-01,2.642762,-0.016558,-0.014161,1.0597,0.1132,1.0747,CAUTIOUS_BULL,EARLY_DD_UNCERTAINTY,XLK:0.18,HYG:0.15,XLF:0.12,0.0,0.0
2024-08-02,2.616491,-0.009941,-0.018619,0.7829,0.1533,1.0734,CAUTIOUS_BULL,EARLY_DD_UNCERTAINTY,XLF:0.15,HYG:0.15,SPY:0.15,0.1456,0.0
2024-08-05,2.597848,-0.007125,-0.029124,1.0203,0.1176,0.5938,CRISIS_MODE,FAST_SHOCK,TLT:0.25,IEF:0.25,HYG:0.25,0.0201,0.2483
2024-08-06,2.607947,0.003887,0.00922,1.3716,0.0875,1.306,RECOVERY_GROWTH,RECOVERY_ACCEL,XLV:0.23,XLU:0.23,USMV:0.23,0.0,0.0
2024-08-07,2.600679,-0.002787,-0.006684,0.997,0.1204,1.3059,RECOVERY_GROWTH,RECOVERY_ACCEL,XLF:0.31,USMV:0.23,XLV:0.15,0.0,0.0
2024-08-08,2.637593,0.014194,0.023117,0.9494,0.1264,1.3076,RECOVERY_GROWTH,RECOVERY_ACCEL,XLF:0.31,USMV:0.23,XLV:0.15,0.0,0.0
2024-08-09,2.648253,0.004042,0.00441,0.9006,0.1332,1.3094,RECOVERY_GROWTH,RECOVERY_ACCEL,XLF:0.25,SPY:0.20,QUAL:0.15,0.2009,0.0
2024-08-12,2.655273,0.002651,0.000525,0.7669,0.1565,1.3105,RECOVERY_GROWTH,RECOVERY_ACCEL,XLF:0.22,SPY:0.18,QUAL:0.13,0.1782,0.075
2024-08-13,2.681308,0.009805,0.016446,0.7535,0.1592,1.3124,RECOVERY_GROWTH,RECOVERY_ACCEL,XLF:0.22,SPY:0.18,QUAL:0.13,0.1754,0.0
2024-08-14,2.691573,0.003828,0.003155,0.7488,0.1602,1.313,RECOVERY_GROWTH,RECOVERY_ACCEL,XLF:0.21,XLK:0.19,MTUM:0.12,0.0,0.0
2024-08-15,2.726935,0.013138,0.01714,0.5626,0.2133,1.3134,RECOVERY_GROWTH,RECOVERY_ACCEL,XLF:0.22,XLK:0.18,MTUM:0.12,0.0,0.0
2024-08-16,2.74547,0.006797,0.002242,0.5608,0.214,1.3143,RECOVERY_GROWTH,RECOVERY_ACCEL,XLF:0.21,XLK:0.19,MTUM:0.12,0.0,0.0
2024-08-19,2.770805,0.009228,0.009561,0.5603,0.2142,1.3145,RECOVERY_GROWTH,RECOVERY_ACCEL,XLF:0.21,XLK:0.19,MTUM:0.12,0.0,0.0
2024-08-20,2.764572,-0.002249,-0.001626,0.5591,0.2146,1.1952,GOLDILOCKS,NORMAL_TRENDING,XLK:0.27,XLF:0.18,MTUM:0.12,0.0,0.0
2024-08-21,2.775118,0.003815,0.003437,0.4767,0.2517,1.1953,GOLDILOCKS,NORMAL_TRENDING,XLK:0.26,XLF:0.19,MTUM:0.12,0.0,0.0
2024-08-22,2.747076,-0.010105,-0.007848,0.5198,0.2309,1.1947,GOLDILOCKS,NORMAL_TRENDING,XLK:0.24,XLF:0.21,MTUM:0.12,0.0,0.0
2024-08-23,2.781159,0.012407,0.010625,0.5222,0.2298,1.1944,GOLDILOCKS,NORMAL_TRENDING,XLK:0.23,XLF:0.22,MTUM:0.12,0.0,0.0
2024-08-26,2.772064,-0.00327,-0.002384,0.5308,0.2261,1.1935,GOLDILOCKS,NORMAL_TRENDING,XLF:0.23,SPY:0.22,MTUM:0.12,0.2219,0.0
2024-08-27,2.783476,0.004117,0.001373,0.6245,0.1922,1.1945,GOLDILOCKS,NORMAL_TRENDING,XLK:0.23,XLF:0.22,MTUM:0.12,0.0,0.0
2024-08-28,2.766206,-0.006204,-0.005805,0.5269,0.2277,1.1943,GOLDILOCKS,NORMAL_TRENDING,XLF:0.23,XLK:0.22,MTUM:0.12,0.0,0.0
2024-08-29,2.766915,0.000256,9e-05,0.5632,0.2131,1.1946,GOLDILOCKS,NORMAL_TRENDING,XLK:0.23,XLF:0.22,MTUM:0.12,0.0,0.0
2024-08-30,2.788392,0.007762,0.009546,0.6069,0.1977,1.195,GOLDILOCKS,NORMAL_TRENDING,XLF:0.24,XLK:0.21,MTUM:0.12,0.0,0.0
2024-09-03,2.728731,-0.021396,-0.020579,0.6963,0.1723,1.1932,GOLDILOCKS,NORMAL_TRENDING,XLF:0.25,XLK:0.20,MTUM:0.12,0.0,0.0
2024-09-04,2.725941,-0.001022,-0.002047,0.7433,0.1614,1.1924,GOLDILOCKS,NORMAL_TRENDING,XLF:0.27,SPY:0.18,MTUM:0.12,0.1848,0.0
2024-09-05,2.718126,-0.002867,-0.002432,0.9294,0.1291,1.1924,GOLDILOCKS,NORMAL_TRENDING,XLF:0.27,SPY:0.18,MTUM:0.13,0.1791,0.0
2024-09-06,2.675106,-0.015827,-0.01683,0.9487,0.1265,1.1916,GOLDILOCKS,NORMAL_TRENDING,XLF:0.27,SPY:0.18,MTUM:0.12,0.1786,0.0
2024-09-09,2.697749,0.008464,0.011196,0.9578,0.1253,1.0728,CAUTIOUS_BULL,EARLY_DD_UNCERTAINTY,XLF:0.18,HYG:0.15,SPY:0.12,0.1221,0.0
2024-09-10,2.698701,0.000353,0.004356,1.2953,0.0926,1.0732,CAUTIOUS_BULL,EARLY_DD_UNCERTAINTY,XLF:0.18,HYG:0.15,SPY:0.12,0.1222,0.0
2024-09-11,2.7108,0.004483,0.010259,1.2589,0.0953,1.0736,CAUTIOUS_BULL,EARLY_DD_UNCERTAINTY,XLF:0.18,HYG:0.15,SPY:0.12,0.1243,0.0
2024-09-12,2.737686,0.009918,0.008423,1.1408,0.1052,1.074,CAUTIOUS_BULL,EARLY_DD_UNCERTAINTY,XLK:0.16,HYG:0.15,XLF:0.14,0.0,0.0
2024-09-13,2.753656,0.005833,0.005223,0.8998,0.1334,1.0744,CAUTIOUS_BULL,EARLY_DD_UNCERTAINTY,XLK:0.16,HYG:0.15,XLF:0.14,0.0,0.0
2024-09-16,2.761107,0.002706,0.001477,0.9141,0.1313,1.1939,GOLDILOCKS,NORMAL_TRENDING,XLK:0.25,XLF:0.20,MTUM:0.13,0.0,0.0
2024-09-17,2.759054,-0.000744,0.000409,0.7527,0.1594,1.194,GOLDILOCKS,NORMAL_TRENDING,XLK:0.25,XLF:0.20,MTUM:0.13,0.0,0.0
2024-09-18,2.746195,-0.004661,-0.002966,0.7706,0.1557,1.1942,GOLDILOCKS,NORMAL_TRENDING,SPY:0.23,XLU:0.22,QUAL:0.11,0.2252,0.0
2024-09-19,2.799163,0.019287,0.017064,1.0564,0.1136,1.1949,GOLDILOCKS,NORMAL_TRENDING,XLK:0.25,XLF:0.20,MTUM:0.13,0.0,0.0
2024-09-20,2.819624,0.00731,-0.001728,0.7008,0.1712,1.1952,GOLDILOCKS,NORMAL_TRENDING,SPY:0.23,XLU:0.22,MTUM:0.12,0.2284,0.0
2024-09-23,2.823442,0.001354,0.002499,0.9592,0.1251,1.1948,GOLDILOCKS,NORMAL_TRENDING,XLK:0.25,XLF:0.20,MTUM:0.13,0.0,0.0
2024-09-24,2.835731,0.004353,0.002861,0.7479,0.1604,1.1949,GOLDILOCKS,NORMAL_TRENDING,XLK:0.25,XLF:0.20,MTUM:0.12,0.0,0.0
2024-09-25,2.83132,-0.001555,-0.002206,0.7548,0.159,1.1954,GOLDILOCKS,NORMAL_TRENDING,XLK:0.24,XLF:0.21,MTUM:0.12,0.0,0.0
2024-09-26,2.860277,0.010227,0.003965,0.7586,0.1582,1.195,GOLDILOCKS,NORMAL_TRENDING,XLK:0.25,XLF:0.20,MTUM:0.12,0.0,0.0
2024-09-27,2.842565,-0.006193,-0.00145,0.7527,0.1594,1.1947,GOLDILOCKS,NORMAL_TRENDING,XLK:0.24,XLF:0.21,MTUM:0.12,0.0,0.0
2024-09-30,2.844176,0.000567,0.004007,0.746,0.1609,1.1949,GOLDILOCKS,NORMAL_TRENDING,XLK:0.23,XLF:0.22,MTUM:0.12,0.0,0.0
2024-10-01,2.824638,-0.006869,-0.008958,0.7619,0.1575,1.1947,GOLDILOCKS,NORMAL_TRENDING,XLK:0.23,XLF:0.22,MTUM:0.12,0.0,0.0
2024-10-02,2.828786,0.001468,0.000422,0.9011,0.1332,1.1943,GOLDILOCKS,NORMAL_TRENDING,XLF:0.25,XLK:0.20,MTUM:0.13,0.0,0.0
2024-10-03,2.81947,-0.003293,-0.001828,0.931,0.1289,1.1931,GOLDILOCKS,NORMAL_TRENDING,XLF:0.25,XLK:0.20,MTUM:0.13,0.0,0.0437
2024-10-04,2.84674,0.009672,0.009087,0.9235,0.1299,1.1931,GOLDILOCKS,NORMAL_TRENDING,XLF:0.25,XLK:0.20,MTUM:0.13,0.0,0.0442
2024-10-07,2.824754,-0.007723,-0.00904,1.1297,0.1062,1.192,GOLDILOCKS,NORMAL_TRENDING,XLF:0.25,XLK:0.20,MTUM:0.13,0.0,0.0433
2024-10-08,2.841601,0.005964,0.009458,1.1377,0.1055,1.1912,GOLDILOCKS,NORMAL_TRENDING,XLF:0.26,XLK:0.19,MTUM:0.13,0.0,0.0447
2024-10-09,2.855012,0.00472,0.006927,1.135,0.1057,1.1916,GOLDILOCKS,NORMAL_TRENDING,XLF:0.25,XLK:0.20,MTUM:0.13,0.0,0.0438
2024-10-10,2.854764,-8.7e-05,-0.00175,1.1687,0.1027,1.1912,GOLDILOCKS,NORMAL_TRENDING,XLF:0.23,XLK:0.22,MTUM:0.13,0.0,0.0436
2024-10-11,2.877669,0.008023,0.005988,1.1842,0.1013,1.1915,GOLDILOCKS,NORMAL_TRENDING,XLF:0.23,XLK:0.22,MTUM:0.13,0.0,0.0
2024-10-14,2.894609,0.005887,0.008179,1.1665,0.1029,1.1914,GOLDILOCKS,NORMAL_TRENDING,XLF:0.24,XLK:0.21,MTUM:0.13,0.0,0.0
2024-10-15,2.868636,-0.008973,-0.00777,1.1609,0.1034,1.1915,GOLDILOCKS,NORMAL_TRENDING,XLF:0.23,XLK:0.22,MTUM:0.13,0.0,0.0
2024-10-16,2.88768,0.006639,0.004346,1.073,0.1118,1.1923,GOLDILOCKS,NORMAL_TRENDING,XLF:0.24,XLK:0.21,MTUM:0.13,0.0,0.0433
2024-10-17,2.888829,0.000398,8.6e-05,1.1038,0.1087,1.1924,GOLDILOCKS,NORMAL_TRENDING,XLF:0.24,XLK:0.21,MTUM:0.13,0.0,0.0429
2024-10-18,2.905657,0.005825,0.003847,1.3464,0.0891,1.1932,GOLDILOCKS,NORMAL_TRENDING,XLF:0.24,XLK:0.21,MTUM:0.13,0.0,0.0
2024-10-21,2.889552,-0.005543,-0.001642,1.3187,0.091,1.1935,GOLDILOCKS,NORMAL_TRENDING,XLU:0.25,XLF:0.20,MTUM:0.11,0.0,0.0
2024-10-22,2.888299,-0.000434,-0.000531,1.4337,0.0837,1.1942,GOLDILOCKS,NORMAL_TRENDING,XLF:0.24,XLK:0.21,MTUM:0.13,0.0,0.0
2024-10-23,2.863789,-0.008486,-0.009137,1.3208,0.0909,1.1934,GOLDILOCKS,NORMAL_TRENDING,XLF:0.23,XLK:0.22,MTUM:0.13,0.0,0.0
2024-10-24,2.864008,7.6e-05,0.002163,1.2161,0.0987,1.1929,GOLDILOCKS,NORMAL_TRENDING,XLF:0.23,XLK:0.22,EEM:0.15,0.0,0.0
2024-10-25,2.856782,-0.002523,-0.000346,1.3067,0.0918,1.1921,GOLDILOCKS,NORMAL_TRENDING,XLK:0.23,XLF:0.22,EEM:0.15,0.0,0.0
2024-10-28,2.868769,0.004196,0.003092,1.3187,0.091,1.1928,GOLDILOCKS,NORMAL_TRENDING,XLK:0.23,XLF:0.22,EEM:0.15,0.0,0.0
2024-10-29,2.877396,0.003007,0.001618,1.3085,0.0917,1.1924,GOLDILOCKS,NORMAL_TRENDING,XLF:0.23,XLK:0.22,MTUM:0.12,0.0,0.0
2024-10-30,2.8615,-0.005525,-0.003025,1.4026,0.0856,1.1925,GOLDILOCKS,NORMAL_TRENDING,XLF:0.23,XLK:0.22,EEM:0.15,0.0,0.0
2024-10-31,2.809164,-0.01829,-0.019603,1.3961,0.086,1.1909,GOLDILOCKS,NORMAL_TRENDING,XLF:0.23,XLK:0.22,EEM:0.15,0.0,0.0
2024-11-01,2.793637,-0.005527,0.004221,1.0686,0.1123,1.1913,GOLDILOCKS,NORMAL_TRENDING,XLU:0.26,XLF:0.19,EEM:0.15,0.0,0.0
2024-11-04,2.790276,-0.001203,-0.002154,1.3335,0.09,1.1909,GOLDILOCKS,NORMAL_TRENDING,XLF:0.23,XLK:0.22,EEM:0.15,0.0,0.0
2024-11-05,2.821664,0.011249,0.012092,1.1864,0.1011,1.1912,GOLDILOCKS,NORMAL_TRENDING,XLF:0.23,XLK:0.22,EEM:0.15,0.0,0.0
2024-11-06,2.880951,0.021011,0.024865,1.111,0.108,1.1927,GOLDILOCKS,NORMAL_TRENDING,XLF:0.23,XLK:0.22,EEM:0.15,0.0,0.0
2024-11-07,2.899379,0.006396,0.007732,0.9259,0.1296,1.1939,GOLDILOCKS,NORMAL_TRENDING,XLF:0.24,XLK:0.21,MTUM:0.13,0.0,0.0
2024-11-08,2.902058,0.000924,0.004332,0.8993,0.1334,1.1946,GOLDILOCKS,NORMAL_TRENDING,XLF:0.24,XLK:0.21,MTUM:0.13,0.0,0.0
2024-11-11,2.896897,-0.001778,0.000953,0.9191,0.1306,1.1953,GOLDILOCKS,NORMAL_TRENDING,XLF:0.25,XLK:0.20,MTUM:0.13,0.0,0.0
2024-11-12,2.884174,-0.004392,-0.003106,0.9271,0.1294,1.1955,GOLDILOCKS,NORMAL_TRENDING,XLF:0.25,XLK:0.20,MTUM:0.13,0.0,0.0
2024-11-13,2.877561,-0.002293,0.000486,0.9522,0.126,1.1955,GOLDILOCKS,NORMAL_TRENDING,XLF:0.30,XLK:0.23,MTUM:0.15,0.0,0.0
2024-11-14,2.865156,-0.004311,-0.00643,0.867,0.1384,1.1955,GOLDILOCKS,NORMAL_TRENDING,XLF:0.31,XLK:0.22,MTUM:0.15,0.0,0.0
2024-11-15,2.842858,-0.007783,-0.012809,0.867,0.1384,1.1952,GOLDILOCKS,NORMAL_TRENDING,XLF:0.31,XLK:0.22,MTUM:0.15,0.0,0.0
2024-11-18,2.856508,0.004801,0.004097,0.8464,0.1418,1.1952,GOLDILOCKS,NORMAL_TRENDING,XLF:0.31,XLK:0.22,MTUM:0.15,0.0,0.0
2024-11-19,2.865396,0.003112,0.003655,0.8467,0.1417,1.1947,GOLDILOCKS,NORMAL_TRENDING,XLF:0.30,XLK:0.23,MTUM:0.15,0.0,0.0
2024-11-20,2.861799,-0.001255,0.000339,0.8382,0.1432,1.1947,GOLDILOCKS,NORMAL_TRENDING,XLF:0.30,XLK:0.23,MTUM:0.15,0.0,0.0
2024-11-21,2.885706,0.008354,0.005368,0.8588,0.1397,1.1947,GOLDILOCKS,NORMAL_TRENDING,XLF:0.30,XLK:0.23,MTUM:0.15,0.0,0.0
2024-11-22,2.902061,0.005668,0.003099,0.8457,0.1419,1.1948,GOLDILOCKS,NORMAL_TRENDING,XLF:0.30,XLK:0.23,MTUM:0.15,0.0,0.0
2024-11-25,2.900086,-0.000681,0.003392,0.8465,0.1418,1.1957,GOLDILOCKS,NORMAL_TRENDING,XLF:0.30,XLK:0.23,MTUM:0.15,0.0,0.0
2024-11-26,2.911517,0.003942,0.005222,0.8474,0.1416,1.1957,GOLDILOCKS,NORMAL_TRENDING,XLF:0.30,XLK:0.23,MTUM:0.15,0.0,0.0
2024-11-27,2.899735,-0.004047,-0.00303,0.8487,0.1414,1.1957,GOLDILOCKS,NORMAL_TRENDING,XLF:0.30,XLK:0.23,MTUM:0.15,0.0,0.0
2024-11-29,2.914918,0.005236,0.006212,0.848,0.1415,1.1962,GOLDILOCKS,NORMAL_TRENDING,XLF:0.30,XLK:0.23,MTUM:0.15,0.0,0.0
2024-12-02,2.915211,0.0001,0.001793,0.9919,0.121,1.1963,GOLDILOCKS,NORMAL_TRENDING,XLF:0.26,XLK:0.19,EWJ:0.15,0.0,0.0
2024-12-03,2.922253,0.002416,0.000464,1.0658,0.1126,1.1967,GOLDILOCKS,NORMAL_TRENDING,XLF:0.26,XLK:0.19,EWJ:0.15,0.0,0.0
2024-12-04,2.936128,0.004748,0.00621,1.0803,0.1111,1.1966,GOLDILOCKS,NORMAL_TRENDING,XLF:0.25,XLK:0.20,EWJ:0.15,0.0,0.0
2024-12-05,2.933055,-0.001047,-0.001646,1.1281,0.1064,1.1965,GOLDILOCKS,NORMAL_TRENDING,XLF:0.25,XLK:0.20,EWJ:0.15,0.0,0.0
2024-12-06,2.937933,0.001663,0.001896,1.7213,0.0697,1.1964,GOLDILOCKS,NORMAL_TRENDING,XLF:0.25,XLK:0.20,MTUM:0.13,0.0,0.0
2024-12-09,2.921216,-0.00569,-0.00515,1.9007,0.0631,1.1967,GOLDILOCKS,NORMAL_TRENDING,XLF:0.25,XLK:0.20,MTUM:0.13,0.0,0.045
2024-12-10,2.905348,-0.005432,-0.003109,1.7344,0.0692,1.1961,GOLDILOCKS,NORMAL_TRENDING,XLF:0.25,XLK:0.20,MTUM:0.13,0.0,0.0
2024-12-11,2.928695,0.008036,0.007731,1.7036,0.0704,1.1963,GOLDILOCKS,NORMAL_TRENDING,XLF:0.26,XLK:0.19,MTUM:0.12,0.0,0.0
2024-12-12,2.90884,-0.006779,-0.005153,1.6453,0.0729,1.1954,GOLDILOCKS,NORMAL_TRENDING,XLF:0.25,XLK:0.20,MTUM:0.12,0.0,0.0
2024-12-13,2.909655,0.00028,-0.000198,1.5568,0.0771,1.1954,GOLDILOCKS,NORMAL_TRENDING,XLF:0.25,XLK:0.20,MTUM:0.12,0.0,0.0
2024-12-16,2.918951,0.003195,0.00427,1.5832,0.0758,1.1956,GOLDILOCKS,NORMAL_TRENDING,XLF:0.24,XLK:0.21,MTUM:0.12,0.0,0.0
2024-12-17,2.90035,-0.006372,-0.00412,1.7579,0.0683,1.1954,GOLDILOCKS,NORMAL_TRENDING,XLF:0.30,XLK:0.23,MTUM:0.15,0.0,0.0
2024-12-18,2.844132,-0.019383,-0.029804,1.5401,0.0779,0.5958,CRISIS_MODE,FAST_SHOCK,HYG:0.40,GLD:0.15,DJP:0.09,0.0619,0.0
2024-12-19,2.846601,0.000868,-0.000307,1.3722,0.0875,1.3095,RECOVERY_GROWTH,RECOVERY_ACCEL,XLF:0.35,HYG:0.20,SPY:0.18,0.1833,0.0
2024-12-20,2.888428,0.014694,0.012011,0.9983,0.1202,1.3108,RECOVERY_GROWTH,RECOVERY_ACCEL,XLF:0.40,SPY:0.24,MTUM:0.24,0.2414,0.0
2024-12-23,2.897047,0.002984,0.005988,0.8076,0.1486,1.3129,RECOVERY_GROWTH,RECOVERY_ACCEL,XLF:0.24,SPY:0.22,HYG:0.17,0.2192,0.0
2024-12-24,2.925801,0.009925,0.011115,1.088,0.1103,1.1945,GOLDILOCKS,NORMAL_TRENDING,XLF:0.29,XLK:0.23,MTUM:0.15,0.0,0.0
2024-12-26,2.930137,0.001482,6.7e-05,0.8621,0.1392,1.1956,GOLDILOCKS,NORMAL_TRENDING,XLF:0.28,SPY:0.25,MTUM:0.15,0.2496,0.0
2024-12-27,2.902453,-0.009448,-0.010526,0.9174,0.1308,1.1952,GOLDILOCKS,NORMAL_TRENDING,XLF:0.29,XLK:0.23,MTUM:0.15,0.0,0.0
2024-12-30,2.8776,-0.008563,-0.011412,0.8453,0.142,1.1944,GOLDILOCKS,NORMAL_TRENDING,XLF:0.30,XLK:0.23,MTUM:0.15,0.0,0.0
2024-12-31,2.868601,-0.003127,-0.003638,0.8397,0.1429,1.1943,GOLDILOCKS,NORMAL_TRENDING,XLF:0.30,XLK:0.23,MTUM:0.16,0.0,0.0
2025-01-02,2.870567,0.000686,-0.002457,0.8467,0.1417,1.1943,GOLDILOCKS,NORMAL_TRENDING,XLF:0.28,XLK:0.25,MTUM:0.16,0.0,0.0
2025-01-03,2.89874,0.009814,0.012503,0.8305,0.1445,1.1947,GOLDILOCKS,NORMAL_TRENDING,XLF:0.27,XLK:0.26,MTUM:0.16,0.0,0.0
2025-01-06,2.912943,0.0049,0.005761,0.8137,0.1475,1.1944,GOLDILOCKS,NORMAL_TRENDING,XLK:0.28,XLF:0.25,MTUM:0.15,0.0,0.0
2025-01-07,2.882468,-0.010462,-0.011304,0.8032,0.1494,1.1939,GOLDILOCKS,NORMAL_TRENDING,XLK:0.28,XLF:0.25,MTUM:0.15,0.0,0.0
2025-01-08,2.888761,0.002183,0.001461,0.7847,0.1529,1.1944,GOLDILOCKS,NORMAL_TRENDING,XLK:0.27,XLF:0.26,MTUM:0.15,0.0,0.0
2025-01-10,2.846116,-0.014762,-0.015267,0.7987,0.1502,1.194,GOLDILOCKS,NORMAL_TRENDING,XLK:0.27,XLF:0.26,MTUM:0.15,0.0,0.0
2025-01-13,2.843947,-0.000762,0.00155,0.7603,0.1578,1.1937,GOLDILOCKS,NORMAL_TRENDING,XLF:0.27,XLK:0.26,MTUM:0.15,0.0,0.0
2025-01-14,2.860143,0.005695,0.001376,0.7847,0.1529,1.1937,GOLDILOCKS,NORMAL_TRENDING,XLF:0.31,SPY:0.22,MTUM:0.15,0.2181,0.0
2025-01-15,2.916069,0.019554,0.01819,0.8301,0.1446,1.194,GOLDILOCKS,NORMAL_TRENDING,XLF:0.32,SPY:0.21,MTUM:0.15,0.2141,0.0
2025-01-16,2.918003,0.000663,-0.001923,0.7412,0.1619,1.1942,GOLDILOCKS,NORMAL_TRENDING,XLF:0.29,XLK:0.24,MTUM:0.14,0.0,0.0
2025-01-17,2.944571,0.009105,0.01004,0.7085,0.1694,1.1945,GOLDILOCKS,NORMAL_TRENDING,XLF:0.29,XLK:0.24,MTUM:0.14,0.0,0.0
2025-01-21,2.970045,0.008651,0.009154,0.7014,0.1711,1.1953,GOLDILOCKS,NORMAL_TRENDING,XLF:0.30,XLK:0.23,MTUM:0.14,0.0,0.0
2025-01-22,2.988869,0.006338,0.005621,0.8842,0.1357,1.1949,GOLDILOCKS,NORMAL_TRENDING,XLF:0.30,XLK:0.23,MTUM:0.14,0.0,0.0
2025-01-23,3.000011,0.003728,0.005458,0.8812,0.1362,1.1957,GOLDILOCKS,NORMAL_TRENDING,XLF:0.30,XLK:0.23,MTUM:0.14,0.0,0.0
2025-01-24,2.997345,-0.000889,-0.002919,0.9221,0.1301,1.1954,GOLDILOCKS,NORMAL_TRENDING,XLF:0.26,XLK:0.19,EFA:0.15,0.0,0.0
2025-01-27,2.94895,-0.016146,-0.014145,0.9652,0.1243,1.1948,GOLDILOCKS,NORMAL_TRENDING,XLF:0.25,XLK:0.20,MTUM:0.11,0.0,0.0
2025-01-28,2.963718,0.005008,0.008593,0.8547,0.1404,1.1945,GOLDILOCKS,NORMAL_TRENDING,XLF:0.26,SPY:0.19,EFA:0.15,0.1859,0.0
2025-01-29,2.95531,-0.002837,-0.004483,1.007,0.1192,1.195,GOLDILOCKS,NORMAL_TRENDING,XLF:0.25,XLK:0.20,MTUM:0.11,0.0,0.0
2025-01-30,2.980228,0.008431,0.005367,0.8628,0.1391,1.1954,GOLDILOCKS,NORMAL_TRENDING,XLF:0.23,SPY:0.22,EFA:0.15,0.2169,0.0
2025-01-31,2.964341,-0.005331,-0.005322,1.1131,0.1078,1.1946,GOLDILOCKS,NORMAL_TRENDING,XLF:0.25,XLK:0.20,MTUM:0.11,0.0,0.0
2025-02-03,2.948104,-0.005477,-0.00673,0.8554,0.1403,1.1944,GOLDILOCKS,NORMAL_TRENDING,XLF:0.23,SPY:0.22,IWF:0.12,0.2234,0.0
2025-02-04,2.962188,0.004777,0.006708,1.0242,0.1172,1.194,GOLDILOCKS,NORMAL_TRENDING,XLF:0.32,SPY:0.21,MTUM:0.13,0.2106,0.0
2025-02-05,2.990512,0.009562,0.004054,0.997,0.1204,1.1948,GOLDILOCKS,NORMAL_TRENDING,XLF:0.25,XLK:0.20,MTUM:0.11,0.0,0.0
2025-02-06,3.004969,0.004834,0.003476,0.83,0.1446,1.1953,GOLDILOCKS,NORMAL_TRENDING,XLF:0.25,XLK:0.20,MTUM:0.11,0.0,0.0
2025-02-07,2.982826,-0.007369,-0.009154,0.8548,0.1404,1.1946,GOLDILOCKS,NORMAL_TRENDING,XLF:0.25,XLK:0.20,MTUM:0.11,0.0,0.0
2025-02-10,2.997735,0.004998,0.006791,0.8303,0.1445,1.195,GOLDILOCKS,NORMAL_TRENDING,XLF:0.25,XLK:0.20,MTUM:0.11,0.0,0.0
2025-02-11,3.000305,0.000857,0.000761,0.9467,0.1268,1.1948,GOLDILOCKS,NORMAL_TRENDING,XLU:0.28,XLF:0.17,IWF:0.11,0.0,0.0
2025-02-12,2.99634,-0.001322,-0.003221,1.1492,0.1044,1.1953,GOLDILOCKS,NORMAL_TRENDING,XLF:0.26,XLU:0.19,MTUM:0.11,0.0,0.0
2025-02-13,3.024399,0.009364,0.010558,1.0703,0.1121,1.1948,GOLDILOCKS,NORMAL_TRENDING,XLF:0.26,XLK:0.19,MTUM:0.12,0.0,0.0
2025-02-14,3.025999,0.000529,-4.9e-05,1.0645,0.1127,1.195,GOLDILOCKS,NORMAL_TRENDING,XLF:0.26,XLK:0.19,MTUM:0.11,0.0,0.0
2025-02-18,3.045503,0.006445,0.002936,1.0259,0.117,1.1951,GOLDILOCKS,NORMAL_TRENDING,XLF:0.26,XLU:0.19,MTUM:0.11,0.0,0.0
2025-02-19,3.044119,-0.000455,0.002355,1.2236,0.0981,1.1953,GOLDILOCKS,NORMAL_TRENDING,XLF:0.26,XLK:0.19,MTUM:0.12,0.0,0.0
2025-02-20,3.035299,-0.002897,-0.00416,1.0701,0.1121,1.1954,GOLDILOCKS,NORMAL_TRENDING,XLF:0.26,XLU:0.19,IWF:0.11,0.0,0.0
2025-02-21,2.986578,-0.016052,-0.017104,1.513,0.0793,1.1943,GOLDILOCKS,NORMAL_TRENDING,XLF:0.24,XLK:0.21,MTUM:0.12,0.0,0.0
2025-02-24,2.970886,-0.005254,-0.00455,0.9152,0.1311,1.1938,GOLDILOCKS,NORMAL_TRENDING,XLF:0.24,XLK:0.21,MTUM:0.12,0.0,0.0
2025-02-25,2.963769,-0.002396,-0.004973,0.9099,0.1319,1.1937,GOLDILOCKS,NORMAL_TRENDING,XLF:0.26,SPY:0.19,MTUM:0.12,0.1866,0.0
2025-02-26,2.969258,0.001852,0.000505,1.219,0.0984,1.1937,GOLDILOCKS,NORMAL_TRENDING,XLF:0.28,SPY:0.17,MTUM:0.14,0.174,0.0
2025-02-27,2.944757,-0.008251,-0.015962,1.2646,0.0949,1.1927,GOLDILOCKS,NORMAL_TRENDING,XLF:0.27,SPY:0.18,MTUM:0.15,0.1789,0.0
2025-02-28,2.975111,0.010308,0.015606,1.2297,0.0976,1.1933,GOLDILOCKS,NORMAL_TRENDING,XLF:0.30,XLV:0.15,MTUM:0.15,0.0,0.0
2025-03-03,2.95679,-0.006158,-0.01752,1.4181,0.0846,1.1916,GOLDILOCKS,NORMAL_TRENDING,XLF:0.27,SPY:0.18,MTUM:0.15,0.1811,0.0
2025-03-04,2.907024,-0.016831,-0.011837,1.1857,0.1012,1.1908,GOLDILOCKS,NORMAL_TRENDING,XLF:0.31,MTUM:0.15,XLU:0.14,0.0,0.0
2025-03-05,2.929125,0.007603,0.010748,1.0751,0.1116,1.0723,CAUTIOUS_BULL,EARLY_DD_UNCERTAINTY,XLF:0.20,USMV:0.18,HYG:0.16,0.0,0.0
2025-03-06,2.908254,-0.007125,-0.017751,1.4211,0.0844,1.071,CAUTIOUS_BULL,EARLY_DD_UNCERTAINTY,XLF:0.20,USMV:0.18,HYG:0.15,0.0,0.0
2025-03-07,2.916195,0.00273,0.005605,1.5021,0.0799,1.0717,CAUTIOUS_BULL,EARLY_DD_UNCERTAINTY,XLV:0.30,USMV:0.18,HYG:0.15,0.0,0.0
2025-03-10,2.88847,-0.009507,-0.026635,1.516,0.0792,1.0702,CAUTIOUS_BULL,EARLY_DD_UNCERTAINTY,XLV:0.30,USMV:0.18,HYG:0.15,0.0,0.0
2025-03-11,2.881084,-0.002557,-0.008313,1.4005,0.0857,1.0698,CAUTIOUS_BULL,EARLY_DD_UNCERTAINTY,XLV:0.30,USMV:0.18,HYG:0.16,0.0,0.0
2025-03-12,2.871985,-0.003158,0.005306,1.4427,0.0832,1.0704,CAUTIOUS_BULL,EARLY_DD_UNCERTAINTY,XLV:0.30,USMV:0.18,HYG:0.15,0.0,0.0
2025-03-13,2.892042,0.006984,-0.01333,1.4269,0.0841,1.0703,CAUTIOUS_BULL,EARLY_DD_UNCERTAINTY,HYG:0.29,IEF:0.21,GLD:0.18,0.0,0.0
2025-03-14,2.906843,0.005118,0.020656,1.3116,0.0915,1.0711,CAUTIOUS_BULL,EARLY_DD_UNCERTAINTY,HYG:0.30,IEF:0.20,GDX:0.17,0.0,0.0
2025-03-17,2.932982,0.008993,0.007711,1.3227,0.0907,1.0725,CAUTIOUS_BULL,EARLY_DD_UNCERTAINTY,USMV:0.18,HYG:0.15,XLV:0.15,0.0,0.0
2025-03-18,2.931188,-0.000612,-0.010808,1.4036,0.0855,1.072,CAUTIOUS_BULL,EARLY_DD_UNCERTAINTY,USMV:0.18,HYG:0.15,XLU:0.15,0.0,0.0
2025-03-19,2.950951,0.006742,0.010891,1.3344,0.0899,1.0732,CAUTIOUS_BULL,EARLY_DD_UNCERTAINTY,USMV:0.18,HYG:0.15,XLU:0.15,0.0,0.0
2025-03-20,2.948499,-0.000831,-0.002892,1.306,0.0919,1.0736,CAUTIOUS_BULL,EARLY_DD_UNCERTAINTY,XLF:0.19,USMV:0.18,HYG:0.15,0.0,0.0
2025-03-21,2.935346,-0.004461,0.00033,1.2263,0.0979,1.074,CAUTIOUS_BULL,EARLY_DD_UNCERTAINTY,XLF:0.19,USMV:0.18,HYG:0.15,0.0,0.0
2025-03-24,2.941078,0.001953,0.017908,1.2359,0.0971,1.0742,CAUTIOUS_BULL,EARLY_DD_UNCERTAINTY,USMV:0.18,XLU:0.16,HYG:0.15,0.0,0.0
2025-03-25,2.943421,0.000797,0.002404,1.346,0.0892,1.0743,CAUTIOUS_BULL,EARLY_DD_UNCERTAINTY,XLF:0.18,USMV:0.18,HYG:0.15,0.0,0.0
2025-03-26,2.938166,-0.001785,-0.011938,1.2477,0.0962,1.0741,CAUTIOUS_BULL,EARLY_DD_UNCERTAINTY,XLF:0.20,USMV:0.18,HYG:0.15,0.0,0.0
2025-03-27,2.9458,0.002598,-0.002656,1.2205,0.0983,1.0738,CAUTIOUS_BULL,EARLY_DD_UNCERTAINTY,XLF:0.20,USMV:0.18,HYG:0.16,0.0,0.0
2025-03-28,2.927741,-0.006131,-0.020138,1.2431,0.0965,1.0734,CAUTIOUS_BULL,EARLY_DD_UNCERTAINTY,XLF:0.21,USMV:0.18,HYG:0.16,0.0,0.0
2025-03-31,2.949347,0.00738,0.006713,1.2536,0.0957,1.073,CAUTIOUS_BULL,EARLY_DD_UNCERTAINTY,USMV:0.18,HYG:0.15,XLU:0.15,0.0,0.0
2025-04-01,2.948567,-0.000264,0.002824,1.5241,0.0787,1.0728,CAUTIOUS_BULL,EARLY_DD_UNCERTAINTY,XLF:0.19,USMV:0.18,HYG:0.15,0.0,0.0
2025-04-02,2.958517,0.003374,0.006328,1.4904,0.0805,1.0724,CAUTIOUS_BULL,EARLY_DD_UNCERTAINTY,XLF:0.20,USMV:0.18,HYG:0.15,0.0,0.0
2025-04-03,2.947152,-0.003841,-0.049281,1.4938,0.0803,0.5944,CRISIS_MODE,FAST_SHOCK,TLT:0.26,IEF:0.24,HYG:0.23,0.0,0.2615
2025-04-04,2.806512,-0.047721,-0.058543,2.3741,0.0505,1.3028,RECOVERY_GROWTH,RECOVERY_ACCEL,XLU:0.40,USMV:0.20,EFA:0.12,0.0,0.0739
2025-04-07,2.751188,-0.019713,-0.001781,0.6348,0.189,0.5913,CRISIS_MODE,FAST_SHOCK,TLT:0.40,IEF:0.40,GLD:0.11,0.0,0.4
2025-04-08,2.739388,-0.004289,-0.015663,1.1159,0.1075,1.2994,RECOVERY_GROWTH,RECOVERY_ACCEL,GLD:0.31,IEF:0.28,TLT:0.25,0.0,0.2519
2025-04-09,2.83404,0.034552,0.105019,0.935,0.1283,0.5914,CRISIS_MODE,FAST_SHOCK,IEF:0.40,GLD:0.31,GDX:0.29,0.0,0.0
2025-04-10,2.884421,0.017777,-0.043819,0.6,0.2,1.3004,RECOVERY_GROWTH,RECOVERY_ACCEL,IEF:0.40,GLD:0.37,GDX:0.23,0.0,0.0
2025-04-11,2.940153,0.019322,0.017843,0.6381,0.1881,0.5912,CRISIS_MODE,FAST_SHOCK,IEF:0.40,GLD:0.31,GDX:0.29,0.0,0.0
2025-04-14,2.949873,0.003306,0.009701,0.564,0.2128,1.3026,RECOVERY_GROWTH,RECOVERY_ACCEL,IEF:0.40,GLD:0.31,GDX:0.29,0.0,0.0
2025-04-15,2.96104,0.003786,-0.002801,0.5686,0.211,1.3035,RECOVERY_GROWTH,RECOVERY_ACCEL,XLU:0.40,IEF:0.21,EFA:0.17,0.0,0.0
2025-04-16,2.969881,0.002986,-0.022228,0.4902,0.2448,1.3028,RECOVERY_GROWTH,RECOVERY_ACCEL,XLU:0.40,IEF:0.21,EFA:0.17,0.0,0.0
2025-04-17,2.96405,-0.001963,0.001427,0.4874,0.2462,1.3032,RECOVERY_GROWTH,RECOVERY_ACCEL,IEF:0.38,EFA:0.30,GDX:0.19,0.0,0.0
2025-04-21,2.943821,-0.006825,-0.023803,0.5062,0.2371,1.3028,RECOVERY_GROWTH,RECOVERY_ACCEL,XLU:0.40,IEF:0.21,EFA:0.17,0.0,0.0
2025-04-22,2.942565,-0.000427,0.026018,0.4852,0.2473,1.3036,RECOVERY_GROWTH,RECOVERY_ACCEL,IEF:0.37,EFA:0.30,GDX:0.17,0.0,0.0
2025-04-23,2.934114,-0.002872,0.015495,0.5206,0.2305,1.3046,RECOVERY_GROWTH,RECOVERY_ACCEL,XLU:0.40,IEF:0.21,EFA:0.10,0.0,0.0
2025-04-24,2.95696,0.007786,0.021049,0.4827,0.2486,1.3055,RECOVERY_GROWTH,RECOVERY_ACCEL,XLU:0.40,IEF:0.21,GDX:0.11,0.0,0.0
2025-04-25,2.946486,-0.003542,0.007225,0.4762,0.252,1.3072,RECOVERY_GROWTH,RECOVERY_ACCEL,XLU:0.40,HYG:0.13,EEM:0.10,0.0,0.0
2025-04-28,2.964969,0.006273,0.000381,0.4612,0.2602,1.3078,RECOVERY_GROWTH,RECOVERY_ACCEL,XLU:0.40,HYG:0.12,EEM:0.10,0.0,0.0
2025-04-29,2.969246,0.001443,0.006299,0.4611,0.2603,1.3081,RECOVERY_GROWTH,RECOVERY_ACCEL,XLU:0.40,HYG:0.12,GLD:0.11,0.0,0.0
2025-04-30,2.967174,-0.000698,0.000397,0.4668,0.2571,1.3085,RECOVERY_GROWTH,RECOVERY_ACCEL,XLU:0.40,USMV:0.20,HYG:0.08,0.0,0.0
2025-05-01,2.961136,-0.002035,0.007087,0.4398,0.2729,1.3087,RECOVERY_GROWTH,RECOVERY_ACCEL,XLU:0.40,MTUM:0.13,HYG:0.08,0.0,0.0
2025-05-02,2.989534,0.00959,0.014844,0.4065,0.2952,1.3091,RECOVERY_GROWTH,RECOVERY_ACCEL,XLU:0.40,MTUM:0.13,HYG:0.08,0.0,0.0
2025-05-05,2.996168,0.002219,-0.005734,0.4094,0.2931,1.3087,RECOVERY_GROWTH,RECOVERY_ACCEL,XLF:0.29,MTUM:0.13,XLU:0.11,0.0,0.0
2025-05-06,3.003799,0.002547,-0.008358,0.473,0.2537,1.3086,RECOVERY_GROWTH,RECOVERY_ACCEL,XLF:0.28,MTUM:0.13,XLU:0.12,0.0,0.0
2025-05-07,3.007577,0.001258,0.004206,0.4915,0.2441,1.19,GOLDILOCKS,NORMAL_TRENDING,XLF:0.29,XLU:0.16,MTUM:0.14,0.0,0.0
2025-05-08,3.007087,-0.000163,0.006968,0.4597,0.261,1.1906,GOLDILOCKS,NORMAL_TRENDING,XLF:0.29,XLU:0.16,MTUM:0.14,0.0,0.0
2025-05-09,3.013874,0.002257,-0.001274,0.8008,0.1499,1.1911,GOLDILOCKS,NORMAL_TRENDING,XLU:0.31,MTUM:0.15,XLF:0.14,0.0,0.0
2025-05-12,3.038504,0.008172,0.033047,0.9422,0.1274,1.1931,GOLDILOCKS,NORMAL_TRENDING,XLF:0.28,XLU:0.17,MTUM:0.14,0.0,0.0
2025-05-13,3.064708,0.008624,0.006604,0.9777,0.1227,1.1937,GOLDILOCKS,NORMAL_TRENDING,XLF:0.27,XLK:0.18,MTUM:0.12,0.0,0.0
2025-05-14,3.063182,-0.000498,0.001278,0.7706,0.1557,1.1937,GOLDILOCKS,NORMAL_TRENDING,XLF:0.27,XLK:0.18,MTUM:0.12,0.0,0.0
2025-05-15,3.078047,0.004853,0.004884,0.7676,0.1563,1.1934,GOLDILOCKS,NORMAL_TRENDING,XLF:0.28,XLK:0.17,MTUM:0.13,0.0,0.0
2025-05-16,3.087263,0.002994,0.006334,0.8663,0.1385,1.194,GOLDILOCKS,NORMAL_TRENDING,XLF:0.28,XLK:0.17,MTUM:0.13,0.0,0.0
2025-05-19,3.095239,0.002584,0.001094,0.8747,0.1372,1.1936,GOLDILOCKS,NORMAL_TRENDING,XLF:0.29,SPY:0.16,MTUM:0.13,0.1637,0.0
2025-05-20,3.092335,-0.000938,-0.003362,1.1737,0.1022,1.1938,GOLDILOCKS,NORMAL_TRENDING,XLF:0.28,SPY:0.17,MTUM:0.13,0.1679,0.0
2025-05-21,3.052916,-0.012747,-0.016851,1.2736,0.0942,1.1927,GOLDILOCKS,NORMAL_TRENDING,XLU:0.27,XLF:0.18,USMV:0.14,0.0,0.0
2025-05-22,3.051117,-0.000589,0.000395,1.2731,0.0943,1.1929,GOLDILOCKS,NORMAL_TRENDING,XLF:0.29,SPY:0.16,MTUM:0.13,0.1551,0.0
2025-05-23,3.050079,-0.00034,-0.006826,1.1721,0.1024,1.1919,GOLDILOCKS,NORMAL_TRENDING,XLF:0.29,SPY:0.16,MTUM:0.13,0.1606,0.0
2025-05-27,3.095477,0.014884,0.020791,1.19,0.1008,1.1934,GOLDILOCKS,NORMAL_TRENDING,XLF:0.28,XLK:0.17,MTUM:0.13,0.0,0.0
2025-05-28,3.080719,-0.004768,-0.005785,1.0414,0.1152,1.193,GOLDILOCKS,NORMAL_TRENDING,XLF:0.28,XLK:0.17,MTUM:0.13,0.0,0.0
2025-05-29,3.0912,0.003402,0.003947,1.0114,0.1186,1.1929,GOLDILOCKS,NORMAL_TRENDING,XLF:0.29,XLK:0.16,MTUM:0.13,0.0,0.0
2025-05-30,3.091029,-5.5e-05,-0.001119,1.0142,0.1183,1.1937,GOLDILOCKS,NORMAL_TRENDING,XLF:0.29,XLK:0.16,MTUM:0.13,0.0,0.0
2025-06-02,3.114887,0.007718,0.005633,1.0136,0.1184,1.1942,GOLDILOCKS,NORMAL_TRENDING,XLF:0.29,XLK:0.16,MTUM:0.13,0.0,0.0
2025-06-03,3.123563,0.002785,0.005703,1.0937,0.1097,1.1944,GOLDILOCKS,NORMAL_TRENDING,XLF:0.28,XLK:0.17,MTUM:0.13,0.0,0.0
2025-06-04,3.12515,0.000508,-0.000269,1.0916,0.1099,1.194,GOLDILOCKS,NORMAL_TRENDING,XLF:0.27,XLK:0.18,MTUM:0.13,0.0,0.0
2025-06-05,3.113354,-0.003775,-0.004833,1.097,0.1094,1.1941,GOLDILOCKS,NORMAL_TRENDING,XLF:0.27,XLK:0.18,MTUM:0.13,0.0,0.0
2025-06-06,3.13002,0.005353,0.010269,1.0749,0.1116,1.1935,GOLDILOCKS,NORMAL_TRENDING,XLF:0.27,XLK:0.18,MTUM:0.13,0.0,0.0
2025-06-09,3.130364,0.00011,0.000901,1.076,0.1115,1.1942,GOLDILOCKS,NORMAL_TRENDING,XLF:0.28,XLK:0.17,MTUM:0.13,0.0,0.0
2025-06-10,3.136484,0.001955,0.00567,1.0796,0.1111,1.1942,GOLDILOCKS,NORMAL_TRENDING,XLF:0.28,XLK:0.17,MTUM:0.13,0.0,0.0
2025-06-11,3.138042,0.000497,-0.002852,1.3329,0.09,1.1939,GOLDILOCKS,NORMAL_TRENDING,XLF:0.27,XLK:0.18,MTUM:0.13,0.0,0.0
2025-06-12,3.151943,0.00443,0.003974,1.3944,0.0861,1.1941,GOLDILOCKS,NORMAL_TRENDING,XLF:0.27,XLK:0.18,MTUM:0.13,0.0,0.0
2025-06-13,3.116029,-0.011394,-0.01118,1.3876,0.0865,1.1928,GOLDILOCKS,NORMAL_TRENDING,XLF:0.28,XLK:0.17,MTUM:0.13,0.0,0.0
2025-06-16,3.141218,0.008084,0.009514,1.2467,0.0963,1.1922,GOLDILOCKS,NORMAL_TRENDING,XLF:0.29,XLK:0.16,MTUM:0.13,0.0,0.0
2025-06-17,3.121466,-0.006288,-0.008545,1.2035,0.0997,1.1916,GOLDILOCKS,NORMAL_TRENDING,XLF:0.29,XLK:0.16,MTUM:0.13,0.0,0.0
2025-06-18,3.122515,0.000336,-0.000151,1.1693,0.1026,1.1925,GOLDILOCKS,NORMAL_TRENDING,XLF:0.29,XLK:0.16,MTUM:0.13,0.0,0.0
2025-06-20,3.114666,-0.002514,-0.002349,1.1687,0.1027,1.1927,GOLDILOCKS,NORMAL_TRENDING,XLF:0.29,XLK:0.16,MTUM:0.13,0.0,0.0
2025-06-23,3.147984,0.010697,0.009878,1.334,0.09,1.1929,GOLDILOCKS,NORMAL_TRENDING,XLF:0.28,XLK:0.17,MTUM:0.13,0.0,0.0
2025-06-24,3.184342,0.011549,0.011047,1.2476,0.0962,1.1937,GOLDILOCKS,NORMAL_TRENDING,XLF:0.28,XLK:0.17,MTUM:0.13,0.0,0.0
2025-06-25,3.183915,-0.000134,0.00056,1.1766,0.102,1.1938,GOLDILOCKS,NORMAL_TRENDING,XLF:0.28,XLK:0.17,MTUM:0.13,0.0,0.0
2025-06-26,3.20916,0.007929,0.007824,1.3246,0.0906,1.1947,GOLDILOCKS,NORMAL_TRENDING,XLF:0.27,XLK:0.18,MTUM:0.13,0.0,0.0
2025-06-27,3.209283,3.8e-05,0.004968,1.3275,0.0904,1.1939,GOLDILOCKS,NORMAL_TRENDING,XLF:0.28,XLK:0.17,MTUM:0.13,0.0,0.0
2025-06-30,3.23456,0.007876,0.004781,1.3247,0.0906,1.1939,GOLDILOCKS,NORMAL_TRENDING,XLF:0.28,XLK:0.17,MTUM:0.13,0.0,0.0
2025-07-01,3.231811,-0.00085,-0.000324,1.2961,0.0926,1.1944,GOLDILOCKS,NORMAL_TRENDING,XLF:0.28,XLK:0.17,USMV:0.12,0.0,0.0493
2025-07-02,3.243115,0.003497,0.004533,1.3891,0.0864,1.195,GOLDILOCKS,NORMAL_TRENDING,XLF:0.28,XLK:0.17,MTUM:0.13,0.0,0.0
2025-07-03,3.264953,0.006734,0.007881,1.3034,0.0921,1.195,GOLDILOCKS,NORMAL_TRENDING,XLU:0.26,XLF:0.19,MTUM:0.13,0.0,0.0
2025-07-07,3.239049,-0.007934,-0.007452,1.4287,0.084,1.1945,GOLDILOCKS,NORMAL_TRENDING,XLF:0.27,XLK:0.18,MTUM:0.13,0.0,0.0
2025-07-08,3.225264,-0.004256,-0.000548,1.2098,0.0992,1.1945,GOLDILOCKS,NORMAL_TRENDING,XLF:0.28,XLK:0.17,MTUM:0.13,0.0,0.0
2025-07-09,3.241584,0.00506,0.005997,1.1947,0.1004,1.1946,GOLDILOCKS,NORMAL_TRENDING,XLF:0.29,XLK:0.16,MTUM:0.14,0.0,0.0
2025-07-10,3.246366,0.001475,0.00282,1.1939,0.1005,1.1954,GOLDILOCKS,NORMAL_TRENDING,XLF:0.29,XLK:0.16,MTUM:0.13,0.0,0.0
2025-07-11,3.229913,-0.005068,-0.003515,1.1945,0.1005,1.1946,GOLDILOCKS,NORMAL_TRENDING,XLF:0.29,XLK:0.16,MTUM:0.13,0.0,0.0
2025-07-14,3.242793,0.003988,0.001908,1.1617,0.1033,1.1945,GOLDILOCKS,NORMAL_TRENDING,XLF:0.29,XLK:0.16,MTUM:0.13,0.0,0.0
2025-07-15,3.225828,-0.005232,-0.004273,1.1638,0.1031,1.1946,GOLDILOCKS,NORMAL_TRENDING,XLF:0.28,XLK:0.17,MTUM:0.13,0.0,0.0
2025-07-16,3.240581,0.004573,0.003343,1.2716,0.0944,1.194,GOLDILOCKS,NORMAL_TRENDING,XLF:0.27,XLK:0.18,MTUM:0.13,0.0,0.0
2025-07-17,3.25267,0.003731,0.00612,1.3074,0.0918,1.1941,GOLDILOCKS,NORMAL_TRENDING,XLU:0.27,XLF:0.18,USMV:0.12,0.0,0.0
2025-07-18,3.251846,-0.000253,-0.000732,1.3484,0.089,1.1947,GOLDILOCKS,NORMAL_TRENDING,XLF:0.26,XLK:0.19,MTUM:0.13,0.0,0.0
2025-07-21,3.262999,0.00343,0.001896,1.3721,0.0875,1.1947,GOLDILOCKS,NORMAL_TRENDING,XLF:0.24,XLK:0.21,MTUM:0.13,0.0,0.0
2025-07-22,3.262556,-0.000136,0.000143,1.3793,0.087,1.1952,GOLDILOCKS,NORMAL_TRENDING,XLF:0.25,XLK:0.20,MTUM:0.14,0.0,0.0
2025-07-23,3.284805,0.006819,0.008508,1.4966,0.0802,1.1958,GOLDILOCKS,NORMAL_TRENDING,XLF:0.24,XLK:0.21,MTUM:0.13,0.0,0.0
2025-07-24,3.277231,-0.002306,0.000331,1.6338,0.0734,1.1959,GOLDILOCKS,NORMAL_TRENDING,XLU:0.26,XLF:0.19,MTUM:0.13,0.0,0.0
2025-07-25,3.287807,0.003227,0.004224,1.6261,0.0738,1.1953,GOLDILOCKS,NORMAL_TRENDING,XLU:0.26,XLF:0.19,MTUM:0.13,0.0,0.0
2025-07-28,3.278134,-0.002942,-0.000251,1.6981,0.0707,1.1957,GOLDILOCKS,NORMAL_TRENDING,XLF:0.23,XLK:0.22,MTUM:0.13,0.0,0.0
2025-07-29,3.274724,-0.00104,-0.002638,1.6048,0.0748,1.1953,GOLDILOCKS,NORMAL_TRENDING,XLF:0.23,XLK:0.22,MTUM:0.13,0.0,0.0
2025-07-30,3.268326,-0.001954,-0.001259,1.6943,0.0708,1.1954,GOLDILOCKS,NORMAL_TRENDING,XLF:0.23,XLK:0.22,MTUM:0.13,0.0,0.0
2025-07-31,3.256622,-0.003581,-0.003751,1.7269,0.0695,1.1947,GOLDILOCKS,NORMAL_TRENDING,XLF:0.23,XLK:0.22,MTUM:0.13,0.0,0.0
2025-08-01,3.222278,-0.010546,-0.01639,1.7134,0.07,1.1936,GOLDILOCKS,NORMAL_TRENDING,XLK:0.24,XLF:0.21,MTUM:0.13,0.0,0.0
2025-08-04,3.268669,0.014397,0.0152,1.632,0.0735,1.1939,GOLDILOCKS,NORMAL_TRENDING,XLF:0.23,XLK:0.22,MTUM:0.13,0.0,0.0
2025-08-05,3.258517,-0.003106,-0.00507,1.3988,0.0858,1.1936,GOLDILOCKS,NORMAL_TRENDING,XLK:0.23,XLF:0.22,MTUM:0.13,0.0,0.0
2025-08-06,3.285742,0.008355,0.00766,1.3911,0.0863,1.1944,GOLDILOCKS,NORMAL_TRENDING,XLK:0.24,XLF:0.21,MTUM:0.13,0.0,0.0
2025-08-07,3.284308,-0.000436,-0.000838,1.342,0.0894,1.194,GOLDILOCKS,NORMAL_TRENDING,XLK:0.25,XLF:0.20,MTUM:0.11,0.0,0.0
2025-08-08,3.307518,0.007067,0.007798,1.3331,0.09,1.1949,GOLDILOCKS,NORMAL_TRENDING,XLK:0.25,XLF:0.20,MTUM:0.13,0.0,0.0
2025-08-11,3.297282,-0.003095,-0.001977,1.3352,0.0899,1.1949,GOLDILOCKS,NORMAL_TRENDING,XLK:0.25,XLF:0.20,MTUM:0.13,0.0,0.0
2025-08-12,3.334075,0.011159,0.010646,1.3153,0.0912,1.195,GOLDILOCKS,NORMAL_TRENDING,XLK:0.24,XLF:0.21,MTUM:0.13,0.0,0.0
2025-08-13,3.339969,0.001768,0.003423,1.2501,0.096,1.1953,GOLDILOCKS,NORMAL_TRENDING,XLK:0.25,XLF:0.20,MTUM:0.13,0.0,0.0
2025-08-14,3.333877,-0.001824,9.3e-05,1.2551,0.0956,1.1953,GOLDILOCKS,NORMAL_TRENDING,XLK:0.24,XLF:0.21,MTUM:0.13,0.0,0.0
2025-08-15,3.326216,-0.002298,-0.002341,1.2654,0.0948,1.1956,GOLDILOCKS,NORMAL_TRENDING,XLU:0.23,XLF:0.22,IWF:0.11,0.0,0.0
2025-08-18,3.32976,0.001066,-0.000218,1.5351,0.0782,1.1956,GOLDILOCKS,NORMAL_TRENDING,XLK:0.23,XLF:0.22,MTUM:0.12,0.0,0.0
2025-08-19,3.302026,-0.008329,-0.005425,1.263,0.095,1.1952,GOLDILOCKS,NORMAL_TRENDING,XLK:0.23,XLF:0.22,MTUM:0.12,0.0,0.0
2025-08-20,3.304302,0.000689,-0.002657,1.1924,0.1006,1.1953,GOLDILOCKS,NORMAL_TRENDING,XLF:0.23,XLK:0.22,MTUM:0.12,0.0,0.0
2025-08-21,3.293345,-0.003316,-0.004012,1.2427,0.0966,1.1948,GOLDILOCKS,NORMAL_TRENDING,XLF:0.23,XLK:0.22,MTUM:0.13,0.0,0.0
2025-08-22,3.339096,0.013892,0.015357,1.2382,0.0969,1.1952,GOLDILOCKS,NORMAL_TRENDING,XLF:0.23,XLK:0.22,MTUM:0.12,0.0,0.0
2025-08-25,3.326009,-0.00392,-0.004401,1.1078,0.1083,1.1959,GOLDILOCKS,NORMAL_TRENDING,XLF:0.24,XLK:0.21,MTUM:0.12,0.0,0.0
2025-08-26,3.342728,0.005027,0.004187,1.1075,0.1084,1.1962,GOLDILOCKS,NORMAL_TRENDING,XLU:0.23,XLF:0.22,IWF:0.11,0.0,0.0
2025-08-27,3.346315,0.001073,0.002278,1.3743,0.0873,1.1961,GOLDILOCKS,NORMAL_TRENDING,XLK:0.23,XLF:0.22,MTUM:0.12,0.0,0.0
2025-08-28,3.362127,0.004725,0.003541,1.0901,0.1101,1.196,GOLDILOCKS,NORMAL_TRENDING,XLK:0.24,XLF:0.21,MTUM:0.12,0.0,0.0
2025-08-29,3.344465,-0.005253,-0.005964,1.0946,0.1096,1.1958,GOLDILOCKS,NORMAL_TRENDING,XLK:0.24,XLF:0.21,MTUM:0.12,0.0,0.0
2025-09-02,3.331666,-0.003827,-0.00741,1.1623,0.1032,1.1949,GOLDILOCKS,NORMAL_TRENDING,XLK:0.24,XLF:0.21,MTUM:0.12,0.0,0.0
2025-09-03,3.342493,0.00325,0.00542,1.2901,0.093,1.1943,GOLDILOCKS,NORMAL_TRENDING,XLK:0.25,XLF:0.20,MTUM:0.12,0.0,0.0
2025-09-04,3.360639,0.005429,0.008357,1.2936,0.0928,1.1946,GOLDILOCKS,NORMAL_TRENDING,XLK:0.25,XLF:0.20,MTUM:0.12,0.0,0.0
2025-09-05,3.359383,-0.000374,-0.002896,1.3327,0.09,1.1947,GOLDILOCKS,NORMAL_TRENDING,XLK:0.26,XLF:0.19,MTUM:0.12,0.0,0.0
2025-09-08,3.383191,0.007087,0.002457,1.322,0.0908,1.1955,GOLDILOCKS,NORMAL_TRENDING,XLK:0.26,XLF:0.19,MTUM:0.12,0.0,0.0
2025-09-09,3.389564,0.001884,0.002312,1.3184,0.091,1.1959,GOLDILOCKS,NORMAL_TRENDING,XLK:0.26,XLF:0.19,MTUM:0.12,0.0,0.0
2025-09-10,3.423492,0.01001,0.002891,1.3394,0.0896,1.196,GOLDILOCKS,NORMAL_TRENDING,XLK:0.26,XLF:0.19,MTUM:0.12,0.0,0.0
2025-09-11,3.448553,0.00732,0.00831,1.3659,0.0879,1.1961,GOLDILOCKS,NORMAL_TRENDING,XLK:0.26,XLF:0.19,MTUM:0.12,0.0,0.0
2025-09-12,3.443402,-0.001494,-0.000335,1.3253,0.0905,1.1957,GOLDILOCKS,NORMAL_TRENDING,XLK:0.26,XLF:0.19,MTUM:0.12,0.0,0.0
2025-09-15,3.461812,0.005347,0.005324,1.3365,0.0898,1.1958,GOLDILOCKS,NORMAL_TRENDING,XLK:0.24,XLF:0.21,MTUM:0.12,0.0,0.0
2025-09-16,3.454638,-0.002072,-0.001377,1.3614,0.0881,1.1954,GOLDILOCKS,NORMAL_TRENDING,XLK:0.24,XLF:0.21,MTUM:0.12,0.0,0.0
2025-09-17,3.455472,0.000242,-0.001242,1.3441,0.0893,1.1952,GOLDILOCKS,NORMAL_TRENDING,XLK:0.24,XLF:0.21,MTUM:0.12,0.0,0.0
2025-09-18,3.475055,0.005667,0.004672,1.4946,0.0803,1.1954,GOLDILOCKS,NORMAL_TRENDING,XLK:0.24,XLF:0.21,MTUM:0.12,0.0,0.0
2025-09-19,3.49921,0.006951,0.004953,1.4844,0.0808,1.1956,GOLDILOCKS,NORMAL_TRENDING,XLK:0.24,XLF:0.21,MTUM:0.12,0.0,0.0
2025-09-22,3.524403,0.0072,0.004731,1.5104,0.0795,1.1948,GOLDILOCKS,NORMAL_TRENDING,XLK:0.24,XLF:0.21,MTUM:0.12,0.0,0.0
2025-09-23,3.508938,-0.004388,-0.005444,1.6993,0.0706,1.1947,GOLDILOCKS,NORMAL_TRENDING,XLK:0.24,XLF:0.21,MTUM:0.12,0.0,0.0
2025-09-24,3.489281,-0.005602,-0.003182,1.6921,0.0709,1.1955,GOLDILOCKS,NORMAL_TRENDING,XLK:0.24,XLF:0.21,MTUM:0.12,0.0,0.0
2025-09-25,3.480234,-0.002593,-0.004613,1.5819,0.0759,1.1959,GOLDILOCKS,NORMAL_TRENDING,XLK:0.24,XLF:0.21,MTUM:0.12,0.0,0.0
2025-09-26,3.49545,0.004372,0.005729,1.5471,0.0776,1.196,GOLDILOCKS,NORMAL_TRENDING,XLK:0.23,XLF:0.22,MTUM:0.12,0.0,0.0
2025-09-29,3.51429,0.00539,0.00281,1.5535,0.0772,1.1959,GOLDILOCKS,NORMAL_TRENDING,XLK:0.23,XLF:0.22,MTUM:0.12,0.0,0.0
2025-09-30,3.520102,0.001654,0.003767,1.6343,0.0734,1.1955,GOLDILOCKS,NORMAL_TRENDING,XLF:0.23,XLK:0.22,MTUM:0.12,0.0,0.0
2025-10-01,3.527177,0.00201,0.003408,1.7293,0.0694,1.1947,GOLDILOCKS,NORMAL_TRENDING,XLK:0.23,XLF:0.22,MTUM:0.12,0.0,0.0
2025-10-02,3.532132,0.001405,0.001152,1.7196,0.0698,1.1939,GOLDILOCKS,NORMAL_TRENDING,XLK:0.23,XLF:0.22,MTUM:0.12,0.0,0.0
2025-10-03,3.535264,0.000887,-1.5e-05,1.7372,0.0691,1.1946,GOLDILOCKS,NORMAL_TRENDING,XLK:0.24,XLF:0.21,MTUM:0.12,0.0,0.0
2025-10-06,3.556682,0.006058,0.003586,1.7496,0.0686,1.1942,GOLDILOCKS,NORMAL_TRENDING,XLK:0.24,XLF:0.21,MTUM:0.12,0.0,0.0
2025-10-07,3.541162,-0.004364,-0.003708,1.764,0.068,1.1941,GOLDILOCKS,NORMAL_TRENDING,XLK:0.24,XLF:0.21,MTUM:0.12,0.0,0.0
2025-10-08,3.566566,0.007174,0.005963,1.6589,0.0723,1.1949,GOLDILOCKS,NORMAL_TRENDING,XLK:0.24,XLF:0.21,MTUM:0.12,0.0,0.0
2025-10-09,3.548028,-0.005198,-0.002897,1.7248,0.0696,1.1948,GOLDILOCKS,NORMAL_TRENDING,XLK:0.24,XLF:0.21,MTUM:0.12,0.0,0.0
2025-10-10,3.456991,-0.025658,-0.027028,1.6803,0.0714,1.1929,GOLDILOCKS,NORMAL_TRENDING,XLK:0.24,XLF:0.21,MTUM:0.12,0.0,0.0
2025-10-13,3.527122,0.020287,0.015344,1.006,0.1193,1.1933,GOLDILOCKS,NORMAL_TRENDING,XLK:0.27,SPY:0.18,MTUM:0.12,0.1836,0.0
2025-10-14,3.5197,-0.002104,-0.001222,0.8088,0.1484,1.1926,GOLDILOCKS,NORMAL_TRENDING,XLK:0.24,XLF:0.21,MTUM:0.12,0.0,0.0
2025-10-15,3.548463,0.008172,0.00444,0.8857,0.1355,1.192,GOLDILOCKS,NORMAL_TRENDING,XLK:0.24,XLF:0.21,MTUM:0.12,0.0,0.0
2025-10-16,3.534861,-0.003833,-0.00681,0.8678,0.1383,1.1903,GOLDILOCKS,NORMAL_TRENDING,XLK:0.24,XLF:0.21,MTUM:0.12,0.0,0.0
2025-10-17,3.529133,-0.001621,0.005676,0.8702,0.1379,1.1914,GOLDILOCKS,NORMAL_TRENDING,XLK:0.27,SPY:0.18,MTUM:0.12,0.1771,0.0
2025-10-20,3.569488,0.011435,0.0104,0.8025,0.1495,1.1927,GOLDILOCKS,NORMAL_TRENDING,XLK:0.27,SPY:0.18,MTUM:0.12,0.1758,0.0
2025-10-21,3.53823,-0.008757,-1.5e-05,0.7906,0.1518,1.1931,GOLDILOCKS,NORMAL_TRENDING,XLK:0.26,XLF:0.19,MTUM:0.12,0.0,0.0
2025-10-22,3.516899,-0.006029,-0.005199,0.8299,0.1446,1.1931,GOLDILOCKS,NORMAL_TRENDING,XLK:0.26,XLF:0.19,MTUM:0.12,0.0,0.0
2025-10-23,3.544194,0.007761,0.00593,0.8289,0.1448,1.1937,GOLDILOCKS,NORMAL_TRENDING,XLK:0.27,SPY:0.18,MTUM:0.12,0.1807,0.0
2025-10-24,3.573928,0.00839,0.008173,0.7753,0.1548,1.1938,GOLDILOCKS,NORMAL_TRENDING,XLK:0.25,XLF:0.20,MTUM:0.12,0.0,0.0
2025-10-27,3.600519,0.00744,0.011798,0.8135,0.1475,1.1943,GOLDILOCKS,NORMAL_TRENDING,XLK:0.26,XLF:0.19,MTUM:0.12,0.0,0.0
2025-10-28,3.613211,0.003525,0.002656,0.8064,0.1488,1.1945,GOLDILOCKS,NORMAL_TRENDING,XLK:0.26,XLF:0.19,IWF:0.12,0.0,0.0525
2025-10-29,3.607375,-0.001615,0.00048,0.8264,0.1452,1.1946,GOLDILOCKS,NORMAL_TRENDING,XLK:0.26,XLF:0.19,MTUM:0.12,0.0,0.0
2025-10-30,3.578266,-0.008069,-0.010998,0.804,0.1493,1.1946,GOLDILOCKS,NORMAL_TRENDING,XLK:0.27,SPY:0.18,MTUM:0.12,0.1763,0.0
2025-10-31,3.580777,0.000702,0.00328,0.7391,0.1624,1.1946,GOLDILOCKS,NORMAL_TRENDING,XLK:0.27,SPY:0.18,MTUM:0.12,0.1787,0.0
2025-11-03,3.582286,0.000422,0.001877,0.7403,0.1621,1.1941,GOLDILOCKS,NORMAL_TRENDING,XLU:0.25,SPY:0.20,IWF:0.11,0.2014,0.0
2025-11-04,3.517959,-0.017957,-0.011854,1.0827,0.1108,1.1938,GOLDILOCKS,NORMAL_TRENDING,XLK:0.28,SPY:0.17,MTUM:0.12,0.1722,0.0
2025-11-05,3.535348,0.004943,0.003465,0.6919,0.1734,1.1939,GOLDILOCKS,NORMAL_TRENDING,XLK:0.28,SPY:0.17,MTUM:0.12,0.1741,0.0
2025-11-06,3.497152,-0.010804,-0.010729,0.7046,0.1703,1.1933,GOLDILOCKS,NORMAL_TRENDING,XLK:0.28,SPY:0.17,MTUM:0.12,0.1735,0.0
2025-11-07,3.498698,0.000442,0.000985,0.69,0.1739,1.1934,GOLDILOCKS,NORMAL_TRENDING,XLK:0.28,SPY:0.17,IWF:0.12,0.174,0.052
2025-11-10,3.557611,0.016839,0.015604,0.8927,0.1344,1.1937,GOLDILOCKS,NORMAL_TRENDING,XLK:0.26,XLF:0.19,MTUM:0.12,0.0,0.0
2025-11-11,3.555209,-0.000675,0.002289,0.9719,0.1235,1.1937,GOLDILOCKS,NORMAL_TRENDING,XLK:0.26,XLF:0.19,MTUM:0.12,0.0,0.0
2025-11-12,3.574616,0.005459,0.000556,0.9689,0.1239,1.193,GOLDILOCKS,NORMAL_TRENDING,XLK:0.26,XLF:0.19,MTUM:0.12,0.0,0.0
2025-11-13,3.509931,-0.018096,-0.016594,0.9902,0.1212,1.1934,GOLDILOCKS,NORMAL_TRENDING,XLK:0.26,XLF:0.19,MTUM:0.12,0.0,0.0
2025-11-14,3.506939,-0.000852,-0.000164,0.8674,0.1383,1.193,GOLDILOCKS,NORMAL_TRENDING,XLK:0.26,XLF:0.19,IWF:0.13,0.0,0.0
2025-11-17,3.466917,-0.011412,-0.009316,0.9057,0.1325,1.1923,GOLDILOCKS,NORMAL_TRENDING,XLK:0.27,SPY:0.18,IWF:0.13,0.1837,0.0
2025-11-18,3.450076,-0.004858,-0.008397,0.8263,0.1452,1.0719,CAUTIOUS_BULL,EARLY_DD_UNCERTAINTY,XLK:0.18,HYG:0.14,SPY:0.12,0.1229,0.0
2025-11-19,3.463218,0.003809,0.003863,0.9775,0.1228,1.0713,CAUTIOUS_BULL,EARLY_DD_UNCERTAINTY,XLK:0.18,HYG:0.14,SPY:0.12,0.1205,0.0
2025-11-20,3.407906,-0.015971,-0.015242,0.9819,0.1222,1.0702,CAUTIOUS_BULL,EARLY_DD_UNCERTAINTY,XLK:0.18,TLT:0.14,SPY:0.12,0.12,0.1407
2025-11-21,3.425656,0.005208,0.009961,0.9196,0.1305,1.071,CAUTIOUS_BULL,EARLY_DD_UNCERTAINTY,SPY:0.20,HYG:0.17,XLU:0.17,0.1979,0.0
2025-11-24,3.479694,0.015774,0.014719,1.1713,0.1024,1.0722,CAUTIOUS_BULL,EARLY_DD_UNCERTAINTY,SPY:0.16,HYG:0.14,XLU:0.14,0.1631,0.0
2025-11-25,3.493696,0.004024,0.009406,0.9865,0.1216,1.0734,CAUTIOUS_BULL,EARLY_DD_UNCERTAINTY,XLK:0.18,HYG:0.14,SPY:0.12,0.1184,0.0
2025-11-26,3.533706,0.011452,0.006904,0.7963,0.1507,1.0744,CAUTIOUS_BULL,EARLY_DD_UNCERTAINTY,XLK:0.18,HYG:0.14,IEF:0.12,0.1173,0.0
2025-11-28,3.567431,0.009544,0.005458,0.7617,0.1575,1.0749,CAUTIOUS_BULL,EARLY_DD_UNCERTAINTY,XLK:0.18,HYG:0.14,SPY:0.12,0.1206,0.0
2025-12-01,3.558523,-0.002497,-0.004565,0.6948,0.1727,1.1942,GOLDILOCKS,NORMAL_TRENDING,XLK:0.27,SPY:0.18,MTUM:0.12,0.1819,0.0
2025-12-02,3.57217,0.003835,0.001852,0.6614,0.1814,1.194,GOLDILOCKS,NORMAL_TRENDING,XLK:0.27,SPY:0.18,IWF:0.13,0.1799,0.0
2025-12-03,3.577794,0.001574,0.003463,0.6804,0.1764,1.1943,GOLDILOCKS,NORMAL_TRENDING,XLK:0.27,SPY:0.18,MTUM:0.11,0.1791,0.0
2025-12-04,3.585819,0.002243,0.000731,0.7079,0.1695,1.1947,GOLDILOCKS,NORMAL_TRENDING,XLK:0.27,SPY:0.18,MTUM:0.12,0.1826,0.0
2025-12-05,3.601168,0.004281,0.001899,0.712,0.1685,1.1952,GOLDILOCKS,NORMAL_TRENDING,XLK:0.27,SPY:0.18,MTUM:0.12,0.1828,0.0
2025-12-08,3.598684,-0.00069,-0.003004,0.7342,0.1634,1.1954,GOLDILOCKS,NORMAL_TRENDING,XLK:0.26,XLF:0.19,MTUM:0.12,0.0,0.0
2025-12-09,3.609625,0.00304,-0.000863,0.7653,0.1568,1.1948,GOLDILOCKS,NORMAL_TRENDING,XLK:0.26,XLF:0.19,MTUM:0.12,0.0,0.0
2025-12-10,3.637769,0.007797,0.006632,0.8271,0.1451,1.1958,GOLDILOCKS,NORMAL_TRENDING,XLK:0.26,XLF:0.19,MTUM:0.12,0.0,0.0
2025-12-11,3.662795,0.00688,0.002327,0.8152,0.1472,1.1956,GOLDILOCKS,NORMAL_TRENDING,SPY:0.23,XLV:0.22,USMV:0.11,0.2254,0.0
2025-12-12,3.609384,-0.014582,-0.010752,1.0484,0.1145,1.1959,GOLDILOCKS,NORMAL_TRENDING,XLK:0.26,XLF:0.19,MTUM:0.12,0.0,0.0
2025-12-15,3.601504,-0.002183,-0.001511,0.8514,0.1409,1.1955,GOLDILOCKS,NORMAL_TRENDING,XLK:0.26,XLF:0.19,MTUM:0.12,0.0,0.0
2025-12-16,3.593405,-0.002249,-0.002732,0.8523,0.1408,1.1956,GOLDILOCKS,NORMAL_TRENDING,XLK:0.26,XLF:0.19,IWF:0.12,0.0,0.0
2025-12-17,3.562501,-0.0086,-0.011004,0.9661,0.1242,1.1954,GOLDILOCKS,NORMAL_TRENDING,XLK:0.26,XLF:0.19,IWF:0.12,0.0,0.0
2025-12-18,3.573,0.002947,0.007551,0.9548,0.1257,1.1951,GOLDILOCKS,NORMAL_TRENDING,XLF:0.24,SPY:0.21,QUAL:0.11,0.2149,0.0
2025-12-19,3.615885,0.012003,0.009063,1.2072,0.0994,1.1953,GOLDILOCKS,NORMAL_TRENDING,XLK:0.25,XLF:0.20,IWF:0.12,0.0,0.0
2025-12-22,3.645719,0.008251,0.00623,1.1245,0.1067,1.1957,GOLDILOCKS,NORMAL_TRENDING,XLK:0.25,XLF:0.20,MTUM:0.12,0.0,0.0
2025-12-23,3.664471,0.005144,0.00457,1.0136,0.1184,1.1961,GOLDILOCKS,NORMAL_TRENDING,XLK:0.25,XLF:0.20,MTUM:0.12,0.0,0.0
2025-12-24,3.674092,0.002626,0.003518,1.1124,0.1079,1.1963,GOLDILOCKS,NORMAL_TRENDING,XLK:0.25,XLF:0.20,MTUM:0.12,0.0,0.0
2025-12-26,3.689329,0.004147,-0.000101,1.1155,0.1076,1.1957,GOLDILOCKS,NORMAL_TRENDING,XLK:0.25,XLF:0.20,MTUM:0.12,0.0,0.0
2025-12-29,3.6574,-0.008655,-0.003564,1.1829,0.1014,1.196,GOLDILOCKS,NORMAL_TRENDING,XLK:0.25,XLF:0.20,MTUM:0.12,0.0,0.0
2025-12-30,3.659393,0.000545,-0.001221,1.1304,0.1062,1.1961,GOLDILOCKS,NORMAL_TRENDING,XLK:0.25,XLF:0.20,MTUM:0.12,0.0,0.0
2025-12-31,3.629258,-0.008235,-0.007409,1.1439,0.1049,1.1957,GOLDILOCKS,NORMAL_TRENDING,XLV:0.24,SPY:0.21,MTUM:0.12,0.2141,0.0
2026-01-02,3.649532,0.005586,0.001833,1.2765,0.094,1.1956,GOLDILOCKS,NORMAL_TRENDING,XLK:0.25,XLF:0.20,MTUM:0.12,0.0,0.0
2026-01-05,3.694382,0.012289,0.00666,1.0602,0.1132,1.1961,GOLDILOCKS,NORMAL_TRENDING,XLK:0.25,XLF:0.20,MTUM:0.12,0.0,0.0
2026-01-06,3.738069,0.011825,0.005947,0.9988,0.1201,1.1959,GOLDILOCKS,NORMAL_TRENDING,XLV:0.23,SPY:0.22,USMV:0.11,0.2174,0.0
2026-01-07,3.715215,-0.006114,-0.003223,1.2501,0.096,1.1958,GOLDILOCKS,NORMAL_TRENDING,XLK:0.25,XLF:0.20,MTUM:0.12,0.0,0.0
2026-01-08,3.693993,-0.005712,-0.000102,0.9404,0.1276,1.196,GOLDILOCKS,NORMAL_TRENDING,XLK:0.25,XLF:0.20,MTUM:0.12,0.0,0.0
2026-01-09,3.728383,0.00931,0.006613,0.9232,0.13,1.1955,GOLDILOCKS,NORMAL_TRENDING,XLK:0.26,XLF:0.19,MTUM:0.12,0.0,0.0
2026-01-12,3.750279,0.005873,0.00157,0.9321,0.1287,1.1948,GOLDILOCKS,NORMAL_TRENDING,XLV:0.23,SPY:0.22,USMV:0.11,0.2204,0.0
2026-01-13,3.732149,-0.004834,-0.001999,1.3478,0.089,1.1943,GOLDILOCKS,NORMAL_TRENDING,XLK:0.25,XLF:0.20,MTUM:0.12,0.0,0.0
2026-01-14,3.725514,-0.001778,-0.004915,0.9961,0.1205,1.1942,GOLDILOCKS,NORMAL_TRENDING,XLK:0.25,XLF:0.20,MTUM:0.12,0.0,0.0
2026-01-15,3.736879,0.003051,0.002723,1.0128,0.1185,1.1952,GOLDILOCKS,NORMAL_TRENDING,XLK:0.25,XLF:0.20,MTUM:0.12,0.0,0.0
2026-01-16,3.734984,-0.000507,-0.000838,0.9994,0.1201,1.1953,GOLDILOCKS,NORMAL_TRENDING,XLK:0.25,XLF:0.20,MTUM:0.12,0.0,0.0
2026-01-20,3.682089,-0.014162,-0.020357,1.0695,0.1122,1.1942,GOLDILOCKS,NORMAL_TRENDING,XLK:0.25,XLF:0.20,MTUM:0.12,0.0,0.0
2026-01-21,3.724961,0.011643,0.011541,0.9568,0.1254,1.1946,GOLDILOCKS,NORMAL_TRENDING,SPY:0.23,XLE:0.22,MTUM:0.13,0.23,0.0
2026-01-22,3.753332,0.007616,0.005223,1.1459,0.1047,1.1945,GOLDILOCKS,NORMAL_TRENDING,XLK:0.25,XLF:0.20,MTUM:0.13,0.0,0.0
2026-01-23,3.757443,0.001095,0.000363,0.9995,0.1201,1.195,GOLDILOCKS,NORMAL_TRENDING,XLK:0.25,XLF:0.20,MTUM:0.13,0.0,0.0
2026-01-26,3.783983,0.007063,0.005078,1.007,0.1192,1.1944,GOLDILOCKS,NORMAL_TRENDING,XLK:0.26,SPY:0.19,MTUM:0.13,0.1854,0.0
2026-01-27,3.826393,0.011208,0.003984,1.0049,0.1194,1.1944,GOLDILOCKS,NORMAL_TRENDING,XLK:0.27,SPY:0.18,MTUM:0.12,0.1847,0.0
2026-01-28,3.843479,0.004465,-0.000101,0.9653,0.1243,1.1946,GOLDILOCKS,NORMAL_TRENDING,XLK:0.26,SPY:0.19,MTUM:0.12,0.188,0.0
2026-01-29,3.821077,-0.005829,-0.001984,1.0173,0.118,1.1946,GOLDILOCKS,NORMAL_TRENDING,XLK:0.27,SPY:0.18,MTUM:0.12,0.1829,0.0
2026-01-30,3.707947,-0.029607,-0.002983,0.9818,0.1222,1.1946,GOLDILOCKS,NORMAL_TRENDING,XLK:0.25,XLF:0.20,MTUM:0.13,0.0,0.0
2026-02-02,3.726724,0.005064,0.004971,0.7516,0.1597,1.1947,GOLDILOCKS,NORMAL_TRENDING,XLK:0.26,XLF:0.19,MTUM:0.13,0.0,0.0
2026-02-03,3.711352,-0.004125,-0.008455,0.7661,0.1566,1.1946,GOLDILOCKS,NORMAL_TRENDING,XLK:0.26,XLF:0.19,MTUM:0.14,0.0,0.0
2026-02-04,3.699636,-0.003157,-0.004844,0.7947,0.151,1.194,GOLDILOCKS,NORMAL_TRENDING,XLF:0.24,SPY:0.21,MTUM:0.13,0.2146,0.0
2026-02-05,3.632375,-0.01818,-0.012489,0.969,0.1238,1.1926,GOLDILOCKS,NORMAL_TRENDING,XLF:0.24,SPY:0.21,QUAL:0.11,0.2133,0.0
2026-02-06,3.710313,0.021456,0.019185,0.9438,0.1271,1.0727,CAUTIOUS_BULL,EARLY_DD_UNCERTAINTY,SPY:0.15,HYG:0.15,XLE:0.15,0.154,0.0
2026-02-09,3.768656,0.015725,0.004822,0.5553,0.2161,1.0741,CAUTIOUS_BULL,EARLY_DD_UNCERTAINTY,XLF:0.16,HYG:0.15,SPY:0.14,0.1439,0.0
2026-02-10,3.754909,-0.003648,-0.002637,0.5277,0.2274,1.1932,GOLDILOCKS,NORMAL_TRENDING,XLF:0.23,SPY:0.22,MTUM:0.13,0.2169,0.0
2026-02-11,3.759988,0.001353,-0.000231,0.7251,0.1655,1.1935,GOLDILOCKS,NORMAL_TRENDING,XLF:0.23,SPY:0.22,MTUM:0.13,0.2196,0.0
2026-02-12,3.683564,-0.020326,-0.015449,0.7298,0.1644,1.1925,GOLDILOCKS,NORMAL_TRENDING,SPY:0.24,XLE:0.21,MTUM:0.13,0.2418,0.0
2026-02-13,3.723444,0.010826,0.000705,0.6488,0.185,1.0733,CAUTIOUS_BULL,EARLY_DD_UNCERTAINTY,SPY:0.16,HYG:0.14,XLE:0.14,0.1606,0.0
2026-02-17,3.688787,-0.009308,0.001613,0.4917,0.2441,1.073,CAUTIOUS_BULL,EARLY_DD_UNCERTAINTY,XLU:0.16,HYG:0.14,XLV:0.14,0.0,0.0
2026-02-18,3.731451,0.011566,0.005038,0.5494,0.2184,1.0738,CAUTIOUS_BULL,EARLY_DD_UNCERTAINTY,SPY:0.16,HYG:0.14,XLE:0.14,0.1607,0.0
2026-02-19,3.742523,0.002967,-0.002637,0.4891,0.2453,1.0739,CAUTIOUS_BULL,EARLY_DD_UNCERTAINTY,SPY:0.16,HYG:0.14,XLE:0.14,0.1602,0.0
2026-02-20,3.787543,0.012029,0.007232,0.467,0.257,1.0734,CAUTIOUS_BULL,EARLY_DD_UNCERTAINTY,SPY:0.16,HYG:0.14,XLE:0.14,0.1601,0.0
2026-02-23,3.77909,-0.002232,-0.010211,0.4642,0.2585,1.1924,GOLDILOCKS,NORMAL_TRENDING,SPY:0.24,XLE:0.21,MTUM:0.13,0.2408,0.0
2026-02-24,3.792766,0.003619,0.007269,0.6495,0.1847,1.1922,GOLDILOCKS,NORMAL_TRENDING,SPY:0.24,XLE:0.21,QUAL:0.11,0.2415,0.0
2026-02-25,3.817743,0.006586,0.008438,0.7151,0.1678,1.1929,GOLDILOCKS,NORMAL_TRENDING,SPY:0.24,XLE:0.21,MTUM:0.13,0.2417,0.0
2026-02-26,3.812544,-0.001362,-0.005554,0.6552,0.1831,1.1933,GOLDILOCKS,NORMAL_TRENDING,SPY:0.24,XLE:0.21,MTUM:0.13,0.242,0.0
2026-02-27,3.82841,0.004161,-0.004802,0.6547,0.1833,1.1934,GOLDILOCKS,NORMAL_TRENDING,SPY:0.24,XLE:0.21,MTUM:0.13,0.2419,0.0
2026-03-02,3.825348,-0.0008,0.000569,0.6538,0.1835,1.1927,GOLDILOCKS,NORMAL_TRENDING,SPY:0.24,XLE:0.21,MTUM:0.13,0.242,0.0
2026-03-03,3.740441,-0.022196,-0.008814,0.7358,0.1631,1.1913,GOLDILOCKS,NORMAL_TRENDING,SPY:0.24,XLE:0.21,MTUM:0.13,0.2417,0.0
2026-03-04,3.751133,0.002858,0.007055,0.6546,0.1833,1.1912,GOLDILOCKS,NORMAL_TRENDING,XLV:0.23,XLE:0.23,QUAL:0.11,0.0,0.0
2026-03-05,3.699636,-0.013728,-0.005576,0.7239,0.1658,1.1902,GOLDILOCKS,NORMAL_TRENDING,XLU:0.25,XLV:0.20,USMV:0.12,0.0,0.0
2026-03-06,3.693323,-0.001706,-0.013107,0.7824,0.1534,0.594,CRISIS_MODE,FAST_SHOCK,TLT:0.28,IEF:0.24,HYG:0.21,0.0151,0.2785
2026-03-09,3.709718,0.004439,0.00876,1.1111,0.108,1.3069,RECOVERY_GROWTH,RECOVERY_ACCEL,XLE:0.22,USMV:0.20,XLU:0.18,0.0,0.0
2026-03-10,3.698677,-0.002976,-0.001607,0.7968,0.1506,1.3074,RECOVERY_GROWTH,RECOVERY_ACCEL,XLE:0.23,XLV:0.17,QUAL:0.11,0.0,0.0
2026-03-11,3.697176,-0.000406,-0.001255,0.7692,0.156,1.3077,RECOVERY_GROWTH,RECOVERY_ACCEL,XLE:0.22,XLU:0.18,QUAL:0.11,0.0,0.0
2026-03-12,3.678217,-0.005128,-0.015185,0.8123,0.1477,1.3065,RECOVERY_GROWTH,RECOVERY_ACCEL,XLE:0.22,XLU:0.18,QUAL:0.11,0.0,0.0
2026-03-13,3.655131,-0.006276,-0.00566,0.8485,0.1414,1.3067,RECOVERY_GROWTH,RECOVERY_ACCEL,XLE:0.26,USMV:0.24,XLU:0.21,0.0,0.0
2026-03-16,3.688247,0.00906,0.010177,0.8148,0.1473,1.3079,RECOVERY_GROWTH,RECOVERY_ACCEL,XLE:0.26,USMV:0.24,XLU:0.21,0.0,0.0
2026-03-17,3.690946,0.000732,0.002631,0.8442,0.1422,1.3091,RECOVERY_GROWTH,RECOVERY_ACCEL,XLE:0.22,USMV:0.20,XLU:0.18,0.0,0.0
2026-03-18,3.635652,-0.014981,-0.013954,1.0453,0.1148,1.3091,RECOVERY_GROWTH,RECOVERY_ACCEL,XLE:0.22,USMV:0.20,XLU:0.18,0.0,0.0
2026-03-19,3.620572,-0.004148,-0.002464,0.9621,0.1247,1.3091,RECOVERY_GROWTH,RECOVERY_ACCEL,XLE:0.34,XLU:0.27,EEM:0.12,0.0,0.0
